scenario,timestamp,balance_usdt
10x-risk-001,2021-01-21T10:00:00+00:00,105.394992
10x-risk-001,2021-01-27T11:00:00+00:00,104.210617
10x-risk-001,2021-01-28T02:00:00+00:00,103.16208
10x-risk-001,2021-01-29T19:00:00+00:00,101.975952
10x-risk-001,2021-01-30T13:00:00+00:00,100.942196
10x-risk-001,2021-01-31T03:00:00+00:00,105.990967
10x-risk-001,2021-01-31T09:00:00+00:00,110.701233
10x-risk-001,2021-02-01T10:00:00+00:00,115.779497
10x-risk-001,2021-02-01T15:00:00+00:00,114.612375
10x-risk-001,2021-02-01T17:00:00+00:00,113.326347
10x-risk-001,2021-02-01T22:00:00+00:00,112.282055
10x-risk-001,2021-02-02T04:00:00+00:00,117.753364
10x-risk-001,2021-02-02T20:00:00+00:00,123.288286
10x-risk-001,2021-02-03T14:00:00+00:00,129.117073
10x-risk-001,2021-02-04T08:00:00+00:00,135.431454
10x-risk-001,2021-02-10T12:00:00+00:00,133.400813
10x-risk-001,2021-02-16T06:00:00+00:00,131.994084
10x-risk-001,2021-02-17T07:00:00+00:00,130.822095
10x-risk-001,2021-02-22T10:00:00+00:00,128.424756
10x-risk-001,2021-03-06T22:00:00+00:00,127.087558
10x-risk-001,2021-03-08T07:00:00+00:00,125.774579
10x-risk-001,2021-03-08T19:00:00+00:00,124.729784
10x-risk-001,2021-03-08T23:00:00+00:00,130.95161
10x-risk-001,2021-03-09T00:00:00+00:00,129.742651
10x-risk-001,2021-03-09T03:00:00+00:00,135.880469
10x-risk-001,2021-03-09T08:00:00+00:00,134.587397
10x-risk-001,2021-03-13T11:00:00+00:00,133.22602
10x-risk-001,2021-03-15T04:00:00+00:00,131.82683
10x-risk-001,2021-03-17T13:00:00+00:00,130.566003
10x-risk-001,2021-03-18T14:00:00+00:00,135.001787
10x-risk-001,2021-03-19T09:00:00+00:00,133.656407
10x-risk-001,2021-03-21T00:00:00+00:00,131.901799
10x-risk-001,2021-03-21T04:00:00+00:00,130.370149
10x-risk-001,2021-03-21T09:00:00+00:00,128.6572
10x-risk-001,2021-03-21T21:00:00+00:00,127.378274
10x-risk-001,2021-03-22T03:00:00+00:00,126.03655
10x-risk-001,2021-03-22T19:00:00+00:00,132.238501
10x-risk-001,2021-03-22T19:00:00+00:00,130.788011
10x-risk-001,2021-03-22T20:00:00+00:00,129.048193
10x-risk-001,2021-03-24T19:00:00+00:00,135.142531
10x-risk-001,2021-03-27T16:00:00+00:00,133.721639
10x-risk-001,2021-04-02T03:00:00+00:00,132.615795
10x-risk-001,2021-04-02T13:00:00+00:00,131.535495
10x-risk-001,2021-04-03T16:00:00+00:00,129.782
10x-risk-001,2021-04-04T11:00:00+00:00,128.428046
10x-risk-001,2021-04-05T02:00:00+00:00,127.017101
10x-risk-001,2021-04-05T08:00:00+00:00,125.824815
10x-risk-001,2021-04-05T15:00:00+00:00,124.697864
10x-risk-001,2021-04-06T12:00:00+00:00,130.238642
10x-risk-001,2021-04-06T14:00:00+00:00,128.958783
10x-risk-001,2021-04-09T00:00:00+00:00,127.774081
10x-risk-001,2021-04-09T05:00:00+00:00,126.621659
10x-risk-001,2021-04-09T11:00:00+00:00,125.620507
10x-risk-001,2021-04-12T19:00:00+00:00,131.067519
10x-risk-001,2021-04-13T14:00:00+00:00,137.217893
10x-risk-001,2021-04-14T00:00:00+00:00,143.702193
10x-risk-001,2021-04-14T06:00:00+00:00,149.740122
10x-risk-001,2021-05-05T15:00:00+00:00,148.330852
10x-risk-001,2021-05-06T18:00:00+00:00,146.824416
10x-risk-001,2021-05-07T11:00:00+00:00,145.390181
10x-risk-001,2021-05-07T17:00:00+00:00,144.058386
10x-risk-001,2021-05-09T04:00:00+00:00,142.712849
10x-risk-001,2021-05-09T04:00:00+00:00,141.205514
10x-risk-001,2021-05-10T11:00:00+00:00,139.751894
10x-risk-001,2021-05-10T19:00:00+00:00,137.779462
10x-risk-001,2021-05-10T19:00:00+00:00,136.111952
10x-risk-001,2021-05-10T20:00:00+00:00,142.995267
10x-risk-001,2021-05-12T14:00:00+00:00,141.47865
10x-risk-001,2021-05-12T23:00:00+00:00,148.082116
10x-risk-001,2021-05-13T00:00:00+00:00,154.617077
10x-risk-001,2021-05-14T15:00:00+00:00,153.061544
10x-risk-001,2021-05-15T22:00:00+00:00,151.539579
10x-risk-001,2021-05-16T16:00:00+00:00,149.980008
10x-risk-001,2021-05-18T16:00:00+00:00,148.819123
10x-risk-001,2021-05-19T01:00:00+00:00,147.940252
10x-risk-001,2021-06-04T12:00:00+00:00,146.440293
10x-risk-001,2021-06-06T20:00:00+00:00,144.936342
10x-risk-001,2021-06-11T23:00:00+00:00,143.415141
10x-risk-001,2021-06-18T05:00:00+00:00,141.971886
10x-risk-001,2021-06-18T06:00:00+00:00,140.663013
10x-risk-001,2021-06-18T14:00:00+00:00,147.609211
10x-risk-001,2021-06-18T15:00:00+00:00,146.120037
10x-risk-001,2021-06-20T11:00:00+00:00,152.509706
10x-risk-001,2021-06-21T10:00:00+00:00,159.471063
10x-risk-001,2021-07-05T15:00:00+00:00,157.774603
10x-risk-001,2021-07-06T23:00:00+00:00,156.105162
10x-risk-001,2021-07-07T03:00:00+00:00,163.821493
10x-risk-001,2021-07-07T03:00:00+00:00,162.227893
10x-risk-001,2021-07-07T21:00:00+00:00,160.539346
10x-risk-001,2021-07-10T15:00:00+00:00,158.763297
10x-risk-001,2021-07-10T17:00:00+00:00,157.075704
10x-risk-001,2021-07-12T10:00:00+00:00,155.452094
10x-risk-001,2021-07-12T12:00:00+00:00,153.800134
10x-risk-001,2021-07-12T14:00:00+00:00,152.186429
10x-risk-001,2021-07-12T17:00:00+00:00,150.636793
10x-risk-001,2021-07-13T10:00:00+00:00,149.088974
10x-risk-001,2021-07-13T12:00:00+00:00,147.67137
10x-risk-001,2021-07-15T09:00:00+00:00,146.163126
10x-risk-001,2021-07-20T02:00:00+00:00,153.071299
10x-risk-001,2021-07-20T03:00:00+00:00,160.413233
10x-risk-001,2021-07-26T05:00:00+00:00,159.449518
10x-risk-001,2021-07-29T06:00:00+00:00,157.83229
10x-risk-001,2021-07-30T09:00:00+00:00,156.210488
10x-risk-001,2021-08-05T09:00:00+00:00,154.660733
10x-risk-001,2021-08-11T06:00:00+00:00,161.919349
10x-risk-001,2021-08-11T07:00:00+00:00,169.562791
10x-risk-001,2021-08-17T09:00:00+00:00,167.824606
10x-risk-001,2021-08-17T09:00:00+00:00,166.067277
10x-risk-001,2021-08-17T14:00:00+00:00,164.259866
10x-risk-001,2021-08-17T14:00:00+00:00,162.555657
10x-risk-001,2021-08-20T00:00:00+00:00,160.960752
10x-risk-001,2021-08-29T00:00:00+00:00,159.442161
10x-risk-001,2021-08-29T03:00:00+00:00,157.741349
10x-risk-001,2021-08-29T20:00:00+00:00,156.172689
10x-risk-001,2021-08-29T22:00:00+00:00,154.521324
10x-risk-001,2021-08-30T00:00:00+00:00,152.898629
10x-risk-001,2021-08-30T03:00:00+00:00,151.339702
10x-risk-001,2021-08-30T12:00:00+00:00,159.128724
10x-risk-001,2021-08-30T16:00:00+00:00,157.582271
10x-risk-001,2021-08-30T19:00:00+00:00,156.014073
10x-risk-001,2021-09-01T16:00:00+00:00,154.545603
10x-risk-001,2021-09-01T16:00:00+00:00,162.261972
10x-risk-001,2021-09-06T11:00:00+00:00,170.181033
10x-risk-001,2021-09-07T09:00:00+00:00,178.441956
10x-risk-001,2021-09-07T09:00:00+00:00,177.245534
10x-risk-001,2021-09-19T11:00:00+00:00,175.308825
10x-risk-001,2021-09-19T16:00:00+00:00,173.481324
10x-risk-001,2021-09-20T12:00:00+00:00,182.071656
10x-risk-001,2021-09-27T20:00:00+00:00,180.211158
10x-risk-001,2021-09-30T00:00:00+00:00,178.391116
10x-risk-001,2021-09-30T03:00:00+00:00,176.570655
10x-risk-001,2021-09-30T08:00:00+00:00,174.746793
10x-risk-001,2021-10-01T10:00:00+00:00,183.319544
10x-risk-001,2021-10-01T10:00:00+00:00,191.9695
10x-risk-001,2021-10-02T14:00:00+00:00,200.529479
10x-risk-001,2021-10-07T07:00:00+00:00,198.424519
10x-risk-001,2021-10-08T02:00:00+00:00,196.153126
10x-risk-001,2021-10-08T12:00:00+00:00,194.115237
10x-risk-001,2021-10-08T20:00:00+00:00,191.973709
10x-risk-001,2021-10-09T10:00:00+00:00,189.995299
10x-risk-001,2021-10-10T11:00:00+00:00,187.963567
10x-risk-001,2021-10-10T21:00:00+00:00,197.338328
10x-risk-001,2021-10-11T19:00:00+00:00,195.293222
10x-risk-001,2021-10-13T20:00:00+00:00,193.351401
10x-risk-001,2021-10-14T07:00:00+00:00,191.400245
10x-risk-001,2021-10-15T18:00:00+00:00,189.988526
10x-risk-001,2021-10-17T19:00:00+00:00,188.295519
10x-risk-001,2021-10-19T03:00:00+00:00,186.379209
10x-risk-001,2021-10-19T07:00:00+00:00,184.450428
10x-risk-001,2021-10-19T12:00:00+00:00,183.252291
10x-risk-001,2021-10-20T11:00:00+00:00,181.409468
10x-risk-001,2021-10-20T16:00:00+00:00,190.414399
10x-risk-001,2021-10-21T00:00:00+00:00,195.36773
10x-risk-001,2021-10-22T07:00:00+00:00,193.394582
10x-risk-001,2021-10-25T14:00:00+00:00,191.759723
10x-risk-001,2021-10-26T14:00:00+00:00,189.633426
10x-risk-001,2021-10-27T04:00:00+00:00,187.591669
10x-risk-001,2021-10-28T20:00:00+00:00,185.783516
10x-risk-001,2021-10-30T02:00:00+00:00,183.822097
10x-risk-001,2021-10-31T12:00:00+00:00,181.726669
10x-risk-001,2021-10-31T15:00:00+00:00,179.880026
10x-risk-001,2021-10-31T22:00:00+00:00,178.061314
10x-risk-001,2021-11-01T07:00:00+00:00,176.290118
10x-risk-001,2021-11-01T17:00:00+00:00,174.230379
10x-risk-001,2021-11-02T00:00:00+00:00,172.020054
10x-risk-001,2021-11-03T18:00:00+00:00,169.762105
10x-risk-001,2021-11-05T06:00:00+00:00,168.056562
10x-risk-001,2021-11-07T01:00:00+00:00,166.485329
10x-risk-001,2021-11-08T00:00:00+00:00,175.422576
10x-risk-001,2021-11-08T10:00:00+00:00,184.134141
10x-risk-001,2021-11-09T03:00:00+00:00,192.104674
10x-risk-001,2021-11-10T15:00:00+00:00,190.204806
10x-risk-001,2021-11-12T09:00:00+00:00,188.194947
10x-risk-001,2021-11-14T17:00:00+00:00,186.430123
10x-risk-001,2021-11-15T00:00:00+00:00,184.667209
10x-risk-001,2021-11-15T01:00:00+00:00,182.85246
10x-risk-001,2021-11-15T18:00:00+00:00,180.917372
10x-risk-001,2021-11-15T18:00:00+00:00,179.10574
10x-risk-001,2021-11-16T00:00:00+00:00,177.187695
10x-risk-001,2021-11-16T01:00:00+00:00,185.934572
10x-risk-001,2021-11-16T10:00:00+00:00,194.483544
10x-risk-001,2021-11-22T20:00:00+00:00,192.59918
10x-risk-001,2021-11-26T07:00:00+00:00,190.621197
10x-risk-001,2021-11-26T08:00:00+00:00,200.083546
10x-risk-001,2021-11-26T08:00:00+00:00,198.108294
10x-risk-001,2021-11-28T10:00:00+00:00,196.138122
10x-risk-001,2021-11-28T21:00:00+00:00,194.28088
10x-risk-001,2021-12-03T10:00:00+00:00,192.26992
10x-risk-001,2021-12-03T19:00:00+00:00,190.303081
10x-risk-001,2021-12-08T11:00:00+00:00,188.434907
10x-risk-001,2021-12-10T12:00:00+00:00,186.485916
10x-risk-001,2021-12-17T15:00:00+00:00,195.455565
10x-risk-001,2021-12-18T05:00:00+00:00,193.497716
10x-risk-001,2021-12-18T10:00:00+00:00,191.448739
10x-risk-001,2021-12-19T01:00:00+00:00,189.478898
10x-risk-001,2021-12-19T03:00:00+00:00,187.593372
10x-risk-001,2021-12-19T10:00:00+00:00,185.66354
10x-risk-001,2021-12-20T21:00:00+00:00,183.798331
10x-risk-001,2021-12-21T09:00:00+00:00,181.815775
10x-risk-001,2021-12-21T15:00:00+00:00,179.969545
10x-risk-001,2021-12-21T19:00:00+00:00,178.077356
10x-risk-001,2021-12-22T23:00:00+00:00,176.22123
10x-risk-001,2021-12-23T07:00:00+00:00,174.367626
10x-risk-001,2021-12-23T11:00:00+00:00,183.363271
10x-risk-001,2021-12-23T16:00:00+00:00,181.447576
10x-risk-001,2021-12-23T17:00:00+00:00,179.663068
10x-risk-001,2021-12-23T17:00:00+00:00,177.718546
10x-risk-001,2021-12-26T03:00:00+00:00,175.880559
10x-risk-001,2021-12-27T23:00:00+00:00,174.013717
10x-risk-001,2021-12-28T01:00:00+00:00,172.166296
10x-risk-001,2021-12-28T19:00:00+00:00,170.380577
10x-risk-001,2022-01-02T16:00:00+00:00,168.591641
10x-risk-001,2022-01-03T16:00:00+00:00,166.810984
10x-risk-001,2022-01-04T10:00:00+00:00,165.150089
10x-risk-001,2022-01-05T18:00:00+00:00,163.418019
10x-risk-001,2022-01-05T20:00:00+00:00,171.356863
10x-risk-001,2022-01-05T20:00:00+00:00,179.513714
10x-risk-001,2022-01-14T12:00:00+00:00,177.661757
10x-risk-001,2022-01-16T11:00:00+00:00,175.785621
10x-risk-001,2022-01-16T21:00:00+00:00,173.972403
10x-risk-001,2022-01-17T21:00:00+00:00,182.836852
10x-risk-001,2022-01-20T15:00:00+00:00,181.14698
10x-risk-001,2022-01-21T02:00:00+00:00,189.588805
10x-risk-001,2022-02-01T09:00:00+00:00,187.59229
10x-risk-001,2022-02-01T10:00:00+00:00,185.143467
10x-risk-001,2022-02-02T08:00:00+00:00,183.266528
10x-risk-001,2022-02-03T10:00:00+00:00,181.222362
10x-risk-001,2022-02-05T00:00:00+00:00,189.11167
10x-risk-001,2022-02-05T04:00:00+00:00,197.971353
10x-risk-001,2022-02-10T20:00:00+00:00,195.968394
10x-risk-001,2022-02-15T04:00:00+00:00,193.968687
10x-risk-001,2022-02-28T14:00:00+00:00,192.011273
10x-risk-001,2022-03-01T00:00:00+00:00,205.148562
10x-risk-001,2022-03-08T15:00:00+00:00,203.059545
10x-risk-001,2022-03-11T11:00:00+00:00,201.016897
10x-risk-001,2022-03-11T11:00:00+00:00,198.94509
10x-risk-001,2022-03-13T03:00:00+00:00,196.861731
10x-risk-001,2022-03-14T09:00:00+00:00,194.799266
10x-risk-001,2022-03-14T22:00:00+00:00,192.716418
10x-risk-001,2022-03-14T22:00:00+00:00,190.722001
10x-risk-001,2022-03-15T14:00:00+00:00,188.683615
10x-risk-001,2022-03-15T15:00:00+00:00,186.574037
10x-risk-001,2022-03-16T02:00:00+00:00,184.526969
10x-risk-001,2022-03-16T03:00:00+00:00,182.606749
10x-risk-001,2022-03-16T04:00:00+00:00,180.513826
10x-risk-001,2022-03-16T09:00:00+00:00,189.545091
10x-risk-001,2022-03-16T18:00:00+00:00,187.621334
10x-risk-001,2022-03-18T14:00:00+00:00,196.822182
10x-risk-001,2022-03-22T02:00:00+00:00,194.856127
10x-risk-001,2022-03-23T15:00:00+00:00,203.954988
10x-risk-001,2022-03-23T16:00:00+00:00,213.581998
10x-risk-001,2022-03-24T08:00:00+00:00,223.232387
10x-risk-001,2022-03-25T06:00:00+00:00,221.34251
10x-risk-001,2022-03-27T12:00:00+00:00,219.609046
10x-risk-001,2022-03-27T16:00:00+00:00,217.859026
10x-risk-001,2022-03-27T23:00:00+00:00,228.62669
10x-risk-001,2022-03-28T00:00:00+00:00,238.937729
10x-risk-001,2022-03-28T00:00:00+00:00,249.256454
10x-risk-001,2022-04-03T18:00:00+00:00,246.726582
10x-risk-001,2022-04-03T23:00:00+00:00,244.054215
10x-risk-001,2022-04-04T17:00:00+00:00,241.412508
10x-risk-001,2022-04-04T21:00:00+00:00,238.794105
10x-risk-001,2022-04-04T21:00:00+00:00,236.273219
10x-risk-001,2022-04-05T00:00:00+00:00,233.832084
10x-risk-001,2022-04-05T14:00:00+00:00,231.324069
10x-risk-001,2022-04-06T00:00:00+00:00,228.881706
10x-risk-001,2022-04-06T13:00:00+00:00,240.443929
10x-risk-001,2022-04-07T00:00:00+00:00,251.667257
10x-risk-001,2022-04-10T22:00:00+00:00,249.036511
10x-risk-001,2022-04-11T11:00:00+00:00,260.240518
10x-risk-001,2022-04-18T18:00:00+00:00,257.469763
10x-risk-001,2022-04-19T07:00:00+00:00,254.751037
10x-risk-001,2022-04-21T19:00:00+00:00,252.440707
10x-risk-001,2022-04-21T22:00:00+00:00,249.764301
10x-risk-001,2022-04-25T06:00:00+00:00,261.80272
10x-risk-001,2022-04-26T14:00:00+00:00,259.121321
10x-risk-001,2022-04-26T14:00:00+00:00,256.415427
10x-risk-001,2022-04-26T20:00:00+00:00,268.755807
10x-risk-001,2022-04-28T12:00:00+00:00,265.924765
10x-risk-001,2022-04-28T13:00:00+00:00,263.105009
10x-risk-001,2022-04-28T13:00:00+00:00,260.305948
10x-risk-001,2022-04-28T15:00:00+00:00,257.570396
10x-risk-001,2022-04-28T17:00:00+00:00,254.900928
10x-risk-001,2022-04-28T19:00:00+00:00,251.909049
10x-risk-001,2022-04-29T09:00:00+00:00,249.277448
10x-risk-001,2022-04-30T22:00:00+00:00,261.671315
10x-risk-001,2022-05-04T15:00:00+00:00,258.858194
10x-risk-001,2022-05-04T18:00:00+00:00,256.430363
10x-risk-001,2022-05-04T18:00:00+00:00,253.826664
10x-risk-001,2022-05-05T14:00:00+00:00,251.333273
10x-risk-001,2022-05-05T15:00:00+00:00,248.60248
10x-risk-001,2022-05-05T15:00:00+00:00,245.970577
10x-risk-001,2022-05-17T18:00:00+00:00,243.43846
10x-risk-001,2022-05-18T03:00:00+00:00,240.860997
10x-risk-001,2022-05-19T07:00:00+00:00,238.340057
10x-risk-001,2022-05-19T15:00:00+00:00,235.818075
10x-risk-001,2022-05-20T14:00:00+00:00,233.32453
10x-risk-001,2022-05-20T15:00:00+00:00,230.942439
10x-risk-001,2022-05-23T11:00:00+00:00,228.551983
10x-risk-001,2022-05-23T19:00:00+00:00,226.040944
10x-risk-001,2022-05-24T23:00:00+00:00,223.695061
10x-risk-001,2022-05-25T11:00:00+00:00,221.389469
10x-risk-001,2022-05-25T13:00:00+00:00,218.82702
10x-risk-001,2022-05-26T13:00:00+00:00,229.973504
10x-risk-001,2022-05-26T16:00:00+00:00,227.478627
10x-risk-001,2022-05-30T01:00:00+00:00,225.241066
10x-risk-001,2022-05-30T06:00:00+00:00,222.989668
10x-risk-001,2022-05-30T20:00:00+00:00,233.990802
10x-risk-001,2022-06-08T03:00:00+00:00,231.716683
10x-risk-001,2022-06-09T05:00:00+00:00,229.174052
10x-risk-001,2022-06-09T08:00:00+00:00,226.770102
10x-risk-001,2022-06-09T08:00:00+00:00,224.901327
10x-risk-001,2022-06-09T11:00:00+00:00,222.176595
10x-risk-001,2022-06-09T19:00:00+00:00,219.920596
10x-risk-001,2022-06-10T00:00:00+00:00,217.640202
10x-risk-001,2022-06-10T03:00:00+00:00,215.106929
10x-risk-001,2022-06-10T03:00:00+00:00,212.983979
10x-risk-001,2022-06-10T09:00:00+00:00,210.787039
10x-risk-001,2022-06-10T13:00:00+00:00,221.620677
10x-risk-001,2022-06-10T14:00:00+00:00,219.363538
10x-risk-001,2022-06-11T12:00:00+00:00,228.704065
10x-risk-001,2022-06-11T14:00:00+00:00,239.42803
10x-risk-001,2022-06-27T13:00:00+00:00,236.928016
10x-risk-001,2022-06-28T18:00:00+00:00,234.471989
10x-risk-001,2022-06-30T07:00:00+00:00,245.958403
10x-risk-001,2022-06-30T08:00:00+00:00,257.636654
10x-risk-001,2022-07-03T20:00:00+00:00,254.977737
10x-risk-001,2022-07-04T09:00:00+00:00,252.256868
10x-risk-001,2022-07-05T12:00:00+00:00,249.525359
10x-risk-001,2022-07-06T04:00:00+00:00,246.899292
10x-risk-001,2022-07-07T14:00:00+00:00,259.131405
10x-risk-001,2022-07-07T16:00:00+00:00,271.575041
10x-risk-001,2022-07-10T14:00:00+00:00,268.883676
10x-risk-001,2022-07-18T09:00:00+00:00,282.188424
10x-risk-001,2022-07-23T08:00:00+00:00,279.263731
10x-risk-001,2022-07-25T00:00:00+00:00,276.35542
10x-risk-001,2022-07-25T00:00:00+00:00,273.438268
10x-risk-001,2022-07-26T19:00:00+00:00,286.936279
10x-risk-001,2022-08-05T01:00:00+00:00,284.331005
10x-risk-001,2022-08-05T06:00:00+00:00,281.364408
10x-risk-001,2022-08-05T18:00:00+00:00,278.411397
10x-risk-001,2022-08-05T21:00:00+00:00,275.255483
10x-risk-001,2022-08-06T17:00:00+00:00,272.284006
10x-risk-001,2022-08-07T12:00:00+00:00,269.459883
10x-risk-001,2022-08-07T13:00:00+00:00,266.538809
10x-risk-001,2022-08-08T11:00:00+00:00,279.721435
10x-risk-001,2022-08-08T12:00:00+00:00,292.908369
10x-risk-001,2022-08-10T12:00:00+00:00,289.861717
10x-risk-001,2022-08-10T13:00:00+00:00,303.694106
10x-risk-001,2022-08-12T23:00:00+00:00,300.522909
10x-risk-001,2022-08-13T20:00:00+00:00,297.343729
10x-risk-001,2022-08-14T12:00:00+00:00,294.246725
10x-risk-001,2022-08-15T02:00:00+00:00,291.302375
10x-risk-001,2022-08-15T03:00:00+00:00,288.133667
10x-risk-001,2022-08-18T23:00:00+00:00,284.841486
10x-risk-001,2022-08-26T05:00:00+00:00,281.834961
10x-risk-001,2022-08-26T05:00:00+00:00,278.842517
10x-risk-001,2022-08-26T11:00:00+00:00,276.001916
10x-risk-001,2022-08-26T13:00:00+00:00,272.780094
10x-risk-001,2022-08-26T13:00:00+00:00,269.984034
10x-risk-001,2022-08-26T23:00:00+00:00,283.333828
10x-risk-001,2022-08-31T15:00:00+00:00,280.356957
10x-risk-001,2022-08-31T19:00:00+00:00,277.425237
10x-risk-001,2022-09-01T11:00:00+00:00,274.544019
10x-risk-001,2022-09-01T14:00:00+00:00,271.657191
10x-risk-001,2022-09-01T17:00:00+00:00,268.835851
10x-risk-001,2022-09-02T03:00:00+00:00,265.950194
10x-risk-001,2022-09-02T17:00:00+00:00,263.10145
10x-risk-001,2022-09-02T17:00:00+00:00,260.245331
10x-risk-001,2022-09-03T11:00:00+00:00,257.637267
10x-risk-001,2022-09-04T12:00:00+00:00,254.811419
10x-risk-001,2022-09-05T10:00:00+00:00,252.130368
10x-risk-001,2022-09-05T23:00:00+00:00,249.535984
10x-risk-001,2022-09-06T00:00:00+00:00,246.848126
10x-risk-001,2022-09-06T01:00:00+00:00,243.849004
10x-risk-001,2022-09-06T13:00:00+00:00,241.016163
10x-risk-001,2022-09-06T17:00:00+00:00,238.523966
10x-risk-001,2022-09-06T17:00:00+00:00,236.009283
10x-risk-001,2022-09-09T04:00:00+00:00,247.694862
10x-risk-001,2022-09-09T05:00:00+00:00,259.386593
10x-risk-001,2022-09-15T06:00:00+00:00,257.004296
10x-risk-001,2022-09-21T18:00:00+00:00,254.324127
10x-risk-001,2022-09-23T09:00:00+00:00,251.674568
10x-risk-001,2022-09-23T10:00:00+00:00,248.971413
10x-risk-001,2022-09-23T20:00:00+00:00,246.411815
10x-risk-001,2022-09-23T22:00:00+00:00,243.915916
10x-risk-001,2022-09-24T02:00:00+00:00,241.103964
10x-risk-001,2022-09-24T07:00:00+00:00,238.57506
10x-risk-001,2022-09-25T11:00:00+00:00,236.013549
10x-risk-001,2022-09-25T16:00:00+00:00,247.947442
10x-risk-001,2022-09-26T08:00:00+00:00,245.426133
10x-risk-001,2022-09-26T11:00:00+00:00,242.782813
10x-risk-001,2022-09-26T14:00:00+00:00,240.226027
10x-risk-001,2022-09-27T01:00:00+00:00,237.78341
10x-risk-001,2022-09-27T06:00:00+00:00,249.633562
10x-risk-001,2022-09-27T16:00:00+00:00,247.345305
10x-risk-001,2022-09-27T18:00:00+00:00,244.846611
10x-risk-001,2022-09-28T17:00:00+00:00,242.316454
10x-risk-001,2022-09-29T07:00:00+00:00,239.780384
10x-risk-001,2022-09-29T13:00:00+00:00,237.280647
10x-risk-001,2022-09-29T14:00:00+00:00,234.804943
10x-risk-001,2022-09-29T16:00:00+00:00,232.418435
10x-risk-001,2022-09-30T07:00:00+00:00,230.474822
10x-risk-001,2022-09-30T12:00:00+00:00,227.909861
10x-risk-001,2022-09-30T12:00:00+00:00,225.765821
10x-risk-001,2022-09-30T18:00:00+00:00,223.413371
10x-risk-001,2022-09-30T21:00:00+00:00,221.092452
10x-risk-001,2022-10-02T23:00:00+00:00,232.015035
10x-risk-001,2022-10-03T00:00:00+00:00,242.604359
10x-risk-001,2022-10-03T13:00:00+00:00,240.047332
10x-risk-001,2022-10-03T14:00:00+00:00,237.529986
10x-risk-001,2022-10-07T12:00:00+00:00,235.070607
10x-risk-001,2022-10-08T21:00:00+00:00,232.627564
10x-risk-001,2022-10-08T21:00:00+00:00,229.965613
10x-risk-001,2022-10-10T08:00:00+00:00,227.52839
10x-risk-001,2022-10-10T22:00:00+00:00,238.776955
10x-risk-001,2022-10-10T22:00:00+00:00,236.295056
10x-risk-001,2022-10-13T07:00:00+00:00,247.932072
10x-risk-001,2022-10-13T12:00:00+00:00,259.140232
10x-risk-001,2022-10-13T18:00:00+00:00,256.621634
10x-risk-001,2022-10-14T16:00:00+00:00,253.934665
10x-risk-001,2022-10-14T21:00:00+00:00,251.300752
10x-risk-001,2022-10-16T19:00:00+00:00,248.590103
10x-risk-001,2022-10-16T19:00:00+00:00,245.93571
10x-risk-001,2022-10-16T20:00:00+00:00,243.244323
10x-risk-001,2022-10-16T21:00:00+00:00,240.603239
10x-risk-001,2022-10-17T04:00:00+00:00,238.083344
10x-risk-001,2022-10-18T18:00:00+00:00,235.519836
10x-risk-001,2022-10-18T19:00:00+00:00,232.960815
10x-risk-001,2022-10-19T22:00:00+00:00,230.116611
10x-risk-001,2022-10-20T12:00:00+00:00,227.616958
10x-risk-001,2022-10-21T00:00:00+00:00,239.118805
10x-risk-001,2022-10-21T16:00:00+00:00,236.744264
10x-risk-001,2022-10-23T11:00:00+00:00,234.316239
10x-risk-001,2022-10-23T17:00:00+00:00,231.601876
10x-risk-001,2022-10-23T18:00:00+00:00,229.242869
10x-risk-001,2022-10-24T07:00:00+00:00,226.935239
10x-risk-001,2022-10-24T10:00:00+00:00,224.630009
10x-risk-001,2022-10-24T14:00:00+00:00,222.178065
10x-risk-001,2022-10-24T14:00:00+00:00,219.808366
10x-risk-001,2022-10-25T00:00:00+00:00,217.519504
10x-risk-001,2022-10-25T09:00:00+00:00,215.301274
10x-risk-001,2022-10-25T10:00:00+00:00,213.080343
10x-risk-001,2022-10-30T01:00:00+00:00,223.62313
10x-risk-001,2022-11-01T22:00:00+00:00,221.359328
10x-risk-001,2022-11-02T18:00:00+00:00,219.051183
10x-risk-001,2022-11-02T18:00:00+00:00,216.741146
10x-risk-001,2022-11-02T18:00:00+00:00,214.357328
10x-risk-001,2022-11-04T04:00:00+00:00,212.252597
10x-risk-001,2022-11-04T06:00:00+00:00,210.081968
10x-risk-001,2022-11-04T20:00:00+00:00,220.693387
10x-risk-001,2022-11-07T07:00:00+00:00,218.47913
10x-risk-001,2022-11-08T03:00:00+00:00,216.21598
10x-risk-001,2022-11-18T00:00:00+00:00,213.993994
10x-risk-001,2022-11-18T17:00:00+00:00,211.766048
10x-risk-001,2022-11-20T11:00:00+00:00,209.470127
10x-risk-001,2022-11-21T21:00:00+00:00,219.799259
10x-risk-001,2022-11-22T13:00:00+00:00,217.675613
10x-risk-001,2022-11-23T03:00:00+00:00,215.524838
10x-risk-001,2022-11-27T02:00:00+00:00,213.351042
10x-risk-001,2022-11-27T12:00:00+00:00,211.158944
10x-risk-001,2022-11-28T01:00:00+00:00,208.934584
10x-risk-001,2022-11-28T01:00:00+00:00,206.798598
10x-risk-001,2022-11-28T01:00:00+00:00,217.251931
10x-risk-001,2022-11-29T05:00:00+00:00,215.00767
10x-risk-001,2022-11-30T03:00:00+00:00,225.66616
10x-risk-001,2022-11-30T17:00:00+00:00,223.471477
10x-risk-001,2022-11-30T17:00:00+00:00,221.164633
10x-risk-001,2022-11-30T19:00:00+00:00,231.751412
10x-risk-001,2022-12-01T13:00:00+00:00,229.343441
10x-risk-001,2022-12-02T16:00:00+00:00,226.905364
10x-risk-001,2022-12-04T18:00:00+00:00,224.533834
10x-risk-001,2022-12-05T00:00:00+00:00,221.74618
10x-risk-001,2022-12-05T08:00:00+00:00,219.401474
10x-risk-001,2022-12-05T15:00:00+00:00,217.079961
10x-risk-001,2022-12-05T15:00:00+00:00,214.78571
10x-risk-001,2022-12-05T19:00:00+00:00,212.372569
10x-risk-001,2022-12-06T23:00:00+00:00,210.097913
10x-risk-001,2022-12-07T07:00:00+00:00,207.97084
10x-risk-001,2022-12-08T18:00:00+00:00,205.888705
10x-risk-001,2022-12-08T18:00:00+00:00,203.815477
10x-risk-001,2022-12-09T17:00:00+00:00,201.659492
10x-risk-001,2022-12-10T14:00:00+00:00,199.589255
10x-risk-001,2022-12-11T22:00:00+00:00,197.480461
10x-risk-001,2022-12-12T00:00:00+00:00,195.310076
10x-risk-001,2022-12-12T12:00:00+00:00,205.699334
10x-risk-001,2022-12-12T21:00:00+00:00,203.603457
10x-risk-001,2022-12-12T21:00:00+00:00,201.49124
10x-risk-001,2022-12-13T07:00:00+00:00,199.412295
10x-risk-001,2022-12-13T13:00:00+00:00,209.318476
10x-risk-001,2022-12-13T13:00:00+00:00,207.309846
10x-risk-001,2022-12-13T14:00:00+00:00,204.92187
10x-risk-001,2022-12-13T19:00:00+00:00,201.864862
10x-risk-001,2022-12-14T13:00:00+00:00,199.763819
10x-risk-001,2022-12-14T19:00:00+00:00,197.656335
10x-risk-001,2022-12-16T08:00:00+00:00,195.412531
10x-risk-001,2022-12-16T14:00:00+00:00,205.185422
10x-risk-001,2022-12-16T22:00:00+00:00,214.961927
10x-risk-001,2022-12-21T19:00:00+00:00,212.74036
10x-risk-001,2022-12-22T15:00:00+00:00,210.494911
10x-risk-001,2022-12-22T20:00:00+00:00,208.267488
10x-risk-001,2022-12-22T20:00:00+00:00,206.065904
10x-risk-001,2022-12-22T22:00:00+00:00,203.371857
10x-risk-001,2022-12-23T03:00:00+00:00,201.206433
10x-risk-001,2022-12-23T03:00:00+00:00,199.052346
10x-risk-001,2022-12-24T04:00:00+00:00,196.955551
10x-risk-001,2022-12-25T14:00:00+00:00,194.776744
10x-risk-001,2022-12-25T21:00:00+00:00,192.801276
10x-risk-001,2022-12-26T08:00:00+00:00,190.684299
10x-risk-001,2022-12-27T10:00:00+00:00,188.712605
10x-risk-001,2022-12-27T14:00:00+00:00,186.567054
10x-risk-001,2022-12-27T14:00:00+00:00,184.640882
10x-risk-001,2022-12-27T15:00:00+00:00,182.154324
10x-risk-001,2022-12-30T07:00:00+00:00,191.170188
10x-risk-001,2022-12-31T13:00:00+00:00,189.183224
10x-risk-001,2023-01-01T04:00:00+00:00,187.121484
10x-risk-001,2023-01-01T20:00:00+00:00,184.950005
10x-risk-001,2023-01-02T07:00:00+00:00,183.254158
10x-risk-001,2023-01-02T07:00:00+00:00,181.133134
10x-risk-001,2023-01-02T23:00:00+00:00,178.932787
10x-risk-001,2023-01-03T17:00:00+00:00,177.045044
10x-risk-001,2023-01-04T00:00:00+00:00,175.308172
10x-risk-001,2023-01-04T18:00:00+00:00,183.820089
10x-risk-001,2023-01-06T19:00:00+00:00,181.877731
10x-risk-001,2023-01-09T05:00:00+00:00,190.887979
10x-risk-001,2023-01-12T17:00:00+00:00,199.975445
10x-risk-001,2023-01-12T18:00:00+00:00,208.957429
10x-risk-001,2023-01-18T15:00:00+00:00,206.826536
10x-risk-001,2023-01-20T20:00:00+00:00,204.759081
10x-risk-001,2023-01-21T09:00:00+00:00,214.965469
10x-risk-001,2023-01-25T21:00:00+00:00,212.716361
10x-risk-001,2023-01-27T01:00:00+00:00,210.446216
10x-risk-001,2023-01-27T07:00:00+00:00,208.287978
10x-risk-001,2023-01-27T14:00:00+00:00,206.170718
10x-risk-001,2023-01-27T17:00:00+00:00,203.965895
10x-risk-001,2023-01-27T17:00:00+00:00,201.823564
10x-risk-001,2023-01-28T10:00:00+00:00,199.620396
10x-risk-001,2023-01-28T13:00:00+00:00,197.506262
10x-risk-001,2023-01-29T00:00:00+00:00,195.491823
10x-risk-001,2023-01-29T01:00:00+00:00,193.282216
10x-risk-001,2023-01-29T01:00:00+00:00,191.267639
10x-risk-001,2023-01-30T00:00:00+00:00,200.706757
10x-risk-001,2023-01-30T19:00:00+00:00,198.332202
10x-risk-001,2023-01-30T19:00:00+00:00,196.211506
10x-risk-001,2023-01-31T16:00:00+00:00,194.205393
10x-risk-001,2023-02-01T06:00:00+00:00,192.031519
10x-risk-001,2023-02-01T08:00:00+00:00,189.991053
10x-risk-001,2023-02-01T19:00:00+00:00,187.968346
10x-risk-001,2023-02-01T19:00:00+00:00,185.935203
10x-risk-001,2023-02-03T13:00:00+00:00,183.955034
10x-risk-001,2023-02-03T19:00:00+00:00,182.030317
10x-risk-001,2023-02-04T05:00:00+00:00,180.061488
10x-risk-001,2023-02-04T23:00:00+00:00,178.180144
10x-risk-001,2023-02-06T16:00:00+00:00,176.306329
10x-risk-001,2023-02-07T05:00:00+00:00,185.297399
10x-risk-001,2023-02-07T17:00:00+00:00,183.481418
10x-risk-001,2023-02-07T18:00:00+00:00,181.538239
10x-risk-001,2023-02-08T00:00:00+00:00,190.475996
10x-risk-001,2023-02-08T15:00:00+00:00,188.451559
10x-risk-001,2023-02-09T03:00:00+00:00,197.267198
10x-risk-001,2023-02-09T07:00:00+00:00,195.055095
10x-risk-001,2023-02-09T21:00:00+00:00,204.343605
10x-risk-001,2023-02-09T21:00:00+00:00,213.47948
10x-risk-001,2023-02-09T21:00:00+00:00,223.073087
10x-risk-001,2023-02-14T14:00:00+00:00,220.798331
10x-risk-001,2023-02-15T20:00:00+00:00,231.683208
10x-risk-001,2023-02-16T00:00:00+00:00,242.505563
10x-risk-001,2023-02-18T19:00:00+00:00,239.890226
10x-risk-001,2023-02-19T03:00:00+00:00,237.390569
10x-risk-001,2023-02-19T15:00:00+00:00,234.952582
10x-risk-001,2023-02-21T08:00:00+00:00,232.467016
10x-risk-001,2023-02-22T08:00:00+00:00,243.948448
10x-risk-001,2023-02-22T16:00:00+00:00,255.370435
10x-risk-001,2023-02-23T02:00:00+00:00,252.816984
10x-risk-001,2023-02-28T07:00:00+00:00,263.283227
10x-risk-001,2023-02-28T20:00:00+00:00,260.232382
10x-risk-001,2023-03-01T03:00:00+00:00,257.452918
10x-risk-001,2023-03-02T07:00:00+00:00,254.743907
10x-risk-001,2023-03-03T01:00:00+00:00,266.178704
10x-risk-001,2023-03-03T01:00:00+00:00,278.493137
10x-risk-001,2023-03-03T01:00:00+00:00,291.087302
10x-risk-001,2023-03-08T15:00:00+00:00,288.071383
10x-risk-001,2023-03-08T22:00:00+00:00,284.953031
10x-risk-001,2023-03-09T18:00:00+00:00,299.335127
10x-risk-001,2023-03-09T20:00:00+00:00,313.703892
10x-risk-001,2023-03-18T00:00:00+00:00,329.232786
10x-risk-001,2023-03-22T09:00:00+00:00,326.48267
10x-risk-001,2023-03-22T19:00:00+00:00,323.076189
10x-risk-001,2023-03-22T19:00:00+00:00,320.109537
10x-risk-001,2023-03-23T14:00:00+00:00,316.796178
10x-risk-001,2023-03-23T18:00:00+00:00,313.467197
10x-risk-001,2023-03-24T10:00:00+00:00,310.425907
10x-risk-001,2023-03-24T11:00:00+00:00,307.11212
10x-risk-001,2023-03-29T08:00:00+00:00,304.109369
10x-risk-001,2023-03-30T02:00:00+00:00,301.016076
10x-risk-001,2023-03-31T14:00:00+00:00,297.849333
10x-risk-001,2023-04-03T01:00:00+00:00,294.667774
10x-risk-001,2023-04-03T01:00:00+00:00,291.584964
10x-risk-001,2023-04-03T08:00:00+00:00,288.59695
10x-risk-001,2023-04-03T20:00:00+00:00,285.557791
10x-risk-001,2023-04-04T10:00:00+00:00,282.574883
10x-risk-001,2023-04-04T12:00:00+00:00,279.619987
10x-risk-001,2023-04-05T14:00:00+00:00,276.656314
10x-risk-001,2023-04-05T14:00:00+00:00,273.730472
10x-risk-001,2023-04-06T06:00:00+00:00,270.923736
10x-risk-001,2023-04-06T16:00:00+00:00,267.922103
10x-risk-001,2023-04-06T16:00:00+00:00,264.484643
10x-risk-001,2023-04-06T16:00:00+00:00,261.335358
10x-risk-001,2023-04-06T20:00:00+00:00,258.639706
10x-risk-001,2023-04-09T21:00:00+00:00,255.756855
10x-risk-001,2023-04-10T22:00:00+00:00,268.329311
10x-risk-001,2023-04-11T00:00:00+00:00,265.836738
10x-risk-001,2023-04-12T02:00:00+00:00,263.037974
10x-risk-001,2023-04-12T13:00:00+00:00,260.316714
10x-risk-001,2023-04-12T16:00:00+00:00,257.646814
10x-risk-001,2023-04-14T00:00:00+00:00,270.264521
10x-risk-001,2023-04-14T05:00:00+00:00,266.014564
10x-risk-001,2023-04-18T11:00:00+00:00,263.229486
10x-risk-001,2023-04-19T08:00:00+00:00,260.438954
10x-risk-001,2023-04-19T08:00:00+00:00,257.735514
10x-risk-001,2023-04-19T08:00:00+00:00,254.959211
10x-risk-001,2023-04-26T20:00:00+00:00,253.378
10x-risk-001,2023-04-27T14:00:00+00:00,250.556848
10x-risk-001,2023-04-27T16:00:00+00:00,248.019257
10x-risk-001,2023-04-27T17:00:00+00:00,245.196432
10x-risk-001,2023-04-28T11:00:00+00:00,242.632764
10x-risk-001,2023-04-29T02:00:00+00:00,240.139217
10x-risk-001,2023-04-29T02:00:00+00:00,237.71269
10x-risk-001,2023-04-29T13:00:00+00:00,235.253815
10x-risk-001,2023-04-29T17:00:00+00:00,232.819732
10x-risk-001,2023-04-29T17:00:00+00:00,230.363503
10x-risk-001,2023-04-29T17:00:00+00:00,227.928475
10x-risk-001,2023-04-30T00:00:00+00:00,225.534123
10x-risk-001,2023-04-30T15:00:00+00:00,223.196668
10x-risk-001,2023-04-30T19:00:00+00:00,220.615806
10x-risk-001,2023-04-30T19:00:00+00:00,218.31932
10x-risk-001,2023-04-30T23:00:00+00:00,215.709025
10x-risk-001,2023-05-01T19:00:00+00:00,226.375183
10x-risk-001,2023-05-03T12:00:00+00:00,223.94727
10x-risk-001,2023-05-03T21:00:00+00:00,221.670224
10x-risk-001,2023-05-04T12:00:00+00:00,219.369518
10x-risk-001,2023-05-04T13:00:00+00:00,217.065583
10x-risk-001,2023-05-05T16:00:00+00:00,214.93909
10x-risk-001,2023-05-05T16:00:00+00:00,212.051171
10x-risk-001,2023-05-06T03:00:00+00:00,209.801655
10x-risk-001,2023-05-06T08:00:00+00:00,207.79469
10x-risk-001,2023-05-06T14:00:00+00:00,205.509422
10x-risk-001,2023-05-07T14:00:00+00:00,203.360234
10x-risk-001,2023-05-07T23:00:00+00:00,201.181381
10x-risk-001,2023-05-08T18:00:00+00:00,211.351278
10x-risk-001,2023-05-10T17:00:00+00:00,221.213669
10x-risk-001,2023-05-14T00:00:00+00:00,218.897116
10x-risk-001,2023-05-14T19:00:00+00:00,216.519087
10x-risk-001,2023-05-15T00:00:00+00:00,214.251214
10x-risk-001,2023-05-16T01:00:00+00:00,211.991083
10x-risk-001,2023-05-17T07:00:00+00:00,209.768862
10x-risk-001,2023-05-17T19:00:00+00:00,207.6696
10x-risk-001,2023-05-17T19:00:00+00:00,205.477063
10x-risk-001,2023-05-18T14:00:00+00:00,203.213781
10x-risk-001,2023-05-18T15:00:00+00:00,201.073031
10x-risk-001,2023-05-18T22:00:00+00:00,199.007527
10x-risk-001,2023-05-24T04:00:00+00:00,208.847926
10x-risk-001,2023-05-28T00:00:00+00:00,206.805706
10x-risk-001,2023-05-28T22:00:00+00:00,205.051256
10x-risk-001,2023-05-29T02:00:00+00:00,202.921282
10x-risk-001,2023-05-29T11:00:00+00:00,200.547479
10x-risk-001,2023-05-30T15:00:00+00:00,198.454673
10x-risk-001,2023-06-02T00:00:00+00:00,196.214376
10x-risk-001,2023-06-05T15:00:00+00:00,205.831296
10x-risk-001,2023-06-05T15:00:00+00:00,203.742948
10x-risk-001,2023-06-07T09:00:00+00:00,201.61811
10x-risk-001,2023-06-07T10:00:00+00:00,199.499398
10x-risk-001,2023-06-07T21:00:00+00:00,209.32351
10x-risk-001,2023-06-08T15:00:00+00:00,207.185452
10x-risk-001,2023-06-10T04:00:00+00:00,217.438767
10x-risk-001,2023-06-14T12:00:00+00:00,215.029876
10x-risk-001,2023-06-14T20:00:00+00:00,225.251501
10x-risk-001,2023-06-17T04:00:00+00:00,222.891517
10x-risk-001,2023-06-17T20:00:00+00:00,220.545288
10x-risk-001,2023-06-19T00:00:00+00:00,218.346478
10x-risk-001,2023-06-19T13:00:00+00:00,216.09617
10x-risk-001,2023-06-20T17:00:00+00:00,226.786816
10x-risk-001,2023-06-21T00:00:00+00:00,237.857058
10x-risk-001,2023-06-21T01:00:00+00:00,235.451687
10x-risk-001,2023-06-22T14:00:00+00:00,233.006833
10x-risk-001,2023-06-23T15:00:00+00:00,230.563325
10x-risk-001,2023-06-24T08:00:00+00:00,228.102089
10x-risk-001,2023-06-25T03:00:00+00:00,225.694856
10x-risk-001,2023-06-25T13:00:00+00:00,223.347193
10x-risk-001,2023-06-26T01:00:00+00:00,220.998885
10x-risk-001,2023-06-26T07:00:00+00:00,218.718242
10x-risk-001,2023-06-26T13:00:00+00:00,229.845021
10x-risk-001,2023-06-26T16:00:00+00:00,227.616317
10x-risk-001,2023-06-26T16:00:00+00:00,224.969359
10x-risk-001,2023-06-27T10:00:00+00:00,222.61529
10x-risk-001,2023-06-28T00:00:00+00:00,220.297269
10x-risk-001,2023-06-28T12:00:00+00:00,217.975333
10x-risk-001,2023-06-28T19:00:00+00:00,229.0587
10x-risk-001,2023-06-29T09:00:00+00:00,226.638778
10x-risk-001,2023-06-30T04:00:00+00:00,224.317207
10x-risk-001,2023-06-30T13:00:00+00:00,221.902828
10x-risk-001,2023-06-30T13:00:00+00:00,219.546754
10x-risk-001,2023-06-30T13:00:00+00:00,217.190156
10x-risk-001,2023-06-30T16:00:00+00:00,214.892359
10x-risk-001,2023-06-30T17:00:00+00:00,212.517407
10x-risk-001,2023-06-30T17:00:00+00:00,209.890721
10x-risk-001,2023-07-01T01:00:00+00:00,207.506963
10x-risk-001,2023-07-01T13:00:00+00:00,205.344283
10x-risk-001,2023-07-02T02:00:00+00:00,203.133053
10x-risk-001,2023-07-02T09:00:00+00:00,200.850281
10x-risk-001,2023-07-02T15:00:00+00:00,198.823184
10x-risk-001,2023-07-02T22:00:00+00:00,196.679086
10x-risk-001,2023-07-02T22:00:00+00:00,194.539933
10x-risk-001,2023-07-04T03:00:00+00:00,204.119605
10x-risk-001,2023-07-05T08:00:00+00:00,202.05147
10x-risk-001,2023-07-05T10:00:00+00:00,199.822112
10x-risk-001,2023-07-05T10:00:00+00:00,197.628912
10x-risk-001,2023-07-06T14:00:00+00:00,207.628676
10x-risk-001,2023-07-08T03:00:00+00:00,205.757774
10x-risk-001,2023-07-10T00:00:00+00:00,203.591144
10x-risk-001,2023-07-10T18:00:00+00:00,201.472028
10x-risk-001,2023-07-10T19:00:00+00:00,199.366503
10x-risk-001,2023-07-10T22:00:00+00:00,197.269746
10x-risk-001,2023-07-10T22:00:00+00:00,194.828041
10x-risk-001,2023-07-11T00:00:00+00:00,192.807659
10x-risk-001,2023-07-11T14:00:00+00:00,190.580712
10x-risk-001,2023-07-11T20:00:00+00:00,188.631179
10x-risk-001,2023-07-12T01:00:00+00:00,186.743922
10x-risk-001,2023-07-12T19:00:00+00:00,184.511562
10x-risk-001,2023-07-12T19:00:00+00:00,182.519391
10x-risk-001,2023-07-13T07:00:00+00:00,180.503388
10x-risk-001,2023-07-13T09:00:00+00:00,178.461097
10x-risk-001,2023-07-13T15:00:00+00:00,176.473226
10x-risk-001,2023-07-13T15:00:00+00:00,185.308783
10x-risk-001,2023-07-13T15:00:00+00:00,194.407545
10x-risk-001,2023-07-13T16:00:00+00:00,192.217353
10x-risk-001,2023-07-17T05:00:00+00:00,190.235958
10x-risk-001,2023-07-17T10:00:00+00:00,188.224155
10x-risk-001,2023-07-17T17:00:00+00:00,186.285819
10x-risk-001,2023-07-18T06:00:00+00:00,184.370269
10x-risk-001,2023-08-07T16:00:00+00:00,193.652797
10x-risk-001,2023-08-07T22:00:00+00:00,191.666732
10x-risk-001,2023-08-08T12:00:00+00:00,189.844349
10x-risk-001,2023-08-16T12:00:00+00:00,187.659221
10x-risk-001,2023-08-17T21:00:00+00:00,197.06383
10x-risk-001,2023-08-17T21:00:00+00:00,205.902854
10x-risk-001,2023-08-24T14:00:00+00:00,203.798279
10x-risk-001,2023-08-24T15:00:00+00:00,201.680837
10x-risk-001,2023-08-25T14:00:00+00:00,199.592561
10x-risk-001,2023-08-29T14:00:00+00:00,197.502079
10x-risk-001,2023-08-29T14:00:00+00:00,195.387612
10x-risk-001,2023-08-29T14:00:00+00:00,193.331945
10x-risk-001,2023-08-29T14:00:00+00:00,191.325942
10x-risk-001,2023-08-30T03:00:00+00:00,189.296594
10x-risk-001,2023-08-31T15:00:00+00:00,187.360276
10x-risk-001,2023-08-31T17:00:00+00:00,185.472656
10x-risk-001,2023-09-01T14:00:00+00:00,183.504351
10x-risk-001,2023-09-02T15:00:00+00:00,181.574486
10x-risk-001,2023-09-05T02:00:00+00:00,179.642797
10x-risk-001,2023-09-05T09:00:00+00:00,177.753591
10x-risk-001,2023-09-06T17:00:00+00:00,175.871852
10x-risk-001,2023-09-06T19:00:00+00:00,173.020092
10x-risk-001,2023-09-07T21:00:00+00:00,171.220868
10x-risk-001,2023-09-08T10:00:00+00:00,169.449227
10x-risk-001,2023-09-10T04:00:00+00:00,178.808159
10x-risk-001,2023-09-10T04:00:00+00:00,187.928103
10x-risk-001,2023-09-10T04:00:00+00:00,196.309038
10x-risk-001,2023-09-11T14:00:00+00:00,205.987451
10x-risk-001,2023-09-14T00:00:00+00:00,203.878688
10x-risk-001,2023-09-14T01:00:00+00:00,201.731565
10x-risk-001,2023-09-15T02:00:00+00:00,199.712911
10x-risk-001,2023-09-15T08:00:00+00:00,197.672524
10x-risk-001,2023-09-17T18:00:00+00:00,195.638228
10x-risk-001,2023-09-18T09:00:00+00:00,193.674983
10x-risk-001,2023-09-18T12:00:00+00:00,203.844585
10x-risk-001,2023-09-18T17:00:00+00:00,201.785832
10x-risk-001,2023-09-18T22:00:00+00:00,199.673396
10x-risk-001,2023-09-20T03:00:00+00:00,197.479123
10x-risk-001,2023-09-21T10:00:00+00:00,195.34771
10x-risk-001,2023-09-21T10:00:00+00:00,193.309025
10x-risk-001,2023-09-26T21:00:00+00:00,191.284162
10x-risk-001,2023-09-26T21:00:00+00:00,189.182557
10x-risk-001,2023-09-27T11:00:00+00:00,187.276854
10x-risk-001,2023-09-27T11:00:00+00:00,185.227625
10x-risk-001,2023-09-27T14:00:00+00:00,183.340242
10x-risk-001,2023-09-27T14:00:00+00:00,181.603179
10x-risk-001,2023-09-28T01:00:00+00:00,179.65089
10x-risk-001,2023-09-28T10:00:00+00:00,177.763394
10x-risk-001,2023-09-28T15:00:00+00:00,175.783252
10x-risk-001,2023-10-01T22:00:00+00:00,184.658422
10x-risk-001,2023-10-04T00:00:00+00:00,182.714134
10x-risk-001,2023-10-06T21:00:00+00:00,180.820537
10x-risk-001,2023-10-07T06:00:00+00:00,178.869176
10x-risk-001,2023-10-07T08:00:00+00:00,176.747808
10x-risk-001,2023-10-08T04:00:00+00:00,174.885311
10x-risk-001,2023-10-08T13:00:00+00:00,173.006735
10x-risk-001,2023-10-09T09:00:00+00:00,182.060821
10x-risk-001,2023-10-09T11:00:00+00:00,190.579186
10x-risk-001,2023-10-15T13:00:00+00:00,188.631609
10x-risk-001,2023-10-16T02:00:00+00:00,186.743612
10x-risk-001,2023-10-16T12:00:00+00:00,195.988709
10x-risk-001,2023-10-16T13:00:00+00:00,204.680767
10x-risk-001,2023-10-16T15:00:00+00:00,202.481533
10x-risk-001,2023-10-17T12:00:00+00:00,212.497967
10x-risk-001,2023-10-17T18:00:00+00:00,210.326212
10x-risk-001,2023-10-18T11:00:00+00:00,208.151071
10x-risk-001,2023-10-20T03:00:00+00:00,206.101793
10x-risk-001,2023-10-20T17:00:00+00:00,204.020794
10x-risk-001,2023-10-21T06:00:00+00:00,201.875455
10x-risk-001,2023-10-21T12:00:00+00:00,199.788559
10x-risk-001,2023-10-23T22:00:00+00:00,209.65472
10x-risk-001,2023-10-24T02:00:00+00:00,219.67884
10x-risk-001,2023-10-24T09:00:00+00:00,229.557909
10x-risk-001,2023-10-27T05:00:00+00:00,227.11002
10x-risk-001,2023-10-27T17:00:00+00:00,224.802958
10x-risk-001,2023-10-31T13:00:00+00:00,222.363207
10x-risk-001,2023-11-01T14:00:00+00:00,219.934172
10x-risk-001,2023-11-01T14:00:00+00:00,217.49087
10x-risk-001,2023-11-01T18:00:00+00:00,215.244738
10x-risk-001,2023-11-01T18:00:00+00:00,212.911157
10x-risk-001,2023-11-02T13:00:00+00:00,210.499971
10x-risk-001,2023-11-04T06:00:00+00:00,208.318366
10x-risk-001,2023-11-04T21:00:00+00:00,218.632614
10x-risk-001,2023-11-05T01:00:00+00:00,229.154914
10x-risk-001,2023-11-05T17:00:00+00:00,240.246641
10x-risk-001,2023-11-05T21:00:00+00:00,237.774527
10x-risk-001,2023-11-06T01:00:00+00:00,235.31969
10x-risk-001,2023-11-06T05:00:00+00:00,232.892271
10x-risk-001,2023-11-06T22:00:00+00:00,244.226621
10x-risk-001,2023-11-07T09:00:00+00:00,241.686737
10x-risk-001,2023-11-07T09:00:00+00:00,239.189184
10x-risk-001,2023-11-07T18:00:00+00:00,236.653092
10x-risk-001,2023-11-07T23:00:00+00:00,234.214613
10x-risk-001,2023-11-08T03:00:00+00:00,231.817844
10x-risk-001,2023-11-08T10:00:00+00:00,229.385636
10x-risk-001,2023-11-09T01:00:00+00:00,240.65438
10x-risk-001,2023-11-09T14:00:00+00:00,251.932698
10x-risk-001,2023-11-09T14:00:00+00:00,263.185923
10x-risk-001,2023-11-09T16:00:00+00:00,260.608961
10x-risk-001,2023-11-10T18:00:00+00:00,257.858573
10x-risk-001,2023-11-12T00:00:00+00:00,255.169014
10x-risk-001,2023-11-13T11:00:00+00:00,252.510509
10x-risk-001,2023-11-13T21:00:00+00:00,249.846274
10x-risk-001,2023-11-14T12:00:00+00:00,247.251089
10x-risk-001,2023-11-14T18:00:00+00:00,259.788706
10x-risk-001,2023-11-15T18:00:00+00:00,257.327232
10x-risk-001,2023-11-16T00:00:00+00:00,254.819445
10x-risk-001,2023-11-16T14:00:00+00:00,252.164064
10x-risk-001,2023-11-17T07:00:00+00:00,249.562932
10x-risk-001,2023-11-17T17:00:00+00:00,246.977105
10x-risk-001,2023-11-18T22:00:00+00:00,244.154254
10x-risk-001,2023-11-20T02:00:00+00:00,241.551308
10x-risk-001,2023-11-20T14:00:00+00:00,239.014908
10x-risk-001,2023-11-20T17:00:00+00:00,236.348959
10x-risk-001,2023-11-21T11:00:00+00:00,233.842839
10x-risk-001,2023-11-21T14:00:00+00:00,231.398094
10x-risk-001,2023-11-22T18:00:00+00:00,229.0484
10x-risk-001,2023-11-22T18:00:00+00:00,226.671052
10x-risk-001,2023-11-23T05:00:00+00:00,224.285838
10x-risk-001,2023-11-23T14:00:00+00:00,221.919899
10x-risk-001,2023-11-23T15:00:00+00:00,219.588644
10x-risk-001,2023-11-24T22:00:00+00:00,217.262449
10x-risk-001,2023-11-24T22:00:00+00:00,215.007269
10x-risk-001,2023-11-25T10:00:00+00:00,213.065491
10x-risk-001,2023-11-26T15:00:00+00:00,210.853329
10x-risk-001,2023-11-26T16:00:00+00:00,208.390673
10x-risk-001,2023-12-01T01:00:00+00:00,206.368805
10x-risk-001,2023-12-02T19:00:00+00:00,216.589732
10x-risk-001,2023-12-03T20:00:00+00:00,214.363001
10x-risk-001,2023-12-04T05:00:00+00:00,225.52932
10x-risk-001,2023-12-04T09:00:00+00:00,223.789676
10x-risk-001,2023-12-04T11:00:00+00:00,221.594243
10x-risk-001,2023-12-04T20:00:00+00:00,219.569496
10x-risk-001,2023-12-05T07:00:00+00:00,217.211916
10x-risk-001,2023-12-05T18:00:00+00:00,214.955654
10x-risk-001,2023-12-05T22:00:00+00:00,212.74278
10x-risk-001,2023-12-06T05:00:00+00:00,210.420302
10x-risk-001,2023-12-06T05:00:00+00:00,208.238471
10x-risk-001,2023-12-06T09:00:00+00:00,206.09486
10x-risk-001,2023-12-06T11:00:00+00:00,203.680499
10x-risk-001,2023-12-06T11:00:00+00:00,201.558033
10x-risk-001,2023-12-06T11:00:00+00:00,199.420067
10x-risk-001,2023-12-06T15:00:00+00:00,197.373158
10x-risk-001,2023-12-06T21:00:00+00:00,195.269811
10x-risk-001,2023-12-07T04:00:00+00:00,193.210452
10x-risk-001,2023-12-07T05:00:00+00:00,191.211688
10x-risk-001,2023-12-07T05:00:00+00:00,189.190791
10x-risk-001,2023-12-07T09:00:00+00:00,187.170305
10x-risk-001,2023-12-07T09:00:00+00:00,196.503534
10x-risk-001,2023-12-07T09:00:00+00:00,194.531645
10x-risk-001,2023-12-07T13:00:00+00:00,192.480662
10x-risk-001,2023-12-07T14:00:00+00:00,190.462389
10x-risk-001,2023-12-07T19:00:00+00:00,188.481216
10x-risk-001,2023-12-08T06:00:00+00:00,197.865514
10x-risk-001,2023-12-08T14:00:00+00:00,195.736162
10x-risk-001,2023-12-09T00:00:00+00:00,193.696323
10x-risk-001,2023-12-09T08:00:00+00:00,191.655321
10x-risk-001,2023-12-09T23:00:00+00:00,189.703526
10x-risk-001,2023-12-11T02:00:00+00:00,187.110907
10x-risk-001,2023-12-11T12:00:00+00:00,185.212627
10x-risk-001,2023-12-16T04:00:00+00:00,183.339152
10x-risk-001,2023-12-16T07:00:00+00:00,181.474771
10x-risk-001,2023-12-16T12:00:00+00:00,178.514659
10x-risk-001,2023-12-16T19:00:00+00:00,176.504579
10x-risk-001,2023-12-17T19:00:00+00:00,174.730012
10x-risk-001,2023-12-18T01:00:00+00:00,173.207683
10x-risk-001,2023-12-18T10:00:00+00:00,182.366825
10x-risk-001,2023-12-18T21:00:00+00:00,180.644572
10x-risk-001,2023-12-19T14:00:00+00:00,178.793213
10x-risk-001,2023-12-20T02:00:00+00:00,176.928301
10x-risk-001,2023-12-20T07:00:00+00:00,175.094024
10x-risk-001,2023-12-20T13:00:00+00:00,173.272695
10x-risk-001,2023-12-20T19:00:00+00:00,171.43739
10x-risk-001,2023-12-20T20:00:00+00:00,169.632289
10x-risk-001,2023-12-21T06:00:00+00:00,167.902991
10x-risk-001,2023-12-21T10:00:00+00:00,176.665594
10x-risk-001,2023-12-22T07:00:00+00:00,185.408864
10x-risk-001,2023-12-26T09:00:00+00:00,183.151346
10x-risk-001,2023-12-26T16:00:00+00:00,181.007438
10x-risk-001,2023-12-26T17:00:00+00:00,178.622592
10x-risk-001,2023-12-26T17:00:00+00:00,176.797061
10x-risk-001,2023-12-27T10:00:00+00:00,175.022003
10x-risk-001,2023-12-28T05:00:00+00:00,173.174818
10x-risk-001,2023-12-28T07:00:00+00:00,171.329258
10x-risk-001,2023-12-31T12:00:00+00:00,169.599988
10x-risk-001,2024-01-01T15:00:00+00:00,167.908219
10x-risk-001,2024-01-01T18:00:00+00:00,166.646265
10x-risk-001,2024-01-02T09:00:00+00:00,165.52639
10x-risk-001,2024-01-02T14:00:00+00:00,163.859181
10x-risk-001,2024-01-03T05:00:00+00:00,162.179954
10x-risk-001,2024-01-03T12:00:00+00:00,160.246654
10x-risk-001,2024-01-03T12:00:00+00:00,168.342698
10x-risk-001,2024-01-03T12:00:00+00:00,166.641726
10x-risk-001,2024-01-03T13:00:00+00:00,164.871045
10x-risk-001,2024-01-04T04:00:00+00:00,163.066291
10x-risk-001,2024-01-05T01:00:00+00:00,161.359826
10x-risk-001,2024-01-05T01:00:00+00:00,159.814913
10x-risk-001,2024-01-05T04:00:00+00:00,158.130198
10x-risk-001,2024-01-05T09:00:00+00:00,156.440712
10x-risk-001,2024-01-05T14:00:00+00:00,154.917598
10x-risk-001,2024-01-05T20:00:00+00:00,153.097849
10x-risk-001,2024-01-06T01:00:00+00:00,160.698533
10x-risk-001,2024-01-06T06:00:00+00:00,159.058982
10x-risk-001,2024-01-06T09:00:00+00:00,157.420528
10x-risk-001,2024-01-06T16:00:00+00:00,155.824274
10x-risk-001,2024-01-07T00:00:00+00:00,163.315469
10x-risk-001,2024-01-07T17:00:00+00:00,161.429888
10x-risk-001,2024-01-08T06:00:00+00:00,159.817975
10x-risk-001,2024-01-08T12:00:00+00:00,158.146572
10x-risk-001,2024-01-10T21:00:00+00:00,165.868337
10x-risk-001,2024-01-10T21:00:00+00:00,173.691037
10x-risk-001,2024-01-12T06:00:00+00:00,171.806871
10x-risk-001,2024-01-14T19:00:00+00:00,170.039883
10x-risk-001,2024-01-14T19:00:00+00:00,168.501942
10x-risk-001,2024-01-15T06:00:00+00:00,166.319359
10x-risk-001,2024-01-16T05:00:00+00:00,164.5763
10x-risk-001,2024-01-16T14:00:00+00:00,172.689057
10x-risk-001,2024-01-16T14:00:00+00:00,170.976006
10x-risk-001,2024-01-18T00:00:00+00:00,179.425483
10x-risk-001,2024-01-18T16:00:00+00:00,187.390569
10x-risk-001,2024-01-18T16:00:00+00:00,195.800092
10x-risk-001,2024-01-18T16:00:00+00:00,193.816039
10x-risk-001,2024-01-18T23:00:00+00:00,191.720973
10x-risk-001,2024-01-19T04:00:00+00:00,189.390561
10x-risk-001,2024-01-19T15:00:00+00:00,187.369614
10x-risk-001,2024-01-19T16:00:00+00:00,196.241095
10x-risk-001,2024-01-19T19:00:00+00:00,193.666748
10x-risk-001,2024-01-22T09:00:00+00:00,191.622291
10x-risk-001,2024-01-22T10:00:00+00:00,190.09664
10x-risk-001,2024-01-23T09:00:00+00:00,199.524803
10x-risk-001,2024-01-25T21:00:00+00:00,197.467235
10x-risk-001,2024-01-26T02:00:00+00:00,195.270443
10x-risk-001,2024-01-26T16:00:00+00:00,193.415442
10x-risk-001,2024-01-26T19:00:00+00:00,203.063667
10x-risk-001,2024-01-28T22:00:00+00:00,201.032886
10x-risk-001,2024-01-30T02:00:00+00:00,198.857608
10x-risk-001,2024-01-30T11:00:00+00:00,208.667933
10x-risk-001,2024-01-31T05:00:00+00:00,218.502147
10x-risk-001,2024-02-01T01:00:00+00:00,229.304645
10x-risk-001,2024-02-01T17:00:00+00:00,226.990308
10x-risk-001,2024-02-02T12:00:00+00:00,224.747676
10x-risk-001,2024-02-02T13:00:00+00:00,222.227938
10x-risk-001,2024-02-03T13:00:00+00:00,219.917448
10x-risk-001,2024-02-04T22:00:00+00:00,217.419721
10x-risk-001,2024-02-05T05:00:00+00:00,215.127982
10x-risk-001,2024-02-05T15:00:00+00:00,212.824857
10x-risk-001,2024-02-06T02:00:00+00:00,210.358302
10x-risk-001,2024-02-07T17:00:00+00:00,220.774286
10x-risk-001,2024-02-07T21:00:00+00:00,218.62078
10x-risk-001,2024-02-08T16:00:00+00:00,216.614947
10x-risk-001,2024-02-09T01:00:00+00:00,214.366416
10x-risk-001,2024-02-09T13:00:00+00:00,212.171566
10x-risk-001,2024-02-09T15:00:00+00:00,222.783495
10x-risk-001,2024-02-10T18:00:00+00:00,220.498395
10x-risk-001,2024-02-11T04:00:00+00:00,231.109261
10x-risk-001,2024-02-11T05:00:00+00:00,242.017169
10x-risk-001,2024-02-12T15:00:00+00:00,239.503874
10x-risk-001,2024-02-13T13:00:00+00:00,236.872673
10x-risk-001,2024-02-14T15:00:00+00:00,234.481439
10x-risk-001,2024-02-14T23:00:00+00:00,232.08013
10x-risk-001,2024-02-15T03:00:00+00:00,243.74001
10x-risk-001,2024-02-16T05:00:00+00:00,241.380367
10x-risk-001,2024-02-20T01:00:00+00:00,238.663284
10x-risk-001,2024-02-20T01:00:00+00:00,236.195619
10x-risk-001,2024-02-20T15:00:00+00:00,233.43562
10x-risk-001,2024-02-20T22:00:00+00:00,231.010674
10x-risk-001,2024-02-21T07:00:00+00:00,228.506494
10x-risk-001,2024-02-21T23:00:00+00:00,226.047537
10x-risk-001,2024-02-22T16:00:00+00:00,223.567871
10x-risk-001,2024-02-23T02:00:00+00:00,235.245664
10x-risk-001,2024-02-23T15:00:00+00:00,246.841532
10x-risk-001,2024-02-25T02:00:00+00:00,244.495598
10x-risk-001,2024-02-26T00:00:00+00:00,256.717921
10x-risk-001,2024-02-26T09:00:00+00:00,253.901885
10x-risk-001,2024-02-26T09:00:00+00:00,251.218803
10x-risk-001,2024-02-26T14:00:00+00:00,248.414013
10x-risk-001,2024-02-26T15:00:00+00:00,260.62272
10x-risk-001,2024-02-26T15:00:00+00:00,258.014446
10x-risk-001,2024-02-27T13:00:00+00:00,255.003756
10x-risk-001,2024-02-28T09:00:00+00:00,252.436299
10x-risk-001,2024-02-28T10:00:00+00:00,249.818108
10x-risk-001,2024-02-28T17:00:00+00:00,247.160275
10x-risk-001,2024-02-28T22:00:00+00:00,244.593857
10x-risk-001,2024-02-29T07:00:00+00:00,242.103671
10x-risk-001,2024-02-29T22:00:00+00:00,239.60899
10x-risk-001,2024-03-01T23:00:00+00:00,237.533723
10x-risk-001,2024-03-02T01:00:00+00:00,234.951455
10x-risk-001,2024-03-02T02:00:00+00:00,232.728819
10x-risk-001,2024-03-02T09:00:00+00:00,229.913909
10x-risk-001,2024-03-02T09:00:00+00:00,227.396084
10x-risk-001,2024-03-02T16:00:00+00:00,225.195654
10x-risk-001,2024-03-03T00:00:00+00:00,236.70693
10x-risk-001,2024-03-03T01:00:00+00:00,234.516833
10x-risk-001,2024-03-03T07:00:00+00:00,244.258544
10x-risk-001,2024-03-03T07:00:00+00:00,241.802364
10x-risk-001,2024-03-03T20:00:00+00:00,239.053299
10x-risk-001,2024-03-05T04:00:00+00:00,236.728086
10x-risk-001,2024-03-05T14:00:00+00:00,235.052713
10x-risk-001,2024-03-05T14:00:00+00:00,232.580396
10x-risk-001,2024-03-05T16:00:00+00:00,229.512493
10x-risk-001,2024-03-05T16:00:00+00:00,227.570447
10x-risk-001,2024-03-07T11:00:00+00:00,225.251647
10x-risk-001,2024-03-07T14:00:00+00:00,236.513609
10x-risk-001,2024-03-08T15:00:00+00:00,233.832528
10x-risk-001,2024-03-08T15:00:00+00:00,231.272245
10x-risk-001,2024-03-09T03:00:00+00:00,228.779205
10x-risk-001,2024-03-09T10:00:00+00:00,226.074309
10x-risk-001,2024-03-09T17:00:00+00:00,223.520637
10x-risk-001,2024-03-10T12:00:00+00:00,221.57886
10x-risk-001,2024-03-10T21:00:00+00:00,219.331198
10x-risk-001,2024-03-11T11:00:00+00:00,217.044833
10x-risk-001,2024-03-12T06:00:00+00:00,214.823033
10x-risk-001,2024-03-12T18:00:00+00:00,212.680947
10x-risk-001,2024-03-13T13:00:00+00:00,210.284223
10x-risk-001,2024-03-14T00:00:00+00:00,208.247947
10x-risk-001,2024-03-14T04:00:00+00:00,206.08687
10x-risk-001,2024-03-14T08:00:00+00:00,203.997979
10x-risk-001,2024-03-14T13:00:00+00:00,201.266182
10x-risk-001,2024-03-15T02:00:00+00:00,199.161534
10x-risk-001,2024-03-15T03:00:00+00:00,209.23644
10x-risk-001,2024-03-15T20:00:00+00:00,207.096104
10x-risk-001,2024-03-16T17:00:00+00:00,217.209193
10x-risk-001,2024-03-20T18:00:00+00:00,214.980064
10x-risk-001,2024-03-22T19:00:00+00:00,212.735259
10x-risk-001,2024-03-22T23:00:00+00:00,210.505553
10x-risk-001,2024-03-23T03:00:00+00:00,208.282117
10x-risk-001,2024-03-24T04:00:00+00:00,206.095975
10x-risk-001,2024-03-24T09:00:00+00:00,203.953732
10x-risk-001,2024-03-24T10:00:00+00:00,201.799935
10x-risk-001,2024-03-24T21:00:00+00:00,199.903933
10x-risk-001,2024-03-25T14:00:00+00:00,209.712055
10x-risk-001,2024-03-26T10:00:00+00:00,219.696604
10x-risk-001,2024-03-27T07:00:00+00:00,217.479436
10x-risk-001,2024-03-28T14:00:00+00:00,215.200604
10x-risk-001,2024-03-29T10:00:00+00:00,224.890666
10x-risk-001,2024-03-30T02:00:00+00:00,222.692848
10x-risk-001,2024-03-30T16:00:00+00:00,233.721104
10x-risk-001,2024-03-31T05:00:00+00:00,231.36269
10x-risk-001,2024-03-31T09:00:00+00:00,228.808116
10x-risk-001,2024-04-01T05:00:00+00:00,226.602727
10x-risk-001,2024-04-01T05:00:00+00:00,224.013933
10x-risk-001,2024-04-02T02:00:00+00:00,221.125689
10x-risk-001,2024-04-05T16:00:00+00:00,219.04927
10x-risk-001,2024-04-08T08:00:00+00:00,217.007669
10x-risk-001,2024-04-09T04:00:00+00:00,214.722031
10x-risk-001,2024-04-10T12:00:00+00:00,225.267438
10x-risk-001,2024-04-10T12:00:00+00:00,222.836122
10x-risk-001,2024-04-12T18:00:00+00:00,233.905519
10x-risk-001,2024-04-12T18:00:00+00:00,231.460946
10x-risk-001,2024-04-12T18:00:00+00:00,229.150474
10x-risk-001,2024-04-24T01:00:00+00:00,226.75152
10x-risk-001,2024-04-24T05:00:00+00:00,224.313032
10x-risk-001,2024-04-24T13:00:00+00:00,221.968402
10x-risk-001,2024-04-28T14:00:00+00:00,219.462355
10x-risk-001,2024-04-28T18:00:00+00:00,230.599128
10x-risk-001,2024-04-28T23:00:00+00:00,228.190045
10x-risk-001,2024-04-29T23:00:00+00:00,225.8391
10x-risk-001,2024-04-30T04:00:00+00:00,223.428509
10x-risk-001,2024-04-30T06:00:00+00:00,220.97079
10x-risk-001,2024-05-01T07:00:00+00:00,231.409456
10x-risk-001,2024-05-01T07:00:00+00:00,242.129214
10x-risk-001,2024-05-07T08:00:00+00:00,239.639934
10x-risk-001,2024-05-07T08:00:00+00:00,237.090267
10x-risk-001,2024-05-07T11:00:00+00:00,234.431684
10x-risk-001,2024-05-07T20:00:00+00:00,231.998268
10x-risk-001,2024-05-09T11:00:00+00:00,242.956707
10x-risk-001,2024-05-10T14:00:00+00:00,240.489718
10x-risk-001,2024-05-12T15:00:00+00:00,237.99868
10x-risk-001,2024-05-13T02:00:00+00:00,249.551405
10x-risk-001,2024-05-13T03:00:00+00:00,260.950674
10x-risk-001,2024-05-13T06:00:00+00:00,258.149148
10x-risk-001,2024-05-13T09:00:00+00:00,255.665033
10x-risk-001,2024-05-14T06:00:00+00:00,252.948826
10x-risk-001,2024-05-14T06:00:00+00:00,250.159576
10x-risk-001,2024-05-14T10:00:00+00:00,247.607898
10x-risk-001,2024-05-14T14:00:00+00:00,260.074485
10x-risk-001,2024-05-15T09:00:00+00:00,257.423383
10x-risk-001,2024-05-15T12:00:00+00:00,254.841519
10x-risk-001,2024-05-15T12:00:00+00:00,252.18954
10x-risk-001,2024-05-16T12:00:00+00:00,249.521852
10x-risk-001,2024-05-17T14:00:00+00:00,261.998899
10x-risk-001,2024-05-20T04:00:00+00:00,259.145961
10x-risk-001,2024-05-20T12:00:00+00:00,256.518749
10x-risk-001,2024-05-20T16:00:00+00:00,253.303885
10x-risk-001,2024-05-20T19:00:00+00:00,265.714966
10x-risk-001,2024-05-20T21:00:00+00:00,278.252803
10x-risk-001,2024-05-22T18:00:00+00:00,275.509966
10x-risk-001,2024-05-23T01:00:00+00:00,272.901609
10x-risk-001,2024-05-24T18:00:00+00:00,270.395245
10x-risk-001,2024-05-24T18:00:00+00:00,267.559612
10x-risk-001,2024-05-26T20:00:00+00:00,264.702065
10x-risk-001,2024-05-30T07:00:00+00:00,261.6942
10x-risk-001,2024-05-30T18:00:00+00:00,259.085137
10x-risk-001,2024-05-31T09:00:00+00:00,256.250122
10x-risk-001,2024-05-31T14:00:00+00:00,268.856405
10x-risk-001,2024-06-02T14:00:00+00:00,266.13637
10x-risk-001,2024-06-02T17:00:00+00:00,263.325833
10x-risk-001,2024-06-05T01:00:00+00:00,260.973944
10x-risk-001,2024-06-06T14:00:00+00:00,273.718126
10x-risk-001,2024-06-07T18:00:00+00:00,286.740163
10x-risk-001,2024-06-07T18:00:00+00:00,300.281655
10x-risk-001,2024-06-11T13:00:00+00:00,313.778821
10x-risk-001,2024-06-11T15:00:00+00:00,328.634239
10x-risk-001,2024-06-17T10:00:00+00:00,325.119942
10x-risk-001,2024-06-17T18:00:00+00:00,321.737791
10x-risk-001,2024-06-19T03:00:00+00:00,318.467188
10x-risk-001,2024-06-21T07:00:00+00:00,315.125256
10x-risk-001,2024-06-21T10:00:00+00:00,311.730442
10x-risk-001,2024-06-21T19:00:00+00:00,308.237666
10x-risk-001,2024-06-22T08:00:00+00:00,304.996706
10x-risk-001,2024-06-24T09:00:00+00:00,320.653223
10x-risk-001,2024-06-24T09:00:00+00:00,335.57962
10x-risk-001,2024-06-24T12:00:00+00:00,332.284832
10x-risk-001,2024-06-24T17:00:00+00:00,328.663628
10x-risk-001,2024-06-24T19:00:00+00:00,342.843282
10x-risk-001,2024-06-24T20:00:00+00:00,345.907906
10x-risk-001,2024-06-26T10:00:00+00:00,342.226805
10x-risk-001,2024-06-26T20:00:00+00:00,338.675471
10x-risk-001,2024-06-27T05:00:00+00:00,335.193296
10x-risk-001,2024-06-27T12:00:00+00:00,331.741167
10x-risk-001,2024-06-27T13:00:00+00:00,328.247966
10x-risk-001,2024-06-28T13:00:00+00:00,324.821309
10x-risk-001,2024-06-28T15:00:00+00:00,321.412375
10x-risk-001,2024-06-28T21:00:00+00:00,317.865633
10x-risk-001,2024-06-29T03:00:00+00:00,314.565025
10x-risk-001,2024-06-30T07:00:00+00:00,311.254978
10x-risk-001,2024-06-30T18:00:00+00:00,308.01464
10x-risk-001,2024-06-30T18:00:00+00:00,304.626105
10x-risk-001,2024-07-02T14:00:00+00:00,301.294419
10x-risk-001,2024-07-02T22:00:00+00:00,298.093563
10x-risk-001,2024-07-03T01:00:00+00:00,294.697591
10x-risk-001,2024-07-03T03:00:00+00:00,291.60805
10x-risk-001,2024-07-03T10:00:00+00:00,305.95211
10x-risk-001,2024-07-04T01:00:00+00:00,320.362322
10x-risk-001,2024-07-04T12:00:00+00:00,337.477453
10x-risk-001,2024-07-08T08:00:00+00:00,335.01581
10x-risk-001,2024-07-11T00:00:00+00:00,331.574369
10x-risk-001,2024-07-11T15:00:00+00:00,328.078928
10x-risk-001,2024-07-12T01:00:00+00:00,324.414998
10x-risk-001,2024-07-12T13:00:00+00:00,320.928231
10x-risk-001,2024-07-12T18:00:00+00:00,337.504772
10x-risk-001,2024-07-12T20:00:00+00:00,334.186352
10x-risk-001,2024-07-13T05:00:00+00:00,330.735112
10x-risk-001,2024-07-14T21:00:00+00:00,347.097506
10x-risk-001,2024-07-15T15:00:00+00:00,363.613096
10x-risk-001,2024-07-16T16:00:00+00:00,378.962541
10x-risk-001,2024-07-21T15:00:00+00:00,397.720243
10x-risk-001,2024-07-23T08:00:00+00:00,393.372313
10x-risk-001,2024-07-23T13:00:00+00:00,389.17216
10x-risk-001,2024-07-24T05:00:00+00:00,408.86207
10x-risk-001,2024-07-25T01:00:00+00:00,429.087453
10x-risk-001,2024-07-25T02:00:00+00:00,448.138707
10x-risk-001,2024-07-25T20:00:00+00:00,470.310312
10x-risk-001,2024-07-27T17:00:00+00:00,465.362967
10x-risk-001,2024-07-27T20:00:00+00:00,460.505974
10x-risk-001,2024-07-29T23:00:00+00:00,483.285021
10x-risk-001,2024-07-30T19:00:00+00:00,506.073764
10x-risk-001,2024-07-30T20:00:00+00:00,529.98292
10x-risk-001,2024-07-31T20:00:00+00:00,549.511164
10x-risk-001,2024-08-01T01:00:00+00:00,544.025634
10x-risk-001,2024-08-03T00:00:00+00:00,570.592187
10x-risk-001,2024-08-13T03:00:00+00:00,564.644765
10x-risk-001,2024-08-13T14:00:00+00:00,558.930257
10x-risk-001,2024-08-15T18:00:00+00:00,553.02559
10x-risk-001,2024-08-15T18:00:00+00:00,547.259781
10x-risk-001,2024-08-15T19:00:00+00:00,541.334808
10x-risk-001,2024-08-16T08:00:00+00:00,535.474149
10x-risk-001,2024-08-16T11:00:00+00:00,529.93793
10x-risk-001,2024-08-16T19:00:00+00:00,524.194304
10x-risk-001,2024-08-18T10:00:00+00:00,518.862829
10x-risk-001,2024-08-18T16:00:00+00:00,513.250113
10x-risk-001,2024-08-19T00:00:00+00:00,507.828482
10x-risk-001,2024-08-19T00:00:00+00:00,502.48112
10x-risk-001,2024-08-19T09:00:00+00:00,497.184878
10x-risk-001,2024-08-19T13:00:00+00:00,491.793568
10x-risk-001,2024-08-19T17:00:00+00:00,486.94902
10x-risk-001,2024-08-19T17:00:00+00:00,481.774289
10x-risk-001,2024-08-19T20:00:00+00:00,476.264898
10x-risk-001,2024-08-20T00:00:00+00:00,471.081691
10x-risk-001,2024-08-20T07:00:00+00:00,494.551898
10x-risk-001,2024-08-20T14:00:00+00:00,489.672602
10x-risk-001,2024-08-20T14:00:00+00:00,484.634439
10x-risk-001,2024-08-20T15:00:00+00:00,479.841951
10x-risk-001,2024-08-21T01:00:00+00:00,474.816148
10x-risk-001,2024-08-21T08:00:00+00:00,469.85405
10x-risk-001,2024-08-21T13:00:00+00:00,464.892152
10x-risk-001,2024-08-21T15:00:00+00:00,456.387723
10x-risk-001,2024-08-21T17:00:00+00:00,451.398101
10x-risk-001,2024-08-21T19:00:00+00:00,446.721803
10x-risk-001,2024-08-22T02:00:00+00:00,442.093603
10x-risk-001,2024-08-23T09:00:00+00:00,464.917742
10x-risk-001,2024-08-23T19:00:00+00:00,486.738919
10x-risk-001,2024-08-23T21:00:00+00:00,509.075133
10x-risk-001,2024-08-27T12:00:00+00:00,504.049921
10x-risk-001,2024-08-31T16:00:00+00:00,498.826694
10x-risk-001,2024-09-01T05:00:00+00:00,523.844434
10x-risk-001,2024-09-02T08:00:00+00:00,518.310507
10x-risk-001,2024-09-02T09:00:00+00:00,512.868599
10x-risk-001,2024-09-02T14:00:00+00:00,507.523129
10x-risk-001,2024-09-02T20:00:00+00:00,502.451619
10x-risk-001,2024-09-03T13:00:00+00:00,497.192688
10x-risk-001,2024-09-03T15:00:00+00:00,492.077635
10x-risk-001,2024-09-05T15:00:00+00:00,487.004161
10x-risk-001,2024-09-06T12:00:00+00:00,482.017316
10x-risk-001,2024-09-06T12:00:00+00:00,477.037313
10x-risk-001,2024-09-08T04:00:00+00:00,472.107872
10x-risk-001,2024-09-08T14:00:00+00:00,467.167305
10x-risk-001,2024-09-08T21:00:00+00:00,462.246266
10x-risk-001,2024-09-09T17:00:00+00:00,457.27389
10x-risk-001,2024-09-11T13:00:00+00:00,452.551613
10x-risk-001,2024-09-11T17:00:00+00:00,447.565504
10x-risk-001,2024-09-13T21:00:00+00:00,469.712075
10x-risk-001,2024-09-14T05:00:00+00:00,492.600273
10x-risk-001,2024-09-15T21:00:00+00:00,487.608776
10x-risk-001,2024-09-15T23:00:00+00:00,482.788773
10x-risk-001,2024-09-17T14:00:00+00:00,478.105121
10x-risk-001,2024-09-18T18:00:00+00:00,472.9873
10x-risk-001,2024-09-19T00:00:00+00:00,468.03978
10x-risk-001,2024-09-19T00:00:00+00:00,491.404588
10x-risk-001,2024-09-23T14:00:00+00:00,486.093942
10x-risk-001,2024-09-24T07:00:00+00:00,510.173961
10x-risk-001,2024-09-26T16:00:00+00:00,534.511739
10x-risk-001,2024-09-27T09:00:00+00:00,559.666788
10x-risk-001,2024-09-27T14:00:00+00:00,553.935143
10x-risk-001,2024-09-28T05:00:00+00:00,547.988342
10x-risk-001,2024-09-30T10:00:00+00:00,541.954879
10x-risk-001,2024-10-01T12:00:00+00:00,536.493954
10x-risk-001,2024-10-01T14:00:00+00:00,530.683342
10x-risk-001,2024-10-01T15:00:00+00:00,525.358457
10x-risk-001,2024-10-01T17:00:00+00:00,552.006507
10x-risk-001,2024-10-04T08:00:00+00:00,579.307655
10x-risk-001,2024-10-14T15:00:00+00:00,574.144655
10x-risk-001,2024-10-16T11:00:00+00:00,568.069831
10x-risk-001,2024-10-20T22:00:00+00:00,562.579716
10x-risk-001,2024-10-21T13:00:00+00:00,556.642461
10x-risk-001,2024-10-24T21:00:00+00:00,551.180612
10x-risk-001,2024-10-25T17:00:00+00:00,545.306183
10x-risk-001,2024-10-27T17:00:00+00:00,539.721271
10x-risk-001,2024-11-01T02:00:00+00:00,533.825674
10x-risk-001,2024-11-03T14:00:00+00:00,528.063196
10x-risk-001,2024-11-06T01:00:00+00:00,522.846318
10x-risk-001,2024-11-07T17:00:00+00:00,548.460742
10x-risk-001,2024-11-12T00:00:00+00:00,544.145536
10x-risk-001,2024-11-14T14:00:00+00:00,538.508539
10x-risk-001,2024-11-14T23:00:00+00:00,533.023412
10x-risk-001,2024-11-15T09:00:00+00:00,527.450335
10x-risk-001,2024-11-16T11:00:00+00:00,521.978251
10x-risk-001,2024-11-16T11:00:00+00:00,516.459916
10x-risk-001,2024-11-16T15:00:00+00:00,510.913828
10x-risk-001,2024-11-16T22:00:00+00:00,504.532313
10x-risk-001,2024-11-17T14:00:00+00:00,498.849345
10x-risk-001,2024-11-18T03:00:00+00:00,493.540332
10x-risk-001,2024-11-18T03:00:00+00:00,488.12748
10x-risk-001,2024-11-18T09:00:00+00:00,482.33678
10x-risk-001,2024-11-18T11:00:00+00:00,477.404398
10x-risk-001,2024-11-18T15:00:00+00:00,472.421399
10x-risk-001,2024-11-18T15:00:00+00:00,496.593937
10x-risk-001,2024-11-18T15:00:00+00:00,491.179821
10x-risk-001,2024-11-18T19:00:00+00:00,486.16716
10x-risk-001,2024-11-18T23:00:00+00:00,510.226393
10x-risk-001,2024-11-19T09:00:00+00:00,504.984119
10x-risk-001,2024-11-19T18:00:00+00:00,499.712786
10x-risk-001,2024-11-19T18:00:00+00:00,494.388947
10x-risk-001,2024-11-20T01:00:00+00:00,489.121597
10x-risk-001,2024-11-20T09:00:00+00:00,484.163811
10x-risk-001,2024-11-20T14:00:00+00:00,477.041903
10x-risk-001,2024-11-20T14:00:00+00:00,471.955093
10x-risk-001,2024-11-20T17:00:00+00:00,467.000908
10x-risk-001,2024-11-21T04:00:00+00:00,462.150065
10x-risk-001,2024-11-21T13:00:00+00:00,457.143421
10x-risk-001,2024-11-22T04:00:00+00:00,479.891264
10x-risk-001,2024-11-22T07:00:00+00:00,474.720061
10x-risk-001,2024-11-23T07:00:00+00:00,497.301277
10x-risk-001,2024-11-26T00:00:00+00:00,492.216123
10x-risk-001,2024-11-26T01:00:00+00:00,486.594944
10x-risk-001,2024-11-27T04:00:00+00:00,481.620464
10x-risk-001,2024-11-30T01:00:00+00:00,476.669225
10x-risk-001,2024-11-30T22:00:00+00:00,471.62107
10x-risk-001,2024-12-01T15:00:00+00:00,495.221549
10x-risk-001,2024-12-02T04:00:00+00:00,490.043104
10x-risk-001,2024-12-03T01:00:00+00:00,485.175852
10x-risk-001,2024-12-04T00:00:00+00:00,480.166058
10x-risk-001,2024-12-04T02:00:00+00:00,475.848298
10x-risk-001,2024-12-04T16:00:00+00:00,470.941316
10x-risk-001,2024-12-04T20:00:00+00:00,494.487438
10x-risk-001,2024-12-05T03:00:00+00:00,517.913
10x-risk-001,2024-12-05T20:00:00+00:00,512.358098
10x-risk-001,2024-12-05T20:00:00+00:00,506.739686
10x-risk-001,2024-12-08T23:00:00+00:00,500.767714
10x-risk-001,2024-12-09T17:00:00+00:00,495.191528
10x-risk-001,2024-12-14T06:00:00+00:00,490.014073
10x-risk-001,2024-12-15T23:00:00+00:00,484.980762
10x-risk-001,2024-12-16T00:00:00+00:00,480.057694
10x-risk-001,2024-12-16T03:00:00+00:00,475.019194
10x-risk-001,2024-12-16T09:00:00+00:00,469.638061
10x-risk-001,2024-12-16T17:00:00+00:00,464.843012
10x-risk-001,2024-12-17T14:00:00+00:00,488.331623
10x-risk-001,2024-12-17T15:00:00+00:00,483.341465
10x-risk-001,2024-12-17T22:00:00+00:00,478.722672
10x-risk-001,2024-12-18T20:00:00+00:00,473.062392
10x-risk-001,2024-12-19T17:00:00+00:00,496.68434
10x-risk-001,2024-12-23T20:00:00+00:00,491.202432
10x-risk-001,2024-12-24T02:00:00+00:00,486.159258
10x-risk-001,2024-12-24T17:00:00+00:00,481.107096
10x-risk-001,2024-12-24T23:00:00+00:00,476.036472
10x-risk-001,2024-12-25T21:00:00+00:00,470.950903
10x-risk-001,2024-12-26T10:00:00+00:00,465.873597
10x-risk-001,2024-12-26T20:00:00+00:00,489.342985
10x-risk-001,2024-12-28T05:00:00+00:00,484.27192
10x-risk-001,2024-12-28T13:00:00+00:00,479.111938
10x-risk-001,2024-12-28T22:00:00+00:00,474.149464
10x-risk-001,2024-12-30T01:00:00+00:00,469.260695
10x-risk-001,2024-12-30T01:00:00+00:00,464.368879
10x-risk-001,2024-12-30T01:00:00+00:00,458.986099
10x-risk-001,2024-12-30T06:00:00+00:00,454.191897
10x-risk-001,2024-12-30T06:00:00+00:00,449.335701
10x-risk-001,2024-12-30T06:00:00+00:00,444.491862
10x-risk-001,2024-12-30T13:00:00+00:00,439.66237
10x-risk-001,2024-12-30T13:00:00+00:00,434.99035
10x-risk-001,2024-12-30T13:00:00+00:00,430.240209
10x-risk-001,2024-12-30T18:00:00+00:00,425.785931
10x-risk-001,2024-12-30T18:00:00+00:00,420.494558
10x-risk-001,2024-12-30T18:00:00+00:00,416.004019
10x-risk-001,2024-12-31T08:00:00+00:00,411.583725
10x-risk-001,2024-12-31T08:00:00+00:00,407.174081
10x-risk-001,2024-12-31T22:00:00+00:00,402.948415
10x-risk-001,2024-12-31T23:00:00+00:00,398.603679
10x-risk-001,2025-01-01T04:00:00+00:00,394.289446
10x-risk-001,2025-01-01T08:00:00+00:00,389.964912
10x-risk-001,2025-01-01T19:00:00+00:00,385.916843
10x-risk-001,2025-01-02T00:00:00+00:00,381.764348
10x-risk-001,2025-01-02T15:00:00+00:00,377.847755
10x-risk-001,2025-01-03T12:00:00+00:00,373.789237
10x-risk-001,2025-01-03T15:00:00+00:00,392.631655
10x-risk-001,2025-01-03T16:00:00+00:00,388.387833
10x-risk-001,2025-01-05T14:00:00+00:00,384.289211
10x-risk-001,2025-01-06T01:00:00+00:00,380.08122
10x-risk-001,2025-01-07T01:00:00+00:00,376.060659
10x-risk-001,2025-01-07T15:00:00+00:00,372.000286
10x-risk-001,2025-01-07T15:00:00+00:00,390.604382
10x-risk-001,2025-01-07T17:00:00+00:00,386.635054
10x-risk-001,2025-01-13T00:00:00+00:00,382.461214
10x-risk-001,2025-01-13T00:00:00+00:00,377.959798
10x-risk-001,2025-01-13T00:00:00+00:00,374.01965
10x-risk-001,2025-01-14T01:00:00+00:00,370.232032
10x-risk-001,2025-01-15T14:00:00+00:00,366.451455
10x-risk-001,2025-01-17T19:00:00+00:00,383.856877
10x-risk-001,2025-01-18T05:00:00+00:00,380.162298
10x-risk-001,2025-01-19T11:00:00+00:00,376.324425
10x-risk-001,2025-01-19T21:00:00+00:00,372.456384
10x-risk-001,2025-01-19T21:00:00+00:00,368.51333
10x-risk-001,2025-01-20T07:00:00+00:00,364.814565
10x-risk-001,2025-01-20T12:00:00+00:00,361.042509
10x-risk-001,2025-01-21T16:00:00+00:00,357.123456
10x-risk-001,2025-01-22T08:00:00+00:00,353.437106
10x-risk-001,2025-01-22T11:00:00+00:00,349.526447
10x-risk-001,2025-01-23T20:00:00+00:00,345.964806
10x-risk-001,2025-01-23T23:00:00+00:00,342.302684
10x-risk-001,2025-01-24T20:00:00+00:00,338.749357
10x-risk-001,2025-01-26T23:00:00+00:00,335.053372
10x-risk-001,2025-01-27T07:00:00+00:00,352.191315
10x-risk-001,2025-01-27T07:00:00+00:00,368.876678
10x-risk-001,2025-01-27T07:00:00+00:00,385.293737
10x-risk-001,2025-01-30T03:00:00+00:00,381.357624
10x-risk-001,2025-01-31T20:00:00+00:00,377.35871
10x-risk-001,2025-02-01T09:00:00+00:00,373.253456
10x-risk-001,2025-02-01T20:00:00+00:00,369.255802
10x-risk-001,2025-02-02T18:00:00+00:00,387.672153
10x-risk-001,2025-02-11T13:00:00+00:00,383.521125
10x-risk-001,2025-02-11T17:00:00+00:00,379.623709
10x-risk-001,2025-02-12T20:00:00+00:00,375.681163
10x-risk-001,2025-02-13T06:00:00+00:00,371.812198
10x-risk-001,2025-02-13T12:00:00+00:00,367.900079
10x-risk-001,2025-02-14T03:00:00+00:00,364.101343
10x-risk-001,2025-02-14T15:00:00+00:00,360.10369
10x-risk-001,2025-02-14T16:00:00+00:00,356.264733
10x-risk-001,2025-02-15T14:00:00+00:00,352.603954
10x-risk-001,2025-02-16T18:00:00+00:00,370.037365
10x-risk-001,2025-02-16T23:00:00+00:00,366.102787
10x-risk-001,2025-02-17T00:00:00+00:00,362.003359
10x-risk-001,2025-02-17T08:00:00+00:00,358.189891
10x-risk-001,2025-02-17T08:00:00+00:00,354.384626
10x-risk-001,2025-02-17T09:00:00+00:00,349.879057
10x-risk-001,2025-02-17T14:00:00+00:00,346.226177
10x-risk-001,2025-02-17T18:00:00+00:00,342.490598
10x-risk-001,2025-02-17T19:00:00+00:00,338.786629
10x-risk-001,2025-02-17T20:00:00+00:00,334.901927
10x-risk-001,2025-02-17T20:00:00+00:00,330.651669
10x-risk-001,2025-02-17T21:00:00+00:00,327.121015
10x-risk-001,2025-02-17T21:00:00+00:00,323.433943
10x-risk-001,2025-02-17T23:00:00+00:00,319.55181
10x-risk-001,2025-02-18T04:00:00+00:00,316.111207
10x-risk-001,2025-02-18T04:00:00+00:00,312.859853
10x-risk-001,2025-02-18T06:00:00+00:00,309.525308
10x-risk-001,2025-02-18T13:00:00+00:00,306.395996
10x-risk-001,2025-02-18T14:00:00+00:00,302.592222
10x-risk-001,2025-02-19T11:00:00+00:00,299.51027
10x-risk-001,2025-02-21T15:00:00+00:00,296.270934
10x-risk-001,2025-02-21T17:00:00+00:00,293.150709
10x-risk-001,2025-02-22T16:00:00+00:00,290.1287
10x-risk-001,2025-02-22T17:00:00+00:00,286.796461
10x-risk-001,2025-02-23T12:00:00+00:00,283.81634
10x-risk-001,2025-02-24T04:00:00+00:00,280.830084
10x-risk-001,2025-02-24T19:00:00+00:00,294.871662
10x-risk-001,2025-02-25T00:00:00+00:00,312.727888
10x-risk-001,2025-02-25T07:00:00+00:00,326.584352
10x-risk-001,2025-03-07T00:00:00+00:00,323.292813
10x-risk-001,2025-03-07T05:00:00+00:00,319.833806
10x-risk-001,2025-03-07T11:00:00+00:00,316.259272
10x-risk-001,2025-03-07T13:00:00+00:00,313.078816
10x-risk-001,2025-03-07T16:00:00+00:00,309.768328
10x-risk-001,2025-03-07T18:00:00+00:00,306.577748
10x-risk-001,2025-03-07T20:00:00+00:00,303.242962
10x-risk-001,2025-03-07T21:00:00+00:00,299.740918
10x-risk-001,2025-03-09T10:00:00+00:00,314.503541
10x-risk-001,2025-03-09T12:00:00+00:00,329.311177
10x-risk-001,2025-03-10T17:00:00+00:00,343.960682
10x-risk-001,2025-03-10T17:00:00+00:00,360.21155
10x-risk-001,2025-03-14T10:00:00+00:00,356.500592
10x-risk-001,2025-03-17T12:00:00+00:00,352.802702
10x-risk-001,2025-03-17T12:00:00+00:00,349.036507
10x-risk-001,2025-03-17T17:00:00+00:00,345.823047
10x-risk-001,2025-03-18T01:00:00+00:00,342.284222
10x-risk-001,2025-03-18T11:00:00+00:00,338.740138
10x-risk-001,2025-03-18T13:00:00+00:00,335.185949
10x-risk-001,2025-03-18T13:00:00+00:00,331.555422
10x-risk-001,2025-03-18T22:00:00+00:00,327.977713
10x-risk-001,2025-03-18T22:00:00+00:00,324.575756
10x-risk-001,2025-03-18T22:00:00+00:00,320.732221
10x-risk-001,2025-03-18T23:00:00+00:00,317.14403
10x-risk-001,2025-03-18T23:00:00+00:00,313.139145
10x-risk-001,2025-03-18T23:00:00+00:00,309.553663
10x-risk-001,2025-03-19T00:00:00+00:00,305.994699
10x-risk-001,2025-03-19T08:00:00+00:00,321.121226
10x-risk-001,2025-03-19T11:00:00+00:00,336.284505
10x-risk-001,2025-03-20T16:00:00+00:00,332.864617
10x-risk-001,2025-03-21T08:00:00+00:00,329.687046
10x-risk-001,2025-03-21T10:00:00+00:00,326.184628
10x-risk-001,2025-03-22T06:00:00+00:00,322.789217
10x-risk-001,2025-03-22T23:00:00+00:00,319.402145
10x-risk-001,2025-03-24T00:00:00+00:00,316.045937
10x-risk-001,2025-03-24T04:00:00+00:00,331.830707
10x-risk-001,2025-03-26T19:00:00+00:00,329.0293
10x-risk-001,2025-03-27T06:00:00+00:00,325.590417
10x-risk-001,2025-03-28T13:00:00+00:00,322.412075
10x-risk-001,2025-03-28T14:00:00+00:00,319.167741
10x-risk-001,2025-03-29T16:00:00+00:00,335.276379
10x-risk-001,2025-04-01T14:00:00+00:00,331.812711
10x-risk-001,2025-04-02T13:00:00+00:00,328.359541
10x-risk-001,2025-04-02T20:00:00+00:00,324.821037
10x-risk-001,2025-04-02T20:00:00+00:00,321.461371
10x-risk-001,2025-04-03T14:00:00+00:00,336.956442
10x-risk-001,2025-04-04T17:00:00+00:00,333.347958
10x-risk-001,2025-04-05T13:00:00+00:00,329.781834
10x-risk-001,2025-04-06T01:00:00+00:00,326.308081
10x-risk-001,2025-04-07T05:00:00+00:00,342.094566
10x-risk-001,2025-04-07T06:00:00+00:00,357.91181
10x-risk-001,2025-04-15T10:00:00+00:00,354.089994
10x-risk-001,2025-04-19T05:00:00+00:00,350.484894
10x-risk-001,2025-04-19T06:00:00+00:00,346.7196
10x-risk-001,2025-04-19T07:00:00+00:00,343.091475
10x-risk-001,2025-04-19T10:00:00+00:00,339.404071
10x-risk-001,2025-04-20T09:00:00+00:00,335.8027
10x-risk-001,2025-04-21T00:00:00+00:00,332.341707
10x-risk-001,2025-04-22T01:00:00+00:00,349.588974
10x-risk-001,2025-04-22T07:00:00+00:00,345.917395
10x-risk-001,2025-04-22T15:00:00+00:00,362.718601
10x-risk-001,2025-04-26T09:00:00+00:00,358.949081
10x-risk-001,2025-04-27T01:00:00+00:00,355.212672
10x-risk-001,2025-04-28T06:00:00+00:00,351.414302
10x-risk-001,2025-04-28T10:00:00+00:00,347.734558
10x-risk-001,2025-04-28T13:00:00+00:00,344.091515
10x-risk-001,2025-04-28T15:00:00+00:00,340.52367
10x-risk-001,2025-04-29T06:00:00+00:00,337.183521
10x-risk-001,2025-04-29T16:00:00+00:00,333.559666
10x-risk-001,2025-04-29T21:00:00+00:00,330.011578
10x-risk-001,2025-04-30T10:00:00+00:00,326.52727
10x-risk-001,2025-04-30T13:00:00+00:00,323.049245
10x-risk-001,2025-05-01T02:00:00+00:00,319.59309
10x-risk-001,2025-05-02T03:00:00+00:00,316.479283
10x-risk-001,2025-05-02T07:00:00+00:00,313.16225
10x-risk-001,2025-05-04T13:00:00+00:00,310.081827
10x-risk-001,2025-05-04T13:00:00+00:00,324.235689
10x-risk-001,2025-05-05T01:00:00+00:00,320.756796
10x-risk-001,2025-05-05T16:00:00+00:00,317.308868
10x-risk-001,2025-05-06T22:00:00+00:00,314.149408
10x-risk-001,2025-05-07T00:00:00+00:00,310.690864
10x-risk-001,2025-05-07T00:00:00+00:00,307.375687
10x-risk-001,2025-05-07T15:00:00+00:00,304.204116
10x-risk-001,2025-05-07T18:00:00+00:00,300.999448
10x-risk-001,2025-05-08T00:00:00+00:00,297.763096
10x-risk-001,2025-05-08T14:00:00+00:00,312.487391
10x-risk-001,2025-05-09T23:00:00+00:00,327.479128
10x-risk-001,2025-05-12T07:00:00+00:00,341.891867
10x-risk-001,2025-05-13T11:00:00+00:00,338.23467
10x-risk-001,2025-05-15T16:00:00+00:00,334.642237
10x-risk-001,2025-05-17T00:00:00+00:00,351.345402
10x-risk-001,2025-05-17T01:00:00+00:00,347.834333
10x-risk-001,2025-05-18T14:00:00+00:00,344.43747
10x-risk-001,2025-05-18T23:00:00+00:00,340.828785
10x-risk-001,2025-05-19T15:00:00+00:00,337.377439
10x-risk-001,2025-05-20T00:00:00+00:00,333.896143
10x-risk-001,2025-05-21T03:00:00+00:00,330.284088
10x-risk-001,2025-05-21T09:00:00+00:00,326.888565
10x-risk-001,2025-05-21T11:00:00+00:00,323.481704
10x-risk-001,2025-05-21T17:00:00+00:00,320.065354
10x-risk-001,2025-05-22T01:00:00+00:00,335.872747
10x-risk-001,2025-05-22T13:00:00+00:00,332.411381
10x-risk-001,2025-05-26T03:00:00+00:00,328.94517
10x-risk-001,2025-05-26T17:00:00+00:00,325.38861
10x-risk-001,2025-05-27T08:00:00+00:00,321.983343
10x-risk-001,2025-05-28T02:00:00+00:00,318.575615
10x-risk-001,2025-05-30T00:00:00+00:00,335.015017
10x-risk-001,2025-05-30T16:00:00+00:00,331.329296
10x-risk-001,2025-05-30T16:00:00+00:00,346.962752
10x-risk-001,2025-06-02T22:00:00+00:00,343.381922
10x-risk-001,2025-06-04T14:00:00+00:00,339.646224
10x-risk-001,2025-06-04T15:00:00+00:00,336.216856
10x-risk-001,2025-06-09T21:00:00+00:00,332.718708
10x-risk-001,2025-06-09T21:00:00+00:00,329.202938
10x-risk-001,2025-06-21T21:00:00+00:00,345.458992
10x-risk-001,2025-06-22T14:00:00+00:00,361.664442
10x-risk-001,2025-06-29T22:00:00+00:00,379.556799
10x-risk-001,2025-06-30T14:00:00+00:00,375.450951
10x-risk-001,2025-06-30T22:00:00+00:00,371.552963
10x-risk-001,2025-07-01T11:00:00+00:00,367.681249
10x-risk-001,2025-07-02T15:00:00+00:00,363.876629
10x-risk-001,2025-07-02T16:00:00+00:00,360.743793
10x-risk-001,2025-07-04T13:00:00+00:00,356.980074
10x-risk-001,2025-07-06T21:00:00+00:00,353.294535
10x-risk-001,2025-07-07T12:00:00+00:00,349.378144
10x-risk-001,2025-07-08T17:00:00+00:00,345.774764
10x-risk-001,2025-07-08T17:00:00+00:00,341.934327
10x-risk-001,2025-07-10T07:00:00+00:00,358.865285
10x-risk-001,2025-07-11T05:00:00+00:00,375.991809
10x-risk-001,2025-07-14T20:00:00+00:00,372.129982
10x-risk-001,2025-07-15T18:00:00+00:00,368.303813
10x-risk-001,2025-07-16T16:00:00+00:00,386.528319
10x-risk-001,2025-07-16T18:00:00+00:00,404.422219
10x-risk-001,2025-07-17T12:00:00+00:00,400.140968
10x-risk-001,2025-07-18T14:00:00+00:00,395.879343
10x-risk-001,2025-07-19T19:00:00+00:00,391.754546
10x-risk-001,2025-07-20T12:00:00+00:00,411.098273
10x-risk-001,2025-07-20T14:00:00+00:00,430.491263
10x-risk-001,2025-07-21T07:00:00+00:00,426.613754
10x-risk-001,2025-07-21T12:00:00+00:00,422.017854
10x-risk-001,2025-07-22T07:00:00+00:00,417.105362
10x-risk-001,2025-07-22T17:00:00+00:00,412.704121
10x-risk-001,2025-07-23T09:00:00+00:00,408.372712
10x-risk-001,2025-07-23T12:00:00+00:00,404.052536
10x-risk-001,2025-07-23T13:00:00+00:00,399.596161
10x-risk-001,2025-07-24T00:00:00+00:00,395.177591
10x-risk-001,2025-07-24T04:00:00+00:00,390.762511
10x-risk-001,2025-07-24T08:00:00+00:00,386.521565
10x-risk-001,2025-07-25T01:00:00+00:00,382.566816
10x-risk-001,2025-07-25T14:00:00+00:00,378.576117
10x-risk-001,2025-07-25T17:00:00+00:00,374.636615
10x-risk-001,2025-07-25T21:00:00+00:00,370.729823
10x-risk-001,2025-07-27T16:00:00+00:00,366.891879
10x-risk-001,2025-07-28T02:00:00+00:00,385.008937
10x-risk-001,2025-07-28T04:00:00+00:00,403.173193
10x-risk-001,2025-07-28T17:00:00+00:00,398.988985
10x-risk-001,2025-08-01T00:00:00+00:00,394.969523
10x-risk-001,2025-08-01T13:00:00+00:00,414.570863
10x-risk-001,2025-08-05T17:00:00+00:00,410.154503
10x-risk-001,2025-08-07T10:00:00+00:00,405.638373
10x-risk-001,2025-08-08T17:00:00+00:00,425.923009
10x-risk-001,2025-08-09T09:00:00+00:00,421.848933
10x-risk-001,2025-08-12T11:00:00+00:00,417.654327
10x-risk-001,2025-08-14T12:00:00+00:00,413.324176
10x-risk-001,2025-08-18T02:00:00+00:00,408.400082
10x-risk-001,2025-08-18T02:00:00+00:00,404.558527
10x-risk-001,2025-08-20T21:00:00+00:00,425.337691
10x-risk-001,2025-08-22T14:00:00+00:00,421.207005
10x-risk-001,2025-08-22T14:00:00+00:00,416.917421
10x-risk-001,2025-08-22T15:00:00+00:00,413.215022
10x-risk-001,2025-08-24T06:00:00+00:00,408.892214
10x-risk-001,2025-08-24T17:00:00+00:00,404.640075
10x-risk-001,2025-08-24T20:00:00+00:00,400.306797
10x-risk-001,2025-08-25T03:00:00+00:00,396.083316
10x-risk-001,2025-08-28T13:00:00+00:00,392.019338
10x-risk-001,2025-08-28T16:00:00+00:00,387.916981
10x-risk-001,2025-08-28T19:00:00+00:00,383.867488
10x-risk-001,2025-08-29T07:00:00+00:00,379.784992
10x-risk-001,2025-09-08T05:00:00+00:00,376.24518
10x-risk-001,2025-09-09T06:00:00+00:00,394.864507
10x-risk-001,2025-09-11T22:00:00+00:00,391.493963
10x-risk-001,2025-09-12T17:00:00+00:00,387.854896
10x-risk-001,2025-09-15T08:00:00+00:00,383.659689
10x-risk-001,2025-09-16T17:00:00+00:00,403.011496
10x-risk-001,2025-09-17T18:00:00+00:00,398.62809
10x-risk-001,2025-09-18T01:00:00+00:00,416.083382
10x-risk-001,2025-09-19T11:00:00+00:00,411.841082
10x-risk-001,2025-09-19T14:00:00+00:00,407.425009
10x-risk-001,2025-09-22T05:00:00+00:00,427.539638
10x-risk-001,2025-09-22T06:00:00+00:00,447.64721
10x-risk-001,2025-09-24T03:00:00+00:00,442.899987
10x-risk-001,2025-09-24T13:00:00+00:00,438.281322
10x-risk-001,2025-09-25T17:00:00+00:00,458.35309
10x-risk-001,2025-09-29T11:00:00+00:00,453.625565
10x-risk-001,2025-09-29T13:00:00+00:00,448.857542
10x-risk-001,2025-09-29T14:00:00+00:00,444.15317
10x-risk-001,2025-09-29T14:00:00+00:00,439.391208
10x-risk-001,2025-09-30T07:00:00+00:00,434.815695
10x-risk-001,2025-09-30T15:00:00+00:00,430.212481
10x-risk-001,2025-09-30T17:00:00+00:00,451.724095
10x-risk-001,2025-09-30T19:00:00+00:00,446.99768
10x-risk-001,2025-09-30T19:00:00+00:00,442.340481
10x-risk-001,2025-10-01T19:00:00+00:00,464.22849
10x-risk-001,2025-10-02T18:00:00+00:00,486.100569
10x-risk-001,2025-10-03T03:00:00+00:00,508.729691
10x-risk-001,2025-10-04T14:00:00+00:00,503.757263
10x-risk-001,2025-10-05T02:00:00+00:00,498.530135
10x-risk-001,2025-10-05T11:00:00+00:00,493.431372
10x-risk-001,2025-10-05T17:00:00+00:00,488.30647
10x-risk-001,2025-10-05T19:00:00+00:00,483.095982
10x-risk-001,2025-10-05T19:00:00+00:00,477.896935
10x-risk-001,2025-10-06T10:00:00+00:00,472.933164
10x-risk-001,2025-10-06T13:00:00+00:00,467.983827
10x-risk-001,2025-10-06T18:00:00+00:00,462.875067
10x-risk-001,2025-10-07T04:00:00+00:00,458.286553
10x-risk-001,2025-10-07T12:00:00+00:00,453.478727
10x-risk-001,2025-10-07T14:00:00+00:00,448.51638
10x-risk-001,2025-10-08T17:00:00+00:00,443.981509
10x-risk-001,2025-10-08T17:00:00+00:00,439.320742
10x-risk-001,2025-10-09T02:00:00+00:00,434.632108
10x-risk-001,2025-10-09T08:00:00+00:00,457.031562
10x-risk-001,2025-10-09T12:00:00+00:00,452.355633
10x-risk-001,2025-10-10T15:00:00+00:00,473.152855
10x-risk-001,2025-10-10T15:00:00+00:00,467.945221
10x-risk-001,2025-10-10T21:00:00+00:00,490.353443
10x-risk-001,2025-10-10T21:00:00+00:00,512.656941
10x-risk-001,2025-10-15T13:00:00+00:00,507.350408
10x-risk-001,2025-10-21T14:00:00+00:00,502.114696
10x-risk-001,2025-10-21T14:00:00+00:00,496.940917
10x-risk-001,2025-10-21T21:00:00+00:00,491.930573
10x-risk-001,2025-10-22T14:00:00+00:00,486.84741
10x-risk-001,2025-10-23T06:00:00+00:00,481.794138
10x-risk-001,2025-10-23T13:00:00+00:00,476.554059
10x-risk-001,2025-10-23T14:00:00+00:00,471.607084
10x-risk-001,2025-10-23T21:00:00+00:00,466.782247
10x-risk-001,2025-10-24T04:00:00+00:00,461.952447
10x-risk-001,2025-10-26T22:00:00+00:00,485.521638
10x-risk-001,2025-10-28T19:00:00+00:00,480.205648
10x-risk-001,2025-10-28T20:00:00+00:00,474.97013
10x-risk-001,2025-10-29T23:00:00+00:00,470.146277
10x-risk-001,2025-10-30T04:00:00+00:00,465.283956
10x-risk-001,2025-10-30T10:00:00+00:00,460.33423
10x-risk-001,2025-10-30T17:00:00+00:00,483.589935
10x-risk-001,2025-11-03T15:00:00+00:00,503.998954
10x-risk-001,2025-11-03T15:00:00+00:00,527.167149
10x-risk-001,2025-11-04T05:00:00+00:00,550.653248
10x-risk-001,2025-11-12T15:00:00+00:00,544.859939
10x-risk-001,2025-11-13T19:00:00+00:00,571.73356
10x-risk-001,2025-11-14T12:00:00+00:00,598.787334
10x-risk-001,2025-11-21T07:00:00+00:00,625.740536
10x-risk-001,2025-11-25T14:00:00+00:00,619.381008
10x-risk-001,2025-11-28T22:00:00+00:00,613.027007
10x-risk-001,2025-11-30T23:00:00+00:00,643.222549
10x-risk-001,2025-12-01T00:00:00+00:00,673.68603
10x-risk-001,2025-12-07T09:00:00+00:00,666.648586
10x-risk-001,2025-12-07T13:00:00+00:00,659.713004
10x-risk-001,2025-12-07T17:00:00+00:00,652.794893
10x-risk-001,2025-12-07T17:00:00+00:00,645.968485
10x-risk-001,2025-12-07T22:00:00+00:00,639.147521
10x-risk-001,2025-12-08T15:00:00+00:00,632.610635
10x-risk-001,2025-12-09T15:00:00+00:00,626.006722
10x-risk-001,2025-12-09T15:00:00+00:00,656.995973
10x-risk-001,2025-12-10T20:00:00+00:00,688.553147
10x-risk-001,2025-12-11T00:00:00+00:00,681.736683
10x-risk-001,2025-12-11T21:00:00+00:00,674.665604
10x-risk-001,2025-12-12T15:00:00+00:00,667.62139
10x-risk-001,2025-12-12T15:00:00+00:00,660.74653
10x-risk-001,2025-12-13T08:00:00+00:00,653.913811
10x-risk-001,2025-12-14T04:00:00+00:00,646.185943
10x-risk-001,2025-12-15T14:00:00+00:00,638.995125
10x-risk-001,2025-12-15T18:00:00+00:00,670.947337
10x-risk-001,2026-01-01T00:00:00+00:00,671.374071
10x-risk-001,2026-01-01T00:00:00+00:00,681.047257
10x-risk-001,2026-01-01T00:00:00+00:00,693.291069
10x-risk-002,2021-01-21T10:00:00+00:00,109.710985
10x-risk-002,2021-01-27T11:00:00+00:00,107.24158
10x-risk-002,2021-01-28T02:00:00+00:00,105.087522
10x-risk-002,2021-01-29T19:00:00+00:00,102.671145
10x-risk-002,2021-01-30T13:00:00+00:00,100.592146
10x-risk-002,2021-01-31T03:00:00+00:00,110.758783
10x-risk-002,2021-01-31T09:00:00+00:00,120.179313
10x-risk-002,2021-02-01T10:00:00+00:00,130.587241
10x-risk-002,2021-02-01T15:00:00+00:00,127.844504
10x-risk-002,2021-02-01T17:00:00+00:00,124.971462
10x-risk-002,2021-02-01T22:00:00+00:00,122.703493
10x-risk-002,2021-02-02T04:00:00+00:00,134.740371
10x-risk-002,2021-02-02T20:00:00+00:00,146.881491
10x-risk-002,2021-02-03T14:00:00+00:00,160.212313
10x-risk-002,2021-02-04T08:00:00+00:00,173.235724
10x-risk-002,2021-02-10T12:00:00+00:00,168.024078
10x-risk-002,2021-02-16T06:00:00+00:00,164.455156
10x-risk-002,2021-02-17T07:00:00+00:00,161.525183
10x-risk-002,2021-02-22T10:00:00+00:00,155.446216
10x-risk-002,2021-03-06T22:00:00+00:00,152.221209
10x-risk-002,2021-03-08T07:00:00+00:00,149.02439
10x-risk-002,2021-03-08T19:00:00+00:00,145.890004
10x-risk-002,2021-03-08T23:00:00+00:00,160.641284
10x-risk-002,2021-03-09T00:00:00+00:00,157.417393
10x-risk-002,2021-03-09T03:00:00+00:00,172.053727
10x-risk-002,2021-03-09T08:00:00+00:00,168.821046
10x-risk-002,2021-03-13T11:00:00+00:00,165.396428
10x-risk-002,2021-03-15T04:00:00+00:00,161.923985
10x-risk-002,2021-03-17T13:00:00+00:00,158.821362
10x-risk-002,2021-03-18T14:00:00+00:00,172.128715
10x-risk-002,2021-03-19T09:00:00+00:00,168.639134
10x-risk-002,2021-03-21T00:00:00+00:00,164.206441
10x-risk-002,2021-03-21T04:00:00+00:00,160.200587
10x-risk-002,2021-03-21T09:00:00+00:00,155.815438
10x-risk-002,2021-03-21T21:00:00+00:00,152.676254
10x-risk-002,2021-03-22T03:00:00+00:00,149.448866
10x-risk-002,2021-03-22T19:00:00+00:00,164.333549
10x-risk-002,2021-03-22T19:00:00+00:00,160.81093
10x-risk-002,2021-03-22T20:00:00+00:00,156.533877
10x-risk-002,2021-03-24T19:00:00+00:00,171.249473
10x-risk-002,2021-03-27T16:00:00+00:00,167.697242
10x-risk-002,2021-04-02T03:00:00+00:00,164.932633
10x-risk-002,2021-04-02T13:00:00+00:00,161.691734
10x-risk-002,2021-04-03T16:00:00+00:00,157.366445
10x-risk-002,2021-04-04T11:00:00+00:00,153.981561
10x-risk-002,2021-04-05T02:00:00+00:00,150.55498
10x-risk-002,2021-04-05T08:00:00+00:00,147.640503
10x-risk-002,2021-04-05T15:00:00+00:00,144.823125
10x-risk-002,2021-04-06T12:00:00+00:00,159.367668
10x-risk-002,2021-04-06T14:00:00+00:00,156.239125
10x-risk-002,2021-04-09T00:00:00+00:00,153.158898
10x-risk-002,2021-04-09T05:00:00+00:00,150.085773
10x-risk-002,2021-04-09T11:00:00+00:00,147.556547
10x-risk-002,2021-04-12T19:00:00+00:00,161.174077
10x-risk-002,2021-04-13T14:00:00+00:00,175.964263
10x-risk-002,2021-04-14T00:00:00+00:00,191.918656
10x-risk-002,2021-04-14T06:00:00+00:00,206.190124
10x-risk-002,2021-05-04T15:00:00+00:00,201.713552
10x-risk-002,2021-05-06T18:00:00+00:00,197.361626
10x-risk-002,2021-05-07T11:00:00+00:00,193.345768
10x-risk-002,2021-05-07T17:00:00+00:00,189.766569
10x-risk-002,2021-05-09T04:00:00+00:00,185.922179
10x-risk-002,2021-05-09T04:00:00+00:00,181.949356
10x-risk-002,2021-05-10T11:00:00+00:00,178.193289
10x-risk-002,2021-05-10T19:00:00+00:00,172.933469
10x-risk-002,2021-05-10T19:00:00+00:00,168.625734
10x-risk-002,2021-05-10T20:00:00+00:00,186.228106
10x-risk-002,2021-05-12T14:00:00+00:00,182.271113
10x-risk-002,2021-05-12T23:00:00+00:00,200.557636
10x-risk-002,2021-05-13T00:00:00+00:00,217.984199
10x-risk-002,2021-05-14T15:00:00+00:00,213.584262
10x-risk-002,2021-05-15T22:00:00+00:00,209.330322
10x-risk-002,2021-05-16T16:00:00+00:00,205.431395
10x-risk-002,2021-05-18T16:00:00+00:00,201.948739
10x-risk-002,2021-05-19T01:00:00+00:00,198.433255
10x-risk-002,2021-06-04T12:00:00+00:00,194.21462
10x-risk-002,2021-06-06T20:00:00+00:00,190.204085
10x-risk-002,2021-06-11T23:00:00+00:00,186.21749
10x-risk-002,2021-06-18T05:00:00+00:00,182.428944
10x-risk-002,2021-06-18T06:00:00+00:00,178.764101
10x-risk-002,2021-06-18T14:00:00+00:00,196.431034
10x-risk-002,2021-06-18T15:00:00+00:00,192.459903
10x-risk-002,2021-06-20T11:00:00+00:00,210.031493
10x-risk-002,2021-06-21T10:00:00+00:00,228.305056
10x-risk-002,2021-07-05T15:00:00+00:00,223.438684
10x-risk-002,2021-07-06T23:00:00+00:00,218.706927
10x-risk-002,2021-07-07T03:00:00+00:00,241.304751
10x-risk-002,2021-07-07T03:00:00+00:00,236.675722
10x-risk-002,2021-07-07T21:00:00+00:00,231.739969
10x-risk-002,2021-07-10T15:00:00+00:00,226.612344
10x-risk-002,2021-07-10T17:00:00+00:00,221.707777
10x-risk-002,2021-07-12T10:00:00+00:00,216.999308
10x-risk-002,2021-07-12T12:00:00+00:00,212.272868
10x-risk-002,2021-07-12T14:00:00+00:00,207.754494
10x-risk-002,2021-07-12T17:00:00+00:00,203.449951
10x-risk-002,2021-07-13T10:00:00+00:00,199.322432
10x-risk-002,2021-07-13T12:00:00+00:00,195.246821
10x-risk-002,2021-07-15T09:00:00+00:00,191.070145
10x-risk-002,2021-07-20T02:00:00+00:00,209.613135
10x-risk-002,2021-07-24T11:00:00+00:00,205.361655
10x-risk-002,2021-07-26T05:00:00+00:00,201.988652
10x-risk-002,2021-07-29T06:00:00+00:00,197.876764
10x-risk-002,2021-07-30T09:00:00+00:00,193.860874
10x-risk-002,2021-08-05T09:00:00+00:00,189.87579
10x-risk-002,2021-08-11T06:00:00+00:00,208.540802
10x-risk-002,2021-08-11T07:00:00+00:00,227.334678
10x-risk-002,2021-08-17T09:00:00+00:00,222.663304
10x-risk-002,2021-08-17T09:00:00+00:00,217.961262
10x-risk-002,2021-08-17T14:00:00+00:00,213.187844
10x-risk-002,2021-08-17T14:00:00+00:00,208.70821
10x-risk-002,2021-08-20T00:00:00+00:00,204.588036
10x-risk-002,2021-08-29T00:00:00+00:00,200.722532
10x-risk-002,2021-08-29T03:00:00+00:00,196.364203
10x-risk-002,2021-08-29T20:00:00+00:00,192.340249
10x-risk-002,2021-08-29T22:00:00+00:00,188.220811
10x-risk-002,2021-08-30T00:00:00+00:00,184.24259
10x-risk-002,2021-08-30T03:00:00+00:00,180.304248
10x-risk-002,2021-08-30T12:00:00+00:00,199.59978
10x-risk-002,2021-08-30T16:00:00+00:00,195.90174
10x-risk-002,2021-08-30T19:00:00+00:00,192.114762
10x-risk-002,2021-09-01T16:00:00+00:00,188.496032
10x-risk-002,2021-09-01T16:00:00+00:00,207.520258
10x-risk-002,2021-09-06T11:00:00+00:00,227.883559
10x-risk-002,2021-09-07T09:00:00+00:00,250.256893
10x-risk-002,2021-09-07T09:00:00+00:00,247.265836
10x-risk-002,2021-09-07T15:00:00+00:00,261.758817
10x-risk-002,2021-09-19T11:00:00+00:00,255.948691
10x-risk-002,2021-09-19T16:00:00+00:00,250.536476
10x-risk-002,2021-09-20T12:00:00+00:00,275.489345
10x-risk-002,2021-09-27T20:00:00+00:00,269.804491
10x-risk-002,2021-09-30T00:00:00+00:00,264.306448
10x-risk-002,2021-09-30T03:00:00+00:00,258.727616
10x-risk-002,2021-09-30T08:00:00+00:00,253.34428
10x-risk-002,2021-10-01T10:00:00+00:00,278.348139
10x-risk-002,2021-10-01T10:00:00+00:00,303.42329
10x-risk-002,2021-10-02T14:00:00+00:00,328.358883
10x-risk-002,2021-10-07T07:00:00+00:00,321.461585
10x-risk-002,2021-10-08T02:00:00+00:00,314.096975
10x-risk-002,2021-10-08T12:00:00+00:00,307.563744
10x-risk-002,2021-10-08T20:00:00+00:00,300.7706
10x-risk-002,2021-10-09T10:00:00+00:00,294.570029
10x-risk-002,2021-10-10T11:00:00+00:00,288.264201
10x-risk-002,2021-10-10T21:00:00+00:00,317.375301
10x-risk-002,2021-10-11T19:00:00+00:00,310.689378
10x-risk-002,2021-10-13T20:00:00+00:00,304.407016
10x-risk-002,2021-10-14T07:00:00+00:00,298.117938
10x-risk-002,2021-10-15T18:00:00+00:00,292.471065
10x-risk-002,2021-10-17T19:00:00+00:00,287.392042
10x-risk-002,2021-10-19T03:00:00+00:00,281.430191
10x-risk-002,2021-10-19T07:00:00+00:00,275.523298
10x-risk-002,2021-10-19T12:00:00+00:00,270.730749
10x-risk-002,2021-10-20T11:00:00+00:00,265.23519
10x-risk-002,2021-10-20T16:00:00+00:00,293.635356
10x-risk-002,2021-10-21T00:00:00+00:00,318.402009
10x-risk-002,2021-10-22T07:00:00+00:00,311.865956
10x-risk-002,2021-10-25T14:00:00+00:00,306.503618
10x-risk-002,2021-10-26T14:00:00+00:00,299.593153
10x-risk-002,2021-10-27T04:00:00+00:00,293.091769
10x-risk-002,2021-10-28T20:00:00+00:00,287.305681
10x-risk-002,2021-10-30T02:00:00+00:00,281.22729
10x-risk-002,2021-10-31T12:00:00+00:00,274.679076
10x-risk-002,2021-10-31T15:00:00+00:00,269.033624
10x-risk-002,2021-10-31T22:00:00+00:00,263.447583
10x-risk-002,2021-11-01T07:00:00+00:00,257.925617
10x-risk-002,2021-11-01T17:00:00+00:00,251.867561
10x-risk-002,2021-11-02T00:00:00+00:00,245.469253
10x-risk-002,2021-11-03T18:00:00+00:00,239.029916
10x-risk-002,2021-11-05T06:00:00+00:00,234.209903
10x-risk-002,2021-11-07T01:00:00+00:00,229.889013
10x-risk-002,2021-11-08T00:00:00+00:00,256.013273
10x-risk-002,2021-11-08T10:00:00+00:00,281.547172
10x-risk-002,2021-11-09T03:00:00+00:00,303.864665
10x-risk-002,2021-11-10T15:00:00+00:00,297.736057
10x-risk-002,2021-11-12T09:00:00+00:00,291.444324
10x-risk-002,2021-11-14T17:00:00+00:00,285.796888
10x-risk-002,2021-11-15T00:00:00+00:00,280.236927
10x-risk-002,2021-11-15T01:00:00+00:00,274.447014
10x-risk-002,2021-11-15T18:00:00+00:00,268.319235
10x-risk-002,2021-11-15T18:00:00+00:00,262.657886
10x-risk-002,2021-11-16T00:00:00+00:00,256.837613
10x-risk-002,2021-11-16T01:00:00+00:00,282.713788
10x-risk-002,2021-11-16T10:00:00+00:00,308.360706
10x-risk-002,2021-11-22T20:00:00+00:00,302.11255
10x-risk-002,2021-11-26T07:00:00+00:00,295.829546
10x-risk-002,2021-11-26T08:00:00+00:00,325.49529
10x-risk-002,2021-11-26T08:00:00+00:00,319.030827
10x-risk-002,2021-11-28T10:00:00+00:00,312.514104
10x-risk-002,2021-11-28T21:00:00+00:00,306.199481
10x-risk-002,2021-12-03T10:00:00+00:00,299.764409
10x-risk-002,2021-12-03T19:00:00+00:00,293.372183
10x-risk-002,2021-12-08T11:00:00+00:00,287.300617
10x-risk-002,2021-12-10T12:00:00+00:00,281.303723
10x-risk-002,2021-12-17T15:00:00+00:00,308.902643
10x-risk-002,2021-12-18T05:00:00+00:00,302.994468
10x-risk-002,2021-12-18T10:00:00+00:00,296.457254
10x-risk-002,2021-12-19T01:00:00+00:00,290.376442
10x-risk-002,2021-12-19T03:00:00+00:00,284.521385
10x-risk-002,2021-12-19T10:00:00+00:00,278.57107
10x-risk-002,2021-12-20T21:00:00+00:00,272.882182
10x-risk-002,2021-12-21T09:00:00+00:00,266.934516
10x-risk-002,2021-12-21T15:00:00+00:00,261.315553
10x-risk-002,2021-12-21T19:00:00+00:00,255.748681
10x-risk-002,2021-12-22T23:00:00+00:00,250.445461
10x-risk-002,2021-12-23T07:00:00+00:00,245.045834
10x-risk-002,2021-12-23T11:00:00+00:00,271.482016
10x-risk-002,2021-12-23T16:00:00+00:00,266.108329
10x-risk-002,2021-12-23T17:00:00+00:00,260.998147
10x-risk-002,2021-12-23T17:00:00+00:00,255.218594
10x-risk-002,2021-12-26T03:00:00+00:00,249.851671
10x-risk-002,2021-12-27T23:00:00+00:00,244.470774
10x-risk-002,2021-12-28T01:00:00+00:00,239.220209
10x-risk-002,2021-12-28T19:00:00+00:00,234.000415
10x-risk-002,2022-01-02T16:00:00+00:00,229.097406
10x-risk-002,2022-01-03T16:00:00+00:00,224.264194
10x-risk-002,2022-01-04T10:00:00+00:00,219.658985
10x-risk-002,2022-01-05T18:00:00+00:00,214.957652
10x-risk-002,2022-01-05T20:00:00+00:00,237.715673
10x-risk-002,2022-01-05T20:00:00+00:00,260.147012
10x-risk-002,2022-01-14T12:00:00+00:00,254.74547
10x-risk-002,2022-01-17T03:00:00+00:00,252.083448
10x-risk-002,2022-01-17T21:00:00+00:00,277.817032
10x-risk-002,2022-01-20T15:00:00+00:00,272.797116
10x-risk-002,2022-01-21T02:00:00+00:00,298.122591
10x-risk-002,2022-02-01T09:00:00+00:00,291.6767
10x-risk-002,2022-02-01T10:00:00+00:00,284.065071
10x-risk-002,2022-02-02T08:00:00+00:00,278.110646
10x-risk-002,2022-02-03T10:00:00+00:00,271.709179
10x-risk-002,2022-02-05T00:00:00+00:00,295.377101
10x-risk-002,2022-02-05T04:00:00+00:00,321.956151
10x-risk-002,2022-02-10T20:00:00+00:00,315.358169
10x-risk-002,2022-02-15T04:00:00+00:00,308.787702
10x-risk-002,2022-02-28T14:00:00+00:00,302.404831
10x-risk-002,2022-03-01T00:00:00+00:00,344.421504
10x-risk-002,2022-03-08T15:00:00+00:00,337.337013
10x-risk-002,2022-03-11T11:00:00+00:00,330.546863
10x-risk-002,2022-03-11T11:00:00+00:00,323.561913
10x-risk-002,2022-03-13T03:00:00+00:00,316.78461
10x-risk-002,2022-03-14T09:00:00+00:00,310.002275
10x-risk-002,2022-03-14T22:00:00+00:00,303.198305
10x-risk-002,2022-03-14T22:00:00+00:00,296.915204
10x-risk-002,2022-03-15T14:00:00+00:00,290.596206
10x-risk-002,2022-03-15T15:00:00+00:00,284.046702
10x-risk-002,2022-03-16T02:00:00+00:00,277.275631
10x-risk-002,2022-03-16T03:00:00+00:00,271.316328
10x-risk-002,2022-03-16T04:00:00+00:00,265.117036
10x-risk-002,2022-03-16T09:00:00+00:00,291.904687
10x-risk-002,2022-03-16T18:00:00+00:00,286.133417
10x-risk-002,2022-03-18T14:00:00+00:00,314.24712
10x-risk-002,2022-03-22T02:00:00+00:00,307.812757
10x-risk-002,2022-03-23T15:00:00+00:00,336.509165
10x-risk-002,2022-03-23T16:00:00+00:00,366.994695
10x-risk-002,2022-03-24T08:00:00+00:00,397.442049
10x-risk-002,2022-03-25T06:00:00+00:00,389.882538
10x-risk-002,2022-03-26T15:00:00+00:00,382.663487
10x-risk-002,2022-03-27T12:00:00+00:00,375.729632
10x-risk-002,2022-03-27T16:00:00+00:00,367.854542
10x-risk-002,2022-03-27T23:00:00+00:00,403.746757
10x-risk-002,2022-03-28T00:00:00+00:00,440.059547
10x-risk-002,2022-03-28T00:00:00+00:00,476.322493
10x-risk-002,2022-04-03T18:00:00+00:00,466.476504
10x-risk-002,2022-04-03T23:00:00+00:00,456.272923
10x-risk-002,2022-04-04T17:00:00+00:00,446.174551
10x-risk-002,2022-04-04T21:00:00+00:00,436.322252
10x-risk-002,2022-04-04T21:00:00+00:00,426.920029
10x-risk-002,2022-04-05T00:00:00+00:00,418.092775
10x-risk-002,2022-04-05T14:00:00+00:00,408.972718
10x-risk-002,2022-04-06T00:00:00+00:00,400.153076
10x-risk-002,2022-04-06T13:00:00+00:00,441.521192
10x-risk-002,2022-04-07T00:00:00+00:00,481.738117
10x-risk-002,2022-04-10T22:00:00+00:00,471.576217
10x-risk-002,2022-04-11T11:00:00+00:00,510.983414
10x-risk-002,2022-04-18T18:00:00+00:00,500.073568
10x-risk-002,2022-04-19T07:00:00+00:00,489.198662
10x-risk-002,2022-04-21T19:00:00+00:00,478.802178
10x-risk-002,2022-04-21T22:00:00+00:00,468.345521
10x-risk-002,2022-04-25T06:00:00+00:00,514.675193
10x-risk-002,2022-04-26T14:00:00+00:00,504.107329
10x-risk-002,2022-04-26T14:00:00+00:00,493.447745
10x-risk-002,2022-04-26T20:00:00+00:00,539.766822
10x-risk-002,2022-04-28T12:00:00+00:00,528.340503
10x-risk-002,2022-04-28T13:00:00+00:00,516.840321
10x-risk-002,2022-04-28T13:00:00+00:00,505.540407
10x-risk-002,2022-04-28T15:00:00+00:00,494.805439
10x-risk-002,2022-04-28T17:00:00+00:00,484.493541
10x-risk-002,2022-04-28T19:00:00+00:00,473.110512
10x-risk-002,2022-04-29T09:00:00+00:00,463.159774
10x-risk-002,2022-04-30T22:00:00+00:00,509.952942
10x-risk-002,2022-05-04T15:00:00+00:00,498.972697
10x-risk-002,2022-05-04T18:00:00+00:00,489.809593
10x-risk-002,2022-05-04T18:00:00+00:00,480.145866
10x-risk-002,2022-05-05T14:00:00+00:00,470.303531
10x-risk-002,2022-05-05T15:00:00+00:00,459.97772
10x-risk-002,2022-05-05T15:00:00+00:00,449.899459
10x-risk-002,2022-05-17T18:00:00+00:00,440.486587
10x-risk-002,2022-05-18T03:00:00+00:00,431.143283
10x-risk-002,2022-05-19T07:00:00+00:00,422.004876
10x-risk-002,2022-05-19T15:00:00+00:00,412.997797
10x-risk-002,2022-05-20T14:00:00+00:00,404.184407
10x-risk-002,2022-05-20T15:00:00+00:00,395.795302
10x-risk-002,2022-05-23T11:00:00+00:00,387.168874
10x-risk-002,2022-05-23T19:00:00+00:00,378.524315
10x-risk-002,2022-05-24T23:00:00+00:00,370.665607
10x-risk-002,2022-05-25T11:00:00+00:00,362.890936
10x-risk-002,2022-05-25T13:00:00+00:00,354.468621
10x-risk-002,2022-05-26T13:00:00+00:00,391.842129
10x-risk-002,2022-05-26T16:00:00+00:00,383.320666
10x-risk-002,2022-05-30T01:00:00+00:00,375.700863
10x-risk-002,2022-05-30T06:00:00+00:00,368.315089
10x-risk-002,2022-05-30T20:00:00+00:00,405.352238
10x-risk-002,2022-06-08T03:00:00+00:00,397.192164
10x-risk-002,2022-06-09T05:00:00+00:00,388.405963
10x-risk-002,2022-06-09T08:00:00+00:00,380.138721
10x-risk-002,2022-06-09T08:00:00+00:00,372.663621
10x-risk-002,2022-06-09T11:00:00+00:00,363.608375
10x-risk-002,2022-06-09T19:00:00+00:00,356.088376
10x-risk-002,2022-06-10T00:00:00+00:00,348.624356
10x-risk-002,2022-06-10T03:00:00+00:00,340.400671
10x-risk-002,2022-06-10T03:00:00+00:00,333.607231
10x-risk-002,2022-06-10T09:00:00+00:00,326.703707
10x-risk-002,2022-06-10T13:00:00+00:00,361.871363
10x-risk-002,2022-06-10T14:00:00+00:00,354.672921
10x-risk-002,2022-06-11T12:00:00+00:00,385.80801
10x-risk-002,2022-06-11T14:00:00+00:00,420.809841
10x-risk-002,2022-06-27T13:00:00+00:00,411.924655
10x-risk-002,2022-06-28T18:00:00+00:00,403.400795
10x-risk-002,2022-06-30T07:00:00+00:00,443.27816
10x-risk-002,2022-06-30T08:00:00+00:00,483.890582
10x-risk-002,2022-07-03T20:00:00+00:00,473.877217
10x-risk-002,2022-07-04T09:00:00+00:00,463.673955
10x-risk-002,2022-07-05T12:00:00+00:00,453.631519
10x-risk-002,2022-07-06T04:00:00+00:00,444.081211
10x-risk-002,2022-07-07T14:00:00+00:00,488.086604
10x-risk-002,2022-07-07T16:00:00+00:00,533.982613
10x-risk-002,2022-07-10T14:00:00+00:00,524.30011
10x-risk-002,2022-07-18T09:00:00+00:00,576.191914
10x-risk-002,2022-07-23T08:00:00+00:00,564.248725
10x-risk-002,2022-07-25T00:00:00+00:00,552.513435
10x-risk-002,2022-07-25T00:00:00+00:00,540.724401
10x-risk-002,2022-07-26T19:00:00+00:00,594.222615
10x-risk-002,2022-08-05T01:00:00+00:00,582.238354
10x-risk-002,2022-08-05T06:00:00+00:00,569.877536
10x-risk-002,2022-08-05T18:00:00+00:00,557.901434
10x-risk-002,2022-08-05T21:00:00+00:00,545.224287
10x-risk-002,2022-08-06T17:00:00+00:00,533.404413
10x-risk-002,2022-08-07T12:00:00+00:00,522.322956
10x-risk-002,2022-08-07T13:00:00+00:00,510.837179
10x-risk-002,2022-08-08T11:00:00+00:00,561.403798
10x-risk-002,2022-08-08T12:00:00+00:00,611.90487
10x-risk-002,2022-08-10T12:00:00+00:00,599.155803
10x-risk-002,2022-08-10T13:00:00+00:00,655.419978
10x-risk-002,2022-08-12T23:00:00+00:00,641.718015
10x-risk-002,2022-08-13T20:00:00+00:00,628.112994
10x-risk-002,2022-08-14T12:00:00+00:00,614.86188
10x-risk-002,2022-08-15T02:00:00+00:00,602.49561
10x-risk-002,2022-08-15T03:00:00+00:00,589.169672
10x-risk-002,2022-08-18T23:00:00+00:00,574.951268
10x-risk-002,2022-08-26T05:00:00+00:00,562.819056
10x-risk-002,2022-08-26T05:00:00+00:00,550.732581
10x-risk-002,2022-08-26T11:00:00+00:00,539.145923
10x-risk-002,2022-08-26T13:00:00+00:00,526.56731
10x-risk-002,2022-08-26T13:00:00+00:00,515.38307
10x-risk-002,2022-08-26T23:00:00+00:00,566.35501
10x-risk-002,2022-08-31T15:00:00+00:00,554.404385
10x-risk-002,2022-08-31T19:00:00+00:00,542.710078
10x-risk-002,2022-09-01T11:00:00+00:00,531.434096
10x-risk-002,2022-09-01T14:00:00+00:00,520.25735
10x-risk-002,2022-09-01T17:00:00+00:00,509.4484
10x-risk-002,2022-09-02T03:00:00+00:00,498.114375
10x-risk-002,2022-09-02T17:00:00+00:00,487.38667
10x-risk-002,2022-09-02T17:00:00+00:00,476.79523
10x-risk-002,2022-09-03T11:00:00+00:00,467.2367
10x-risk-002,2022-09-04T12:00:00+00:00,456.949927
10x-risk-002,2022-09-05T10:00:00+00:00,447.325015
10x-risk-002,2022-09-05T23:00:00+00:00,438.244671
10x-risk-002,2022-09-06T00:00:00+00:00,428.316049
10x-risk-002,2022-09-06T01:00:00+00:00,416.382043
10x-risk-002,2022-09-06T13:00:00+00:00,406.67694
10x-risk-002,2022-09-06T17:00:00+00:00,398.02187
10x-risk-002,2022-09-06T17:00:00+00:00,389.360184
10x-risk-002,2022-09-09T04:00:00+00:00,427.917988
10x-risk-002,2022-09-09T05:00:00+00:00,466.52571
10x-risk-002,2022-09-15T06:00:00+00:00,458.658588
10x-risk-002,2022-09-21T18:00:00+00:00,449.089009
10x-risk-002,2022-09-23T09:00:00+00:00,439.621684
10x-risk-002,2022-09-23T10:00:00+00:00,430.064253
10x-risk-002,2022-09-23T20:00:00+00:00,421.195327
10x-risk-002,2022-09-23T22:00:00+00:00,412.427682
10x-risk-002,2022-09-24T02:00:00+00:00,402.367144
10x-risk-002,2022-09-24T07:00:00+00:00,393.784198
10x-risk-002,2022-09-25T11:00:00+00:00,385.281702
10x-risk-002,2022-09-25T16:00:00+00:00,425.114034
10x-risk-002,2022-09-26T08:00:00+00:00,416.845955
10x-risk-002,2022-09-26T11:00:00+00:00,407.872581
10x-risk-002,2022-09-26T14:00:00+00:00,399.044433
10x-risk-002,2022-09-27T01:00:00+00:00,390.739537
10x-risk-002,2022-09-27T06:00:00+00:00,430.161823
10x-risk-002,2022-09-27T16:00:00+00:00,421.335691
10x-risk-002,2022-09-27T18:00:00+00:00,412.981472
10x-risk-002,2022-09-28T17:00:00+00:00,404.432608
10x-risk-002,2022-09-29T07:00:00+00:00,395.948299
10x-risk-002,2022-09-29T13:00:00+00:00,387.528131
10x-risk-002,2022-09-29T14:00:00+00:00,379.252941
10x-risk-002,2022-09-29T16:00:00+00:00,371.478711
10x-risk-002,2022-09-30T07:00:00+00:00,364.190163
10x-risk-002,2022-09-30T12:00:00+00:00,355.982289
10x-risk-002,2022-09-30T12:00:00+00:00,348.835489
10x-risk-002,2022-09-30T18:00:00+00:00,341.386064
10x-risk-002,2022-09-30T21:00:00+00:00,334.165426
10x-risk-002,2022-10-02T23:00:00+00:00,367.218113
10x-risk-002,2022-10-03T00:00:00+00:00,399.800646
10x-risk-002,2022-10-03T13:00:00+00:00,391.338733
10x-risk-002,2022-10-03T14:00:00+00:00,383.004606
10x-risk-002,2022-10-07T12:00:00+00:00,375.079941
10x-risk-002,2022-10-08T21:00:00+00:00,366.953086
10x-risk-002,2022-10-08T21:00:00+00:00,358.358784
10x-risk-002,2022-10-10T08:00:00+00:00,350.761871
10x-risk-002,2022-10-10T22:00:00+00:00,385.4578
10x-risk-002,2022-10-10T22:00:00+00:00,377.442586
10x-risk-002,2022-10-13T07:00:00+00:00,414.55786
10x-risk-002,2022-10-13T12:00:00+00:00,449.260049
10x-risk-002,2022-10-13T18:00:00+00:00,440.825673
10x-risk-002,2022-10-14T16:00:00+00:00,431.58068
10x-risk-002,2022-10-14T21:00:00+00:00,422.456054
10x-risk-002,2022-10-16T19:00:00+00:00,413.31503
10x-risk-002,2022-10-16T19:00:00+00:00,404.386619
10x-risk-002,2022-10-16T20:00:00+00:00,395.12508
10x-risk-002,2022-10-16T21:00:00+00:00,386.53619
10x-risk-002,2022-10-17T04:00:00+00:00,378.356223
10x-risk-002,2022-10-18T18:00:00+00:00,370.119945
10x-risk-002,2022-10-18T19:00:00+00:00,362.016377
10x-risk-002,2022-10-19T22:00:00+00:00,352.855671
10x-risk-002,2022-10-20T12:00:00+00:00,345.206131
10x-risk-002,2022-10-21T00:00:00+00:00,380.989653
10x-risk-002,2022-10-21T16:00:00+00:00,373.752054
10x-risk-002,2022-10-23T11:00:00+00:00,365.971335
10x-risk-002,2022-10-23T17:00:00+00:00,357.278502
10x-risk-002,2022-10-23T18:00:00+00:00,349.912972
10x-risk-002,2022-10-24T07:00:00+00:00,342.83624
10x-risk-002,2022-10-24T10:00:00+00:00,335.867727
10x-risk-002,2022-10-24T14:00:00+00:00,328.351988
10x-risk-002,2022-10-24T14:00:00+00:00,321.116859
10x-risk-002,2022-10-25T00:00:00+00:00,314.425727
10x-risk-002,2022-10-25T09:00:00+00:00,308.008705
10x-risk-002,2022-10-25T10:00:00+00:00,301.580986
10x-risk-002,2022-10-30T01:00:00+00:00,331.431261
10x-risk-002,2022-11-01T22:00:00+00:00,324.963255
10x-risk-002,2022-11-02T18:00:00+00:00,318.118412
10x-risk-002,2022-11-02T18:00:00+00:00,311.328657
10x-risk-002,2022-11-02T18:00:00+00:00,304.309638
10x-risk-002,2022-11-04T04:00:00+00:00,297.995443
10x-risk-002,2022-11-04T06:00:00+00:00,291.754886
10x-risk-002,2022-11-04T20:00:00+00:00,321.885517
10x-risk-002,2022-11-07T07:00:00+00:00,315.707024
10x-risk-002,2022-11-08T03:00:00+00:00,309.354325
10x-risk-002,2022-11-18T00:00:00+00:00,302.926434
10x-risk-002,2022-11-18T17:00:00+00:00,296.578315
10x-risk-002,2022-11-20T11:00:00+00:00,290.14756
10x-risk-002,2022-11-21T21:00:00+00:00,318.850629
10x-risk-002,2022-11-22T13:00:00+00:00,312.965003
10x-risk-002,2022-11-23T03:00:00+00:00,306.983161
10x-risk-002,2022-11-27T02:00:00+00:00,300.785797
10x-risk-002,2022-11-27T12:00:00+00:00,294.608064
10x-risk-002,2022-11-28T01:00:00+00:00,288.196676
10x-risk-002,2022-11-28T01:00:00+00:00,282.002316
10x-risk-002,2022-11-28T01:00:00+00:00,311.17546
10x-risk-002,2022-11-29T05:00:00+00:00,304.685298
10x-risk-002,2022-11-30T03:00:00+00:00,334.924798
10x-risk-002,2022-11-30T17:00:00+00:00,328.704574
10x-risk-002,2022-11-30T17:00:00+00:00,321.476463
10x-risk-002,2022-11-30T19:00:00+00:00,351.601444
10x-risk-002,2022-12-01T13:00:00+00:00,344.29421
10x-risk-002,2022-12-02T16:00:00+00:00,336.964044
10x-risk-002,2022-12-04T18:00:00+00:00,329.917862
10x-risk-002,2022-12-05T00:00:00+00:00,321.548861
10x-risk-002,2022-12-05T08:00:00+00:00,314.582152
10x-risk-002,2022-12-05T15:00:00+00:00,307.739798
10x-risk-002,2022-12-05T15:00:00+00:00,301.160385
10x-risk-002,2022-12-05T19:00:00+00:00,294.044713
10x-risk-002,2022-12-06T23:00:00+00:00,287.729549
10x-risk-002,2022-12-07T07:00:00+00:00,281.766771
10x-risk-002,2022-12-08T18:00:00+00:00,276.0409
10x-risk-002,2022-12-08T18:00:00+00:00,270.415372
10x-risk-002,2022-12-09T17:00:00+00:00,264.695776
10x-risk-002,2022-12-10T14:00:00+00:00,259.237879
10x-risk-002,2022-12-11T22:00:00+00:00,253.725417
10x-risk-002,2022-12-12T00:00:00+00:00,247.966464
10x-risk-002,2022-12-12T12:00:00+00:00,276.995272
10x-risk-002,2022-12-12T21:00:00+00:00,271.649974
10x-risk-002,2022-12-12T21:00:00+00:00,266.247932
10x-risk-002,2022-12-13T07:00:00+00:00,260.751945
10x-risk-002,2022-12-13T13:00:00+00:00,287.116428
10x-risk-002,2022-12-13T13:00:00+00:00,281.863088
10x-risk-002,2022-12-13T14:00:00+00:00,275.369101
10x-risk-002,2022-12-13T19:00:00+00:00,271.534964
10x-risk-002,2022-12-14T13:00:00+00:00,265.879259
10x-risk-002,2022-12-14T19:00:00+00:00,260.209243
10x-risk-002,2022-12-16T08:00:00+00:00,254.247764
10x-risk-002,2022-12-16T14:00:00+00:00,279.992903
10x-risk-002,2022-12-16T22:00:00+00:00,305.735977
10x-risk-002,2022-12-21T19:00:00+00:00,299.393759
10x-risk-002,2022-12-22T15:00:00+00:00,292.948
10x-risk-002,2022-12-22T20:00:00+00:00,286.728861
10x-risk-002,2022-12-22T20:00:00+00:00,280.652488
10x-risk-002,2022-12-22T22:00:00+00:00,273.314483
10x-risk-002,2022-12-23T03:00:00+00:00,267.127555
10x-risk-002,2022-12-23T03:00:00+00:00,261.130599
10x-risk-002,2022-12-24T04:00:00+00:00,255.627706
10x-risk-002,2022-12-25T14:00:00+00:00,249.7544
10x-risk-002,2022-12-25T21:00:00+00:00,244.693651
10x-risk-002,2022-12-26T08:00:00+00:00,239.320068
10x-risk-002,2022-12-27T10:00:00+00:00,234.20065
10x-risk-002,2022-12-27T14:00:00+00:00,228.814042
10x-risk-002,2022-12-27T14:00:00+00:00,224.007783
10x-risk-002,2022-12-27T15:00:00+00:00,217.498031
10x-risk-002,2022-12-30T07:00:00+00:00,239.028907
10x-risk-002,2022-12-31T13:00:00+00:00,234.059847
10x-risk-002,2023-01-01T04:00:00+00:00,228.928927
10x-risk-002,2023-01-01T20:00:00+00:00,223.615383
10x-risk-002,2023-01-02T07:00:00+00:00,219.565195
10x-risk-002,2023-01-02T07:00:00+00:00,214.426454
10x-risk-002,2023-01-02T23:00:00+00:00,209.217199
10x-risk-002,2023-01-03T17:00:00+00:00,204.746086
10x-risk-002,2023-01-04T00:00:00+00:00,200.594171
10x-risk-002,2023-01-04T18:00:00+00:00,220.809973
10x-risk-002,2023-01-06T19:00:00+00:00,216.143219
10x-risk-002,2023-01-09T05:00:00+00:00,237.557661
10x-risk-002,2023-01-12T17:00:00+00:00,259.30799
10x-risk-002,2023-01-12T18:00:00+00:00,280.656208
10x-risk-002,2023-01-18T15:00:00+00:00,274.862843
10x-risk-002,2023-01-20T20:00:00+00:00,269.199813
10x-risk-002,2023-01-21T09:00:00+00:00,296.299535
10x-risk-002,2023-01-25T21:00:00+00:00,290.100773
10x-risk-002,2023-01-27T01:00:00+00:00,283.932831
10x-risk-002,2023-01-27T07:00:00+00:00,278.041425
10x-risk-002,2023-01-27T14:00:00+00:00,272.380382
10x-risk-002,2023-01-27T17:00:00+00:00,266.426675
10x-risk-002,2023-01-27T17:00:00+00:00,260.739297
10x-risk-002,2023-01-28T10:00:00+00:00,255.042818
10x-risk-002,2023-01-28T13:00:00+00:00,249.577007
10x-risk-002,2023-01-29T00:00:00+00:00,244.47777
10x-risk-002,2023-01-29T01:00:00+00:00,238.817868
10x-risk-002,2023-01-29T01:00:00+00:00,233.801177
10x-risk-002,2023-01-30T00:00:00+00:00,256.958479
10x-risk-002,2023-01-30T19:00:00+00:00,250.479703
10x-risk-002,2023-01-30T19:00:00+00:00,245.236871
10x-risk-002,2023-01-31T16:00:00+00:00,240.221589
10x-risk-002,2023-02-01T06:00:00+00:00,234.747617
10x-risk-002,2023-02-01T08:00:00+00:00,229.755702
10x-risk-002,2023-02-01T19:00:00+00:00,224.79618
10x-risk-002,2023-02-01T19:00:00+00:00,219.84592
10x-risk-002,2023-02-03T13:00:00+00:00,215.163801
10x-risk-002,2023-02-03T19:00:00+00:00,210.657148
10x-risk-002,2023-02-04T05:00:00+00:00,206.100895
10x-risk-002,2023-02-04T23:00:00+00:00,201.794264
10x-risk-002,2023-02-06T16:00:00+00:00,197.546949
10x-risk-002,2023-02-07T05:00:00+00:00,218.665508
10x-risk-002,2023-02-07T17:00:00+00:00,214.552847
10x-risk-002,2023-02-07T18:00:00+00:00,209.889218
10x-risk-002,2023-02-08T00:00:00+00:00,230.663464
10x-risk-002,2023-02-08T15:00:00+00:00,225.741986
10x-risk-002,2023-02-09T03:00:00+00:00,245.706292
10x-risk-002,2023-02-09T07:00:00+00:00,240.1954
10x-risk-002,2023-02-09T21:00:00+00:00,262.417279
10x-risk-002,2023-02-09T21:00:00+00:00,284.671333
10x-risk-002,2023-02-09T21:00:00+00:00,308.423247
10x-risk-002,2023-02-14T14:00:00+00:00,302.123922
10x-risk-002,2023-02-15T20:00:00+00:00,331.897262
10x-risk-002,2023-02-16T00:00:00+00:00,361.773059
10x-risk-002,2023-02-18T19:00:00+00:00,353.971452
10x-risk-002,2023-02-19T03:00:00+00:00,346.592369
10x-risk-002,2023-02-19T15:00:00+00:00,339.473445
10x-risk-002,2023-02-21T08:00:00+00:00,332.265304
10x-risk-002,2023-02-22T08:00:00+00:00,365.056274
10x-risk-002,2023-02-22T16:00:00+00:00,397.88391
10x-risk-002,2023-02-23T02:00:00+00:00,390.223557
10x-risk-002,2023-02-28T07:00:00+00:00,426.855409
10x-risk-002,2023-02-28T20:00:00+00:00,416.940163
10x-risk-002,2023-03-01T03:00:00+00:00,408.020021
10x-risk-002,2023-03-02T07:00:00+00:00,399.431486
10x-risk-002,2023-03-03T01:00:00+00:00,432.152596
10x-risk-002,2023-03-03T01:00:00+00:00,470.659634
10x-risk-002,2023-03-03T01:00:00+00:00,510.158547
10x-risk-002,2023-03-08T15:00:00+00:00,499.428836
10x-risk-002,2023-03-08T22:00:00+00:00,488.54459
10x-risk-002,2023-03-09T18:00:00+00:00,539.01267
10x-risk-002,2023-03-09T20:00:00+00:00,589.430883
10x-risk-002,2023-03-18T00:00:00+00:00,647.803508
10x-risk-002,2023-03-22T09:00:00+00:00,636.854933
10x-risk-002,2023-03-22T19:00:00+00:00,623.397228
10x-risk-002,2023-03-22T19:00:00+00:00,610.047296
10x-risk-002,2023-03-23T14:00:00+00:00,597.346085
10x-risk-002,2023-03-23T18:00:00+00:00,584.776734
10x-risk-002,2023-03-24T10:00:00+00:00,572.177106
10x-risk-002,2023-03-24T11:00:00+00:00,559.750405
10x-risk-002,2023-03-29T08:00:00+00:00,548.894305
10x-risk-002,2023-03-30T02:00:00+00:00,537.533484
10x-risk-002,2023-03-31T14:00:00+00:00,526.216918
10x-risk-002,2023-04-03T01:00:00+00:00,514.778457
10x-risk-002,2023-04-03T01:00:00+00:00,503.757409
10x-risk-002,2023-04-03T08:00:00+00:00,493.417934
10x-risk-002,2023-04-03T20:00:00+00:00,482.970822
10x-risk-002,2023-04-04T10:00:00+00:00,472.808712
10x-risk-002,2023-04-04T12:00:00+00:00,462.779322
10x-risk-002,2023-04-05T14:00:00+00:00,452.965851
10x-risk-002,2023-04-05T14:00:00+00:00,443.278064
10x-risk-002,2023-04-06T06:00:00+00:00,434.184238
10x-risk-002,2023-04-06T16:00:00+00:00,424.5628
10x-risk-002,2023-04-06T16:00:00+00:00,413.658894
10x-risk-002,2023-04-06T16:00:00+00:00,403.807386
10x-risk-002,2023-04-06T20:00:00+00:00,395.488547
10x-risk-002,2023-04-09T21:00:00+00:00,386.1848
10x-risk-002,2023-04-10T22:00:00+00:00,424.376601
10x-risk-002,2023-04-11T00:00:00+00:00,416.747818
10x-risk-002,2023-04-12T02:00:00+00:00,407.972338
10x-risk-002,2023-04-12T13:00:00+00:00,399.531223
10x-risk-002,2023-04-12T16:00:00+00:00,391.331639
10x-risk-002,2023-04-14T00:00:00+00:00,429.998804
10x-risk-002,2023-04-14T05:00:00+00:00,413.107951
10x-risk-002,2023-04-18T11:00:00+00:00,404.452784
10x-risk-002,2023-04-19T08:00:00+00:00,395.752891
10x-risk-002,2023-04-19T08:00:00+00:00,387.402265
10x-risk-002,2023-04-19T08:00:00+00:00,378.863823
10x-risk-002,2023-04-26T20:00:00+00:00,374.080659
10x-risk-002,2023-04-27T14:00:00+00:00,365.748112
10x-risk-002,2023-04-27T16:00:00+00:00,358.331222
10x-risk-002,2023-04-27T17:00:00+00:00,349.960086
10x-risk-002,2023-04-28T11:00:00+00:00,342.640814
10x-risk-002,2023-04-29T02:00:00+00:00,335.57233
10x-risk-002,2023-04-29T02:00:00+00:00,328.627442
10x-risk-002,2023-04-29T13:00:00+00:00,321.825749
10x-risk-002,2023-04-29T17:00:00+00:00,315.037742
10x-risk-002,2023-04-29T17:00:00+00:00,308.315086
10x-risk-002,2023-04-29T17:00:00+00:00,301.793847
10x-risk-002,2023-04-30T00:00:00+00:00,295.415617
10x-risk-002,2023-04-30T15:00:00+00:00,289.288052
10x-risk-002,2023-04-30T19:00:00+00:00,282.45204
10x-risk-002,2023-04-30T19:00:00+00:00,276.490948
10x-risk-002,2023-04-30T23:00:00+00:00,269.000536
10x-risk-002,2023-05-01T19:00:00+00:00,295.612904
10x-risk-002,2023-05-03T12:00:00+00:00,289.265731
10x-risk-002,2023-05-03T21:00:00+00:00,283.31038
10x-risk-002,2023-05-04T12:00:00+00:00,277.425881
10x-risk-002,2023-05-04T13:00:00+00:00,271.596925
10x-risk-002,2023-05-05T16:00:00+00:00,266.210815
10x-risk-002,2023-05-05T16:00:00+00:00,258.560363
10x-risk-002,2023-05-06T03:00:00+00:00,253.072649
10x-risk-002,2023-05-06T08:00:00+00:00,247.720742
10x-risk-002,2023-05-06T14:00:00+00:00,241.978275
10x-risk-002,2023-05-07T14:00:00+00:00,236.914006
10x-risk-002,2023-05-07T23:00:00+00:00,231.835781
10x-risk-002,2023-05-08T18:00:00+00:00,255.780251
10x-risk-002,2023-05-10T17:00:00+00:00,278.612363
10x-risk-002,2023-05-14T00:00:00+00:00,272.776566
10x-risk-002,2023-05-14T19:00:00+00:00,266.848536
10x-risk-002,2023-05-15T00:00:00+00:00,261.190691
10x-risk-002,2023-05-16T01:00:00+00:00,255.660016
10x-risk-002,2023-05-17T07:00:00+00:00,250.130305
10x-risk-002,2023-05-17T19:00:00+00:00,244.998775
10x-risk-002,2023-05-17T19:00:00+00:00,239.769119
10x-risk-002,2023-05-18T14:00:00+00:00,234.456159
10x-risk-002,2023-05-18T15:00:00+00:00,229.456472
10x-risk-002,2023-05-18T22:00:00+00:00,224.713463
10x-risk-002,2023-05-24T04:00:00+00:00,246.936756
10x-risk-002,2023-05-28T00:00:00+00:00,242.082785
10x-risk-002,2023-05-28T22:00:00+00:00,237.821978
10x-risk-002,2023-05-29T02:00:00+00:00,232.881224
10x-risk-002,2023-05-29T11:00:00+00:00,226.807082
10x-risk-002,2023-05-30T15:00:00+00:00,222.156402
10x-risk-002,2023-06-02T00:00:00+00:00,216.856187
10x-risk-002,2023-06-05T15:00:00+00:00,238.635681
10x-risk-002,2023-06-05T15:00:00+00:00,234.009879
10x-risk-002,2023-06-07T09:00:00+00:00,229.117811
10x-risk-002,2023-06-07T10:00:00+00:00,224.350708
10x-risk-002,2023-06-07T21:00:00+00:00,246.343393
10x-risk-002,2023-06-08T15:00:00+00:00,241.212054
10x-risk-002,2023-06-10T04:00:00+00:00,265.079195
10x-risk-002,2023-06-14T12:00:00+00:00,259.206089
10x-risk-002,2023-06-14T20:00:00+00:00,283.460793
10x-risk-002,2023-06-17T04:00:00+00:00,277.521396
10x-risk-002,2023-06-17T20:00:00+00:00,271.679276
10x-risk-002,2023-06-19T00:00:00+00:00,266.12571
10x-risk-002,2023-06-19T13:00:00+00:00,260.640094
10x-risk-002,2023-06-20T17:00:00+00:00,286.446362
10x-risk-002,2023-06-21T00:00:00+00:00,314.490976
10x-risk-002,2023-06-21T01:00:00+00:00,308.563904
10x-risk-002,2023-06-22T14:00:00+00:00,302.118379
10x-risk-002,2023-06-23T15:00:00+00:00,295.789294
10x-risk-002,2023-06-24T08:00:00+00:00,289.451611
10x-risk-002,2023-06-25T03:00:00+00:00,283.337597
10x-risk-002,2023-06-25T13:00:00+00:00,277.441525
10x-risk-002,2023-06-26T01:00:00+00:00,271.540465
10x-risk-002,2023-06-26T07:00:00+00:00,265.934372
10x-risk-002,2023-06-26T13:00:00+00:00,294.257084
10x-risk-002,2023-06-26T16:00:00+00:00,288.830674
10x-risk-002,2023-06-26T16:00:00+00:00,282.044325
10x-risk-002,2023-06-27T10:00:00+00:00,276.114454
10x-risk-002,2023-06-28T00:00:00+00:00,270.302604
10x-risk-002,2023-06-28T12:00:00+00:00,264.566057
10x-risk-002,2023-06-28T19:00:00+00:00,292.4263
10x-risk-002,2023-06-29T09:00:00+00:00,286.270359
10x-risk-002,2023-06-30T04:00:00+00:00,280.529747
10x-risk-002,2023-06-30T13:00:00+00:00,274.393199
10x-risk-002,2023-06-30T13:00:00+00:00,268.442601
10x-risk-002,2023-06-30T13:00:00+00:00,262.532979
10x-risk-002,2023-06-30T16:00:00+00:00,256.952615
10x-risk-002,2023-06-30T17:00:00+00:00,251.252732
10x-risk-002,2023-06-30T17:00:00+00:00,245.04183
10x-risk-002,2023-07-01T01:00:00+00:00,239.476023
10x-risk-002,2023-07-01T13:00:00+00:00,234.481546
10x-risk-002,2023-07-02T02:00:00+00:00,229.422106
10x-risk-002,2023-07-02T09:00:00+00:00,224.154171
10x-risk-002,2023-07-02T15:00:00+00:00,219.476256
10x-risk-002,2023-07-02T22:00:00+00:00,214.577619
10x-risk-002,2023-07-02T22:00:00+00:00,209.69222
10x-risk-002,2023-07-04T03:00:00+00:00,230.4032
10x-risk-002,2023-07-05T08:00:00+00:00,225.942841
10x-risk-002,2023-07-05T10:00:00+00:00,221.112564
10x-risk-002,2023-07-05T10:00:00+00:00,216.128018
10x-risk-002,2023-07-06T14:00:00+00:00,238.490361
10x-risk-002,2023-07-08T03:00:00+00:00,234.124923
10x-risk-002,2023-07-10T00:00:00+00:00,229.192517
10x-risk-002,2023-07-10T18:00:00+00:00,224.416599
10x-risk-002,2023-07-10T19:00:00+00:00,219.567511
10x-risk-002,2023-07-10T22:00:00+00:00,214.948212
10x-risk-002,2023-07-10T22:00:00+00:00,209.627706
10x-risk-002,2023-07-11T00:00:00+00:00,205.176296
10x-risk-002,2023-07-11T14:00:00+00:00,200.385956
10x-risk-002,2023-07-11T20:00:00+00:00,196.279154
10x-risk-002,2023-07-12T01:00:00+00:00,192.335269
10x-risk-002,2023-07-12T19:00:00+00:00,187.578217
10x-risk-002,2023-07-12T19:00:00+00:00,183.474703
10x-risk-002,2023-07-13T07:00:00+00:00,179.421239
10x-risk-002,2023-07-13T09:00:00+00:00,175.361263
10x-risk-002,2023-07-13T15:00:00+00:00,171.354938
10x-risk-002,2023-07-13T15:00:00+00:00,188.724934
10x-risk-002,2023-07-13T15:00:00+00:00,207.255922
10x-risk-002,2023-07-13T16:00:00+00:00,202.462092
10x-risk-002,2023-07-17T05:00:00+00:00,198.287899
10x-risk-002,2023-07-17T10:00:00+00:00,194.092958
10x-risk-002,2023-07-17T17:00:00+00:00,190.094305
10x-risk-002,2023-07-18T06:00:00+00:00,186.174795
10x-risk-002,2023-08-07T16:00:00+00:00,205.29904
10x-risk-002,2023-08-07T22:00:00+00:00,201.086547
10x-risk-002,2023-08-08T12:00:00+00:00,197.036808
10x-risk-002,2023-08-16T12:00:00+00:00,192.503558
10x-risk-002,2023-08-17T21:00:00+00:00,212.432373
10x-risk-002,2023-08-17T21:00:00+00:00,230.790346
10x-risk-002,2023-08-24T14:00:00+00:00,226.045486
10x-risk-002,2023-08-24T15:00:00+00:00,221.245951
10x-risk-002,2023-08-25T14:00:00+00:00,216.645217
10x-risk-002,2023-08-29T14:00:00+00:00,212.066067
10x-risk-002,2023-08-29T14:00:00+00:00,207.477223
10x-risk-002,2023-08-29T14:00:00+00:00,203.110193
10x-risk-002,2023-08-29T14:00:00+00:00,198.893835
10x-risk-002,2023-08-30T03:00:00+00:00,194.674634
10x-risk-002,2023-08-31T15:00:00+00:00,190.698532
10x-risk-002,2023-08-31T17:00:00+00:00,186.43087
10x-risk-002,2023-09-01T14:00:00+00:00,182.473272
10x-risk-002,2023-09-02T15:00:00+00:00,178.634944
10x-risk-002,2023-09-05T02:00:00+00:00,174.833573
10x-risk-002,2023-09-05T09:00:00+00:00,171.156222
10x-risk-002,2023-09-06T17:00:00+00:00,167.538293
10x-risk-002,2023-09-06T19:00:00+00:00,165.281155
10x-risk-002,2023-09-07T21:00:00+00:00,161.83916
10x-risk-002,2023-09-08T10:00:00+00:00,158.485115
10x-risk-002,2023-09-10T04:00:00+00:00,177.743757
10x-risk-002,2023-09-10T04:00:00+00:00,196.137352
10x-risk-002,2023-09-10T04:00:00+00:00,211.813821
10x-risk-002,2023-09-11T14:00:00+00:00,232.74865
10x-risk-002,2023-09-14T00:00:00+00:00,228.167545
10x-risk-002,2023-09-14T01:00:00+00:00,223.314458
10x-risk-002,2023-09-15T02:00:00+00:00,218.957552
10x-risk-002,2023-09-15T08:00:00+00:00,214.536714
10x-risk-002,2023-09-17T18:00:00+00:00,210.109586
10x-risk-002,2023-09-18T09:00:00+00:00,205.875806
10x-risk-002,2023-09-18T12:00:00+00:00,228.826124
10x-risk-002,2023-09-18T17:00:00+00:00,224.216703
10x-risk-002,2023-09-18T22:00:00+00:00,219.521767
10x-risk-002,2023-09-20T03:00:00+00:00,214.696523
10x-risk-002,2023-09-21T10:00:00+00:00,209.924704
10x-risk-002,2023-09-21T10:00:00+00:00,205.439598
10x-risk-002,2023-09-26T21:00:00+00:00,201.130274
10x-risk-002,2023-09-26T21:00:00+00:00,196.709898
10x-risk-002,2023-09-27T11:00:00+00:00,192.595312
10x-risk-002,2023-09-27T11:00:00+00:00,188.333755
10x-risk-002,2023-09-27T14:00:00+00:00,184.491864
10x-risk-002,2023-09-27T14:00:00+00:00,180.631724
10x-risk-002,2023-09-28T01:00:00+00:00,176.747207
10x-risk-002,2023-09-28T10:00:00+00:00,172.992426
10x-risk-002,2023-09-28T15:00:00+00:00,168.793161
10x-risk-002,2023-10-01T22:00:00+00:00,186.286248
10x-risk-002,2023-10-04T00:00:00+00:00,182.510385
10x-risk-002,2023-10-06T21:00:00+00:00,178.723191
10x-risk-002,2023-10-07T06:00:00+00:00,174.864635
10x-risk-002,2023-10-07T08:00:00+00:00,170.71635
10x-risk-002,2023-10-08T04:00:00+00:00,167.117518
10x-risk-002,2023-10-08T13:00:00+00:00,163.524541
10x-risk-002,2023-10-09T09:00:00+00:00,181.853544
10x-risk-002,2023-10-09T11:00:00+00:00,197.99082
10x-risk-002,2023-10-15T13:00:00+00:00,193.879267
10x-risk-002,2023-10-16T02:00:00+00:00,189.914473
10x-risk-002,2023-10-16T12:00:00+00:00,208.714185
10x-risk-002,2023-10-16T13:00:00+00:00,225.393539
10x-risk-002,2023-10-16T15:00:00+00:00,220.549013
10x-risk-002,2023-10-17T12:00:00+00:00,242.367315
10x-risk-002,2023-10-17T18:00:00+00:00,237.589452
10x-risk-002,2023-10-18T11:00:00+00:00,232.675045
10x-risk-002,2023-10-20T03:00:00+00:00,227.893396
10x-risk-002,2023-10-20T17:00:00+00:00,223.315198
10x-risk-002,2023-10-21T06:00:00+00:00,218.420135
10x-risk-002,2023-10-21T12:00:00+00:00,214.246343
10x-risk-002,2023-10-23T22:00:00+00:00,235.348964
10x-risk-002,2023-10-24T02:00:00+00:00,257.32492
10x-risk-002,2023-10-24T09:00:00+00:00,278.806151
10x-risk-002,2023-10-27T05:00:00+00:00,272.841181
10x-risk-002,2023-10-27T17:00:00+00:00,267.183386
10x-risk-002,2023-10-31T13:00:00+00:00,261.381471
10x-risk-002,2023-11-01T14:00:00+00:00,255.515123
10x-risk-002,2023-11-01T14:00:00+00:00,249.800281
10x-risk-002,2023-11-01T18:00:00+00:00,244.638445
10x-risk-002,2023-11-01T18:00:00+00:00,239.257481
10x-risk-002,2023-11-02T13:00:00+00:00,233.836902
10x-risk-002,2023-11-04T06:00:00+00:00,228.92829
10x-risk-002,2023-11-04T21:00:00+00:00,251.598342
10x-risk-002,2023-11-05T01:00:00+00:00,275.243959
10x-risk-002,2023-11-05T17:00:00+00:00,301.615105
10x-risk-002,2023-11-05T21:00:00+00:00,295.637086
10x-risk-002,2023-11-06T01:00:00+00:00,289.405575
10x-risk-002,2023-11-06T05:00:00+00:00,283.419782
10x-risk-002,2023-11-06T22:00:00+00:00,310.674257
10x-risk-002,2023-11-07T09:00:00+00:00,304.432171
10x-risk-002,2023-11-07T09:00:00+00:00,297.984999
10x-risk-002,2023-11-07T18:00:00+00:00,291.623981
10x-risk-002,2023-11-07T23:00:00+00:00,285.505616
10x-risk-002,2023-11-08T03:00:00+00:00,279.615252
10x-risk-002,2023-11-08T10:00:00+00:00,273.534731
10x-risk-002,2023-11-09T01:00:00+00:00,300.619255
10x-risk-002,2023-11-09T14:00:00+00:00,328.188477
10x-risk-002,2023-11-09T14:00:00+00:00,355.241686
10x-risk-002,2023-11-09T16:00:00+00:00,348.772986
10x-risk-002,2023-11-10T18:00:00+00:00,341.39559
10x-risk-002,2023-11-12T00:00:00+00:00,334.205138
10x-risk-002,2023-11-13T11:00:00+00:00,327.237873
10x-risk-002,2023-11-13T21:00:00+00:00,320.330975
10x-risk-002,2023-11-14T12:00:00+00:00,313.548105
10x-risk-002,2023-11-14T18:00:00+00:00,346.495795
10x-risk-002,2023-11-15T18:00:00+00:00,340.062398
10x-risk-002,2023-11-16T00:00:00+00:00,333.140906
10x-risk-002,2023-11-16T14:00:00+00:00,326.170531
10x-risk-002,2023-11-17T07:00:00+00:00,319.449593
10x-risk-002,2023-11-17T17:00:00+00:00,312.726443
10x-risk-002,2023-11-18T22:00:00+00:00,305.526877
10x-risk-002,2023-11-20T02:00:00+00:00,298.752543
10x-risk-002,2023-11-20T14:00:00+00:00,292.478292
10x-risk-002,2023-11-20T17:00:00+00:00,285.880068
10x-risk-002,2023-11-21T11:00:00+00:00,279.81616
10x-risk-002,2023-11-21T14:00:00+00:00,273.704297
10x-risk-002,2023-11-22T18:00:00+00:00,268.136235
10x-risk-002,2023-11-22T18:00:00+00:00,262.505674
10x-risk-002,2023-11-23T05:00:00+00:00,256.73637
10x-risk-002,2023-11-23T14:00:00+00:00,251.319496
10x-risk-002,2023-11-23T15:00:00+00:00,245.891765
10x-risk-002,2023-11-24T22:00:00+00:00,240.68053
10x-risk-002,2023-11-24T22:00:00+00:00,235.606375
10x-risk-002,2023-11-25T10:00:00+00:00,231.07556
10x-risk-002,2023-11-26T15:00:00+00:00,226.289245
10x-risk-002,2023-11-26T16:00:00+00:00,220.758885
10x-risk-002,2023-12-01T01:00:00+00:00,216.471129
10x-risk-002,2023-12-02T19:00:00+00:00,237.91589
10x-risk-002,2023-12-03T20:00:00+00:00,233.023246
10x-risk-002,2023-12-04T05:00:00+00:00,258.664423
10x-risk-002,2023-12-04T09:00:00+00:00,254.936614
10x-risk-002,2023-12-04T11:00:00+00:00,250.14658
10x-risk-002,2023-12-04T20:00:00+00:00,245.287186
10x-risk-002,2023-12-05T07:00:00+00:00,239.967519
10x-risk-002,2023-12-05T18:00:00+00:00,234.901572
10x-risk-002,2023-12-05T22:00:00+00:00,230.064126
10x-risk-002,2023-12-06T05:00:00+00:00,224.985641
10x-risk-002,2023-12-06T05:00:00+00:00,220.26631
10x-risk-002,2023-12-06T09:00:00+00:00,215.73101
10x-risk-002,2023-12-06T11:00:00+00:00,210.334629
10x-risk-002,2023-12-06T11:00:00+00:00,205.844797
10x-risk-002,2023-12-06T11:00:00+00:00,201.37022
10x-risk-002,2023-12-06T15:00:00+00:00,197.1893
10x-risk-002,2023-12-06T21:00:00+00:00,192.982605
10x-risk-002,2023-12-07T04:00:00+00:00,188.8239
10x-risk-002,2023-12-07T05:00:00+00:00,184.869824
10x-risk-002,2023-12-07T05:00:00+00:00,180.875515
10x-risk-002,2023-12-07T09:00:00+00:00,176.976332
10x-risk-002,2023-12-07T09:00:00+00:00,194.856833
10x-risk-002,2023-12-07T09:00:00+00:00,191.090848
10x-risk-002,2023-12-07T13:00:00+00:00,187.061904
10x-risk-002,2023-12-07T14:00:00+00:00,183.097054
10x-risk-002,2023-12-07T19:00:00+00:00,179.253579
10x-risk-002,2023-12-08T06:00:00+00:00,197.379416
10x-risk-002,2023-12-08T14:00:00+00:00,193.305872
10x-risk-002,2023-12-09T00:00:00+00:00,189.255334
10x-risk-002,2023-12-09T08:00:00+00:00,185.218686
10x-risk-002,2023-12-09T23:00:00+00:00,181.372502
10x-risk-002,2023-12-11T02:00:00+00:00,176.446526
10x-risk-002,2023-12-11T12:00:00+00:00,172.795987
10x-risk-002,2023-12-16T04:00:00+00:00,169.300121
10x-risk-002,2023-12-16T07:00:00+00:00,165.844196
10x-risk-002,2023-12-16T12:00:00+00:00,162.742942
10x-risk-002,2023-12-16T19:00:00+00:00,159.071393
10x-risk-002,2023-12-17T19:00:00+00:00,155.867955
10x-risk-002,2023-12-18T01:00:00+00:00,153.013587
10x-risk-002,2023-12-18T10:00:00+00:00,170.104287
10x-risk-002,2023-12-18T21:00:00+00:00,166.931716
10x-risk-002,2023-12-19T14:00:00+00:00,163.460418
10x-risk-002,2023-12-20T02:00:00+00:00,160.045397
10x-risk-002,2023-12-20T07:00:00+00:00,156.724673
10x-risk-002,2023-12-20T13:00:00+00:00,153.371772
10x-risk-002,2023-12-20T19:00:00+00:00,150.134961
10x-risk-002,2023-12-20T20:00:00+00:00,146.974343
10x-risk-002,2023-12-21T06:00:00+00:00,143.966869
10x-risk-002,2023-12-21T10:00:00+00:00,159.812027
10x-risk-002,2023-12-22T07:00:00+00:00,175.636434
10x-risk-002,2023-12-26T09:00:00+00:00,171.572903
10x-risk-002,2023-12-26T16:00:00+00:00,167.514791
10x-risk-002,2023-12-26T17:00:00+00:00,163.203229
10x-risk-002,2023-12-26T17:00:00+00:00,159.73472
10x-risk-002,2023-12-27T10:00:00+00:00,156.438184
10x-risk-002,2023-12-28T05:00:00+00:00,153.125298
10x-risk-002,2023-12-28T07:00:00+00:00,149.814147
10x-risk-002,2023-12-31T12:00:00+00:00,146.726163
10x-risk-002,2024-01-01T15:00:00+00:00,143.774568
10x-risk-002,2024-01-01T18:00:00+00:00,141.577832
10x-risk-002,2024-01-02T09:00:00+00:00,139.627082
10x-risk-002,2024-01-02T14:00:00+00:00,136.724903
10x-risk-002,2024-01-03T05:00:00+00:00,133.883134
10x-risk-002,2024-01-03T12:00:00+00:00,130.62705
10x-risk-002,2024-01-03T12:00:00+00:00,144.148907
10x-risk-002,2024-01-03T12:00:00+00:00,141.365499
10x-risk-002,2024-01-03T13:00:00+00:00,138.347292
10x-risk-002,2024-01-04T04:00:00+00:00,135.339369
10x-risk-002,2024-01-05T01:00:00+00:00,132.495261
10x-risk-002,2024-01-05T01:00:00+00:00,129.880792
10x-risk-002,2024-01-05T04:00:00+00:00,127.138234
10x-risk-002,2024-01-05T09:00:00+00:00,124.37362
10x-risk-002,2024-01-05T14:00:00+00:00,121.849603
10x-risk-002,2024-01-05T20:00:00+00:00,119.009691
10x-risk-002,2024-01-06T01:00:00+00:00,131.447174
10x-risk-002,2024-01-06T06:00:00+00:00,128.714589
10x-risk-002,2024-01-06T09:00:00+00:00,126.011139
10x-risk-002,2024-01-06T16:00:00+00:00,123.45558
10x-risk-002,2024-01-07T00:00:00+00:00,135.628772
10x-risk-002,2024-01-07T17:00:00+00:00,132.50781
10x-risk-002,2024-01-08T06:00:00+00:00,129.90395
10x-risk-002,2024-01-08T12:00:00+00:00,127.183062
10x-risk-002,2024-01-10T21:00:00+00:00,139.584685
10x-risk-002,2024-01-10T21:00:00+00:00,152.171429
10x-risk-002,2024-01-12T06:00:00+00:00,148.834886
10x-risk-002,2024-01-14T19:00:00+00:00,145.759018
10x-risk-002,2024-01-14T19:00:00+00:00,142.683136
10x-risk-002,2024-01-15T06:00:00+00:00,139.227379
10x-risk-002,2024-01-16T05:00:00+00:00,136.338881
10x-risk-002,2024-01-16T14:00:00+00:00,150.310851
10x-risk-002,2024-01-16T14:00:00+00:00,147.474186
10x-risk-002,2024-01-18T00:00:00+00:00,162.04225
10x-risk-002,2024-01-18T16:00:00+00:00,175.981152
10x-risk-002,2024-01-18T16:00:00+00:00,190.474159
10x-risk-002,2024-01-18T16:00:00+00:00,186.605256
10x-risk-002,2024-01-18T23:00:00+00:00,182.592671
10x-risk-002,2024-01-19T04:00:00+00:00,178.161606
10x-risk-002,2024-01-19T15:00:00+00:00,174.344261
10x-risk-002,2024-01-19T16:00:00+00:00,190.312928
10x-risk-002,2024-01-19T19:00:00+00:00,185.328285
10x-risk-002,2024-01-22T09:00:00+00:00,181.409742
10x-risk-002,2024-01-22T10:00:00+00:00,178.477102
10x-risk-002,2024-01-23T09:00:00+00:00,196.608185
10x-risk-002,2024-01-25T21:00:00+00:00,192.567195
10x-risk-002,2024-01-26T02:00:00+00:00,188.279226
10x-risk-002,2024-01-26T16:00:00+00:00,184.834224
10x-risk-002,2024-01-26T19:00:00+00:00,203.465281
10x-risk-002,2024-01-28T22:00:00+00:00,199.272699
10x-risk-002,2024-01-30T02:00:00+00:00,194.960231
10x-risk-002,2024-01-30T11:00:00+00:00,214.580881
10x-risk-002,2024-01-31T05:00:00+00:00,233.863817
10x-risk-002,2024-02-01T01:00:00+00:00,256.994727
10x-risk-002,2024-02-01T17:00:00+00:00,251.718039
10x-risk-002,2024-02-02T12:00:00+00:00,246.94735
10x-risk-002,2024-02-02T13:00:00+00:00,241.396348
10x-risk-002,2024-02-03T13:00:00+00:00,236.351424
10x-risk-002,2024-02-04T22:00:00+00:00,230.826149
10x-risk-002,2024-02-05T05:00:00+00:00,225.973056
10x-risk-002,2024-02-05T15:00:00+00:00,221.110902
10x-risk-002,2024-02-06T02:00:00+00:00,215.972247
10x-risk-002,2024-02-07T17:00:00+00:00,237.296308
10x-risk-002,2024-02-07T21:00:00+00:00,232.659091
10x-risk-002,2024-02-08T16:00:00+00:00,228.313121
10x-risk-002,2024-02-09T01:00:00+00:00,223.571983
10x-risk-002,2024-02-09T13:00:00+00:00,218.993323
10x-risk-002,2024-02-09T15:00:00+00:00,241.127704
10x-risk-002,2024-02-10T18:00:00+00:00,236.179617
10x-risk-002,2024-02-11T04:00:00+00:00,258.304403
10x-risk-002,2024-02-11T05:00:00+00:00,281.69073
10x-risk-002,2024-02-12T15:00:00+00:00,275.792179
10x-risk-002,2024-02-13T13:00:00+00:00,269.747079
10x-risk-002,2024-02-14T15:00:00+00:00,264.267168
10x-risk-002,2024-02-14T23:00:00+00:00,258.77846
10x-risk-002,2024-02-15T03:00:00+00:00,285.481026
10x-risk-002,2024-02-16T05:00:00+00:00,279.903688
10x-risk-002,2024-02-20T01:00:00+00:00,273.604995
10x-risk-002,2024-02-20T01:00:00+00:00,267.435833
10x-risk-002,2024-02-20T15:00:00+00:00,261.087835
10x-risk-002,2024-02-20T22:00:00+00:00,255.631707
10x-risk-002,2024-02-21T07:00:00+00:00,250.146361
10x-risk-002,2024-02-21T23:00:00+00:00,244.748649
10x-risk-002,2024-02-22T16:00:00+00:00,239.301514
10x-risk-002,2024-02-23T02:00:00+00:00,265.759014
10x-risk-002,2024-02-23T15:00:00+00:00,292.20573
10x-risk-002,2024-02-25T02:00:00+00:00,287.188038
10x-risk-002,2024-02-26T00:00:00+00:00,316.125308
10x-risk-002,2024-02-26T09:00:00+00:00,309.414755
10x-risk-002,2024-02-26T09:00:00+00:00,302.803863
10x-risk-002,2024-02-26T14:00:00+00:00,296.036748
10x-risk-002,2024-02-26T15:00:00+00:00,324.940495
10x-risk-002,2024-02-26T15:00:00+00:00,318.654982
10x-risk-002,2024-02-27T13:00:00+00:00,311.217694
10x-risk-002,2024-02-28T09:00:00+00:00,304.946417
10x-risk-002,2024-02-28T10:00:00+00:00,298.477947
10x-risk-002,2024-02-28T17:00:00+00:00,292.12208
10x-risk-002,2024-02-28T22:00:00+00:00,286.043723
10x-risk-002,2024-02-29T07:00:00+00:00,280.440803
10x-risk-002,2024-02-29T22:00:00+00:00,274.663864
10x-risk-002,2024-03-01T23:00:00+00:00,269.327463
10x-risk-002,2024-03-02T01:00:00+00:00,263.373902
10x-risk-002,2024-03-02T02:00:00+00:00,258.267042
10x-risk-002,2024-03-02T09:00:00+00:00,251.808784
10x-risk-002,2024-03-02T09:00:00+00:00,246.315346
10x-risk-002,2024-03-02T16:00:00+00:00,241.451239
10x-risk-002,2024-03-03T00:00:00+00:00,267.027486
10x-risk-002,2024-03-03T01:00:00+00:00,262.416757
10x-risk-002,2024-03-03T07:00:00+00:00,286.771032
10x-risk-002,2024-03-03T07:00:00+00:00,281.297261
10x-risk-002,2024-03-03T20:00:00+00:00,274.882776
10x-risk-002,2024-03-05T04:00:00+00:00,269.533136
10x-risk-002,2024-03-05T14:00:00+00:00,264.507017
10x-risk-002,2024-03-05T14:00:00+00:00,258.87649
10x-risk-002,2024-03-05T16:00:00+00:00,251.686092
10x-risk-002,2024-03-05T16:00:00+00:00,247.802001
10x-risk-002,2024-03-07T11:00:00+00:00,242.3212
10x-risk-002,2024-03-07T14:00:00+00:00,266.862192
10x-risk-002,2024-03-08T15:00:00+00:00,261.024439
10x-risk-002,2024-03-08T15:00:00+00:00,255.050445
10x-risk-002,2024-03-09T03:00:00+00:00,249.552715
10x-risk-002,2024-03-09T10:00:00+00:00,243.652161
10x-risk-002,2024-03-09T17:00:00+00:00,238.14435
10x-risk-002,2024-03-10T12:00:00+00:00,233.289905
10x-risk-002,2024-03-10T21:00:00+00:00,228.559751
10x-risk-002,2024-03-11T11:00:00+00:00,223.784539
10x-risk-002,2024-03-12T06:00:00+00:00,219.197457
10x-risk-002,2024-03-12T18:00:00+00:00,214.823497
10x-risk-002,2024-03-13T13:00:00+00:00,209.989769
10x-risk-002,2024-03-14T00:00:00+00:00,205.881491
10x-risk-002,2024-03-14T04:00:00+00:00,201.609595
10x-risk-002,2024-03-14T08:00:00+00:00,197.522634
10x-risk-002,2024-03-14T13:00:00+00:00,192.003416
10x-risk-002,2024-03-15T02:00:00+00:00,187.990472
10x-risk-002,2024-03-15T03:00:00+00:00,207.53579
10x-risk-002,2024-03-15T20:00:00+00:00,203.255118
10x-risk-002,2024-03-16T17:00:00+00:00,223.25656
10x-risk-002,2024-03-20T18:00:00+00:00,218.672779
10x-risk-002,2024-03-22T19:00:00+00:00,214.108567
10x-risk-002,2024-03-22T23:00:00+00:00,209.617348
10x-risk-002,2024-03-23T03:00:00+00:00,205.190227
10x-risk-002,2024-03-24T04:00:00+00:00,200.882125
10x-risk-002,2024-03-24T09:00:00+00:00,196.705033
10x-risk-002,2024-03-24T10:00:00+00:00,192.397439
10x-risk-002,2024-03-24T21:00:00+00:00,188.605434
10x-risk-002,2024-03-25T14:00:00+00:00,207.437029
10x-risk-002,2024-03-26T10:00:00+00:00,226.487548
10x-risk-002,2024-03-27T07:00:00+00:00,221.80686
10x-risk-002,2024-03-28T14:00:00+00:00,217.249195
10x-risk-002,2024-03-29T10:00:00+00:00,238.567333
10x-risk-002,2024-03-30T02:00:00+00:00,233.904176
10x-risk-002,2024-03-30T16:00:00+00:00,257.072
10x-risk-002,2024-03-31T05:00:00+00:00,251.882023
10x-risk-002,2024-03-31T09:00:00+00:00,246.319644
10x-risk-002,2024-04-01T05:00:00+00:00,241.593811
10x-risk-002,2024-04-01T05:00:00+00:00,236.002016
10x-risk-002,2024-04-02T02:00:00+00:00,230.623905
10x-risk-002,2024-04-05T16:00:00+00:00,226.055783
10x-risk-002,2024-04-08T08:00:00+00:00,221.725114
10x-risk-002,2024-04-09T04:00:00+00:00,216.984532
10x-risk-002,2024-04-10T12:00:00+00:00,238.34232
10x-risk-002,2024-04-10T12:00:00+00:00,233.167979
10x-risk-002,2024-04-12T18:00:00+00:00,256.492781
10x-risk-002,2024-04-12T18:00:00+00:00,251.25441
10x-risk-002,2024-04-12T18:00:00+00:00,246.268654
10x-risk-002,2024-04-24T01:00:00+00:00,241.07092
10x-risk-002,2024-04-24T05:00:00+00:00,235.874891
10x-risk-002,2024-04-24T13:00:00+00:00,230.962332
10x-risk-002,2024-04-28T14:00:00+00:00,225.671789
10x-risk-002,2024-04-28T18:00:00+00:00,249.882165
10x-risk-002,2024-04-28T23:00:00+00:00,244.597725
10x-risk-002,2024-04-29T23:00:00+00:00,239.534151
10x-risk-002,2024-04-30T04:00:00+00:00,234.408719
10x-risk-002,2024-04-30T06:00:00+00:00,228.914995
10x-risk-002,2024-05-01T07:00:00+00:00,251.283565
10x-risk-002,2024-05-01T07:00:00+00:00,273.641918
10x-risk-002,2024-05-07T08:00:00+00:00,267.952134
10x-risk-002,2024-05-07T08:00:00+00:00,262.249344
10x-risk-002,2024-05-07T11:00:00+00:00,256.238683
10x-risk-002,2024-05-07T20:00:00+00:00,251.006838
10x-risk-002,2024-05-09T11:00:00+00:00,276.295545
10x-risk-002,2024-05-10T14:00:00+00:00,270.602493
10x-risk-002,2024-05-12T15:00:00+00:00,264.823285
10x-risk-002,2024-05-13T02:00:00+00:00,290.158209
10x-risk-002,2024-05-13T03:00:00+00:00,314.888826
10x-risk-002,2024-05-13T06:00:00+00:00,308.08512
10x-risk-002,2024-05-13T09:00:00+00:00,302.564865
10x-risk-002,2024-05-14T06:00:00+00:00,296.102166
10x-risk-002,2024-05-14T06:00:00+00:00,289.477696
10x-risk-002,2024-05-14T10:00:00+00:00,283.568548
10x-risk-002,2024-05-14T14:00:00+00:00,313.436413
10x-risk-002,2024-05-15T09:00:00+00:00,306.910621
10x-risk-002,2024-05-15T12:00:00+00:00,300.886273
10x-risk-002,2024-05-15T12:00:00+00:00,294.483637
10x-risk-002,2024-05-16T12:00:00+00:00,288.253801
10x-risk-002,2024-05-17T14:00:00+00:00,317.080083
10x-risk-002,2024-05-20T04:00:00+00:00,310.118915
10x-risk-002,2024-05-20T12:00:00+00:00,303.613438
10x-risk-002,2024-05-20T16:00:00+00:00,295.878664
10x-risk-002,2024-05-20T19:00:00+00:00,324.967136
10x-risk-002,2024-05-20T21:00:00+00:00,354.253278
10x-risk-002,2024-05-22T18:00:00+00:00,347.167616
10x-risk-002,2024-05-23T01:00:00+00:00,340.211998
10x-risk-002,2024-05-24T18:00:00+00:00,333.52836
10x-risk-002,2024-05-24T18:00:00+00:00,326.534778
10x-risk-002,2024-05-26T20:00:00+00:00,319.549663
10x-risk-002,2024-05-30T07:00:00+00:00,312.18641
10x-risk-002,2024-05-30T18:00:00+00:00,305.794206
10x-risk-002,2024-05-31T09:00:00+00:00,298.974845
10x-risk-002,2024-05-31T14:00:00+00:00,330.490551
10x-risk-002,2024-06-02T14:00:00+00:00,323.731677
10x-risk-002,2024-06-02T17:00:00+00:00,316.894024
10x-risk-002,2024-06-05T01:00:00+00:00,311.387837
10x-risk-002,2024-06-06T14:00:00+00:00,341.973873
10x-risk-002,2024-06-07T18:00:00+00:00,373.32848
10x-risk-002,2024-06-07T18:00:00+00:00,407.165573
10x-risk-002,2024-06-11T13:00:00+00:00,440.683536
10x-risk-002,2024-06-11T15:00:00+00:00,480.979237
10x-risk-002,2024-06-17T10:00:00+00:00,470.651507
10x-risk-002,2024-06-17T18:00:00+00:00,460.777809
10x-risk-002,2024-06-19T03:00:00+00:00,451.433228
10x-risk-002,2024-06-21T07:00:00+00:00,441.875304
10x-risk-002,2024-06-21T10:00:00+00:00,432.352211
10x-risk-002,2024-06-21T19:00:00+00:00,422.629781
10x-risk-002,2024-06-22T08:00:00+00:00,413.742202
10x-risk-002,2024-06-24T09:00:00+00:00,460.276849
10x-risk-002,2024-06-24T09:00:00+00:00,501.192737
10x-risk-002,2024-06-24T12:00:00+00:00,491.073031
10x-risk-002,2024-06-24T17:00:00+00:00,480.369178
10x-risk-002,2024-06-24T19:00:00+00:00,519.869644
10x-risk-002,2024-06-24T20:00:00+00:00,524.518764
10x-risk-002,2024-06-26T10:00:00+00:00,513.337264
10x-risk-002,2024-06-26T20:00:00+00:00,502.683261
10x-risk-002,2024-06-27T05:00:00+00:00,492.341567
10x-risk-002,2024-06-27T12:00:00+00:00,482.199766
10x-risk-002,2024-06-27T13:00:00+00:00,471.914231
10x-risk-002,2024-06-28T13:00:00+00:00,461.968568
10x-risk-002,2024-06-28T15:00:00+00:00,452.270205
10x-risk-002,2024-06-28T21:00:00+00:00,442.073689
10x-risk-002,2024-06-29T03:00:00+00:00,432.893873
10x-risk-002,2024-06-30T07:00:00+00:00,423.640786
10x-risk-002,2024-06-30T18:00:00+00:00,414.549837
10x-risk-002,2024-06-30T18:00:00+00:00,405.325801
10x-risk-002,2024-07-02T14:00:00+00:00,396.448203
10x-risk-002,2024-07-02T22:00:00+00:00,388.0015
10x-risk-002,2024-07-03T01:00:00+00:00,378.945576
10x-risk-002,2024-07-03T03:00:00+00:00,370.964261
10x-risk-002,2024-07-03T10:00:00+00:00,407.621302
10x-risk-002,2024-07-04T01:00:00+00:00,444.313446
10x-risk-002,2024-07-04T12:00:00+00:00,496.226919
10x-risk-002,2024-07-08T08:00:00+00:00,486.380345
10x-risk-002,2024-07-11T00:00:00+00:00,476.629596
10x-risk-002,2024-07-11T15:00:00+00:00,466.580204
10x-risk-002,2024-07-12T01:00:00+00:00,455.754953
10x-risk-002,2024-07-12T13:00:00+00:00,445.952535
10x-risk-002,2024-07-12T18:00:00+00:00,493.787694
10x-risk-002,2024-07-12T20:00:00+00:00,484.370557
10x-risk-002,2024-07-13T05:00:00+00:00,474.552483
10x-risk-002,2024-07-14T21:00:00+00:00,521.44173
10x-risk-002,2024-07-15T15:00:00+00:00,569.182107
10x-risk-002,2024-07-16T16:00:00+00:00,615.230443
10x-risk-002,2024-07-21T15:00:00+00:00,676.144031
10x-risk-002,2024-07-23T08:00:00+00:00,661.304358
10x-risk-002,2024-07-23T13:00:00+00:00,647.15167
10x-risk-002,2024-07-24T05:00:00+00:00,714.111614
10x-risk-002,2024-07-25T01:00:00+00:00,784.689773
10x-risk-002,2024-07-25T02:00:00+00:00,848.60366
10x-risk-002,2024-07-25T20:00:00+00:00,932.575286
10x-risk-002,2024-07-27T17:00:00+00:00,912.955123
10x-risk-002,2024-07-27T20:00:00+00:00,893.527152
10x-risk-002,2024-07-29T23:00:00+00:00,981.921024
10x-risk-002,2024-07-30T19:00:00+00:00,1070.364001
10x-risk-002,2024-07-30T20:00:00+00:00,1167.518948
10x-risk-002,2024-07-31T20:00:00+00:00,1234.261047
10x-risk-002,2024-08-01T01:00:00+00:00,1209.984661
10x-risk-002,2024-08-03T00:00:00+00:00,1329.329788
10x-risk-002,2024-08-13T03:00:00+00:00,1301.614682
10x-risk-002,2024-08-13T14:00:00+00:00,1275.181261
10x-risk-002,2024-08-15T18:00:00+00:00,1247.585981
10x-risk-002,2024-08-15T18:00:00+00:00,1221.238421
10x-risk-002,2024-08-15T19:00:00+00:00,1193.554498
10x-risk-002,2024-08-16T08:00:00+00:00,1167.544335
10x-risk-002,2024-08-16T11:00:00+00:00,1143.272965
10x-risk-002,2024-08-16T19:00:00+00:00,1118.487968
10x-risk-002,2024-08-18T10:00:00+00:00,1095.292589
10x-risk-002,2024-08-18T16:00:00+00:00,1070.537984
10x-risk-002,2024-08-19T00:00:00+00:00,1047.079004
10x-risk-002,2024-08-19T00:00:00+00:00,1024.628919
10x-risk-002,2024-08-19T09:00:00+00:00,1002.195551
10x-risk-002,2024-08-19T13:00:00+00:00,980.436029
10x-risk-002,2024-08-19T17:00:00+00:00,959.442991
10x-risk-002,2024-08-19T17:00:00+00:00,938.744065
10x-risk-002,2024-08-19T20:00:00+00:00,917.221221
10x-risk-002,2024-08-20T00:00:00+00:00,896.073837
10x-risk-002,2024-08-20T07:00:00+00:00,986.434134
10x-risk-002,2024-08-20T14:00:00+00:00,967.835404
10x-risk-002,2024-08-20T14:00:00+00:00,947.91271
10x-risk-002,2024-08-20T15:00:00+00:00,929.638551
10x-risk-002,2024-08-21T01:00:00+00:00,910.120535
10x-risk-002,2024-08-21T08:00:00+00:00,891.09916
10x-risk-002,2024-08-21T13:00:00+00:00,872.071328
10x-risk-002,2024-08-21T15:00:00+00:00,857.89297
10x-risk-002,2024-08-21T17:00:00+00:00,838.557684
10x-risk-002,2024-08-21T19:00:00+00:00,820.971605
10x-risk-002,2024-08-22T02:00:00+00:00,803.962968
10x-risk-002,2024-08-23T09:00:00+00:00,891.814371
10x-risk-002,2024-08-23T19:00:00+00:00,971.397488
10x-risk-002,2024-08-23T21:00:00+00:00,1054.432325
10x-risk-002,2024-08-27T12:00:00+00:00,1035.06593
10x-risk-002,2024-08-31T16:00:00+00:00,1013.603866
10x-risk-002,2024-09-01T05:00:00+00:00,1117.677665
10x-risk-002,2024-09-02T08:00:00+00:00,1094.063426
10x-risk-002,2024-09-02T09:00:00+00:00,1071.094821
10x-risk-002,2024-09-02T14:00:00+00:00,1048.746893
10x-risk-002,2024-09-02T20:00:00+00:00,1028.033137
10x-risk-002,2024-09-03T13:00:00+00:00,1006.218309
10x-risk-002,2024-09-03T15:00:00+00:00,985.189759
10x-risk-002,2024-09-05T15:00:00+00:00,964.870444
10x-risk-002,2024-09-06T12:00:00+00:00,945.015984
10x-risk-002,2024-09-06T12:00:00+00:00,925.407224
10x-risk-002,2024-09-08T04:00:00+00:00,905.362351
10x-risk-002,2024-09-08T14:00:00+00:00,886.427452
10x-risk-002,2024-09-08T21:00:00+00:00,867.715098
10x-risk-002,2024-09-09T17:00:00+00:00,848.424673
10x-risk-002,2024-09-11T13:00:00+00:00,830.92447
10x-risk-002,2024-09-11T17:00:00+00:00,810.703031
10x-risk-002,2024-09-13T21:00:00+00:00,890.962127
10x-risk-002,2024-09-14T05:00:00+00:00,976.906556
10x-risk-002,2024-09-15T21:00:00+00:00,957.969528
10x-risk-002,2024-09-15T23:00:00+00:00,940.445377
10x-risk-002,2024-09-17T14:00:00+00:00,921.497873
10x-risk-002,2024-09-18T18:00:00+00:00,901.617108
10x-risk-002,2024-09-19T00:00:00+00:00,881.987489
10x-risk-002,2024-09-19T00:00:00+00:00,973.04152
10x-risk-002,2024-09-23T14:00:00+00:00,952.008111
10x-risk-002,2024-09-24T07:00:00+00:00,1046.335915
10x-risk-002,2024-09-26T16:00:00+00:00,1142.739634
10x-risk-002,2024-09-27T09:00:00+00:00,1246.296713
10x-risk-002,2024-09-27T14:00:00+00:00,1220.672887
10x-risk-002,2024-09-28T05:00:00+00:00,1194.437001
10x-risk-002,2024-09-30T10:00:00+00:00,1168.650671
10x-risk-002,2024-10-01T12:00:00+00:00,1144.792696
10x-risk-002,2024-10-01T14:00:00+00:00,1119.972169
10x-risk-002,2024-10-01T15:00:00+00:00,1098.820542
10x-risk-002,2024-10-01T17:00:00+00:00,1214.413078
10x-risk-002,2024-10-04T08:00:00+00:00,1334.6754
10x-risk-002,2024-10-14T15:00:00+00:00,1313.037209
10x-risk-002,2024-10-16T11:00:00+00:00,1285.235591
10x-risk-002,2024-10-20T22:00:00+00:00,1260.3893
10x-risk-002,2024-10-21T13:00:00+00:00,1233.869562
10x-risk-002,2024-10-24T21:00:00+00:00,1209.50131
10x-risk-002,2024-10-25T17:00:00+00:00,1183.800686
10x-risk-002,2024-10-27T17:00:00+00:00,1159.631495
10x-risk-002,2024-11-01T02:00:00+00:00,1134.137022
10x-risk-002,2024-11-03T14:00:00+00:00,1107.657064
10x-risk-002,2024-11-06T01:00:00+00:00,1085.45189
10x-risk-002,2024-11-07T17:00:00+00:00,1194.650225
10x-risk-002,2024-11-12T00:00:00+00:00,1176.588232
10x-risk-002,2024-11-14T14:00:00+00:00,1152.115415
10x-risk-002,2024-11-14T23:00:00+00:00,1128.215935
10x-risk-002,2024-11-15T09:00:00+00:00,1104.645721
10x-risk-002,2024-11-16T11:00:00+00:00,1080.968282
10x-risk-002,2024-11-16T11:00:00+00:00,1057.866099
10x-risk-002,2024-11-16T15:00:00+00:00,1035.142544
10x-risk-002,2024-11-16T22:00:00+00:00,1009.202868
10x-risk-002,2024-11-17T14:00:00+00:00,986.371293
10x-risk-002,2024-11-18T03:00:00+00:00,965.21448
10x-risk-002,2024-11-18T03:00:00+00:00,943.790716
10x-risk-002,2024-11-18T09:00:00+00:00,921.379958
10x-risk-002,2024-11-18T11:00:00+00:00,902.362883
10x-risk-002,2024-11-18T15:00:00+00:00,882.630208
10x-risk-002,2024-11-18T15:00:00+00:00,976.103313
10x-risk-002,2024-11-18T15:00:00+00:00,954.63142
10x-risk-002,2024-11-18T19:00:00+00:00,934.954856
10x-risk-002,2024-11-18T23:00:00+00:00,1027.553964
10x-risk-002,2024-11-19T09:00:00+00:00,1007.299725
10x-risk-002,2024-11-19T18:00:00+00:00,986.263658
10x-risk-002,2024-11-19T18:00:00+00:00,965.218836
10x-risk-002,2024-11-20T01:00:00+00:00,944.552035
10x-risk-002,2024-11-20T09:00:00+00:00,925.355486
10x-risk-002,2024-11-20T14:00:00+00:00,907.260706
10x-risk-002,2024-11-20T14:00:00+00:00,887.89365
10x-risk-002,2024-11-20T17:00:00+00:00,869.258641
10x-risk-002,2024-11-21T04:00:00+00:00,851.21587
10x-risk-002,2024-11-21T13:00:00+00:00,831.08499
10x-risk-002,2024-11-22T04:00:00+00:00,915.385821
10x-risk-002,2024-11-22T07:00:00+00:00,895.637299
10x-risk-002,2024-11-23T07:00:00+00:00,977.92478
10x-risk-002,2024-11-26T00:00:00+00:00,957.897225
10x-risk-002,2024-11-26T01:00:00+00:00,936.018345
10x-risk-002,2024-11-27T04:00:00+00:00,916.742234
10x-risk-002,2024-11-30T01:00:00+00:00,897.734029
10x-risk-002,2024-11-30T22:00:00+00:00,878.737024
10x-risk-002,2024-12-01T15:00:00+00:00,969.430293
10x-risk-002,2024-12-02T04:00:00+00:00,948.989062
10x-risk-002,2024-12-03T01:00:00+00:00,929.904313
10x-risk-002,2024-12-04T00:00:00+00:00,910.644439
10x-risk-002,2024-12-04T02:00:00+00:00,894.509652
10x-risk-002,2024-12-04T16:00:00+00:00,876.061046
10x-risk-002,2024-12-04T20:00:00+00:00,964.650416
10x-risk-002,2024-12-05T03:00:00+00:00,1058.352665
10x-risk-002,2024-12-05T20:00:00+00:00,1035.644715
10x-risk-002,2024-12-05T20:00:00+00:00,1012.655616
10x-risk-002,2024-12-08T23:00:00+00:00,988.753054
10x-risk-002,2024-12-09T17:00:00+00:00,966.002214
10x-risk-002,2024-12-14T06:00:00+00:00,945.783923
10x-risk-002,2024-12-15T23:00:00+00:00,926.353581
10x-risk-002,2024-12-16T00:00:00+00:00,907.120454
10x-risk-002,2024-12-16T03:00:00+00:00,887.974154
10x-risk-002,2024-12-16T09:00:00+00:00,867.858968
10x-risk-002,2024-12-16T17:00:00+00:00,850.130135
10x-risk-002,2024-12-17T14:00:00+00:00,938.01449
10x-risk-002,2024-12-17T15:00:00+00:00,918.652674
10x-risk-002,2024-12-17T22:00:00+00:00,901.220459
10x-risk-002,2024-12-18T20:00:00+00:00,879.071536
10x-risk-002,2024-12-19T17:00:00+00:00,968.093092
10x-risk-002,2024-12-23T20:00:00+00:00,946.727063
10x-risk-002,2024-12-24T02:00:00+00:00,927.263138
10x-risk-002,2024-12-24T17:00:00+00:00,907.954467
10x-risk-002,2024-12-24T23:00:00+00:00,888.793359
10x-risk-002,2024-12-25T21:00:00+00:00,869.784605
10x-risk-002,2024-12-26T10:00:00+00:00,850.533156
10x-risk-002,2024-12-26T20:00:00+00:00,938.369084
10x-risk-002,2024-12-28T05:00:00+00:00,918.911933
10x-risk-002,2024-12-28T13:00:00+00:00,899.316472
10x-risk-002,2024-12-28T22:00:00+00:00,880.104605
10x-risk-002,2024-12-30T01:00:00+00:00,861.946839
10x-risk-002,2024-12-30T01:00:00+00:00,843.647826
10x-risk-002,2024-12-30T01:00:00+00:00,824.074865
10x-risk-002,2024-12-30T06:00:00+00:00,806.858482
10x-risk-002,2024-12-30T06:00:00+00:00,789.583578
10x-risk-002,2024-12-30T06:00:00+00:00,772.550298
10x-risk-002,2024-12-30T13:00:00+00:00,755.077303
10x-risk-002,2024-12-30T13:00:00+00:00,738.835995
10x-risk-002,2024-12-30T13:00:00+00:00,722.714305
10x-risk-002,2024-12-30T18:00:00+00:00,707.815513
10x-risk-002,2024-12-30T18:00:00+00:00,690.202534
10x-risk-002,2024-12-30T18:00:00+00:00,675.461039
10x-risk-002,2024-12-31T08:00:00+00:00,661.075697
10x-risk-002,2024-12-31T08:00:00+00:00,646.765156
10x-risk-002,2024-12-31T22:00:00+00:00,633.339724
10x-risk-002,2024-12-31T23:00:00+00:00,619.54869
10x-risk-002,2025-01-01T04:00:00+00:00,606.133917
10x-risk-002,2025-01-01T08:00:00+00:00,592.53256
10x-risk-002,2025-01-01T19:00:00+00:00,580.22643
10x-risk-002,2025-01-02T00:00:00+00:00,567.435264
10x-risk-002,2025-01-02T15:00:00+00:00,555.56309
10x-risk-002,2025-01-03T12:00:00+00:00,543.553189
10x-risk-002,2025-01-03T15:00:00+00:00,599.714571
10x-risk-002,2025-01-03T16:00:00+00:00,583.682357
10x-risk-002,2025-01-05T14:00:00+00:00,571.204328
10x-risk-002,2025-01-06T01:00:00+00:00,558.64934
10x-risk-002,2025-01-07T01:00:00+00:00,546.830112
10x-risk-002,2025-01-07T15:00:00+00:00,534.961328
10x-risk-002,2025-01-07T15:00:00+00:00,589.069311
10x-risk-002,2025-01-07T17:00:00+00:00,576.940807
10x-risk-002,2025-01-13T00:00:00+00:00,564.344756
10x-risk-002,2025-01-13T00:00:00+00:00,551.005195
10x-risk-002,2025-01-13T00:00:00+00:00,539.508597
10x-risk-002,2025-01-14T01:00:00+00:00,528.286024
10x-risk-002,2025-01-15T14:00:00+00:00,517.407223
10x-risk-002,2025-01-17T19:00:00+00:00,569.623488
10x-risk-002,2025-01-18T05:00:00+00:00,559.141194
10x-risk-002,2025-01-19T11:00:00+00:00,548.011362
10x-risk-002,2025-01-19T21:00:00+00:00,536.743591
10x-risk-002,2025-01-19T21:00:00+00:00,525.379146
10x-risk-002,2025-01-20T07:00:00+00:00,514.773503
10x-risk-002,2025-01-20T12:00:00+00:00,504.11019
10x-risk-002,2025-01-21T16:00:00+00:00,493.162969
10x-risk-002,2025-01-22T08:00:00+00:00,482.869011
10x-risk-002,2025-01-22T11:00:00+00:00,472.175804
10x-risk-002,2025-01-23T20:00:00+00:00,462.478561
10x-risk-002,2025-01-23T23:00:00+00:00,452.567313
10x-risk-002,2025-01-24T20:00:00+00:00,443.168735
10x-risk-002,2025-01-26T23:00:00+00:00,433.158775
10x-risk-002,2025-01-27T07:00:00+00:00,479.85967
10x-risk-002,2025-01-27T07:00:00+00:00,523.5815
10x-risk-002,2025-01-27T07:00:00+00:00,566.314139
10x-risk-002,2025-01-30T03:00:00+00:00,554.505799
10x-risk-002,2025-01-31T20:00:00+00:00,542.775651
10x-risk-002,2025-02-01T09:00:00+00:00,530.896618
10x-risk-002,2025-02-01T20:00:00+00:00,519.12171
10x-risk-002,2025-02-02T18:00:00+00:00,571.301371
10x-risk-002,2025-02-11T13:00:00+00:00,558.978009
10x-risk-002,2025-02-11T17:00:00+00:00,547.466197
10x-risk-002,2025-02-12T20:00:00+00:00,536.094367
10x-risk-002,2025-02-13T06:00:00+00:00,525.031993
10x-risk-002,2025-02-13T12:00:00+00:00,513.890957
10x-risk-002,2025-02-14T03:00:00+00:00,503.277762
10x-risk-002,2025-02-14T15:00:00+00:00,491.677432
10x-risk-002,2025-02-14T16:00:00+00:00,481.18147
10x-risk-002,2025-02-15T14:00:00+00:00,471.322326
10x-risk-002,2025-02-16T18:00:00+00:00,517.938388
10x-risk-002,2025-02-16T23:00:00+00:00,507.042632
10x-risk-002,2025-02-17T00:00:00+00:00,495.568425
10x-risk-002,2025-02-17T08:00:00+00:00,485.062694
10x-risk-002,2025-02-17T08:00:00+00:00,474.642755
10x-risk-002,2025-02-17T09:00:00+00:00,462.571489
10x-risk-002,2025-02-17T14:00:00+00:00,452.846289
10x-risk-002,2025-02-17T18:00:00+00:00,443.074198
10x-risk-002,2025-02-17T19:00:00+00:00,433.330424
10x-risk-002,2025-02-17T20:00:00+00:00,423.392793
10x-risk-002,2025-02-17T20:00:00+00:00,412.644584
10x-risk-002,2025-02-17T21:00:00+00:00,403.428979
10x-risk-002,2025-02-17T21:00:00+00:00,394.333978
10x-risk-002,2025-02-17T23:00:00+00:00,384.866643
10x-risk-002,2025-02-18T04:00:00+00:00,376.487762
10x-risk-002,2025-02-18T04:00:00+00:00,368.729079
10x-risk-002,2025-02-18T06:00:00+00:00,360.693373
10x-risk-002,2025-02-18T13:00:00+00:00,353.433369
10x-risk-002,2025-02-18T14:00:00+00:00,344.637141
10x-risk-002,2025-02-19T11:00:00+00:00,337.702749
10x-risk-002,2025-02-21T15:00:00+00:00,330.414244
10x-risk-002,2025-02-21T17:00:00+00:00,323.451783
10x-risk-002,2025-02-22T16:00:00+00:00,316.782939
10x-risk-002,2025-02-22T17:00:00+00:00,309.066174
10x-risk-002,2025-02-23T12:00:00+00:00,302.643176
10x-risk-002,2025-02-24T04:00:00+00:00,296.203464
10x-risk-002,2025-02-24T19:00:00+00:00,326.150564
10x-risk-002,2025-02-25T00:00:00+00:00,379.719242
10x-risk-002,2025-02-25T07:00:00+00:00,409.011399
10x-risk-002,2025-03-07T00:00:00+00:00,400.710996
10x-risk-002,2025-03-07T05:00:00+00:00,392.13554
10x-risk-002,2025-03-07T11:00:00+00:00,383.370001
10x-risk-002,2025-03-07T13:00:00+00:00,375.167773
10x-risk-002,2025-03-07T16:00:00+00:00,367.232918
10x-risk-002,2025-03-07T18:00:00+00:00,359.586528
10x-risk-002,2025-03-07T20:00:00+00:00,351.763161
10x-risk-002,2025-03-07T21:00:00+00:00,343.124786
10x-risk-002,2025-03-09T10:00:00+00:00,377.03892
10x-risk-002,2025-03-09T12:00:00+00:00,412.577246
10x-risk-002,2025-03-10T17:00:00+00:00,446.271106
10x-risk-002,2025-03-10T17:00:00+00:00,487.03837
10x-risk-002,2025-03-14T10:00:00+00:00,476.929208
10x-risk-002,2025-03-17T12:00:00+00:00,467.043013
10x-risk-002,2025-03-17T12:00:00+00:00,456.999828
10x-risk-002,2025-03-17T17:00:00+00:00,447.818512
10x-risk-002,2025-03-18T01:00:00+00:00,438.607871
10x-risk-002,2025-03-18T11:00:00+00:00,429.519065
10x-risk-002,2025-03-18T13:00:00+00:00,419.646316
10x-risk-002,2025-03-18T13:00:00+00:00,410.137494
10x-risk-002,2025-03-18T22:00:00+00:00,401.060166
10x-risk-002,2025-03-18T22:00:00+00:00,392.642706
10x-risk-002,2025-03-18T22:00:00+00:00,383.033869
10x-risk-002,2025-03-18T23:00:00+00:00,374.463384
10x-risk-002,2025-03-18T23:00:00+00:00,365.005935
10x-risk-002,2025-03-18T23:00:00+00:00,356.645796
10x-risk-002,2025-03-19T00:00:00+00:00,348.144477
10x-risk-002,2025-03-19T08:00:00+00:00,382.567649
10x-risk-002,2025-03-19T11:00:00+00:00,417.071454
10x-risk-002,2025-03-20T16:00:00+00:00,408.916337
10x-risk-002,2025-03-21T08:00:00+00:00,401.68117
10x-risk-002,2025-03-21T10:00:00+00:00,392.978516
10x-risk-002,2025-03-22T06:00:00+00:00,384.789584
10x-risk-002,2025-03-22T23:00:00+00:00,376.685546
10x-risk-002,2025-03-24T00:00:00+00:00,368.516997
10x-risk-002,2025-03-24T04:00:00+00:00,405.807785
10x-risk-002,2025-03-26T19:00:00+00:00,398.870967
10x-risk-002,2025-03-27T06:00:00+00:00,390.399572
10x-risk-002,2025-03-28T13:00:00+00:00,383.000808
10x-risk-002,2025-03-28T14:00:00+00:00,375.070213
10x-risk-002,2025-03-29T16:00:00+00:00,414.424227
10x-risk-002,2025-04-01T14:00:00+00:00,405.765058
10x-risk-002,2025-04-02T13:00:00+00:00,397.304792
10x-risk-002,2025-04-02T20:00:00+00:00,388.741898
10x-risk-002,2025-04-02T20:00:00+00:00,380.676398
10x-risk-002,2025-04-03T14:00:00+00:00,417.783016
10x-risk-002,2025-04-04T17:00:00+00:00,408.856765
10x-risk-002,2025-04-05T13:00:00+00:00,399.941456
10x-risk-002,2025-04-06T01:00:00+00:00,391.306698
10x-risk-002,2025-04-07T05:00:00+00:00,429.645306
10x-risk-002,2025-04-07T06:00:00+00:00,467.750484
10x-risk-002,2025-04-15T10:00:00+00:00,457.73026
10x-risk-002,2025-04-19T05:00:00+00:00,448.406858
10x-risk-002,2025-04-19T06:00:00+00:00,438.774711
10x-risk-002,2025-04-19T07:00:00+00:00,429.25944
10x-risk-002,2025-04-19T10:00:00+00:00,419.926507
10x-risk-002,2025-04-20T09:00:00+00:00,410.911802
10x-risk-002,2025-04-21T00:00:00+00:00,402.432369
10x-risk-002,2025-04-22T01:00:00+00:00,448.175122
10x-risk-002,2025-04-22T07:00:00+00:00,438.776975
10x-risk-002,2025-04-22T15:00:00+00:00,480.364225
10x-risk-002,2025-04-26T09:00:00+00:00,470.359476
10x-risk-002,2025-04-27T01:00:00+00:00,460.568384
10x-risk-002,2025-04-28T06:00:00+00:00,450.692622
10x-risk-002,2025-04-28T10:00:00+00:00,441.140008
10x-risk-002,2025-04-28T13:00:00+00:00,431.794811
10x-risk-002,2025-04-28T15:00:00+00:00,422.7886
10x-risk-002,2025-04-29T06:00:00+00:00,414.199645
10x-risk-002,2025-04-29T16:00:00+00:00,405.284962
10x-risk-002,2025-04-29T21:00:00+00:00,396.662649
10x-risk-002,2025-04-30T10:00:00+00:00,388.28665
10x-risk-002,2025-04-30T13:00:00+00:00,379.20514
10x-risk-002,2025-05-01T02:00:00+00:00,371.101053
10x-risk-002,2025-05-02T03:00:00+00:00,363.09412
10x-risk-002,2025-05-02T07:00:00+00:00,355.483104
10x-risk-002,2025-05-04T13:00:00+00:00,347.969875
10x-risk-002,2025-05-04T13:00:00+00:00,381.939143
10x-risk-002,2025-05-05T01:00:00+00:00,373.843608
10x-risk-002,2025-05-05T16:00:00+00:00,365.730835
10x-risk-002,2025-05-06T22:00:00+00:00,358.247905
10x-risk-002,2025-05-07T00:00:00+00:00,350.184672
10x-risk-002,2025-05-07T00:00:00+00:00,342.429523
10x-risk-002,2025-05-07T15:00:00+00:00,335.357465
10x-risk-002,2025-05-07T18:00:00+00:00,328.215633
10x-risk-002,2025-05-08T00:00:00+00:00,321.164242
10x-risk-002,2025-05-08T14:00:00+00:00,352.927974
10x-risk-002,2025-05-09T23:00:00+00:00,386.659382
10x-risk-002,2025-05-12T07:00:00+00:00,418.028285
10x-risk-002,2025-05-13T11:00:00+00:00,409.042028
10x-risk-002,2025-05-15T16:00:00+00:00,400.439097
10x-risk-002,2025-05-17T00:00:00+00:00,440.887528
10x-risk-002,2025-05-17T01:00:00+00:00,432.338839
10x-risk-002,2025-05-18T14:00:00+00:00,424.117983
10x-risk-002,2025-05-18T23:00:00+00:00,415.21656
10x-risk-002,2025-05-19T15:00:00+00:00,406.588196
10x-risk-002,2025-05-20T00:00:00+00:00,398.103275
10x-risk-002,2025-05-21T03:00:00+00:00,389.073136
10x-risk-002,2025-05-21T09:00:00+00:00,381.000761
10x-risk-002,2025-05-21T11:00:00+00:00,373.05934
10x-risk-002,2025-05-21T17:00:00+00:00,365.175455
10x-risk-002,2025-05-22T01:00:00+00:00,401.344913
10x-risk-002,2025-05-22T13:00:00+00:00,393.076095
10x-risk-002,2025-05-26T03:00:00+00:00,384.90574
10x-risk-002,2025-05-26T17:00:00+00:00,376.599597
10x-risk-002,2025-05-27T08:00:00+00:00,368.731115
10x-risk-002,2025-05-28T02:00:00+00:00,360.899319
10x-risk-002,2025-05-30T00:00:00+00:00,399.777561
10x-risk-002,2025-05-30T16:00:00+00:00,390.988534
10x-risk-002,2025-05-30T16:00:00+00:00,426.598073
10x-risk-002,2025-06-02T22:00:00+00:00,417.574379
10x-risk-002,2025-06-04T14:00:00+00:00,408.288504
10x-risk-002,2025-06-04T15:00:00+00:00,399.80533
10x-risk-002,2025-06-09T21:00:00+00:00,391.396937
10x-risk-002,2025-06-09T21:00:00+00:00,383.031065
10x-risk-002,2025-06-21T21:00:00+00:00,420.690924
10x-risk-002,2025-06-22T14:00:00+00:00,459.704044
10x-risk-002,2025-06-29T22:00:00+00:00,505.207077
10x-risk-002,2025-06-30T14:00:00+00:00,494.289254
10x-risk-002,2025-06-30T22:00:00+00:00,484.031391
10x-risk-002,2025-07-01T11:00:00+00:00,473.879945
10x-risk-002,2025-07-02T15:00:00+00:00,464.070406
10x-risk-002,2025-07-02T16:00:00+00:00,456.760457
10x-risk-002,2025-07-04T13:00:00+00:00,447.171155
10x-risk-002,2025-07-06T21:00:00+00:00,437.93082
10x-risk-002,2025-07-07T12:00:00+00:00,428.220579
10x-risk-002,2025-07-08T17:00:00+00:00,419.376493
10x-risk-002,2025-07-08T17:00:00+00:00,410.060789
10x-risk-002,2025-07-10T07:00:00+00:00,450.652069
10x-risk-002,2025-07-11T05:00:00+00:00,495.721869
10x-risk-002,2025-07-14T20:00:00+00:00,485.5363
10x-risk-002,2025-07-15T18:00:00+00:00,475.563838
10x-risk-002,2025-07-16T16:00:00+00:00,522.658849
10x-risk-002,2025-07-16T18:00:00+00:00,567.751476
10x-risk-002,2025-07-17T12:00:00+00:00,555.621266
10x-risk-002,2025-07-18T14:00:00+00:00,543.76283
10x-risk-002,2025-07-19T19:00:00+00:00,532.402163
10x-risk-002,2025-07-20T12:00:00+00:00,584.906564
10x-risk-002,2025-07-20T14:00:00+00:00,637.621132
10x-risk-002,2025-07-21T07:00:00+00:00,626.764107
10x-risk-002,2025-07-21T12:00:00+00:00,612.976407
10x-risk-002,2025-07-22T07:00:00+00:00,598.532215
10x-risk-002,2025-07-22T17:00:00+00:00,585.880538
10x-risk-002,2025-07-23T09:00:00+00:00,573.575737
10x-risk-002,2025-07-23T12:00:00+00:00,561.281454
10x-risk-002,2025-07-23T13:00:00+00:00,548.447094
10x-risk-002,2025-07-24T00:00:00+00:00,536.363658
10x-risk-002,2025-07-24T04:00:00+00:00,524.295772
10x-risk-002,2025-07-24T08:00:00+00:00,512.948376
10x-risk-002,2025-07-25T01:00:00+00:00,502.373722
10x-risk-002,2025-07-25T14:00:00+00:00,491.792323
10x-risk-002,2025-07-25T17:00:00+00:00,481.357965
10x-risk-002,2025-07-25T21:00:00+00:00,471.200308
10x-risk-002,2025-07-27T16:00:00+00:00,461.142246
10x-risk-002,2025-07-28T02:00:00+00:00,507.441394
10x-risk-002,2025-07-28T04:00:00+00:00,553.109541
10x-risk-002,2025-07-28T17:00:00+00:00,542.051277
10x-risk-002,2025-08-01T00:00:00+00:00,531.667666
10x-risk-002,2025-08-01T13:00:00+00:00,585.125866
10x-risk-002,2025-08-05T17:00:00+00:00,572.654065
10x-risk-002,2025-08-07T10:00:00+00:00,560.031768
10x-risk-002,2025-08-08T17:00:00+00:00,616.594696
10x-risk-002,2025-08-09T09:00:00+00:00,605.48358
10x-risk-002,2025-08-12T11:00:00+00:00,593.890819
10x-risk-002,2025-08-14T12:00:00+00:00,581.564111
10x-risk-002,2025-08-18T02:00:00+00:00,567.220011
10x-risk-002,2025-08-18T02:00:00+00:00,555.146553
10x-risk-002,2025-08-20T21:00:00+00:00,614.802863
10x-risk-002,2025-08-22T14:00:00+00:00,602.410803
10x-risk-002,2025-08-22T14:00:00+00:00,589.737034
10x-risk-002,2025-08-22T15:00:00+00:00,578.629837
10x-risk-002,2025-08-24T06:00:00+00:00,566.501272
10x-risk-002,2025-08-24T17:00:00+00:00,554.70665
10x-risk-002,2025-08-24T20:00:00+00:00,542.830892
10x-risk-002,2025-08-25T03:00:00+00:00,531.376142
10x-risk-002,2025-08-28T13:00:00+00:00,520.538866
10x-risk-002,2025-08-28T16:00:00+00:00,509.627977
10x-risk-002,2025-08-28T19:00:00+00:00,498.872407
10x-risk-002,2025-08-29T07:00:00+00:00,488.257917
10x-risk-002,2025-09-08T05:00:00+00:00,479.133749
10x-risk-002,2025-09-09T06:00:00+00:00,526.594102
10x-risk-002,2025-09-11T22:00:00+00:00,517.554917
10x-risk-002,2025-09-12T17:00:00+00:00,507.69911
10x-risk-002,2025-09-15T08:00:00+00:00,496.791571
10x-risk-002,2025-09-16T17:00:00+00:00,548.84126
10x-risk-002,2025-09-17T18:00:00+00:00,537.006063
10x-risk-002,2025-09-18T01:00:00+00:00,589.371939
10x-risk-002,2025-09-19T11:00:00+00:00,577.188923
10x-risk-002,2025-09-19T14:00:00+00:00,564.549819
10x-risk-002,2025-09-22T05:00:00+00:00,621.58719
10x-risk-002,2025-09-22T06:00:00+00:00,677.37152
10x-risk-002,2025-09-24T03:00:00+00:00,662.994216
10x-risk-002,2025-09-24T13:00:00+00:00,649.138222
10x-risk-002,2025-09-25T17:00:00+00:00,704.670112
10x-risk-002,2025-09-29T11:00:00+00:00,690.106799
10x-risk-002,2025-09-29T13:00:00+00:00,675.436258
10x-risk-002,2025-09-29T14:00:00+00:00,661.122193
10x-risk-002,2025-09-29T14:00:00+00:00,646.917292
10x-risk-002,2025-09-30T07:00:00+00:00,633.432845
10x-risk-002,2025-09-30T15:00:00+00:00,619.878936
10x-risk-002,2025-09-30T17:00:00+00:00,682.569924
10x-risk-002,2025-09-30T19:00:00+00:00,668.286421
10x-risk-002,2025-09-30T19:00:00+00:00,654.314823
10x-risk-002,2025-10-01T19:00:00+00:00,719.114517
10x-risk-002,2025-10-02T18:00:00+00:00,783.933795
10x-risk-002,2025-10-03T03:00:00+00:00,853.466915
10x-risk-002,2025-10-04T14:00:00+00:00,836.063419
10x-risk-002,2025-10-05T02:00:00+00:00,818.714536
10x-risk-002,2025-10-05T11:00:00+00:00,801.71866
10x-risk-002,2025-10-05T17:00:00+00:00,785.064798
10x-risk-002,2025-10-05T19:00:00+00:00,768.132626
10x-risk-002,2025-10-05T19:00:00+00:00,751.233782
10x-risk-002,2025-10-06T10:00:00+00:00,735.627626
10x-risk-002,2025-10-06T13:00:00+00:00,720.058839
10x-risk-002,2025-10-06T18:00:00+00:00,703.984935
10x-risk-002,2025-10-07T04:00:00+00:00,689.072264
10x-risk-002,2025-10-07T12:00:00+00:00,674.603939
10x-risk-002,2025-10-07T14:00:00+00:00,659.165183
10x-risk-002,2025-10-08T17:00:00+00:00,645.812505
10x-risk-002,2025-10-08T17:00:00+00:00,632.18196
10x-risk-002,2025-10-09T02:00:00+00:00,618.5423
10x-risk-002,2025-10-09T08:00:00+00:00,685.236301
10x-risk-002,2025-10-09T12:00:00+00:00,671.876506
10x-risk-002,2025-10-10T15:00:00+00:00,739.467478
10x-risk-002,2025-10-10T15:00:00+00:00,723.186089
10x-risk-002,2025-10-10T21:00:00+00:00,790.841682
10x-risk-002,2025-10-10T21:00:00+00:00,856.73838
10x-risk-002,2025-10-15T13:00:00+00:00,838.82883
10x-risk-002,2025-10-21T14:00:00+00:00,821.485535
10x-risk-002,2025-10-21T14:00:00+00:00,804.622849
10x-risk-002,2025-10-21T21:00:00+00:00,788.175849
10x-risk-002,2025-10-22T14:00:00+00:00,771.88241
10x-risk-002,2025-10-23T06:00:00+00:00,755.803816
10x-risk-002,2025-10-23T13:00:00+00:00,739.012404
10x-risk-002,2025-10-23T14:00:00+00:00,723.182084
10x-risk-002,2025-10-23T21:00:00+00:00,708.383955
10x-risk-002,2025-10-24T04:00:00+00:00,693.54957
10x-risk-002,2025-10-26T22:00:00+00:00,767.883173
10x-risk-002,2025-10-28T19:00:00+00:00,750.978324
10x-risk-002,2025-10-28T20:00:00+00:00,735.087535
10x-risk-002,2025-10-29T23:00:00+00:00,720.11514
10x-risk-002,2025-10-30T04:00:00+00:00,705.472924
10x-risk-002,2025-10-30T10:00:00+00:00,690.473754
10x-risk-002,2025-10-30T17:00:00+00:00,761.71884
10x-risk-002,2025-11-03T15:00:00+00:00,828.777049
10x-risk-002,2025-11-03T15:00:00+00:00,903.687544
10x-risk-002,2025-11-04T05:00:00+00:00,976.253568
10x-risk-002,2025-11-12T15:00:00+00:00,955.590766
10x-risk-002,2025-11-13T19:00:00+00:00,1050.039803
10x-risk-002,2025-11-14T12:00:00+00:00,1146.037064
10x-risk-002,2025-11-21T07:00:00+00:00,1240.572924
10x-risk-002,2025-11-25T14:00:00+00:00,1214.936077
10x-risk-002,2025-11-28T22:00:00+00:00,1190.006062
10x-risk-002,2025-11-30T23:00:00+00:00,1307.254983
10x-risk-002,2025-12-01T00:00:00+00:00,1426.991128
10x-risk-002,2025-12-07T09:00:00+00:00,1397.169723
10x-risk-002,2025-12-07T13:00:00+00:00,1367.786535
10x-risk-002,2025-12-07T17:00:00+00:00,1338.872379
10x-risk-002,2025-12-07T17:00:00+00:00,1310.418943
10x-risk-002,2025-12-07T22:00:00+00:00,1282.745319
10x-risk-002,2025-12-08T15:00:00+00:00,1256.386906
10x-risk-002,2025-12-09T15:00:00+00:00,1230.147636
10x-risk-002,2025-12-09T15:00:00+00:00,1351.983619
10x-risk-002,2025-12-10T20:00:00+00:00,1478.862978
10x-risk-002,2025-12-11T00:00:00+00:00,1450.799899
10x-risk-002,2025-12-11T21:00:00+00:00,1420.747815
10x-risk-002,2025-12-12T15:00:00+00:00,1390.637249
10x-risk-002,2025-12-12T15:00:00+00:00,1361.680841
10x-risk-002,2025-12-13T08:00:00+00:00,1333.515598
10x-risk-002,2025-12-14T04:00:00+00:00,1301.994919
10x-risk-002,2025-12-15T14:00:00+00:00,1272.625769
10x-risk-002,2025-12-15T18:00:00+00:00,1401.420441
10x-risk-002,2026-01-01T00:00:00+00:00,1403.211326
10x-risk-002,2026-01-01T00:00:00+00:00,1441.394952
10x-risk-002,2026-01-01T00:00:00+00:00,1490.196002
10x-risk-005,2021-01-21T10:00:00+00:00,124.457296
10x-risk-005,2021-01-27T11:00:00+00:00,117.451701
10x-risk-005,2021-01-28T02:00:00+00:00,111.525191
10x-risk-005,2021-01-29T19:00:00+00:00,105.113705
10x-risk-005,2021-01-30T13:00:00+00:00,99.784116
10x-risk-005,2021-01-31T03:00:00+00:00,125.812681
10x-risk-005,2021-01-31T09:00:00+00:00,149.364007
10x-risk-005,2021-02-01T10:00:00+00:00,176.967641
10x-risk-005,2021-02-01T15:00:00+00:00,167.689021
10x-risk-005,2021-02-01T17:00:00+00:00,158.249026
10x-risk-005,2021-02-01T22:00:00+00:00,151.182443
10x-risk-005,2021-02-02T04:00:00+00:00,188.569717
10x-risk-005,2021-02-02T20:00:00+00:00,225.885804
10x-risk-005,2021-02-03T14:00:00+00:00,272.552875
10x-risk-005,2021-02-04T08:00:00+00:00,319.121438
10x-risk-005,2021-02-10T12:00:00+00:00,295.123856
10x-risk-005,2021-02-16T06:00:00+00:00,279.44144
10x-risk-005,2021-02-17T07:00:00+00:00,266.95798
10x-risk-005,2021-02-22T10:00:00+00:00,241.7003
10x-risk-005,2021-03-06T22:00:00+00:00,229.036249
10x-risk-005,2021-03-08T07:00:00+00:00,216.819835
10x-risk-005,2021-03-08T19:00:00+00:00,205.327085
10x-risk-005,2021-03-08T23:00:00+00:00,258.986689
10x-risk-005,2021-03-09T00:00:00+00:00,245.688139
10x-risk-005,2021-03-09T03:00:00+00:00,302.344917
10x-risk-005,2021-03-09T08:00:00+00:00,288.121122
10x-risk-005,2021-03-13T11:00:00+00:00,273.496913
10x-risk-005,2021-03-15T04:00:00+00:00,259.134787
10x-risk-005,2021-03-17T13:00:00+00:00,246.674851
10x-risk-005,2021-03-18T14:00:00+00:00,308.77583
10x-risk-005,2021-03-19T09:00:00+00:00,292.967609
10x-risk-005,2021-03-21T00:00:00+00:00,273.666924
10x-risk-005,2021-03-21T04:00:00+00:00,255.522763
10x-risk-005,2021-03-21T09:00:00+00:00,236.269217
10x-risk-005,2021-03-21T21:00:00+00:00,224.235681
10x-risk-005,2021-03-22T03:00:00+00:00,212.26896
10x-risk-005,2021-03-22T19:00:00+00:00,270.567299
10x-risk-005,2021-03-22T19:00:00+00:00,258.093085
10x-risk-005,2021-03-22T20:00:00+00:00,250.605654
10x-risk-005,2021-03-24T19:00:00+00:00,303.076416
10x-risk-005,2021-03-27T16:00:00+00:00,287.091376
10x-risk-005,2021-04-02T03:00:00+00:00,273.268329
10x-risk-005,2021-04-02T13:00:00+00:00,258.864335
10x-risk-005,2021-04-03T16:00:00+00:00,241.56318
10x-risk-005,2021-04-04T11:00:00+00:00,228.700619
10x-risk-005,2021-04-05T02:00:00+00:00,217.413057
10x-risk-005,2021-04-05T08:00:00+00:00,206.682483
10x-risk-005,2021-04-05T15:00:00+00:00,195.694711
10x-risk-005,2021-04-06T12:00:00+00:00,246.254312
10x-risk-005,2021-04-06T14:00:00+00:00,235.446617
10x-risk-005,2021-04-09T00:00:00+00:00,225.732055
10x-risk-005,2021-04-09T05:00:00+00:00,213.823696
10x-risk-005,2021-04-09T11:00:00+00:00,204.286405
10x-risk-005,2021-04-12T19:00:00+00:00,253.309513
10x-risk-005,2021-04-13T14:00:00+00:00,306.173446
10x-risk-005,2021-04-14T00:00:00+00:00,368.905276
10x-risk-005,2021-04-14T06:00:00+00:00,419.404317
10x-risk-005,2021-05-04T15:00:00+00:00,396.494798
10x-risk-005,2021-05-06T18:00:00+00:00,374.400408
10x-risk-005,2021-05-07T11:00:00+00:00,355.372887
10x-risk-005,2021-05-07T17:00:00+00:00,338.309268
10x-risk-005,2021-05-09T04:00:00+00:00,320.817294
10x-risk-005,2021-05-09T04:00:00+00:00,303.114861
10x-risk-005,2021-05-10T11:00:00+00:00,287.453969
10x-risk-005,2021-05-10T19:00:00+00:00,262.86431
10x-risk-005,2021-05-10T19:00:00+00:00,244.799617
10x-risk-005,2021-05-10T20:00:00+00:00,315.89218
10x-risk-005,2021-05-12T14:00:00+00:00,299.09909
10x-risk-005,2021-05-12T23:00:00+00:00,376.816812
10x-risk-005,2021-05-13T00:00:00+00:00,450.153598
10x-risk-005,2021-05-14T15:00:00+00:00,427.39837
10x-risk-005,2021-05-15T22:00:00+00:00,406.081402
10x-risk-005,2021-05-16T16:00:00+00:00,385.027196
10x-risk-005,2021-05-18T16:00:00+00:00,366.453031
10x-risk-005,2021-05-19T01:00:00+00:00,347.996742
10x-risk-005,2021-06-04T12:00:00+00:00,329.528494
10x-risk-005,2021-06-06T20:00:00+00:00,312.428019
10x-risk-005,2021-06-11T23:00:00+00:00,296.061996
10x-risk-005,2021-06-18T05:00:00+00:00,280.998017
10x-risk-005,2021-06-18T06:00:00+00:00,266.338645
10x-risk-005,2021-06-18T14:00:00+00:00,332.209568
10x-risk-005,2021-06-18T15:00:00+00:00,315.166797
10x-risk-005,2021-06-20T11:00:00+00:00,380.660905
10x-risk-005,2021-06-21T10:00:00+00:00,453.755156
10x-risk-005,2021-07-05T15:00:00+00:00,429.58259
10x-risk-005,2021-07-06T23:00:00+00:00,406.818865
10x-risk-005,2021-07-07T03:00:00+00:00,518.981238
10x-risk-005,2021-07-07T03:00:00+00:00,496.594949
10x-risk-005,2021-07-07T21:00:00+00:00,470.487416
10x-risk-005,2021-07-10T15:00:00+00:00,444.333663
10x-risk-005,2021-07-10T17:00:00+00:00,419.336192
10x-risk-005,2021-07-12T10:00:00+00:00,397.092735
10x-risk-005,2021-07-12T12:00:00+00:00,374.56184
10x-risk-005,2021-07-12T14:00:00+00:00,354.551898
10x-risk-005,2021-07-12T17:00:00+00:00,333.804001
10x-risk-005,2021-07-13T10:00:00+00:00,316.777987
10x-risk-005,2021-07-13T12:00:00+00:00,300.12114
10x-risk-005,2021-07-15T09:00:00+00:00,282.834344
10x-risk-005,2021-07-20T02:00:00+00:00,352.643248
10x-risk-005,2021-07-24T11:00:00+00:00,335.012107
10x-risk-005,2021-07-26T05:00:00+00:00,321.038239
10x-risk-005,2021-07-29T06:00:00+00:00,304.685312
10x-risk-005,2021-07-30T09:00:00+00:00,289.007896
10x-risk-005,2021-08-05T09:00:00+00:00,274.10073
10x-risk-005,2021-08-11T06:00:00+00:00,341.502161
10x-risk-005,2021-08-11T07:00:00+00:00,409.357945
10x-risk-005,2021-08-17T09:00:00+00:00,388.39108
10x-risk-005,2021-08-17T09:00:00+00:00,367.825583
10x-risk-005,2021-08-17T14:00:00+00:00,347.619659
10x-risk-005,2021-08-17T14:00:00+00:00,329.214204
10x-risk-005,2021-08-20T00:00:00+00:00,312.799966
10x-risk-005,2021-08-29T00:00:00+00:00,297.890163
10x-risk-005,2021-08-29T03:00:00+00:00,281.679306
10x-risk-005,2021-08-29T20:00:00+00:00,267.220352
10x-risk-005,2021-08-29T22:00:00+00:00,263.450932
10x-risk-005,2021-08-30T03:00:00+00:00,251.635908
10x-risk-005,2021-08-30T12:00:00+00:00,321.206035
10x-risk-005,2021-08-30T16:00:00+00:00,308.699937
10x-risk-005,2021-09-01T16:00:00+00:00,294.172573
10x-risk-005,2021-09-01T16:00:00+00:00,370.58951
10x-risk-005,2021-09-06T11:00:00+00:00,462.224365
10x-risk-005,2021-09-07T09:00:00+00:00,576.500469
10x-risk-005,2021-09-07T09:00:00+00:00,559.750552
10x-risk-005,2021-09-07T15:00:00+00:00,661.201423
10x-risk-005,2021-09-19T11:00:00+00:00,624.260493
10x-risk-005,2021-09-19T16:00:00+00:00,589.748841
10x-risk-005,2021-09-20T12:00:00+00:00,743.965751
10x-risk-005,2021-09-27T20:00:00+00:00,705.102022
10x-risk-005,2021-09-30T00:00:00+00:00,669.042445
10x-risk-005,2021-09-30T03:00:00+00:00,632.515776
10x-risk-005,2021-09-30T08:00:00+00:00,599.539167
10x-risk-005,2021-10-01T10:00:00+00:00,747.776327
10x-risk-005,2021-10-01T10:00:00+00:00,896.186236
10x-risk-005,2021-10-02T14:00:00+00:00,1044.311102
10x-risk-005,2021-10-07T07:00:00+00:00,989.453729
10x-risk-005,2021-10-08T02:00:00+00:00,932.759475
10x-risk-005,2021-10-08T12:00:00+00:00,884.231572
10x-risk-005,2021-10-08T20:00:00+00:00,835.387665
10x-risk-005,2021-10-09T10:00:00+00:00,792.304864
10x-risk-005,2021-10-10T11:00:00+00:00,749.897409
10x-risk-005,2021-10-10T21:00:00+00:00,945.780573
10x-risk-005,2021-10-11T19:00:00+00:00,895.99011
10x-risk-005,2021-10-13T20:00:00+00:00,850.528652
10x-risk-005,2021-10-14T07:00:00+00:00,803.637361
10x-risk-005,2021-10-15T18:00:00+00:00,764.109245
10x-risk-005,2021-10-17T19:00:00+00:00,721.784055
10x-risk-005,2021-10-19T03:00:00+00:00,684.309567
10x-risk-005,2021-10-19T07:00:00+00:00,648.144912
10x-risk-005,2021-10-19T12:00:00+00:00,613.398935
10x-risk-005,2021-10-20T11:00:00+00:00,582.136772
10x-risk-005,2021-10-20T16:00:00+00:00,760.850014
10x-risk-005,2021-10-21T00:00:00+00:00,909.449929
10x-risk-005,2021-10-22T07:00:00+00:00,862.710986
10x-risk-005,2021-10-25T14:00:00+00:00,825.436195
10x-risk-005,2021-10-26T14:00:00+00:00,778.657664
10x-risk-005,2021-10-27T04:00:00+00:00,736.3718
10x-risk-005,2021-10-28T20:00:00+00:00,699.666306
10x-risk-005,2021-10-30T02:00:00+00:00,662.640337
10x-risk-005,2021-10-31T12:00:00+00:00,622.69623
10x-risk-005,2021-10-31T15:00:00+00:00,589.245612
10x-risk-005,2021-10-31T22:00:00+00:00,557.677982
10x-risk-005,2021-11-01T07:00:00+00:00,528.401142
10x-risk-005,2021-11-01T17:00:00+00:00,497.323318
10x-risk-005,2021-11-02T00:00:00+00:00,486.271694
10x-risk-005,2021-11-03T18:00:00+00:00,454.07501
10x-risk-005,2021-11-05T06:00:00+00:00,430.938945
10x-risk-005,2021-11-07T01:00:00+00:00,410.512922
10x-risk-005,2021-11-08T00:00:00+00:00,554.196349
10x-risk-005,2021-11-08T10:00:00+00:00,685.003343
10x-risk-005,2021-11-09T03:00:00+00:00,786.4948
10x-risk-005,2021-11-10T15:00:00+00:00,746.53628
10x-risk-005,2021-11-12T09:00:00+00:00,707.038178
10x-risk-005,2021-11-14T17:00:00+00:00,671.035773
10x-risk-005,2021-11-15T00:00:00+00:00,635.777486
10x-risk-005,2021-11-15T01:00:00+00:00,600.519507
10x-risk-005,2021-11-15T18:00:00+00:00,564.075344
10x-risk-005,2021-11-15T18:00:00+00:00,532.711473
10x-risk-005,2021-11-16T00:00:00+00:00,499.575598
10x-risk-005,2021-11-16T01:00:00+00:00,631.143194
10x-risk-005,2021-11-16T10:00:00+00:00,762.797371
10x-risk-005,2021-11-22T20:00:00+00:00,724.019132
10x-risk-005,2021-11-26T07:00:00+00:00,685.855703
10x-risk-005,2021-11-26T08:00:00+00:00,864.873123
10x-risk-005,2021-11-26T08:00:00+00:00,825.727209
10x-risk-005,2021-11-28T10:00:00+00:00,783.292733
10x-risk-005,2021-11-28T21:00:00+00:00,743.36203
10x-risk-005,2021-12-03T10:00:00+00:00,704.188531
10x-risk-005,2021-12-03T19:00:00+00:00,665.343466
10x-risk-005,2021-12-08T11:00:00+00:00,630.78224
10x-risk-005,2021-12-10T12:00:00+00:00,597.799325
10x-risk-005,2021-12-17T15:00:00+00:00,745.453547
10x-risk-005,2021-12-18T05:00:00+00:00,714.937742
10x-risk-005,2021-12-18T10:00:00+00:00,675.372965
10x-risk-005,2021-12-19T01:00:00+00:00,640.344059
10x-risk-005,2021-12-19T03:00:00+00:00,609.183249
10x-risk-005,2021-12-19T10:00:00+00:00,577.019384
10x-risk-005,2021-12-20T21:00:00+00:00,547.269299
10x-risk-005,2021-12-21T09:00:00+00:00,516.468884
10x-risk-005,2021-12-21T15:00:00+00:00,489.176778
10x-risk-005,2021-12-21T19:00:00+00:00,463.124912
10x-risk-005,2021-12-22T23:00:00+00:00,438.951069
10x-risk-005,2021-12-23T07:00:00+00:00,414.451269
10x-risk-005,2021-12-23T11:00:00+00:00,542.328139
10x-risk-005,2021-12-23T16:00:00+00:00,519.550848
10x-risk-005,2021-12-23T17:00:00+00:00,513.791754
10x-risk-005,2021-12-23T17:00:00+00:00,484.948005
10x-risk-005,2021-12-26T03:00:00+00:00,459.289704
10x-risk-005,2021-12-27T23:00:00+00:00,434.581501
10x-risk-005,2021-12-28T01:00:00+00:00,410.078868
10x-risk-005,2021-12-28T19:00:00+00:00,385.216165
10x-risk-005,2022-01-02T16:00:00+00:00,365.007815
10x-risk-005,2022-01-03T16:00:00+00:00,345.611372
10x-risk-005,2022-01-04T10:00:00+00:00,327.869994
10x-risk-005,2022-01-05T18:00:00+00:00,314.570169
10x-risk-005,2022-01-05T20:00:00+00:00,409.836305
10x-risk-005,2022-01-05T20:00:00+00:00,499.852978
10x-risk-005,2022-01-14T12:00:00+00:00,473.925577
10x-risk-005,2022-01-17T03:00:00+00:00,449.967371
10x-risk-005,2022-01-17T21:00:00+00:00,573.595305
10x-risk-005,2022-01-20T15:00:00+00:00,551.129939
10x-risk-005,2022-01-21T02:00:00+00:00,674.687558
10x-risk-005,2022-02-01T09:00:00+00:00,638.179858
10x-risk-005,2022-02-01T10:00:00+00:00,622.50427
10x-risk-005,2022-02-02T08:00:00+00:00,589.884374
10x-risk-005,2022-02-03T10:00:00+00:00,553.465949
10x-risk-005,2022-02-05T00:00:00+00:00,687.58417
10x-risk-005,2022-02-05T04:00:00+00:00,824.568505
10x-risk-005,2022-02-10T20:00:00+00:00,782.27073
10x-risk-005,2022-02-15T04:00:00+00:00,741.419566
10x-risk-005,2022-02-28T14:00:00+00:00,703.122335
10x-risk-005,2022-03-01T00:00:00+00:00,955.901889
10x-risk-005,2022-03-08T15:00:00+00:00,906.582937
10x-risk-005,2022-03-11T11:00:00+00:00,860.936621
10x-risk-005,2022-03-11T11:00:00+00:00,813.877005
10x-risk-005,2022-03-13T03:00:00+00:00,771.24828
10x-risk-005,2022-03-14T09:00:00+00:00,728.372816
10x-risk-005,2022-03-14T22:00:00+00:00,685.257863
10x-risk-005,2022-03-14T22:00:00+00:00,649.75449
10x-risk-005,2022-03-15T14:00:00+00:00,640.072154
10x-risk-005,2022-03-15T15:00:00+00:00,604.135735
10x-risk-005,2022-03-16T02:00:00+00:00,562.95818
10x-risk-005,2022-03-16T03:00:00+00:00,531.042798
10x-risk-005,2022-03-16T04:00:00+00:00,528.367035
10x-risk-005,2022-03-16T09:00:00+00:00,659.856135
10x-risk-005,2022-03-16T18:00:00+00:00,626.297267
10x-risk-005,2022-03-18T14:00:00+00:00,775.811049
10x-risk-005,2022-03-22T02:00:00+00:00,735.775017
10x-risk-005,2022-03-23T15:00:00+00:00,898.854604
10x-risk-005,2022-03-23T16:00:00+00:00,1080.965529
10x-risk-005,2022-03-24T08:00:00+00:00,1263.125988
10x-risk-005,2022-03-25T06:00:00+00:00,1198.870148
10x-risk-005,2022-03-26T15:00:00+00:00,1141.117743
10x-risk-005,2022-03-27T12:00:00+00:00,1082.179973
10x-risk-005,2022-03-27T16:00:00+00:00,1036.679453
10x-risk-005,2022-03-27T23:00:00+00:00,1205.372864
10x-risk-005,2022-03-28T00:00:00+00:00,1473.011572
10x-risk-005,2022-03-28T00:00:00+00:00,1740.708767
10x-risk-005,2022-04-03T18:00:00+00:00,1650.248744
10x-risk-005,2022-04-03T23:00:00+00:00,1559.97135
10x-risk-005,2022-04-04T17:00:00+00:00,1467.685465
10x-risk-005,2022-04-04T21:00:00+00:00,1383.452746
10x-risk-005,2022-04-04T21:00:00+00:00,1305.850341
10x-risk-005,2022-04-05T00:00:00+00:00,1238.334432
10x-risk-005,2022-04-05T14:00:00+00:00,1168.642002
10x-risk-005,2022-04-06T00:00:00+00:00,1103.105277
10x-risk-005,2022-04-06T13:00:00+00:00,1409.440993
10x-risk-005,2022-04-07T00:00:00+00:00,1673.500957
10x-risk-005,2022-04-10T22:00:00+00:00,1585.087267
10x-risk-005,2022-04-11T11:00:00+00:00,1857.846888
10x-risk-005,2022-04-18T18:00:00+00:00,1758.676965
10x-risk-005,2022-04-19T07:00:00+00:00,1659.700623
10x-risk-005,2022-04-21T19:00:00+00:00,1568.442599
10x-risk-005,2022-04-21T22:00:00+00:00,1479.49877
10x-risk-005,2022-04-25T06:00:00+00:00,1871.294578
10x-risk-005,2022-04-26T14:00:00+00:00,1774.685378
10x-risk-005,2022-04-26T14:00:00+00:00,1677.355176
10x-risk-005,2022-04-26T20:00:00+00:00,2043.230386
10x-risk-005,2022-04-28T12:00:00+00:00,1950.404313
10x-risk-005,2022-04-28T13:00:00+00:00,1841.539608
10x-risk-005,2022-04-28T13:00:00+00:00,1734.449603
10x-risk-005,2022-04-28T15:00:00+00:00,1642.1869
10x-risk-005,2022-04-28T17:00:00+00:00,1556.50558
10x-risk-005,2022-04-28T19:00:00+00:00,1483.375261
10x-risk-005,2022-04-29T09:00:00+00:00,1402.946977
10x-risk-005,2022-04-30T22:00:00+00:00,1769.957181
10x-risk-005,2022-05-04T15:00:00+00:00,1674.40182
10x-risk-005,2022-05-04T18:00:00+00:00,1604.856211
10x-risk-005,2022-05-04T18:00:00+00:00,1531.502014
10x-risk-005,2022-05-05T14:00:00+00:00,1452.89457
10x-risk-005,2022-05-05T15:00:00+00:00,1370.501426
10x-risk-005,2022-05-05T15:00:00+00:00,1289.939525
10x-risk-005,2022-05-17T18:00:00+00:00,1222.232906
10x-risk-005,2022-05-18T03:00:00+00:00,1157.232502
10x-risk-005,2022-05-19T07:00:00+00:00,1095.627037
10x-risk-005,2022-05-19T15:00:00+00:00,1034.893588
10x-risk-005,2022-05-20T14:00:00+00:00,979.433718
10x-risk-005,2022-05-20T15:00:00+00:00,926.768786
10x-risk-005,2022-05-23T11:00:00+00:00,868.670313
10x-risk-005,2022-05-23T19:00:00+00:00,818.037896
10x-risk-005,2022-05-24T23:00:00+00:00,775.518762
10x-risk-005,2022-05-25T11:00:00+00:00,734.661529
10x-risk-005,2022-05-25T13:00:00+00:00,705.183428
10x-risk-005,2022-05-26T13:00:00+00:00,907.350064
10x-risk-005,2022-05-26T16:00:00+00:00,858.003338
10x-risk-005,2022-05-30T01:00:00+00:00,815.308254
10x-risk-005,2022-05-30T06:00:00+00:00,777.926133
10x-risk-005,2022-05-30T20:00:00+00:00,979.79693
10x-risk-005,2022-06-08T03:00:00+00:00,930.167625
10x-risk-005,2022-06-09T05:00:00+00:00,882.846447
10x-risk-005,2022-06-09T08:00:00+00:00,834.298385
10x-risk-005,2022-06-09T08:00:00+00:00,787.579014
10x-risk-005,2022-06-09T11:00:00+00:00,745.778037
10x-risk-005,2022-06-09T19:00:00+00:00,707.426046
10x-risk-005,2022-06-10T00:00:00+00:00,669.141548
10x-risk-005,2022-06-10T03:00:00+00:00,634.904551
10x-risk-005,2022-06-10T03:00:00+00:00,601.786531
10x-risk-005,2022-06-10T09:00:00+00:00,570.644504
10x-risk-005,2022-06-10T16:00:00+00:00,645.858609
10x-risk-005,2022-06-11T12:00:00+00:00,785.966509
10x-risk-005,2022-06-11T14:00:00+00:00,945.634435
10x-risk-005,2022-06-12T02:00:00+00:00,1086.788196
10x-risk-005,2022-06-27T13:00:00+00:00,1029.423006
10x-risk-005,2022-06-28T18:00:00+00:00,975.920135
10x-risk-005,2022-06-30T07:00:00+00:00,1217.35157
10x-risk-005,2022-06-30T08:00:00+00:00,1472.007146
10x-risk-005,2022-07-03T20:00:00+00:00,1395.747168
10x-risk-005,2022-07-04T09:00:00+00:00,1320.502161
10x-risk-005,2022-07-05T12:00:00+00:00,1249.002033
10x-risk-005,2022-07-06T04:00:00+00:00,1183.260148
10x-risk-005,2022-07-07T14:00:00+00:00,1476.408754
10x-risk-005,2022-07-07T16:00:00+00:00,1803.337017
10x-risk-005,2022-07-10T14:00:00+00:00,1738.837639
10x-risk-005,2022-07-18T09:00:00+00:00,2169.103345
10x-risk-005,2022-07-23T08:00:00+00:00,2056.695972
10x-risk-005,2022-07-25T00:00:00+00:00,1949.496649
10x-risk-005,2022-07-25T00:00:00+00:00,1842.056479
10x-risk-005,2022-07-26T19:00:00+00:00,2297.696654
10x-risk-005,2022-08-05T01:00:00+00:00,2181.50143
10x-risk-005,2022-08-05T06:00:00+00:00,2061.938605
10x-risk-005,2022-08-05T18:00:00+00:00,1953.292397
10x-risk-005,2022-08-05T21:00:00+00:00,1842.318322
10x-risk-005,2022-08-06T17:00:00+00:00,1742.344641
10x-risk-005,2022-08-07T12:00:00+00:00,1651.836516
10x-risk-005,2022-08-07T13:00:00+00:00,1557.965111
10x-risk-005,2022-08-08T11:00:00+00:00,1943.677942
10x-risk-005,2022-08-08T12:00:00+00:00,2172.056096
10x-risk-005,2022-08-10T12:00:00+00:00,2058.908123
10x-risk-005,2022-08-10T13:00:00+00:00,2569.398033
10x-risk-005,2022-08-12T23:00:00+00:00,2435.070928
10x-risk-005,2022-08-13T20:00:00+00:00,2305.799851
10x-risk-005,2022-08-14T12:00:00+00:00,2183.950531
10x-risk-005,2022-08-15T02:00:00+00:00,2071.476361
10x-risk-005,2022-08-15T03:00:00+00:00,1952.845128
10x-risk-005,2022-08-18T23:00:00+00:00,1813.476139
10x-risk-005,2022-08-26T05:00:00+00:00,1717.762535
10x-risk-005,2022-08-26T05:00:00+00:00,1643.134803
10x-risk-005,2022-08-26T11:00:00+00:00,1551.600202
10x-risk-005,2022-08-26T13:00:00+00:00,1460.984034
10x-risk-005,2022-08-26T13:00:00+00:00,1382.461349
10x-risk-005,2022-08-26T23:00:00+00:00,1724.354764
10x-risk-005,2022-08-31T15:00:00+00:00,1633.150357
10x-risk-005,2022-08-31T19:00:00+00:00,1547.022929
10x-risk-005,2022-09-01T11:00:00+00:00,1466.660256
10x-risk-005,2022-09-01T14:00:00+00:00,1389.539706
10x-risk-005,2022-09-01T17:00:00+00:00,1317.359186
10x-risk-005,2022-09-02T03:00:00+00:00,1236.421731
10x-risk-005,2022-09-02T17:00:00+00:00,1169.771374
10x-risk-005,2022-09-02T17:00:00+00:00,1106.209866
10x-risk-005,2022-09-03T11:00:00+00:00,1055.515288
10x-risk-005,2022-09-04T12:00:00+00:00,1028.325123
10x-risk-005,2022-09-05T10:00:00+00:00,986.313847
10x-risk-005,2022-09-05T23:00:00+00:00,945.668498
10x-risk-005,2022-09-06T00:00:00+00:00,887.98924
10x-risk-005,2022-09-06T01:00:00+00:00,802.889157
10x-risk-005,2022-09-06T13:00:00+00:00,771.675445
10x-risk-005,2022-09-06T17:00:00+00:00,726.815912
10x-risk-005,2022-09-06T17:00:00+00:00,685.07217
10x-risk-005,2022-09-09T04:00:00+00:00,854.68198
10x-risk-005,2022-09-09T05:00:00+00:00,1024.524692
10x-risk-005,2022-09-15T06:00:00+00:00,989.953678
10x-risk-005,2022-09-21T18:00:00+00:00,938.303152
10x-risk-005,2022-09-23T09:00:00+00:00,888.866265
10x-risk-005,2022-09-23T10:00:00+00:00,838.937153
10x-risk-005,2022-09-23T20:00:00+00:00,795.676681
10x-risk-005,2022-09-23T22:00:00+00:00,752.862417
10x-risk-005,2022-09-24T02:00:00+00:00,698.310554
10x-risk-005,2022-09-24T07:00:00+00:00,659.035911
10x-risk-005,2022-09-25T11:00:00+00:00,623.390004
10x-risk-005,2022-09-25T16:00:00+00:00,796.214115
10x-risk-005,2022-09-26T08:00:00+00:00,762.732941
10x-risk-005,2022-09-26T11:00:00+00:00,721.64555
10x-risk-005,2022-09-26T14:00:00+00:00,680.230444
10x-risk-005,2022-09-27T01:00:00+00:00,639.68301
10x-risk-005,2022-09-27T06:00:00+00:00,808.049022
10x-risk-005,2022-09-27T16:00:00+00:00,766.206619
10x-risk-005,2022-09-27T18:00:00+00:00,730.593919
10x-risk-005,2022-09-28T17:00:00+00:00,692.764237
10x-risk-005,2022-09-29T07:00:00+00:00,656.40621
10x-risk-005,2022-09-29T13:00:00+00:00,620.357365
10x-risk-005,2022-09-29T14:00:00+00:00,584.90083
10x-risk-005,2022-09-29T16:00:00+00:00,554.888689
10x-risk-005,2022-09-30T07:00:00+00:00,525.24859
10x-risk-005,2022-09-30T12:00:00+00:00,495.896519
10x-risk-005,2022-09-30T12:00:00+00:00,480.888239
10x-risk-005,2022-09-30T18:00:00+00:00,455.207326
10x-risk-005,2022-09-30T21:00:00+00:00,442.442271
10x-risk-005,2022-10-02T23:00:00+00:00,531.152644
10x-risk-005,2022-10-03T13:00:00+00:00,502.99899
10x-risk-005,2022-10-03T14:00:00+00:00,478.143251
10x-risk-005,2022-10-07T12:00:00+00:00,455.189049
10x-risk-005,2022-10-08T21:00:00+00:00,421.485035
10x-risk-005,2022-10-08T21:00:00+00:00,394.599321
10x-risk-005,2022-10-10T08:00:00+00:00,373.684942
10x-risk-005,2022-10-10T22:00:00+00:00,457.942219
10x-risk-005,2022-10-10T22:00:00+00:00,434.134654
10x-risk-005,2022-10-13T07:00:00+00:00,546.809494
10x-risk-005,2022-10-13T12:00:00+00:00,639.169048
10x-risk-005,2022-10-13T18:00:00+00:00,611.28875
10x-risk-005,2022-10-14T16:00:00+00:00,579.227293
10x-risk-005,2022-10-14T21:00:00+00:00,547.526273
10x-risk-005,2022-10-16T19:00:00+00:00,517.887198
10x-risk-005,2022-10-16T19:00:00+00:00,510.96969
10x-risk-005,2022-10-16T20:00:00+00:00,479.899997
10x-risk-005,2022-10-16T21:00:00+00:00,453.832716
10x-risk-005,2022-10-17T04:00:00+00:00,429.758027
10x-risk-005,2022-10-18T19:00:00+00:00,410.138863
10x-risk-005,2022-10-19T22:00:00+00:00,384.517327
10x-risk-005,2022-10-20T12:00:00+00:00,363.646731
10x-risk-005,2022-10-21T16:00:00+00:00,344.555425
10x-risk-005,2022-10-23T11:00:00+00:00,326.51078
10x-risk-005,2022-10-23T17:00:00+00:00,313.179479
10x-risk-005,2022-10-23T18:00:00+00:00,302.09724
10x-risk-005,2022-10-24T07:00:00+00:00,286.789961
10x-risk-005,2022-10-24T10:00:00+00:00,272.219092
10x-risk-005,2022-10-24T14:00:00+00:00,255.988293
10x-risk-005,2022-10-24T14:00:00+00:00,240.371306
10x-risk-005,2022-10-25T00:00:00+00:00,227.847698
10x-risk-005,2022-10-25T09:00:00+00:00,216.20199
10x-risk-005,2022-10-25T10:00:00+00:00,204.557013
10x-risk-005,2022-10-30T01:00:00+00:00,255.17556
10x-risk-005,2022-11-01T22:00:00+00:00,244.17995
10x-risk-005,2022-11-02T18:00:00+00:00,230.96781
10x-risk-005,2022-11-02T18:00:00+00:00,218.207049
10x-risk-005,2022-11-02T18:00:00+00:00,205.682546
10x-risk-005,2022-11-04T04:00:00+00:00,194.858212
10x-risk-005,2022-11-04T06:00:00+00:00,184.276397
10x-risk-005,2022-11-04T20:00:00+00:00,235.185837
10x-risk-005,2022-11-07T07:00:00+00:00,225.435961
10x-risk-005,2022-11-08T03:00:00+00:00,215.35105
10x-risk-005,2022-11-18T00:00:00+00:00,204.16176
10x-risk-005,2022-11-18T17:00:00+00:00,193.449309
10x-risk-005,2022-11-20T11:00:00+00:00,182.962306
10x-risk-005,2022-11-21T21:00:00+00:00,228.152258
10x-risk-005,2022-11-22T13:00:00+00:00,218.874335
10x-risk-005,2022-11-23T03:00:00+00:00,209.464696
10x-risk-005,2022-11-27T02:00:00+00:00,198.891427
10x-risk-005,2022-11-27T12:00:00+00:00,188.671123
10x-risk-005,2022-11-28T01:00:00+00:00,177.745595
10x-risk-005,2022-11-28T01:00:00+00:00,167.279261
10x-risk-005,2022-11-28T01:00:00+00:00,198.014445
10x-risk-005,2022-11-29T05:00:00+00:00,187.702972
10x-risk-005,2022-11-30T03:00:00+00:00,234.275536
10x-risk-005,2022-11-30T17:00:00+00:00,224.698739
10x-risk-005,2022-11-30T17:00:00+00:00,212.087992
10x-risk-005,2022-11-30T19:00:00+00:00,258.566534
10x-risk-005,2022-12-01T13:00:00+00:00,245.129667
10x-risk-005,2022-12-02T16:00:00+00:00,232.070817
10x-risk-005,2022-12-04T18:00:00+00:00,219.939525
10x-risk-005,2022-12-05T00:00:00+00:00,205.040831
10x-risk-005,2022-12-05T08:00:00+00:00,193.047658
10x-risk-005,2022-12-05T15:00:00+00:00,185.79802
10x-risk-005,2022-12-05T15:00:00+00:00,176.003743
10x-risk-005,2022-12-05T19:00:00+00:00,165.979926
10x-risk-005,2022-12-06T23:00:00+00:00,157.06088
10x-risk-005,2022-12-07T07:00:00+00:00,154.759457
10x-risk-005,2022-12-08T18:00:00+00:00,146.90413
10x-risk-005,2022-12-08T18:00:00+00:00,139.175876
10x-risk-005,2022-12-09T17:00:00+00:00,136.062171
10x-risk-005,2022-12-10T14:00:00+00:00,133.050917
10x-risk-005,2022-12-11T22:00:00+00:00,131.127105
10x-risk-005,2022-12-12T00:00:00+00:00,123.715091
10x-risk-005,2022-12-12T12:00:00+00:00,164.660989
10x-risk-005,2022-12-12T21:00:00+00:00,158.860772
10x-risk-005,2022-12-13T07:00:00+00:00,154.999875
10x-risk-005,2022-12-13T13:00:00+00:00,194.312594
10x-risk-005,2022-12-13T13:00:00+00:00,190.538687
10x-risk-005,2022-12-13T14:00:00+00:00,185.81861
10x-risk-005,2022-12-13T19:00:00+00:00,183.683222
10x-risk-005,2022-12-14T13:00:00+00:00,174.118271
10x-risk-005,2022-12-14T19:00:00+00:00,164.528635
10x-risk-005,2022-12-16T08:00:00+00:00,155.641412
10x-risk-005,2022-12-16T14:00:00+00:00,196.332615
10x-risk-005,2022-12-16T22:00:00+00:00,237.024949
10x-risk-005,2022-12-21T19:00:00+00:00,224.69883
10x-risk-005,2022-12-22T15:00:00+00:00,212.203568
10x-risk-005,2022-12-22T20:00:00+00:00,200.912081
10x-risk-005,2022-12-22T20:00:00+00:00,190.256413
10x-risk-005,2022-12-22T22:00:00+00:00,186.487503
10x-risk-005,2022-12-23T03:00:00+00:00,174.794209
10x-risk-005,2022-12-23T03:00:00+00:00,163.933759
10x-risk-005,2022-12-24T04:00:00+00:00,162.557638
10x-risk-005,2022-12-25T14:00:00+00:00,152.535125
10x-risk-005,2022-12-25T21:00:00+00:00,144.788628
10x-risk-005,2022-12-26T08:00:00+00:00,139.998997
10x-risk-005,2022-12-27T10:00:00+00:00,139.046787
10x-risk-005,2022-12-27T14:00:00+00:00,135.208131
10x-risk-005,2022-12-27T14:00:00+00:00,134.400973
10x-risk-005,2022-12-27T15:00:00+00:00,124.175353
10x-risk-005,2022-12-30T07:00:00+00:00,142.638482
10x-risk-005,2022-12-31T13:00:00+00:00,135.225325
10x-risk-005,2023-01-01T04:00:00+00:00,131.828141
10x-risk-005,2023-01-01T20:00:00+00:00,129.640211
10x-risk-005,2023-01-02T07:00:00+00:00,123.849074
10x-risk-005,2023-01-02T07:00:00+00:00,121.710806
10x-risk-005,2023-01-02T23:00:00+00:00,117.760786
10x-risk-005,2023-01-03T17:00:00+00:00,111.415385
10x-risk-005,2023-01-04T00:00:00+00:00,105.488921
10x-risk-005,2023-01-04T18:00:00+00:00,134.21664
10x-risk-005,2023-01-06T19:00:00+00:00,127.125027
10x-risk-005,2023-01-09T05:00:00+00:00,158.615129
10x-risk-005,2023-01-12T17:00:00+00:00,191.836522
10x-risk-005,2023-01-12T18:00:00+00:00,223.246026
10x-risk-005,2023-01-18T15:00:00+00:00,211.725887
10x-risk-005,2023-01-20T20:00:00+00:00,200.849273
10x-risk-005,2023-01-21T09:00:00+00:00,253.113022
10x-risk-005,2023-01-25T21:00:00+00:00,239.892654
10x-risk-005,2023-01-27T01:00:00+00:00,227.085609
10x-risk-005,2023-01-27T07:00:00+00:00,215.302797
10x-risk-005,2023-01-27T14:00:00+00:00,204.341095
10x-risk-005,2023-01-27T17:00:00+00:00,192.437105
10x-risk-005,2023-01-27T17:00:00+00:00,183.918789
10x-risk-005,2023-01-28T10:00:00+00:00,176.693986
10x-risk-005,2023-01-28T13:00:00+00:00,167.051472
10x-risk-005,2023-01-29T00:00:00+00:00,158.518669
10x-risk-005,2023-01-29T01:00:00+00:00,154.713891
10x-risk-005,2023-01-29T01:00:00+00:00,146.576582
10x-risk-005,2023-01-30T00:00:00+00:00,152.491762
10x-risk-005,2023-01-30T19:00:00+00:00,139.097167
10x-risk-005,2023-01-30T19:00:00+00:00,130.87947
10x-risk-005,2023-01-31T16:00:00+00:00,124.158991
10x-risk-005,2023-02-01T06:00:00+00:00,116.851633
10x-risk-005,2023-02-01T08:00:00+00:00,113.429566
10x-risk-005,2023-02-01T19:00:00+00:00,107.24475
10x-risk-005,2023-02-01T19:00:00+00:00,101.056925
10x-risk-005,2023-02-03T13:00:00+00:00,95.6757
10x-risk-005,2023-02-03T19:00:00+00:00,90.662048
10x-risk-005,2023-02-04T05:00:00+00:00,85.760387
10x-risk-005,2023-02-04T23:00:00+00:00,81.279095
10x-risk-005,2023-02-06T16:00:00+00:00,76.99014
10x-risk-005,2023-02-07T05:00:00+00:00,100.617835
10x-risk-005,2023-02-07T17:00:00+00:00,96.611995
10x-risk-005,2023-02-07T18:00:00+00:00,91.257458
10x-risk-005,2023-02-08T00:00:00+00:00,102.852386
10x-risk-005,2023-02-08T15:00:00+00:00,97.372443
10x-risk-005,2023-02-09T03:00:00+00:00,117.479225
10x-risk-005,2023-02-09T07:00:00+00:00,113.720165
10x-risk-005,2023-02-09T21:00:00+00:00,137.705685
10x-risk-005,2023-02-09T21:00:00+00:00,153.40065
10x-risk-005,2023-02-09T21:00:00+00:00,174.13522
10x-risk-005,2023-02-14T14:00:00+00:00,165.211176
10x-risk-005,2023-02-15T20:00:00+00:00,206.029464
10x-risk-005,2023-02-16T00:00:00+00:00,246.880044
10x-risk-005,2023-02-18T19:00:00+00:00,233.568025
10x-risk-005,2023-02-19T03:00:00+00:00,221.393437
10x-risk-005,2023-02-19T15:00:00+00:00,210.026997
10x-risk-005,2023-02-21T08:00:00+00:00,198.84195
10x-risk-005,2023-02-22T08:00:00+00:00,247.982479
10x-risk-005,2023-02-22T16:00:00+00:00,262.619544
10x-risk-005,2023-02-23T02:00:00+00:00,249.614758
10x-risk-005,2023-02-28T07:00:00+00:00,309.795658
10x-risk-005,2023-02-28T20:00:00+00:00,298.474164
10x-risk-005,2023-03-01T03:00:00+00:00,282.508402
10x-risk-005,2023-03-02T07:00:00+00:00,267.640277
10x-risk-005,2023-03-03T01:00:00+00:00,329.212444
10x-risk-005,2023-03-03T01:00:00+00:00,395.376977
10x-risk-005,2023-03-08T15:00:00+00:00,374.613536
10x-risk-005,2023-03-08T22:00:00+00:00,360.431033
10x-risk-005,2023-03-09T18:00:00+00:00,421.944301
10x-risk-005,2023-03-09T20:00:00+00:00,519.719925
10x-risk-005,2023-03-18T00:00:00+00:00,648.407799
10x-risk-005,2023-03-22T09:00:00+00:00,620.958527
10x-risk-005,2023-03-22T19:00:00+00:00,587.314264
10x-risk-005,2023-03-22T19:00:00+00:00,554.186656
10x-risk-005,2023-03-23T14:00:00+00:00,525.308454
10x-risk-005,2023-03-23T18:00:00+00:00,497.673018
10x-risk-005,2023-03-24T10:00:00+00:00,468.998002
10x-risk-005,2023-03-24T11:00:00+00:00,442.585171
10x-risk-005,2023-03-29T08:00:00+00:00,421.103951
10x-risk-005,2023-03-30T02:00:00+00:00,397.763651
10x-risk-005,2023-03-31T14:00:00+00:00,376.824451
10x-risk-005,2023-04-03T01:00:00+00:00,355.614059
10x-risk-005,2023-04-03T01:00:00+00:00,335.88407
10x-risk-005,2023-04-03T08:00:00+00:00,318.619994
10x-risk-005,2023-04-03T20:00:00+00:00,301.741803
10x-risk-005,2023-04-04T10:00:00+00:00,285.866665
10x-risk-005,2023-04-04T12:00:00+00:00,270.207876
10x-risk-005,2023-04-05T14:00:00+00:00,255.882826
10x-risk-005,2023-04-05T14:00:00+00:00,244.872992
10x-risk-005,2023-04-06T06:00:00+00:00,236.003705
10x-risk-005,2023-04-06T16:00:00+00:00,233.524341
10x-risk-005,2023-04-06T16:00:00+00:00,232.634986
10x-risk-005,2023-04-06T16:00:00+00:00,231.214877
10x-risk-005,2023-04-06T20:00:00+00:00,227.968501
10x-risk-005,2023-04-09T21:00:00+00:00,215.083029
10x-risk-005,2023-04-10T22:00:00+00:00,244.379224
10x-risk-005,2023-04-11T00:00:00+00:00,241.21267
10x-risk-005,2023-04-12T02:00:00+00:00,228.512901
10x-risk-005,2023-04-12T13:00:00+00:00,216.691679
10x-risk-005,2023-04-12T16:00:00+00:00,205.571892
10x-risk-005,2023-04-14T00:00:00+00:00,256.449742
10x-risk-005,2023-04-14T05:00:00+00:00,215.257853
10x-risk-005,2023-04-18T11:00:00+00:00,203.988997
10x-risk-005,2023-04-19T08:00:00+00:00,192.635363
10x-risk-005,2023-04-19T08:00:00+00:00,182.061909
10x-risk-005,2023-04-19T08:00:00+00:00,171.270995
10x-risk-005,2023-04-26T20:00:00+00:00,165.855346
10x-risk-005,2023-04-27T14:00:00+00:00,156.955533
10x-risk-005,2023-04-27T16:00:00+00:00,148.995509
10x-risk-005,2023-04-27T17:00:00+00:00,139.748324
10x-risk-005,2023-04-28T11:00:00+00:00,132.441871
10x-risk-005,2023-04-29T02:00:00+00:00,125.600073
10x-risk-005,2023-04-29T02:00:00+00:00,118.906205
10x-risk-005,2023-04-29T13:00:00+00:00,112.753999
10x-risk-005,2023-04-29T17:00:00+00:00,106.617367
10x-risk-005,2023-04-29T17:00:00+00:00,100.729275
10x-risk-005,2023-04-29T17:00:00+00:00,95.404679
10x-risk-005,2023-04-30T19:00:00+00:00,90.141783
10x-risk-005,2023-04-30T23:00:00+00:00,82.65137
10x-risk-005,2023-05-01T19:00:00+00:00,103.08979
10x-risk-005,2023-05-03T12:00:00+00:00,97.95359
10x-risk-005,2023-05-03T21:00:00+00:00,92.874026
10x-risk-005,2023-05-04T12:00:00+00:00,88.051392
10x-risk-005,2023-05-04T13:00:00+00:00,84.277547
10x-risk-005,2023-05-05T16:00:00+00:00,79.887544
10x-risk-005,2023-05-05T16:00:00+00:00,73.250397
10x-risk-005,2023-05-06T03:00:00+00:00,69.36371
10x-risk-005,2023-05-06T08:00:00+00:00,65.684274
10x-risk-005,2023-05-06T14:00:00+00:00,61.992688
10x-risk-005,2023-05-07T14:00:00+00:00,58.749367
10x-risk-005,2023-05-07T23:00:00+00:00,55.602136
10x-risk-005,2023-05-08T18:00:00+00:00,70.937497
10x-risk-005,2023-05-10T17:00:00+00:00,84.582724
10x-risk-005,2023-05-14T00:00:00+00:00,80.15265
10x-risk-005,2023-05-14T19:00:00+00:00,75.79837
10x-risk-005,2023-05-15T00:00:00+00:00,71.641392
10x-risk-005,2023-05-16T01:00:00+00:00,67.865643
10x-risk-005,2023-05-17T07:00:00+00:00,64.093036
10x-risk-005,2023-05-17T19:00:00+00:00,60.594266
10x-risk-005,2023-05-17T19:00:00+00:00,57.242962
10x-risk-005,2023-05-18T14:00:00+00:00,54.078203
10x-risk-005,2023-05-18T15:00:00+00:00,52.686024
10x-risk-005,2023-05-18T22:00:00+00:00,49.970269
10x-risk-005,2023-05-24T04:00:00+00:00,62.321775
10x-risk-005,2023-05-28T00:00:00+00:00,59.243647
10x-risk-005,2023-05-28T22:00:00+00:00,56.987925
10x-risk-005,2023-05-29T02:00:00+00:00,54.028109
10x-risk-005,2023-05-29T11:00:00+00:00,49.42014
10x-risk-005,2023-05-30T15:00:00+00:00,46.862266
10x-risk-005,2023-06-02T00:00:00+00:00,43.638424
10x-risk-005,2023-06-05T15:00:00+00:00,54.952446
10x-risk-005,2023-06-05T15:00:00+00:00,52.639545
10x-risk-005,2023-06-07T09:00:00+00:00,49.872315
10x-risk-005,2023-06-07T10:00:00+00:00,47.223924
10x-risk-005,2023-06-07T21:00:00+00:00,58.820525
10x-risk-005,2023-06-08T15:00:00+00:00,55.779731
10x-risk-005,2023-06-10T04:00:00+00:00,69.576076
10x-risk-005,2023-06-14T12:00:00+00:00,65.721851
10x-risk-005,2023-06-14T20:00:00+00:00,80.101425
10x-risk-005,2023-06-17T04:00:00+00:00,75.905552
10x-risk-005,2023-06-17T20:00:00+00:00,71.910502
10x-risk-005,2023-06-19T00:00:00+00:00,67.990338
10x-risk-005,2023-06-19T13:00:00+00:00,64.487821
10x-risk-005,2023-06-20T17:00:00+00:00,80.444555
10x-risk-005,2023-06-21T00:00:00+00:00,100.124986
10x-risk-005,2023-06-21T01:00:00+00:00,96.202913
10x-risk-005,2023-06-22T14:00:00+00:00,91.179848
10x-risk-005,2023-06-23T15:00:00+00:00,86.413005
10x-risk-005,2023-06-24T08:00:00+00:00,81.767422
10x-risk-005,2023-06-25T03:00:00+00:00,77.44924
10x-risk-005,2023-06-25T13:00:00+00:00,73.420533
10x-risk-005,2023-06-26T01:00:00+00:00,69.386718
10x-risk-005,2023-06-26T07:00:00+00:00,65.803964
10x-risk-005,2023-06-26T13:00:00+00:00,85.65515
10x-risk-005,2023-06-26T16:00:00+00:00,82.312095
10x-risk-005,2023-06-26T16:00:00+00:00,77.384247
10x-risk-005,2023-06-27T10:00:00+00:00,73.331672
10x-risk-005,2023-06-28T00:00:00+00:00,69.468304
10x-risk-005,2023-06-28T12:00:00+00:00,65.643939
10x-risk-005,2023-06-28T19:00:00+00:00,84.774133
10x-risk-005,2023-06-29T09:00:00+00:00,80.316383
10x-risk-005,2023-06-30T04:00:00+00:00,76.64408
10x-risk-005,2023-06-30T13:00:00+00:00,72.368616
10x-risk-005,2023-06-30T13:00:00+00:00,68.321001
10x-risk-005,2023-06-30T13:00:00+00:00,64.5867
10x-risk-005,2023-06-30T16:00:00+00:00,61.163452
10x-risk-005,2023-06-30T17:00:00+00:00,57.782638
10x-risk-005,2023-06-30T17:00:00+00:00,55.018845
10x-risk-005,2023-07-01T01:00:00+00:00,51.894917
10x-risk-005,2023-07-01T13:00:00+00:00,49.194553
10x-risk-005,2023-07-02T02:00:00+00:00,46.546537
10x-risk-005,2023-07-02T09:00:00+00:00,45.317352
10x-risk-005,2023-07-02T15:00:00+00:00,43.290256
10x-risk-005,2023-07-02T22:00:00+00:00,40.721569
10x-risk-005,2023-07-02T22:00:00+00:00,39.621816
10x-risk-005,2023-07-04T03:00:00+00:00,49.403875
10x-risk-005,2023-07-05T08:00:00+00:00,47.29729
10x-risk-005,2023-07-05T10:00:00+00:00,45.253711
10x-risk-005,2023-07-05T10:00:00+00:00,42.611902
10x-risk-005,2023-07-06T14:00:00+00:00,52.435862
10x-risk-005,2023-07-08T03:00:00+00:00,50.253142
10x-risk-005,2023-07-10T00:00:00+00:00,47.607618
10x-risk-005,2023-07-10T18:00:00+00:00,45.140587
10x-risk-005,2023-07-10T19:00:00+00:00,42.460828
10x-risk-005,2023-07-10T22:00:00+00:00,40.22782
10x-risk-005,2023-07-10T22:00:00+00:00,39.15769
10x-risk-005,2023-07-11T00:00:00+00:00,37.005902
10x-risk-005,2023-07-11T14:00:00+00:00,35.25959
10x-risk-005,2023-07-11T20:00:00+00:00,33.453876
10x-risk-005,2023-07-12T01:00:00+00:00,31.784378
10x-risk-005,2023-07-12T19:00:00+00:00,31.040258
10x-risk-005,2023-07-12T19:00:00+00:00,29.34602
10x-risk-005,2023-07-13T07:00:00+00:00,28.60716
10x-risk-005,2023-07-13T09:00:00+00:00,28.10684
10x-risk-005,2023-07-13T15:00:00+00:00,26.506349
10x-risk-005,2023-07-13T15:00:00+00:00,29.294788
10x-risk-005,2023-07-13T15:00:00+00:00,36.48805
10x-risk-005,2023-07-13T16:00:00+00:00,34.126119
10x-risk-005,2023-07-17T05:00:00+00:00,32.367183
10x-risk-005,2023-07-17T10:00:00+00:00,30.656045
10x-risk-005,2023-07-17T17:00:00+00:00,29.07793
10x-risk-005,2023-07-18T06:00:00+00:00,27.72231
10x-risk-005,2023-08-07T16:00:00+00:00,35.215435
10x-risk-005,2023-08-07T22:00:00+00:00,33.410081
10x-risk-005,2023-08-08T12:00:00+00:00,31.790186
10x-risk-005,2023-08-16T12:00:00+00:00,29.961605
10x-risk-005,2023-08-17T21:00:00+00:00,38.246618
10x-risk-005,2023-08-17T21:00:00+00:00,44.365942
10x-risk-005,2023-08-24T14:00:00+00:00,42.095552
10x-risk-005,2023-08-24T15:00:00+00:00,39.789893
10x-risk-005,2023-08-25T14:00:00+00:00,37.734246
10x-risk-005,2023-08-29T14:00:00+00:00,35.676947
10x-risk-005,2023-08-29T14:00:00+00:00,34.39477
10x-risk-005,2023-08-29T14:00:00+00:00,32.584707
10x-risk-005,2023-08-29T14:00:00+00:00,30.893664
10x-risk-005,2023-08-30T03:00:00+00:00,29.255112
10x-risk-005,2023-08-31T15:00:00+00:00,27.762226
10x-risk-005,2023-08-31T17:00:00+00:00,25.710465
10x-risk-005,2023-09-01T14:00:00+00:00,24.596642
10x-risk-005,2023-09-02T15:00:00+00:00,23.367446
10x-risk-005,2023-09-05T02:00:00+00:00,22.425285
10x-risk-005,2023-09-05T09:00:00+00:00,21.561257
10x-risk-005,2023-09-06T17:00:00+00:00,20.646379
10x-risk-005,2023-09-06T19:00:00+00:00,20.573568
10x-risk-005,2023-09-07T21:00:00+00:00,19.810853
10x-risk-005,2023-09-08T10:00:00+00:00,19.311662
10x-risk-005,2023-09-10T04:00:00+00:00,26.542375
10x-risk-005,2023-09-10T04:00:00+00:00,32.895594
10x-risk-005,2023-09-10T04:00:00+00:00,34.695434
10x-risk-005,2023-09-11T14:00:00+00:00,43.269246
10x-risk-005,2023-09-14T00:00:00+00:00,42.396654
10x-risk-005,2023-09-14T01:00:00+00:00,40.161293
10x-risk-005,2023-09-18T03:00:00+00:00,50.113576
10x-risk-005,2023-09-18T03:00:00+00:00,48.735665
10x-risk-005,2023-09-18T12:00:00+00:00,59.317548
10x-risk-005,2023-09-18T17:00:00+00:00,56.329623
10x-risk-005,2023-09-18T22:00:00+00:00,53.381094
10x-risk-005,2023-09-20T03:00:00+00:00,50.448014
10x-risk-005,2023-09-21T10:00:00+00:00,49.366401
10x-risk-005,2023-09-21T10:00:00+00:00,46.767078
10x-risk-005,2023-09-27T11:00:00+00:00,44.428261
10x-risk-005,2023-09-27T14:00:00+00:00,42.161822
10x-risk-005,2023-09-27T14:00:00+00:00,40.081881
10x-risk-005,2023-09-28T10:00:00+00:00,37.99926
10x-risk-005,2023-09-28T15:00:00+00:00,35.609434
10x-risk-005,2023-10-04T00:00:00+00:00,33.580612
10x-risk-005,2023-10-06T21:00:00+00:00,31.832676
10x-risk-005,2023-10-08T01:00:00+00:00,30.16972
10x-risk-005,2023-10-09T09:00:00+00:00,37.630148
10x-risk-005,2023-10-16T13:00:00+00:00,46.322206
10x-risk-005,2023-10-17T18:00:00+00:00,43.87898
10x-risk-005,2023-10-19T01:00:00+00:00,41.588999
10x-risk-005,2023-10-20T05:00:00+00:00,39.43192
10x-risk-005,2023-10-20T17:00:00+00:00,37.559021
10x-risk-005,2023-10-21T12:00:00+00:00,35.400163
10x-risk-005,2023-10-21T16:00:00+00:00,47.463013
10x-risk-005,2023-10-23T22:00:00+00:00,59.110564
10x-risk-005,2023-10-24T02:00:00+00:00,68.363598
10x-risk-005,2023-10-27T05:00:00+00:00,64.705833
10x-risk-005,2023-10-27T17:00:00+00:00,61.3551
10x-risk-005,2023-10-31T13:00:00+00:00,58.025685
10x-risk-005,2023-11-01T14:00:00+00:00,54.680033
10x-risk-005,2023-11-01T14:00:00+00:00,52.692262
10x-risk-005,2023-11-01T18:00:00+00:00,49.969454
10x-risk-005,2023-11-01T18:00:00+00:00,48.212405
10x-risk-005,2023-11-02T13:00:00+00:00,48.134378
10x-risk-005,2023-11-05T01:00:00+00:00,60.075414
10x-risk-005,2023-11-05T02:00:00+00:00,60.423218
10x-risk-005,2023-11-05T17:00:00+00:00,75.589456
10x-risk-005,2023-11-05T21:00:00+00:00,72.308288
10x-risk-005,2023-11-06T05:00:00+00:00,68.570615
10x-risk-005,2023-11-07T09:00:00+00:00,64.782314
10x-risk-005,2023-11-07T09:00:00+00:00,61.239274
10x-risk-005,2023-11-07T18:00:00+00:00,57.996402
10x-risk-005,2023-11-08T10:00:00+00:00,54.862595
10x-risk-005,2023-11-09T01:00:00+00:00,68.306009
10x-risk-005,2023-11-09T02:00:00+00:00,66.471283
10x-risk-005,2023-11-09T14:00:00+00:00,80.67361
10x-risk-005,2023-11-09T16:00:00+00:00,77.097417
10x-risk-005,2023-11-10T18:00:00+00:00,73.016516
10x-risk-005,2023-11-12T00:00:00+00:00,69.17429
10x-risk-005,2023-11-13T11:00:00+00:00,65.570012
10x-risk-005,2023-11-13T21:00:00+00:00,62.34668
10x-risk-005,2023-11-14T18:00:00+00:00,79.40367
10x-risk-005,2023-11-15T18:00:00+00:00,76.550598
10x-risk-005,2023-11-17T17:00:00+00:00,72.607212
10x-risk-005,2023-11-18T22:00:00+00:00,70.58719
10x-risk-005,2023-11-20T02:00:00+00:00,66.616029
10x-risk-005,2023-11-20T14:00:00+00:00,63.145166
10x-risk-005,2023-11-20T17:00:00+00:00,59.479486
10x-risk-005,2023-11-21T14:00:00+00:00,56.219826
10x-risk-005,2023-11-22T18:00:00+00:00,53.357472
10x-risk-005,2023-11-23T05:00:00+00:00,50.357292
10x-risk-005,2023-11-23T15:00:00+00:00,47.732
10x-risk-005,2023-11-26T16:00:00+00:00,45.057047
10x-risk-005,2023-12-02T19:00:00+00:00,61.413046
10x-risk-005,2023-12-03T20:00:00+00:00,58.255558
10x-risk-005,2023-12-04T05:00:00+00:00,71.076146
10x-risk-005,2023-12-04T09:00:00+00:00,69.170822
10x-risk-005,2023-12-04T11:00:00+00:00,66.17705
10x-risk-005,2023-12-04T20:00:00+00:00,62.937454
10x-risk-005,2023-12-05T07:00:00+00:00,59.521986
10x-risk-005,2023-12-05T18:00:00+00:00,56.286592
10x-risk-005,2023-12-05T22:00:00+00:00,53.404709
10x-risk-005,2023-12-06T05:00:00+00:00,50.370004
10x-risk-005,2023-12-06T05:00:00+00:00,47.632254
10x-risk-005,2023-12-06T09:00:00+00:00,45.181166
10x-risk-005,2023-12-06T11:00:00+00:00,41.720049
10x-risk-005,2023-12-06T11:00:00+00:00,39.393499
10x-risk-005,2023-12-06T11:00:00+00:00,37.050154
10x-risk-005,2023-12-06T15:00:00+00:00,35.133899
10x-risk-005,2023-12-06T21:00:00+00:00,33.253634
10x-risk-005,2023-12-07T04:00:00+00:00,31.340897
10x-risk-005,2023-12-07T05:00:00+00:00,29.638392
10x-risk-005,2023-12-07T05:00:00+00:00,28.260206
10x-risk-005,2023-12-07T09:00:00+00:00,26.73598
10x-risk-005,2023-12-07T09:00:00+00:00,33.711341
10x-risk-005,2023-12-07T13:00:00+00:00,31.934187
10x-risk-005,2023-12-07T14:00:00+00:00,30.184778
10x-risk-005,2023-12-07T19:00:00+00:00,28.59984
10x-risk-005,2023-12-08T06:00:00+00:00,36.055858
10x-risk-005,2023-12-08T14:00:00+00:00,34.451128
10x-risk-005,2023-12-09T00:00:00+00:00,32.644414
10x-risk-005,2023-12-09T08:00:00+00:00,30.920901
10x-risk-005,2023-12-09T23:00:00+00:00,29.313541
10x-risk-005,2023-12-11T02:00:00+00:00,28.276493
10x-risk-005,2023-12-11T12:00:00+00:00,26.816277
10x-risk-005,2023-12-16T04:00:00+00:00,25.464285
10x-risk-005,2023-12-16T07:00:00+00:00,24.168313
10x-risk-005,2023-12-16T12:00:00+00:00,23.887963
10x-risk-005,2023-12-16T19:00:00+00:00,22.842128
10x-risk-005,2023-12-17T19:00:00+00:00,21.689812
10x-risk-005,2023-12-18T01:00:00+00:00,20.595637
10x-risk-005,2023-12-18T10:00:00+00:00,27.224592
10x-risk-005,2023-12-18T21:00:00+00:00,26.046209
10x-risk-005,2023-12-19T14:00:00+00:00,24.703973
10x-risk-005,2023-12-20T02:00:00+00:00,23.416865
10x-risk-005,2023-12-20T07:00:00+00:00,22.203924
10x-risk-005,2023-12-20T13:00:00+00:00,20.962109
10x-risk-005,2023-12-20T19:00:00+00:00,20.027771
10x-risk-005,2023-12-20T20:00:00+00:00,19.2148
10x-risk-005,2023-12-21T06:00:00+00:00,18.462931
10x-risk-005,2023-12-21T10:00:00+00:00,24.260743
10x-risk-005,2023-12-22T07:00:00+00:00,30.260357
10x-risk-005,2023-12-26T09:00:00+00:00,28.815546
10x-risk-005,2023-12-26T16:00:00+00:00,27.131047
10x-risk-005,2023-12-26T17:00:00+00:00,25.495479
10x-risk-005,2023-12-26T17:00:00+00:00,24.035054
10x-risk-005,2023-12-27T10:00:00+00:00,22.71644
10x-risk-005,2023-12-28T05:00:00+00:00,21.521793
10x-risk-005,2023-12-28T07:00:00+00:00,20.327607
10x-risk-005,2023-12-31T12:00:00+00:00,19.298279
10x-risk-005,2024-01-01T15:00:00+00:00,18.326412
10x-risk-005,2024-01-01T18:00:00+00:00,17.578588
10x-risk-005,2024-01-02T09:00:00+00:00,16.919306
10x-risk-005,2024-01-02T14:00:00+00:00,16.054827
10x-risk-005,2024-01-03T05:00:00+00:00,15.215214
10x-risk-005,2024-01-03T12:00:00+00:00,14.197688
10x-risk-005,2024-01-03T12:00:00+00:00,18.16036
10x-risk-005,2024-01-03T12:00:00+00:00,17.387191
10x-risk-005,2024-01-03T13:00:00+00:00,16.461608
10x-risk-005,2024-01-04T04:00:00+00:00,15.575062
10x-risk-005,2024-01-05T01:00:00+00:00,14.721829
10x-risk-005,2024-01-05T01:00:00+00:00,14.008792
10x-risk-005,2024-01-05T04:00:00+00:00,13.636588
10x-risk-005,2024-01-05T09:00:00+00:00,12.919836
10x-risk-005,2024-01-05T14:00:00+00:00,12.223556
10x-risk-005,2024-01-05T20:00:00+00:00,11.782404
10x-risk-005,2024-01-06T01:00:00+00:00,13.855318
10x-risk-005,2024-01-06T06:00:00+00:00,13.035543
10x-risk-005,2024-01-06T09:00:00+00:00,12.380161
10x-risk-005,2024-01-06T16:00:00+00:00,11.754864
10x-risk-005,2024-01-07T00:00:00+00:00,14.564063
10x-risk-005,2024-01-07T17:00:00+00:00,13.718802
10x-risk-005,2024-01-08T06:00:00+00:00,13.098835
10x-risk-005,2024-01-08T12:00:00+00:00,12.399178
10x-risk-005,2024-01-10T21:00:00+00:00,15.441086
10x-risk-005,2024-01-10T21:00:00+00:00,18.506645
10x-risk-005,2024-01-12T06:00:00+00:00,17.525309
10x-risk-005,2024-01-14T19:00:00+00:00,16.674537
10x-risk-005,2024-01-14T19:00:00+00:00,16.16189
10x-risk-005,2024-01-15T06:00:00+00:00,15.343421
10x-risk-005,2024-01-16T05:00:00+00:00,14.994809
10x-risk-005,2024-01-16T14:00:00+00:00,18.825834
10x-risk-005,2024-01-16T14:00:00+00:00,18.494275
10x-risk-005,2024-01-18T00:00:00+00:00,20.883438
10x-risk-005,2024-01-18T16:00:00+00:00,24.865981
10x-risk-005,2024-01-18T16:00:00+00:00,29.339132
10x-risk-005,2024-01-18T16:00:00+00:00,27.851092
10x-risk-005,2024-01-18T23:00:00+00:00,26.359689
10x-risk-005,2024-01-19T04:00:00+00:00,25.210894
10x-risk-005,2024-01-19T15:00:00+00:00,23.863596
10x-risk-005,2024-01-19T16:00:00+00:00,29.017504
10x-risk-005,2024-01-19T19:00:00+00:00,27.856524
10x-risk-005,2024-01-22T09:00:00+00:00,26.38707
10x-risk-005,2024-01-22T10:00:00+00:00,25.285212
10x-risk-005,2024-01-25T21:00:00+00:00,23.987646
10x-risk-005,2024-01-26T02:00:00+00:00,22.656897
10x-risk-005,2024-01-26T16:00:00+00:00,21.420229
10x-risk-005,2024-01-26T19:00:00+00:00,27.002153
10x-risk-005,2024-01-28T22:00:00+00:00,25.626462
10x-risk-005,2024-01-30T02:00:00+00:00,24.240005
10x-risk-005,2024-01-30T11:00:00+00:00,30.507713
10x-risk-005,2024-01-31T05:00:00+00:00,36.501492
10x-risk-005,2024-02-01T01:00:00+00:00,45.523757
10x-risk-005,2024-02-01T17:00:00+00:00,43.209421
10x-risk-005,2024-02-02T12:00:00+00:00,41.37454
10x-risk-005,2024-02-02T13:00:00+00:00,39.707345
10x-risk-005,2024-02-03T13:00:00+00:00,37.630024
10x-risk-005,2024-02-04T22:00:00+00:00,35.283674
10x-risk-005,2024-02-05T05:00:00+00:00,33.441296
10x-risk-005,2024-02-05T15:00:00+00:00,31.854698
10x-risk-005,2024-02-06T02:00:00+00:00,31.16098
10x-risk-005,2024-02-07T17:00:00+00:00,35.09773
10x-risk-005,2024-02-07T21:00:00+00:00,33.260071
10x-risk-005,2024-02-08T16:00:00+00:00,31.588544
10x-risk-005,2024-02-09T01:00:00+00:00,29.950197
10x-risk-005,2024-02-09T13:00:00+00:00,28.419132
10x-risk-005,2024-02-09T15:00:00+00:00,35.042103
10x-risk-005,2024-02-10T18:00:00+00:00,33.246032
10x-risk-005,2024-02-11T04:00:00+00:00,40.651062
10x-risk-005,2024-02-11T05:00:00+00:00,48.874825
10x-risk-005,2024-02-12T15:00:00+00:00,46.310238
10x-risk-005,2024-02-13T13:00:00+00:00,43.778957
10x-risk-005,2024-02-14T15:00:00+00:00,41.586992
10x-risk-005,2024-02-14T23:00:00+00:00,39.460118
10x-risk-005,2024-02-15T03:00:00+00:00,50.256303
10x-risk-005,2024-02-16T05:00:00+00:00,47.789404
10x-risk-005,2024-02-20T01:00:00+00:00,45.099766
10x-risk-005,2024-02-20T01:00:00+00:00,42.632101
10x-risk-005,2024-02-20T15:00:00+00:00,39.964102
10x-risk-005,2024-02-20T22:00:00+00:00,37.902898
10x-risk-005,2024-02-21T07:00:00+00:00,36.352692
10x-risk-005,2024-02-21T23:00:00+00:00,34.973276
10x-risk-005,2024-02-22T16:00:00+00:00,34.160271
10x-risk-005,2024-02-23T02:00:00+00:00,44.693508
10x-risk-005,2024-02-23T15:00:00+00:00,55.170476
10x-risk-005,2024-02-25T02:00:00+00:00,54.55141
10x-risk-005,2024-02-26T00:00:00+00:00,68.210302
10x-risk-005,2024-02-26T09:00:00+00:00,65.034772
10x-risk-005,2024-02-26T09:00:00+00:00,61.47116
10x-risk-005,2024-02-26T14:00:00+00:00,58.043082
10x-risk-005,2024-02-26T15:00:00+00:00,71.649172
10x-risk-005,2024-02-26T15:00:00+00:00,70.815379
10x-risk-005,2024-02-27T13:00:00+00:00,66.68439
10x-risk-005,2024-02-28T09:00:00+00:00,63.324426
10x-risk-005,2024-02-28T10:00:00+00:00,59.93618
10x-risk-005,2024-02-28T17:00:00+00:00,56.74596
10x-risk-005,2024-02-28T22:00:00+00:00,53.796831
10x-risk-005,2024-02-29T07:00:00+00:00,51.306645
10x-risk-005,2024-02-29T22:00:00+00:00,48.66352
10x-risk-005,2024-03-01T23:00:00+00:00,46.291786
10x-risk-005,2024-03-02T01:00:00+00:00,44.139897
10x-risk-005,2024-03-02T02:00:00+00:00,41.880092
10x-risk-005,2024-03-02T09:00:00+00:00,39.020643
10x-risk-005,2024-03-02T09:00:00+00:00,36.884306
10x-risk-005,2024-03-02T16:00:00+00:00,35.147125
10x-risk-005,2024-03-03T00:00:00+00:00,45.479772
10x-risk-005,2024-03-03T01:00:00+00:00,43.866016
10x-risk-005,2024-03-03T07:00:00+00:00,51.984108
10x-risk-005,2024-03-03T07:00:00+00:00,49.738459
10x-risk-005,2024-03-03T20:00:00+00:00,46.874849
10x-risk-005,2024-03-05T04:00:00+00:00,44.59581
10x-risk-005,2024-03-05T14:00:00+00:00,42.920437
10x-risk-005,2024-03-05T14:00:00+00:00,40.591499
10x-risk-005,2024-03-05T16:00:00+00:00,37.427724
10x-risk-005,2024-03-05T16:00:00+00:00,35.485679
10x-risk-005,2024-03-07T11:00:00+00:00,33.588478
10x-risk-005,2024-03-07T14:00:00+00:00,42.329106
10x-risk-005,2024-03-08T15:00:00+00:00,40.238594
10x-risk-005,2024-03-08T15:00:00+00:00,38.105025
10x-risk-005,2024-03-09T03:00:00+00:00,36.052155
10x-risk-005,2024-03-09T10:00:00+00:00,33.921716
10x-risk-005,2024-03-09T17:00:00+00:00,32.007148
10x-risk-005,2024-03-10T12:00:00+00:00,30.06537
10x-risk-005,2024-03-10T21:00:00+00:00,28.540837
10x-risk-005,2024-03-11T11:00:00+00:00,27.055965
10x-risk-005,2024-03-12T06:00:00+00:00,25.673319
10x-risk-005,2024-03-12T18:00:00+00:00,24.397046
10x-risk-005,2024-03-13T13:00:00+00:00,23.02749
10x-risk-005,2024-03-14T00:00:00+00:00,21.920041
10x-risk-005,2024-03-14T04:00:00+00:00,20.789245
10x-risk-005,2024-03-14T08:00:00+00:00,19.735239
10x-risk-005,2024-03-14T13:00:00+00:00,18.168473
10x-risk-005,2024-03-15T02:00:00+00:00,17.223529
10x-risk-005,2024-03-15T03:00:00+00:00,22.099784
10x-risk-005,2024-03-15T20:00:00+00:00,20.976108
10x-risk-005,2024-03-16T17:00:00+00:00,26.14502
10x-risk-005,2024-03-20T18:00:00+00:00,24.803214
10x-risk-005,2024-03-22T19:00:00+00:00,23.511264
10x-risk-005,2024-03-22T23:00:00+00:00,22.280314
10x-risk-005,2024-03-23T03:00:00+00:00,21.103698
10x-risk-005,2024-03-24T04:00:00+00:00,19.996588
10x-risk-005,2024-03-24T09:00:00+00:00,18.962207
10x-risk-005,2024-03-24T10:00:00+00:00,17.928384
10x-risk-005,2024-03-24T21:00:00+00:00,16.980383
10x-risk-005,2024-03-25T14:00:00+00:00,21.295957
10x-risk-005,2024-03-26T10:00:00+00:00,25.729097
10x-risk-005,2024-03-27T07:00:00+00:00,24.497337
10x-risk-005,2024-03-28T14:00:00+00:00,23.254337
10x-risk-005,2024-03-29T10:00:00+00:00,28.099368
10x-risk-005,2024-03-30T02:00:00+00:00,26.726381
10x-risk-005,2024-03-30T16:00:00+00:00,33.344143
10x-risk-005,2024-03-31T05:00:00+00:00,31.66061
10x-risk-005,2024-03-31T09:00:00+00:00,29.913305
10x-risk-005,2024-04-01T05:00:00+00:00,28.653083
10x-risk-005,2024-04-01T05:00:00+00:00,26.996255
10x-risk-005,2024-04-02T02:00:00+00:00,25.801119
10x-risk-005,2024-04-05T16:00:00+00:00,24.555268
10x-risk-005,2024-04-08T08:00:00+00:00,23.379801
10x-risk-005,2024-04-09T04:00:00+00:00,22.194655
10x-risk-005,2024-04-10T12:00:00+00:00,27.667588
10x-risk-005,2024-04-10T12:00:00+00:00,26.171393
10x-risk-005,2024-04-12T18:00:00+00:00,32.848173
10x-risk-005,2024-04-12T18:00:00+00:00,31.451274
10x-risk-005,2024-04-12T18:00:00+00:00,30.113632
10x-risk-005,2024-04-24T01:00:00+00:00,28.558754
10x-risk-005,2024-04-24T05:00:00+00:00,27.020456
10x-risk-005,2024-04-24T13:00:00+00:00,25.624843
10x-risk-005,2024-04-28T14:00:00+00:00,24.232595
10x-risk-005,2024-04-28T18:00:00+00:00,31.495707
10x-risk-005,2024-04-28T23:00:00+00:00,29.863748
10x-risk-005,2024-04-29T23:00:00+00:00,28.356732
10x-risk-005,2024-04-30T04:00:00+00:00,26.847187
10x-risk-005,2024-04-30T06:00:00+00:00,25.256899
10x-risk-005,2024-05-01T07:00:00+00:00,31.22185
10x-risk-005,2024-05-01T07:00:00+00:00,37.347427
10x-risk-005,2024-05-07T08:00:00+00:00,35.450832
10x-risk-005,2024-05-07T08:00:00+00:00,33.594748
10x-risk-005,2024-05-07T11:00:00+00:00,31.543679
10x-risk-005,2024-05-07T20:00:00+00:00,29.961958
10x-risk-005,2024-05-09T11:00:00+00:00,37.54857
10x-risk-005,2024-05-10T14:00:00+00:00,35.650886
10x-risk-005,2024-05-12T15:00:00+00:00,33.757698
10x-risk-005,2024-05-13T02:00:00+00:00,41.459514
10x-risk-005,2024-05-13T03:00:00+00:00,48.801416
10x-risk-005,2024-05-13T06:00:00+00:00,46.199999
10x-risk-005,2024-05-13T09:00:00+00:00,44.451919
10x-risk-005,2024-05-14T06:00:00+00:00,42.110361
10x-risk-005,2024-05-14T06:00:00+00:00,39.684926
10x-risk-005,2024-05-14T10:00:00+00:00,37.660113
10x-risk-005,2024-05-14T14:00:00+00:00,39.997598
10x-risk-005,2024-05-15T09:00:00+00:00,37.958288
10x-risk-005,2024-05-15T12:00:00+00:00,35.924092
10x-risk-005,2024-05-15T12:00:00+00:00,33.87828
10x-risk-005,2024-05-16T12:00:00+00:00,32.089359
10x-risk-005,2024-05-17T14:00:00+00:00,40.263977
10x-risk-005,2024-05-20T04:00:00+00:00,38.095744
10x-risk-005,2024-05-20T12:00:00+00:00,36.219164
10x-risk-005,2024-05-20T16:00:00+00:00,35.168763
10x-risk-005,2024-05-20T19:00:00+00:00,43.313535
10x-risk-005,2024-05-20T21:00:00+00:00,52.015168
10x-risk-005,2024-05-22T18:00:00+00:00,49.500901
10x-risk-005,2024-05-23T01:00:00+00:00,47.182362
10x-risk-005,2024-05-24T18:00:00+00:00,45.093725
10x-risk-005,2024-05-24T18:00:00+00:00,42.728249
10x-risk-005,2024-05-26T20:00:00+00:00,40.505712
10x-risk-005,2024-05-30T07:00:00+00:00,38.09942
10x-risk-005,2024-05-30T18:00:00+00:00,36.142623
10x-risk-005,2024-05-31T09:00:00+00:00,34.380316
10x-risk-005,2024-05-31T14:00:00+00:00,44.185203
10x-risk-005,2024-06-02T14:00:00+00:00,41.95972
10x-risk-005,2024-06-02T17:00:00+00:00,39.745409
10x-risk-005,2024-06-05T01:00:00+00:00,38.16826
10x-risk-005,2024-06-06T14:00:00+00:00,47.513993
10x-risk-005,2024-06-07T18:00:00+00:00,57.342616
10x-risk-005,2024-06-07T18:00:00+00:00,69.087448
10x-risk-005,2024-06-11T13:00:00+00:00,80.560039
10x-risk-005,2024-06-11T15:00:00+00:00,97.652412
10x-risk-005,2024-06-17T10:00:00+00:00,92.416826
10x-risk-005,2024-06-17T18:00:00+00:00,87.561804
10x-risk-005,2024-06-19T03:00:00+00:00,83.169851
10x-risk-005,2024-06-21T07:00:00+00:00,78.825339
10x-risk-005,2024-06-21T10:00:00+00:00,74.830028
10x-risk-005,2024-06-21T19:00:00+00:00,72.484133
10x-risk-005,2024-06-22T08:00:00+00:00,68.673563
10x-risk-005,2024-06-24T09:00:00+00:00,91.288532
10x-risk-005,2024-06-24T09:00:00+00:00,104.107673
10x-risk-005,2024-06-24T12:00:00+00:00,98.930149
10x-risk-005,2024-06-24T17:00:00+00:00,93.551596
10x-risk-005,2024-06-24T19:00:00+00:00,109.756915
10x-risk-005,2024-06-24T20:00:00+00:00,110.734179
10x-risk-005,2024-06-26T10:00:00+00:00,104.841905
10x-risk-005,2024-06-26T20:00:00+00:00,99.399758
10x-risk-005,2024-06-27T05:00:00+00:00,94.285884
10x-risk-005,2024-06-27T12:00:00+00:00,89.430422
10x-risk-005,2024-06-27T13:00:00+00:00,84.481721
10x-risk-005,2024-06-28T13:00:00+00:00,80.05214
10x-risk-005,2024-06-28T15:00:00+00:00,75.851245
10x-risk-005,2024-06-28T21:00:00+00:00,71.288647
10x-risk-005,2024-06-29T03:00:00+00:00,67.588356
10x-risk-005,2024-06-30T07:00:00+00:00,64.278309
10x-risk-005,2024-06-30T18:00:00+00:00,60.497914
10x-risk-005,2024-06-30T18:00:00+00:00,58.184927
10x-risk-005,2024-07-02T14:00:00+00:00,55.401624
10x-risk-005,2024-07-02T22:00:00+00:00,53.326995
10x-risk-005,2024-07-03T01:00:00+00:00,50.078675
10x-risk-005,2024-07-03T03:00:00+00:00,47.467277
10x-risk-005,2024-07-03T10:00:00+00:00,53.422998
10x-risk-005,2024-07-04T01:00:00+00:00,65.15257
10x-risk-005,2024-07-04T12:00:00+00:00,92.551347
10x-risk-005,2024-07-08T08:00:00+00:00,88.858882
10x-risk-005,2024-07-11T00:00:00+00:00,84.270294
10x-risk-005,2024-07-11T15:00:00+00:00,79.828446
10x-risk-005,2024-07-12T01:00:00+00:00,74.915448
10x-risk-005,2024-07-12T13:00:00+00:00,71.626046
10x-risk-005,2024-07-12T18:00:00+00:00,93.412356
10x-risk-005,2024-07-12T20:00:00+00:00,89.645501
10x-risk-005,2024-07-13T05:00:00+00:00,87.330175
10x-risk-005,2024-07-14T21:00:00+00:00,103.692569
10x-risk-005,2024-07-15T15:00:00+00:00,125.885393
10x-risk-005,2024-07-16T16:00:00+00:00,146.35132
10x-risk-005,2024-07-21T15:00:00+00:00,182.576089
10x-risk-005,2024-07-23T08:00:00+00:00,175.266526
10x-risk-005,2024-07-23T13:00:00+00:00,165.90749
10x-risk-005,2024-07-24T05:00:00+00:00,211.110798
10x-risk-005,2024-07-25T01:00:00+00:00,263.149023
10x-risk-005,2024-07-25T02:00:00+00:00,296.335079
10x-risk-005,2024-07-25T20:00:00+00:00,369.643236
10x-risk-005,2024-07-27T17:00:00+00:00,350.201273
10x-risk-005,2024-07-27T20:00:00+00:00,330.994074
10x-risk-005,2024-07-29T23:00:00+00:00,412.849731
10x-risk-005,2024-07-30T19:00:00+00:00,494.755937
10x-risk-005,2024-07-30T20:00:00+00:00,596.878262
10x-risk-005,2024-07-31T20:00:00+00:00,641.867381
10x-risk-005,2024-08-01T01:00:00+00:00,610.821618
10x-risk-005,2024-08-03T00:00:00+00:00,761.637892
10x-risk-005,2024-08-13T03:00:00+00:00,721.937985
10x-risk-005,2024-08-13T14:00:00+00:00,685.267344
10x-risk-005,2024-08-15T18:00:00+00:00,645.681975
10x-risk-005,2024-08-15T18:00:00+00:00,610.284284
10x-risk-005,2024-08-15T19:00:00+00:00,570.64826
10x-risk-005,2024-08-16T08:00:00+00:00,539.55886
10x-risk-005,2024-08-16T11:00:00+00:00,511.511129
10x-risk-005,2024-08-16T19:00:00+00:00,483.791888
10x-risk-005,2024-08-18T10:00:00+00:00,457.896151
10x-risk-005,2024-08-18T16:00:00+00:00,428.309361
10x-risk-005,2024-08-19T00:00:00+00:00,402.973661
10x-risk-005,2024-08-19T00:00:00+00:00,380.523577
10x-risk-005,2024-08-19T09:00:00+00:00,357.06879
10x-risk-005,2024-08-19T13:00:00+00:00,337.689217
10x-risk-005,2024-08-19T17:00:00+00:00,319.118452
10x-risk-005,2024-08-19T17:00:00+00:00,301.28411
10x-risk-005,2024-08-19T20:00:00+00:00,285.137211
10x-risk-005,2024-08-20T00:00:00+00:00,265.503079
10x-risk-005,2024-08-20T07:00:00+00:00,335.9137
10x-risk-005,2024-08-20T14:00:00+00:00,322.136863
10x-risk-005,2024-08-20T14:00:00+00:00,305.559008
10x-risk-005,2024-08-20T15:00:00+00:00,292.032547
10x-risk-005,2024-08-21T01:00:00+00:00,276.714174
10x-risk-005,2024-08-21T08:00:00+00:00,262.253203
10x-risk-005,2024-08-21T13:00:00+00:00,250.347014
10x-risk-005,2024-08-21T15:00:00+00:00,248.485862
10x-risk-005,2024-08-21T17:00:00+00:00,233.301213
10x-risk-005,2024-08-21T19:00:00+00:00,220.551306
10x-risk-005,2024-08-22T02:00:00+00:00,209.154362
10x-risk-005,2024-08-23T09:00:00+00:00,273.750982
10x-risk-005,2024-08-23T19:00:00+00:00,325.415828
10x-risk-005,2024-08-23T21:00:00+00:00,383.163496
10x-risk-005,2024-08-27T12:00:00+00:00,368.281137
10x-risk-005,2024-08-31T16:00:00+00:00,349.193267
10x-risk-005,2024-09-01T05:00:00+00:00,443.760324
10x-risk-005,2024-09-02T08:00:00+00:00,420.336182
10x-risk-005,2024-09-02T09:00:00+00:00,398.268307
10x-risk-005,2024-09-02T14:00:00+00:00,377.487525
10x-risk-005,2024-09-02T20:00:00+00:00,359.645587
10x-risk-005,2024-09-03T13:00:00+00:00,340.655001
10x-risk-005,2024-09-03T15:00:00+00:00,322.183977
10x-risk-005,2024-09-05T15:00:00+00:00,305.571793
10x-risk-005,2024-09-06T12:00:00+00:00,289.867875
10x-risk-005,2024-09-06T12:00:00+00:00,274.858701
10x-risk-005,2024-09-08T04:00:00+00:00,257.594246
10x-risk-005,2024-09-08T14:00:00+00:00,244.119973
10x-risk-005,2024-09-08T21:00:00+00:00,231.23843
10x-risk-005,2024-09-09T17:00:00+00:00,216.920382
10x-risk-005,2024-09-11T13:00:00+00:00,205.753586
10x-risk-005,2024-09-11T17:00:00+00:00,189.271728
10x-risk-005,2024-09-13T21:00:00+00:00,236.119162
10x-risk-005,2024-09-14T05:00:00+00:00,293.364922
10x-risk-005,2024-09-15T21:00:00+00:00,280.819738
10x-risk-005,2024-09-15T23:00:00+00:00,270.594448
10x-risk-005,2024-09-17T14:00:00+00:00,256.969276
10x-risk-005,2024-09-18T18:00:00+00:00,247.586605
10x-risk-005,2024-09-19T00:00:00+00:00,232.851018
10x-risk-005,2024-09-19T00:00:00+00:00,296.41704
10x-risk-005,2024-09-23T14:00:00+00:00,280.399805
10x-risk-005,2024-09-24T07:00:00+00:00,349.852985
10x-risk-005,2024-09-26T16:00:00+00:00,423.2632
10x-risk-005,2024-09-27T09:00:00+00:00,509.837429
10x-risk-005,2024-09-27T14:00:00+00:00,483.623581
10x-risk-005,2024-09-28T05:00:00+00:00,457.63756
10x-risk-005,2024-09-30T10:00:00+00:00,433.734286
10x-risk-005,2024-10-01T12:00:00+00:00,410.905829
10x-risk-005,2024-10-01T14:00:00+00:00,390.764806
10x-risk-005,2024-10-01T15:00:00+00:00,374.642237
10x-risk-005,2024-10-01T17:00:00+00:00,481.76387
10x-risk-005,2024-10-04T08:00:00+00:00,601.034809
10x-risk-005,2024-10-14T15:00:00+00:00,582.587236
10x-risk-005,2024-10-16T11:00:00+00:00,551.748206
10x-risk-005,2024-10-20T22:00:00+00:00,525.081932
10x-risk-005,2024-10-21T13:00:00+00:00,497.374744
10x-risk-005,2024-10-24T21:00:00+00:00,472.866444
10x-risk-005,2024-10-25T17:00:00+00:00,447.655355
10x-risk-005,2024-10-27T17:00:00+00:00,424.737955
10x-risk-005,2024-11-01T02:00:00+00:00,401.368021
10x-risk-005,2024-11-03T14:00:00+00:00,371.458017
10x-risk-005,2024-11-06T01:00:00+00:00,351.794399
10x-risk-005,2024-11-07T17:00:00+00:00,443.467076
10x-risk-005,2024-11-12T00:00:00+00:00,428.070357
10x-risk-005,2024-11-14T14:00:00+00:00,405.797344
10x-risk-005,2024-11-14T23:00:00+00:00,384.771025
10x-risk-005,2024-11-15T09:00:00+00:00,364.679548
10x-risk-005,2024-11-16T11:00:00+00:00,343.141782
10x-risk-005,2024-11-16T11:00:00+00:00,324.061436
10x-risk-005,2024-11-16T15:00:00+00:00,306.652882
10x-risk-005,2024-11-16T22:00:00+00:00,292.324018
10x-risk-005,2024-11-17T14:00:00+00:00,275.823469
10x-risk-005,2024-11-18T03:00:00+00:00,261.085015
10x-risk-005,2024-11-18T03:00:00+00:00,250.739892
10x-risk-005,2024-11-18T09:00:00+00:00,244.460367
10x-risk-005,2024-11-18T11:00:00+00:00,231.85539
10x-risk-005,2024-11-18T15:00:00+00:00,218.035873
10x-risk-005,2024-11-18T15:00:00+00:00,280.098083
10x-risk-005,2024-11-18T15:00:00+00:00,264.717071
10x-risk-005,2024-11-18T19:00:00+00:00,251.10059
10x-risk-005,2024-11-18T23:00:00+00:00,301.285999
10x-risk-005,2024-11-20T08:00:00+00:00,286.017023
10x-risk-005,2024-11-20T14:00:00+00:00,284.514671
10x-risk-005,2024-11-20T14:00:00+00:00,278.261782
10x-risk-005,2024-11-20T17:00:00+00:00,270.421443
10x-risk-005,2024-11-21T04:00:00+00:00,263.914214
10x-risk-005,2024-11-21T13:00:00+00:00,249.155046
10x-risk-005,2024-11-22T04:00:00+00:00,272.438132
10x-risk-005,2024-11-22T07:00:00+00:00,259.04198
10x-risk-005,2024-11-23T07:00:00+00:00,320.661907
10x-risk-005,2024-11-26T00:00:00+00:00,304.247266
10x-risk-005,2024-11-26T01:00:00+00:00,286.872931
10x-risk-005,2024-11-27T04:00:00+00:00,272.15676
10x-risk-005,2024-11-30T01:00:00+00:00,258.042883
10x-risk-005,2024-11-30T22:00:00+00:00,244.404008
10x-risk-005,2024-12-01T15:00:00+00:00,311.496798
10x-risk-005,2024-12-02T04:00:00+00:00,295.143813
10x-risk-005,2024-12-03T01:00:00+00:00,280.413973
10x-risk-005,2024-12-04T00:00:00+00:00,265.941236
10x-risk-005,2024-12-04T02:00:00+00:00,254.71506
10x-risk-005,2024-12-04T16:00:00+00:00,241.581574
10x-risk-005,2024-12-04T20:00:00+00:00,304.526653
10x-risk-005,2024-12-05T03:00:00+00:00,369.710826
10x-risk-005,2024-12-05T20:00:00+00:00,349.871891
10x-risk-005,2024-12-05T20:00:00+00:00,329.795088
10x-risk-005,2024-12-08T23:00:00+00:00,314.681744
10x-risk-005,2024-12-09T17:00:00+00:00,296.168805
10x-risk-005,2024-12-14T06:00:00+00:00,282.602561
10x-risk-005,2024-12-15T23:00:00+00:00,268.907602
10x-risk-005,2024-12-16T00:00:00+00:00,254.163905
10x-risk-005,2024-12-16T03:00:00+00:00,240.761495
10x-risk-005,2024-12-17T14:00:00+00:00,286.507105
10x-risk-005,2024-12-17T15:00:00+00:00,271.736235
10x-risk-005,2024-12-18T20:00:00+00:00,254.755394
10x-risk-005,2024-12-19T17:00:00+00:00,321.912007
10x-risk-005,2024-12-23T20:00:00+00:00,304.150291
10x-risk-005,2024-12-24T02:00:00+00:00,288.530081
10x-risk-005,2024-12-24T17:00:00+00:00,273.516772
10x-risk-005,2024-12-24T23:00:00+00:00,259.101248
10x-risk-005,2024-12-25T21:00:00+00:00,245.2508
10x-risk-005,2024-12-26T10:00:00+00:00,230.865102
10x-risk-005,2024-12-26T20:00:00+00:00,294.883087
10x-risk-005,2024-12-28T05:00:00+00:00,279.59762
10x-risk-005,2024-12-28T13:00:00+00:00,264.694469
10x-risk-005,2024-12-28T22:00:00+00:00,249.594367
10x-risk-005,2024-12-30T01:00:00+00:00,236.720972
10x-risk-005,2024-12-30T01:00:00+00:00,223.736523
10x-risk-005,2024-12-30T01:00:00+00:00,212.160096
10x-risk-005,2024-12-30T06:00:00+00:00,201.079094
10x-risk-005,2024-12-30T06:00:00+00:00,190.329703
10x-risk-005,2024-12-30T06:00:00+00:00,182.824414
10x-risk-005,2024-12-30T13:00:00+00:00,171.591775
10x-risk-005,2024-12-30T13:00:00+00:00,161.983079
10x-risk-005,2024-12-30T13:00:00+00:00,153.140826
10x-risk-005,2024-12-30T18:00:00+00:00,145.30744
10x-risk-005,2024-12-30T18:00:00+00:00,140.436759
10x-risk-005,2024-12-30T18:00:00+00:00,132.939273
10x-risk-005,2024-12-31T08:00:00+00:00,125.882313
10x-risk-005,2024-12-31T08:00:00+00:00,122.027341
10x-risk-005,2024-12-31T22:00:00+00:00,115.695465
10x-risk-005,2024-12-31T23:00:00+00:00,110.369659
10x-risk-005,2025-01-01T04:00:00+00:00,109.932554
10x-risk-005,2025-01-01T08:00:00+00:00,103.864256
10x-risk-005,2025-01-01T19:00:00+00:00,98.480324
10x-risk-005,2025-01-02T00:00:00+00:00,98.146641
10x-risk-005,2025-01-02T15:00:00+00:00,96.677918
10x-risk-005,2025-01-03T12:00:00+00:00,95.849649
10x-risk-005,2025-01-03T15:00:00+00:00,119.997214
10x-risk-005,2025-01-03T16:00:00+00:00,109.151893
10x-risk-005,2025-01-05T14:00:00+00:00,103.322741
10x-risk-005,2025-01-06T01:00:00+00:00,97.666098
10x-risk-005,2025-01-07T01:00:00+00:00,92.500593
10x-risk-005,2025-01-07T15:00:00+00:00,87.294986
10x-risk-005,2025-01-07T15:00:00+00:00,110.176263
10x-risk-005,2025-01-07T17:00:00+00:00,104.883825
10x-risk-005,2025-01-13T00:00:00+00:00,99.144796
10x-risk-005,2025-01-13T00:00:00+00:00,93.490579
10x-risk-005,2025-01-13T00:00:00+00:00,88.632861
10x-risk-005,2025-01-14T01:00:00+00:00,84.00355
10x-risk-005,2025-01-15T14:00:00+00:00,79.528582
10x-risk-005,2025-01-17T19:00:00+00:00,100.005549
10x-risk-005,2025-01-18T05:00:00+00:00,95.995928
10x-risk-005,2025-01-19T11:00:00+00:00,91.646339
10x-risk-005,2025-01-19T21:00:00+00:00,86.937419
10x-risk-005,2025-01-19T21:00:00+00:00,82.332496
10x-risk-005,2025-01-20T07:00:00+00:00,78.180821
10x-risk-005,2025-01-20T12:00:00+00:00,74.191146
10x-risk-005,2025-01-21T16:00:00+00:00,70.167585
10x-risk-005,2025-01-22T08:00:00+00:00,66.550788
10x-risk-005,2025-01-22T11:00:00+00:00,62.884546
10x-risk-005,2025-01-23T20:00:00+00:00,61.627496
10x-risk-005,2025-01-23T23:00:00+00:00,58.334946
10x-risk-005,2025-01-24T20:00:00+00:00,56.018556
10x-risk-005,2025-01-26T23:00:00+00:00,52.784569
10x-risk-005,2025-01-27T07:00:00+00:00,68.208718
10x-risk-005,2025-01-27T07:00:00+00:00,79.023305
10x-risk-005,2025-01-27T07:00:00+00:00,92.060381
10x-risk-005,2025-01-30T03:00:00+00:00,87.263243
10x-risk-005,2025-01-31T20:00:00+00:00,82.464546
10x-risk-005,2025-02-01T09:00:00+00:00,77.835217
10x-risk-005,2025-02-01T20:00:00+00:00,73.256086
10x-risk-005,2025-02-02T18:00:00+00:00,92.184003
10x-risk-005,2025-02-11T13:00:00+00:00,87.222228
10x-risk-005,2025-02-11T17:00:00+00:00,82.603068
10x-risk-005,2025-02-12T20:00:00+00:00,78.313796
10x-risk-005,2025-02-13T06:00:00+00:00,74.272877
10x-risk-005,2025-02-13T12:00:00+00:00,70.360758
10x-risk-005,2025-02-14T03:00:00+00:00,66.727573
10x-risk-005,2025-02-14T15:00:00+00:00,62.372988
10x-risk-005,2025-02-14T16:00:00+00:00,59.495879
10x-risk-005,2025-02-15T14:00:00+00:00,56.459096
10x-risk-005,2025-02-16T18:00:00+00:00,63.754759
10x-risk-005,2025-02-16T23:00:00+00:00,60.166077
10x-risk-005,2025-02-17T00:00:00+00:00,58.168741
10x-risk-005,2025-02-17T08:00:00+00:00,55.103012
10x-risk-005,2025-02-17T08:00:00+00:00,52.063338
10x-risk-005,2025-02-17T09:00:00+00:00,50.634826
10x-risk-005,2025-02-17T14:00:00+00:00,47.978186
10x-risk-005,2025-02-17T18:00:00+00:00,47.007658
10x-risk-005,2025-02-17T19:00:00+00:00,44.438238
10x-risk-005,2025-02-17T20:00:00+00:00,43.087093
10x-risk-005,2025-02-17T20:00:00+00:00,42.337585
10x-risk-005,2025-02-17T21:00:00+00:00,40.961229
10x-risk-005,2025-02-17T21:00:00+00:00,39.341203
10x-risk-005,2025-02-17T23:00:00+00:00,38.985753
10x-risk-005,2025-02-18T04:00:00+00:00,36.921391
10x-risk-005,2025-02-18T04:00:00+00:00,35.0273
10x-risk-005,2025-02-18T06:00:00+00:00,33.988671
10x-risk-005,2025-02-18T13:00:00+00:00,32.361429
10x-risk-005,2025-02-18T14:00:00+00:00,32.018033
10x-risk-005,2025-02-19T11:00:00+00:00,30.477057
10x-risk-005,2025-02-21T15:00:00+00:00,29.74435
10x-risk-005,2025-02-21T17:00:00+00:00,28.968269
10x-risk-005,2025-02-22T16:00:00+00:00,28.239459
10x-risk-005,2025-02-22T17:00:00+00:00,26.485649
10x-risk-005,2025-02-23T12:00:00+00:00,25.109653
10x-risk-005,2025-02-24T04:00:00+00:00,24.557756
10x-risk-005,2025-02-24T19:00:00+00:00,28.581099
10x-risk-005,2025-02-25T00:00:00+00:00,48.669354
10x-risk-005,2025-02-25T07:00:00+00:00,51.420269
10x-risk-005,2025-03-07T00:00:00+00:00,48.844282
10x-risk-005,2025-03-07T05:00:00+00:00,46.250027
10x-risk-005,2025-03-07T11:00:00+00:00,45.73818
10x-risk-005,2025-03-07T13:00:00+00:00,43.394687
10x-risk-005,2025-03-07T16:00:00+00:00,41.100232
10x-risk-005,2025-03-07T18:00:00+00:00,39.009852
10x-risk-005,2025-03-07T21:00:00+00:00,36.500054
10x-risk-005,2025-03-09T10:00:00+00:00,45.477324
10x-risk-005,2025-03-09T12:00:00+00:00,51.400379
10x-risk-005,2025-03-10T17:00:00+00:00,59.701764
10x-risk-005,2025-03-10T17:00:00+00:00,72.380243
10x-risk-005,2025-03-14T10:00:00+00:00,68.669285
10x-risk-005,2025-03-17T12:00:00+00:00,65.12233
10x-risk-005,2025-03-17T12:00:00+00:00,61.669985
10x-risk-005,2025-03-17T17:00:00+00:00,58.456524
10x-risk-005,2025-03-18T01:00:00+00:00,55.450947
10x-risk-005,2025-03-18T11:00:00+00:00,52.578067
10x-risk-005,2025-03-18T13:00:00+00:00,49.023877
10x-risk-005,2025-03-18T13:00:00+00:00,45.816386
10x-risk-005,2025-03-18T22:00:00+00:00,43.066576
10x-risk-005,2025-03-18T22:00:00+00:00,40.721769
10x-risk-005,2025-03-18T22:00:00+00:00,39.640775
10x-risk-005,2025-03-18T23:00:00+00:00,38.093052
10x-risk-005,2025-03-18T23:00:00+00:00,37.363802
10x-risk-005,2025-03-18T23:00:00+00:00,36.23249
10x-risk-005,2025-03-19T00:00:00+00:00,34.03355
10x-risk-005,2025-03-19T08:00:00+00:00,36.883649
10x-risk-005,2025-03-19T11:00:00+00:00,45.314789
10x-risk-005,2025-03-20T16:00:00+00:00,43.473311
10x-risk-005,2025-03-21T10:00:00+00:00,41.113451
10x-risk-005,2025-03-22T06:00:00+00:00,38.976339
10x-risk-005,2025-03-22T23:00:00+00:00,36.93994
10x-risk-005,2025-03-24T04:00:00+00:00,46.064594
10x-risk-005,2025-03-26T19:00:00+00:00,44.330389
10x-risk-005,2025-03-27T06:00:00+00:00,41.981884
10x-risk-005,2025-03-28T14:00:00+00:00,39.939155
10x-risk-005,2025-03-29T10:00:00+00:00,37.565208
10x-risk-005,2025-03-29T16:00:00+00:00,48.372269
10x-risk-005,2025-04-01T14:00:00+00:00,45.853238
10x-risk-005,2025-04-02T13:00:00+00:00,43.48535
10x-risk-005,2025-04-02T20:00:00+00:00,41.142222
10x-risk-005,2025-04-02T20:00:00+00:00,39.013667
10x-risk-005,2025-04-03T14:00:00+00:00,48.800028
10x-risk-005,2025-04-04T17:00:00+00:00,46.236104
10x-risk-005,2025-04-05T13:00:00+00:00,43.75963
10x-risk-005,2025-04-06T01:00:00+00:00,41.476877
10x-risk-005,2025-04-07T05:00:00+00:00,51.399811
10x-risk-005,2025-04-07T06:00:00+00:00,61.46533
10x-risk-005,2025-04-15T10:00:00+00:00,58.189488
10x-risk-005,2025-04-19T05:00:00+00:00,55.226786
10x-risk-005,2025-04-19T06:00:00+00:00,52.261252
10x-risk-005,2025-04-19T07:00:00+00:00,49.135132
10x-risk-005,2025-04-19T10:00:00+00:00,46.356075
10x-risk-005,2025-04-20T09:00:00+00:00,43.777222
10x-risk-005,2025-04-21T00:00:00+00:00,41.522487
10x-risk-005,2025-04-22T01:00:00+00:00,56.520111
10x-risk-005,2025-04-22T07:00:00+00:00,53.560928
10x-risk-005,2025-04-22T15:00:00+00:00,65.031802
10x-risk-005,2025-04-26T09:00:00+00:00,61.652539
10x-risk-005,2025-04-27T01:00:00+00:00,58.442623
10x-risk-005,2025-04-28T06:00:00+00:00,55.308968
10x-risk-005,2025-04-28T10:00:00+00:00,52.284219
10x-risk-005,2025-04-28T13:00:00+00:00,49.433142
10x-risk-005,2025-04-28T15:00:00+00:00,46.869835
10x-risk-005,2025-04-29T06:00:00+00:00,44.484015
10x-risk-005,2025-04-29T16:00:00+00:00,42.09227
10x-risk-005,2025-04-29T21:00:00+00:00,39.853543
10x-risk-005,2025-04-30T10:00:00+00:00,37.749735
10x-risk-005,2025-04-30T13:00:00+00:00,35.044604
10x-risk-005,2025-05-01T02:00:00+00:00,33.256938
10x-risk-005,2025-05-02T03:00:00+00:00,31.47762
10x-risk-005,2025-05-02T07:00:00+00:00,30.273054
10x-risk-005,2025-05-04T13:00:00+00:00,28.920672
10x-risk-005,2025-05-04T13:00:00+00:00,31.751445
10x-risk-005,2025-05-05T01:00:00+00:00,30.132338
10x-risk-005,2025-05-05T16:00:00+00:00,28.509783
10x-risk-005,2025-05-06T22:00:00+00:00,27.179484
10x-risk-005,2025-05-07T00:00:00+00:00,25.570859
10x-risk-005,2025-05-07T00:00:00+00:00,24.386867
10x-risk-005,2025-05-07T15:00:00+00:00,23.130646
10x-risk-005,2025-05-07T18:00:00+00:00,21.8793
10x-risk-005,2025-05-08T00:00:00+00:00,20.721929
10x-risk-005,2025-05-08T14:00:00+00:00,25.35221
10x-risk-005,2025-05-09T23:00:00+00:00,30.974112
10x-risk-005,2025-05-12T07:00:00+00:00,36.060961
10x-risk-005,2025-05-13T11:00:00+00:00,34.180116
10x-risk-005,2025-05-15T16:00:00+00:00,32.3839
10x-risk-005,2025-05-17T00:00:00+00:00,40.822781
10x-risk-005,2025-05-17T01:00:00+00:00,39.143574
10x-risk-005,2025-05-18T14:00:00+00:00,37.42656
10x-risk-005,2025-05-18T23:00:00+00:00,35.468514
10x-risk-005,2025-05-19T15:00:00+00:00,33.742841
10x-risk-005,2025-05-20T00:00:00+00:00,31.937288
10x-risk-005,2025-05-21T03:00:00+00:00,29.890457
10x-risk-005,2025-05-21T09:00:00+00:00,28.352861
10x-risk-005,2025-05-21T11:00:00+00:00,26.876068
10x-risk-005,2025-05-21T17:00:00+00:00,25.474488
10x-risk-005,2025-05-22T01:00:00+00:00,31.770653
10x-risk-005,2025-05-22T13:00:00+00:00,30.122384
10x-risk-005,2025-05-26T03:00:00+00:00,28.636865
10x-risk-005,2025-05-26T17:00:00+00:00,27.106193
10x-risk-005,2025-05-27T08:00:00+00:00,25.717638
10x-risk-005,2025-05-28T02:00:00+00:00,24.372482
10x-risk-005,2025-05-30T00:00:00+00:00,31.789109
10x-risk-005,2025-05-30T16:00:00+00:00,30.088007
10x-risk-005,2025-05-30T16:00:00+00:00,36.02293
10x-risk-005,2025-06-02T22:00:00+00:00,34.160898
10x-risk-005,2025-06-04T14:00:00+00:00,32.453151
10x-risk-005,2025-06-04T15:00:00+00:00,30.708385
10x-risk-005,2025-06-09T21:00:00+00:00,29.039543
10x-risk-005,2025-06-09T21:00:00+00:00,27.433916
10x-risk-005,2025-06-21T21:00:00+00:00,34.207272
10x-risk-005,2025-06-22T14:00:00+00:00,42.009896
10x-risk-005,2025-06-29T22:00:00+00:00,52.393853
10x-risk-005,2025-06-30T14:00:00+00:00,49.563306
10x-risk-005,2025-06-30T22:00:00+00:00,47.010238
10x-risk-005,2025-07-01T11:00:00+00:00,44.555005
10x-risk-005,2025-07-02T15:00:00+00:00,42.249357
10x-risk-005,2025-07-02T16:00:00+00:00,40.996223
10x-risk-005,2025-07-04T13:00:00+00:00,38.868903
10x-risk-005,2025-07-06T21:00:00+00:00,36.863425
10x-risk-005,2025-07-07T12:00:00+00:00,35.399226
10x-risk-005,2025-07-08T17:00:00+00:00,33.572249
10x-risk-005,2025-07-08T17:00:00+00:00,32.510978
10x-risk-005,2025-07-10T07:00:00+00:00,40.530905
10x-risk-005,2025-07-11T05:00:00+00:00,50.446261
10x-risk-005,2025-07-14T20:00:00+00:00,47.863664
10x-risk-005,2025-07-15T18:00:00+00:00,45.421429
10x-risk-005,2025-07-16T16:00:00+00:00,56.608749
10x-risk-005,2025-07-16T18:00:00+00:00,66.629333
10x-risk-005,2025-07-17T12:00:00+00:00,63.061624
10x-risk-005,2025-07-18T14:00:00+00:00,59.726439
10x-risk-005,2025-07-19T19:00:00+00:00,56.615364
10x-risk-005,2025-07-20T12:00:00+00:00,70.432312
10x-risk-005,2025-07-20T14:00:00+00:00,84.445401
10x-risk-005,2025-07-21T07:00:00+00:00,81.53727
10x-risk-005,2025-07-21T12:00:00+00:00,77.056267
10x-risk-005,2025-07-22T07:00:00+00:00,72.5837
10x-risk-005,2025-07-22T17:00:00+00:00,68.749629
10x-risk-005,2025-07-23T09:00:00+00:00,65.145117
10x-risk-005,2025-07-23T12:00:00+00:00,61.543236
10x-risk-005,2025-07-23T13:00:00+00:00,57.621626
10x-risk-005,2025-07-24T00:00:00+00:00,54.465504
10x-risk-005,2025-07-24T04:00:00+00:00,51.424005
10x-risk-005,2025-07-24T08:00:00+00:00,48.673121
10x-risk-005,2025-07-25T01:00:00+00:00,46.17991
10x-risk-005,2025-07-25T14:00:00+00:00,43.761304
10x-risk-005,2025-07-25T17:00:00+00:00,42.164209
10x-risk-005,2025-07-25T21:00:00+00:00,39.962199
10x-risk-005,2025-07-27T16:00:00+00:00,37.712369
10x-risk-005,2025-07-28T02:00:00+00:00,45.764395
10x-risk-005,2025-07-28T04:00:00+00:00,55.098242
10x-risk-005,2025-07-28T17:00:00+00:00,52.707266
10x-risk-005,2025-08-01T00:00:00+00:00,50.530058
10x-risk-005,2025-08-01T13:00:00+00:00,63.538219
10x-risk-005,2025-08-05T17:00:00+00:00,60.152343
10x-risk-005,2025-08-07T10:00:00+00:00,56.836704
10x-risk-005,2025-08-08T17:00:00+00:00,71.660092
10x-risk-005,2025-08-09T09:00:00+00:00,69.067498
10x-risk-005,2025-08-12T11:00:00+00:00,66.1291
10x-risk-005,2025-08-14T12:00:00+00:00,62.715551
10x-risk-005,2025-08-18T02:00:00+00:00,58.647821
10x-risk-005,2025-08-18T02:00:00+00:00,55.903853
10x-risk-005,2025-08-20T21:00:00+00:00,72.661243
10x-risk-005,2025-08-22T14:00:00+00:00,69.046892
10x-risk-005,2025-08-22T14:00:00+00:00,65.342252
10x-risk-005,2025-08-22T15:00:00+00:00,63.120813
10x-risk-005,2025-08-24T06:00:00+00:00,59.823128
10x-risk-005,2025-08-24T17:00:00+00:00,56.709955
10x-risk-005,2025-08-24T20:00:00+00:00,53.68095
10x-risk-005,2025-08-25T03:00:00+00:00,50.851323
10x-risk-005,2025-08-28T13:00:00+00:00,48.311336
10x-risk-005,2025-08-28T16:00:00+00:00,45.794765
10x-risk-005,2025-08-28T19:00:00+00:00,43.303321
10x-risk-005,2025-08-29T07:00:00+00:00,41.087109
10x-risk-005,2025-09-08T05:00:00+00:00,39.179883
10x-risk-005,2025-09-09T06:00:00+00:00,47.629134
10x-risk-005,2025-09-11T22:00:00+00:00,45.484242
10x-risk-005,2025-09-12T17:00:00+00:00,43.361453
10x-risk-005,2025-09-15T08:00:00+00:00,41.124009
10x-risk-005,2025-09-16T17:00:00+00:00,52.468172
10x-risk-005,2025-09-17T18:00:00+00:00,49.692015
10x-risk-005,2025-09-18T01:00:00+00:00,59.666468
10x-risk-005,2025-09-19T11:00:00+00:00,56.620714
10x-risk-005,2025-09-19T14:00:00+00:00,53.422868
10x-risk-005,2025-09-22T05:00:00+00:00,67.200011
10x-risk-005,2025-09-22T06:00:00+00:00,75.268253
10x-risk-005,2025-09-24T03:00:00+00:00,71.334839
10x-risk-005,2025-09-24T13:00:00+00:00,67.742545
10x-risk-005,2025-09-25T17:00:00+00:00,80.454664
10x-risk-005,2025-09-29T11:00:00+00:00,76.29825
10x-risk-005,2025-09-29T13:00:00+00:00,72.111123
10x-risk-005,2025-09-29T14:00:00+00:00,68.154706
10x-risk-005,2025-09-29T14:00:00+00:00,64.49415
10x-risk-005,2025-09-30T07:00:00+00:00,61.12909
10x-risk-005,2025-09-30T15:00:00+00:00,57.752533
10x-risk-005,2025-09-30T17:00:00+00:00,72.838599
10x-risk-005,2025-09-30T19:00:00+00:00,69.03314
10x-risk-005,2025-09-30T19:00:00+00:00,65.445537
10x-risk-005,2025-10-01T19:00:00+00:00,81.639105
10x-risk-005,2025-10-02T18:00:00+00:00,97.843925
10x-risk-005,2025-10-03T03:00:00+00:00,117.592977
10x-risk-005,2025-10-04T14:00:00+00:00,111.791811
10x-risk-005,2025-10-05T02:00:00+00:00,105.99445
10x-risk-005,2025-10-05T11:00:00+00:00,100.895688
10x-risk-005,2025-10-05T17:00:00+00:00,95.656457
10x-risk-005,2025-10-05T19:00:00+00:00,90.329288
10x-risk-005,2025-10-05T19:00:00+00:00,85.01367
10x-risk-005,2025-10-06T10:00:00+00:00,80.598466
10x-risk-005,2025-10-06T13:00:00+00:00,76.19692
10x-risk-005,2025-10-06T18:00:00+00:00,71.654541
10x-risk-005,2025-10-07T04:00:00+00:00,68.213156
10x-risk-005,2025-10-07T12:00:00+00:00,64.634196
10x-risk-005,2025-10-07T14:00:00+00:00,60.405924
10x-risk-005,2025-10-08T17:00:00+00:00,57.382676
10x-risk-005,2025-10-08T17:00:00+00:00,54.480689
10x-risk-005,2025-10-09T02:00:00+00:00,52.633652
10x-risk-005,2025-10-09T08:00:00+00:00,68.595117
10x-risk-005,2025-10-09T12:00:00+00:00,66.991941
10x-risk-005,2025-10-10T15:00:00+00:00,82.589858
10x-risk-005,2025-10-10T15:00:00+00:00,78.045013
10x-risk-005,2025-10-10T21:00:00+00:00,94.85118
10x-risk-005,2025-10-10T21:00:00+00:00,111.071905
10x-risk-005,2025-10-15T13:00:00+00:00,105.323161
10x-risk-005,2025-10-21T14:00:00+00:00,99.90046
10x-risk-005,2025-10-21T14:00:00+00:00,94.822492
10x-risk-005,2025-10-21T21:00:00+00:00,90.029988
10x-risk-005,2025-10-22T14:00:00+00:00,85.385871
10x-risk-005,2025-10-23T06:00:00+00:00,80.791987
10x-risk-005,2025-10-23T13:00:00+00:00,76.015119
10x-risk-005,2025-10-23T14:00:00+00:00,73.83845
10x-risk-005,2025-10-23T21:00:00+00:00,70.062917
10x-risk-005,2025-10-24T04:00:00+00:00,66.406069
10x-risk-005,2025-10-26T22:00:00+00:00,86.34923
10x-risk-005,2025-10-28T19:00:00+00:00,81.671159
10x-risk-005,2025-10-28T20:00:00+00:00,79.426306
10x-risk-005,2025-10-29T23:00:00+00:00,75.393249
10x-risk-005,2025-10-30T04:00:00+00:00,71.912269
10x-risk-005,2025-10-30T10:00:00+00:00,68.162477
10x-risk-005,2025-10-30T17:00:00+00:00,86.808386
10x-risk-005,2025-11-03T15:00:00+00:00,101.386258
10x-risk-005,2025-11-03T15:00:00+00:00,122.237633
10x-risk-005,2025-11-04T05:00:00+00:00,141.809382
10x-risk-005,2025-11-12T15:00:00+00:00,134.27808
10x-risk-005,2025-11-13T19:00:00+00:00,167.413516
10x-risk-005,2025-11-14T12:00:00+00:00,202.321611
10x-risk-005,2025-11-21T07:00:00+00:00,235.51398
10x-risk-005,2025-11-25T14:00:00+00:00,223.39113
10x-risk-005,2025-11-28T22:00:00+00:00,211.931698
10x-risk-005,2025-11-30T23:00:00+00:00,253.972079
10x-risk-005,2025-12-01T00:00:00+00:00,309.034415
10x-risk-005,2025-12-07T09:00:00+00:00,292.888745
10x-risk-005,2025-12-07T13:00:00+00:00,276.980629
10x-risk-005,2025-12-07T17:00:00+00:00,261.902695
10x-risk-005,2025-12-07T17:00:00+00:00,247.524951
10x-risk-005,2025-12-07T22:00:00+00:00,234.467677
10x-risk-005,2025-12-08T15:00:00+00:00,222.448241
10x-risk-005,2025-12-09T15:00:00+00:00,210.835626
10x-risk-005,2025-12-09T15:00:00+00:00,259.775424
10x-risk-005,2025-12-10T20:00:00+00:00,317.684464
10x-risk-005,2025-12-11T00:00:00+00:00,304.203388
10x-risk-005,2025-12-11T21:00:00+00:00,288.470238
10x-risk-005,2025-12-12T15:00:00+00:00,273.138711
10x-risk-005,2025-12-12T15:00:00+00:00,258.440708
10x-risk-005,2025-12-13T08:00:00+00:00,245.07746
10x-risk-005,2025-12-14T04:00:00+00:00,239.269337
10x-risk-005,2025-12-15T14:00:00+00:00,225.780575
10x-risk-005,2025-12-15T18:00:00+00:00,284.953057
10x-risk-005,2026-01-01T00:00:00+00:00,285.862491
10x-risk-005,2026-01-01T00:00:00+00:00,302.663286
10x-risk-005,2026-01-01T00:00:00+00:00,324.301487
3x-risk-001,2021-01-21T10:00:00+00:00,105.394992
3x-risk-001,2021-01-27T11:00:00+00:00,104.210617
3x-risk-001,2021-01-28T02:00:00+00:00,103.16208
3x-risk-001,2021-01-29T19:00:00+00:00,101.975952
3x-risk-001,2021-01-30T13:00:00+00:00,100.942196
3x-risk-001,2021-01-31T03:00:00+00:00,105.990967
3x-risk-001,2021-01-31T09:00:00+00:00,110.701233
3x-risk-001,2021-02-01T10:00:00+00:00,115.779497
3x-risk-001,2021-02-01T15:00:00+00:00,114.612375
3x-risk-001,2021-02-01T17:00:00+00:00,113.326347
3x-risk-001,2021-02-01T22:00:00+00:00,112.282055
3x-risk-001,2021-02-02T04:00:00+00:00,117.753364
3x-risk-001,2021-02-02T20:00:00+00:00,123.288286
3x-risk-001,2021-02-03T14:00:00+00:00,129.117073
3x-risk-001,2021-02-04T08:00:00+00:00,135.431454
3x-risk-001,2021-02-10T12:00:00+00:00,133.400813
3x-risk-001,2021-02-16T06:00:00+00:00,131.994084
3x-risk-001,2021-02-17T07:00:00+00:00,130.822095
3x-risk-001,2021-02-22T10:00:00+00:00,128.424756
3x-risk-001,2021-03-06T22:00:00+00:00,127.087558
3x-risk-001,2021-03-08T07:00:00+00:00,125.774579
3x-risk-001,2021-03-08T19:00:00+00:00,124.729784
3x-risk-001,2021-03-08T23:00:00+00:00,130.95161
3x-risk-001,2021-03-09T00:00:00+00:00,129.742651
3x-risk-001,2021-03-09T03:00:00+00:00,135.880469
3x-risk-001,2021-03-09T08:00:00+00:00,134.587397
3x-risk-001,2021-03-13T11:00:00+00:00,133.22602
3x-risk-001,2021-03-15T04:00:00+00:00,131.82683
3x-risk-001,2021-03-17T13:00:00+00:00,130.566003
3x-risk-001,2021-03-18T14:00:00+00:00,135.001787
3x-risk-001,2021-03-19T09:00:00+00:00,133.656407
3x-risk-001,2021-03-21T00:00:00+00:00,131.901799
3x-risk-001,2021-03-21T04:00:00+00:00,130.370149
3x-risk-001,2021-03-21T09:00:00+00:00,128.6572
3x-risk-001,2021-03-21T21:00:00+00:00,127.378274
3x-risk-001,2021-03-22T03:00:00+00:00,126.03655
3x-risk-001,2021-03-22T19:00:00+00:00,132.238501
3x-risk-001,2021-03-22T19:00:00+00:00,130.788011
3x-risk-001,2021-03-22T20:00:00+00:00,129.565996
3x-risk-001,2021-03-24T19:00:00+00:00,135.660334
3x-risk-001,2021-03-27T16:00:00+00:00,134.239442
3x-risk-001,2021-04-02T03:00:00+00:00,133.133598
3x-risk-001,2021-04-02T13:00:00+00:00,132.053298
3x-risk-001,2021-04-03T16:00:00+00:00,130.299803
3x-risk-001,2021-04-04T11:00:00+00:00,128.945849
3x-risk-001,2021-04-05T02:00:00+00:00,127.534904
3x-risk-001,2021-04-05T08:00:00+00:00,126.342618
3x-risk-001,2021-04-05T15:00:00+00:00,125.215667
3x-risk-001,2021-04-06T12:00:00+00:00,131.449042
3x-risk-001,2021-04-06T14:00:00+00:00,130.169184
3x-risk-001,2021-04-09T00:00:00+00:00,128.984481
3x-risk-001,2021-04-09T05:00:00+00:00,127.832059
3x-risk-001,2021-04-09T11:00:00+00:00,126.778215
3x-risk-001,2021-04-12T19:00:00+00:00,132.225227
3x-risk-001,2021-04-13T14:00:00+00:00,138.522039
3x-risk-001,2021-04-14T00:00:00+00:00,145.066658
3x-risk-001,2021-04-14T06:00:00+00:00,151.104586
3x-risk-001,2021-05-05T15:00:00+00:00,149.695316
3x-risk-001,2021-05-06T18:00:00+00:00,148.18888
3x-risk-001,2021-05-07T11:00:00+00:00,146.754645
3x-risk-001,2021-05-07T17:00:00+00:00,145.422851
3x-risk-001,2021-05-09T04:00:00+00:00,144.077314
3x-risk-001,2021-05-09T04:00:00+00:00,142.558293
3x-risk-001,2021-05-10T11:00:00+00:00,141.094064
3x-risk-001,2021-05-10T19:00:00+00:00,139.121631
3x-risk-001,2021-05-10T19:00:00+00:00,137.454121
3x-risk-001,2021-05-10T20:00:00+00:00,144.389981
3x-risk-001,2021-05-12T14:00:00+00:00,142.859576
3x-risk-001,2021-05-12T23:00:00+00:00,149.971002
3x-risk-001,2021-05-13T00:00:00+00:00,156.505963
3x-risk-001,2021-05-14T15:00:00+00:00,154.935615
3x-risk-001,2021-05-15T22:00:00+00:00,153.394743
3x-risk-001,2021-05-16T16:00:00+00:00,151.835172
3x-risk-001,2021-05-18T16:00:00+00:00,150.674287
3x-risk-001,2021-05-19T01:00:00+00:00,149.795416
3x-risk-001,2021-06-04T12:00:00+00:00,148.20171
3x-risk-001,2021-06-06T20:00:00+00:00,146.697759
3x-risk-001,2021-06-11T23:00:00+00:00,145.176558
3x-risk-001,2021-06-18T05:00:00+00:00,143.733303
3x-risk-001,2021-06-18T06:00:00+00:00,142.42443
3x-risk-001,2021-06-18T14:00:00+00:00,149.449264
3x-risk-001,2021-06-18T15:00:00+00:00,147.96009
3x-risk-001,2021-06-20T11:00:00+00:00,154.349759
3x-risk-001,2021-06-21T10:00:00+00:00,161.311116
3x-risk-001,2021-07-05T15:00:00+00:00,159.598727
3x-risk-001,2021-07-06T23:00:00+00:00,157.909173
3x-risk-001,2021-07-07T03:00:00+00:00,165.625503
3x-risk-001,2021-07-07T03:00:00+00:00,164.031903
3x-risk-001,2021-07-07T21:00:00+00:00,162.343356
3x-risk-001,2021-07-10T15:00:00+00:00,160.538661
3x-risk-001,2021-07-10T17:00:00+00:00,158.851068
3x-risk-001,2021-07-12T10:00:00+00:00,157.227458
3x-risk-001,2021-07-12T12:00:00+00:00,155.52961
3x-risk-001,2021-07-12T14:00:00+00:00,153.915905
3x-risk-001,2021-07-12T17:00:00+00:00,152.36627
3x-risk-001,2021-07-13T10:00:00+00:00,150.818451
3x-risk-001,2021-07-13T12:00:00+00:00,149.223646
3x-risk-001,2021-07-15T09:00:00+00:00,147.715402
3x-risk-001,2021-07-20T02:00:00+00:00,154.987163
3x-risk-001,2021-07-20T03:00:00+00:00,162.329097
3x-risk-001,2021-07-26T05:00:00+00:00,161.365382
3x-risk-001,2021-07-29T06:00:00+00:00,159.722347
3x-risk-001,2021-07-30T09:00:00+00:00,158.100545
3x-risk-001,2021-08-05T09:00:00+00:00,156.476993
3x-risk-001,2021-08-11T06:00:00+00:00,163.735608
3x-risk-001,2021-08-11T07:00:00+00:00,171.468974
3x-risk-001,2021-08-17T09:00:00+00:00,169.730788
3x-risk-001,2021-08-17T09:00:00+00:00,167.973459
3x-risk-001,2021-08-17T14:00:00+00:00,166.166048
3x-risk-001,2021-08-17T14:00:00+00:00,164.413148
3x-risk-001,2021-08-20T00:00:00+00:00,162.818242
3x-risk-001,2021-08-29T00:00:00+00:00,161.299651
3x-risk-001,2021-08-29T03:00:00+00:00,159.54569
3x-risk-001,2021-08-29T20:00:00+00:00,157.908827
3x-risk-001,2021-08-29T22:00:00+00:00,156.235025
3x-risk-001,2021-08-30T00:00:00+00:00,154.612329
3x-risk-001,2021-08-30T03:00:00+00:00,152.971354
3x-risk-001,2021-08-30T12:00:00+00:00,160.760375
3x-risk-001,2021-08-30T16:00:00+00:00,159.213922
3x-risk-001,2021-08-30T19:00:00+00:00,157.626305
3x-risk-001,2021-09-01T16:00:00+00:00,156.157835
3x-risk-001,2021-09-01T16:00:00+00:00,163.945322
3x-risk-001,2021-09-06T11:00:00+00:00,171.864383
3x-risk-001,2021-09-07T09:00:00+00:00,180.125306
3x-risk-001,2021-09-07T14:00:00+00:00,178.479308
3x-risk-001,2021-09-19T11:00:00+00:00,176.5426
3x-risk-001,2021-09-19T16:00:00+00:00,174.715099
3x-risk-001,2021-09-20T12:00:00+00:00,183.30543
3x-risk-001,2021-09-27T20:00:00+00:00,181.444933
3x-risk-001,2021-09-30T00:00:00+00:00,179.624891
3x-risk-001,2021-09-30T03:00:00+00:00,177.745706
3x-risk-001,2021-09-30T08:00:00+00:00,175.892426
3x-risk-001,2021-10-01T10:00:00+00:00,184.465177
3x-risk-001,2021-10-01T10:00:00+00:00,193.115133
3x-risk-001,2021-10-02T14:00:00+00:00,201.675113
3x-risk-001,2021-10-07T07:00:00+00:00,199.556394
3x-risk-001,2021-10-08T02:00:00+00:00,197.271066
3x-risk-001,2021-10-08T12:00:00+00:00,195.22228
3x-risk-001,2021-10-08T20:00:00+00:00,193.069113
3x-risk-001,2021-10-09T10:00:00+00:00,191.081392
3x-risk-001,2021-10-10T11:00:00+00:00,189.036496
3x-risk-001,2021-10-10T21:00:00+00:00,198.411257
3x-risk-001,2021-10-11T19:00:00+00:00,196.366152
3x-risk-001,2021-10-13T20:00:00+00:00,194.42433
3x-risk-001,2021-10-14T07:00:00+00:00,192.464098
3x-risk-001,2021-10-15T18:00:00+00:00,191.05238
3x-risk-001,2021-10-17T19:00:00+00:00,189.359372
3x-risk-001,2021-10-19T03:00:00+00:00,187.443063
3x-risk-001,2021-10-19T07:00:00+00:00,185.514282
3x-risk-001,2021-10-19T12:00:00+00:00,184.316145
3x-risk-001,2021-10-20T11:00:00+00:00,182.440415
3x-risk-001,2021-10-20T16:00:00+00:00,191.791689
3x-risk-001,2021-10-21T00:00:00+00:00,196.74502
3x-risk-001,2021-10-22T07:00:00+00:00,194.771872
3x-risk-001,2021-10-25T14:00:00+00:00,193.137012
3x-risk-001,2021-10-26T14:00:00+00:00,191.010716
3x-risk-001,2021-10-27T04:00:00+00:00,188.968958
3x-risk-001,2021-10-28T20:00:00+00:00,187.160806
3x-risk-001,2021-10-30T02:00:00+00:00,185.185998
3x-risk-001,2021-10-31T12:00:00+00:00,183.09057
3x-risk-001,2021-10-31T15:00:00+00:00,181.243927
3x-risk-001,2021-10-31T22:00:00+00:00,179.425216
3x-risk-001,2021-11-01T07:00:00+00:00,177.549831
3x-risk-001,2021-11-01T17:00:00+00:00,175.490092
3x-risk-001,2021-11-02T00:00:00+00:00,174.024298
3x-risk-001,2021-11-03T18:00:00+00:00,171.766349
3x-risk-001,2021-11-05T06:00:00+00:00,170.060805
3x-risk-001,2021-11-07T01:00:00+00:00,168.489573
3x-risk-001,2021-11-08T00:00:00+00:00,177.426819
3x-risk-001,2021-11-08T10:00:00+00:00,186.20514
3x-risk-001,2021-11-09T03:00:00+00:00,194.175673
3x-risk-001,2021-11-10T15:00:00+00:00,192.214519
3x-risk-001,2021-11-12T09:00:00+00:00,190.20466
3x-risk-001,2021-11-14T17:00:00+00:00,188.439836
3x-risk-001,2021-11-15T00:00:00+00:00,186.676922
3x-risk-001,2021-11-15T01:00:00+00:00,184.775756
3x-risk-001,2021-11-15T18:00:00+00:00,182.840668
3x-risk-001,2021-11-15T18:00:00+00:00,180.91581
3x-risk-001,2021-11-16T00:00:00+00:00,178.997765
3x-risk-001,2021-11-16T01:00:00+00:00,187.744641
3x-risk-001,2021-11-16T10:00:00+00:00,196.293614
3x-risk-001,2021-11-22T20:00:00+00:00,194.310072
3x-risk-001,2021-11-26T07:00:00+00:00,192.332089
3x-risk-001,2021-11-26T08:00:00+00:00,201.794439
3x-risk-001,2021-11-26T08:00:00+00:00,199.819186
3x-risk-001,2021-11-28T10:00:00+00:00,197.849014
3x-risk-001,2021-11-28T21:00:00+00:00,195.991772
3x-risk-001,2021-12-03T10:00:00+00:00,193.980812
3x-risk-001,2021-12-03T19:00:00+00:00,192.013973
3x-risk-001,2021-12-08T11:00:00+00:00,190.029038
3x-risk-001,2021-12-10T12:00:00+00:00,188.080048
3x-risk-001,2021-12-17T15:00:00+00:00,197.049697
3x-risk-001,2021-12-18T05:00:00+00:00,195.075865
3x-risk-001,2021-12-18T10:00:00+00:00,193.026888
3x-risk-001,2021-12-19T01:00:00+00:00,191.057047
3x-risk-001,2021-12-19T03:00:00+00:00,189.171521
3x-risk-001,2021-12-19T10:00:00+00:00,187.241689
3x-risk-001,2021-12-20T21:00:00+00:00,185.37648
3x-risk-001,2021-12-21T09:00:00+00:00,183.393924
3x-risk-001,2021-12-21T15:00:00+00:00,181.467423
3x-risk-001,2021-12-21T19:00:00+00:00,179.547811
3x-risk-001,2021-12-22T23:00:00+00:00,177.691685
3x-risk-001,2021-12-23T07:00:00+00:00,175.838081
3x-risk-001,2021-12-23T11:00:00+00:00,184.91532
3x-risk-001,2021-12-23T16:00:00+00:00,182.98339
3x-risk-001,2021-12-23T17:00:00+00:00,181.198882
3x-risk-001,2021-12-23T17:00:00+00:00,179.254359
3x-risk-001,2021-12-26T03:00:00+00:00,177.416372
3x-risk-001,2021-12-27T23:00:00+00:00,175.54953
3x-risk-001,2021-12-28T01:00:00+00:00,173.702109
3x-risk-001,2021-12-28T19:00:00+00:00,171.91639
3x-risk-001,2022-01-02T16:00:00+00:00,170.127454
3x-risk-001,2022-01-03T16:00:00+00:00,168.346797
3x-risk-001,2022-01-04T10:00:00+00:00,166.685902
3x-risk-001,2022-01-05T18:00:00+00:00,164.953832
3x-risk-001,2022-01-05T20:00:00+00:00,173.421933
3x-risk-001,2022-01-05T20:00:00+00:00,181.578784
3x-risk-001,2022-01-14T12:00:00+00:00,179.726827
3x-risk-001,2022-01-16T11:00:00+00:00,177.793839
3x-risk-001,2022-01-16T21:00:00+00:00,175.946409
3x-risk-001,2022-01-17T21:00:00+00:00,184.929446
3x-risk-001,2022-01-20T15:00:00+00:00,183.189871
3x-risk-001,2022-01-21T02:00:00+00:00,191.631696
3x-risk-001,2022-02-01T09:00:00+00:00,189.578138
3x-risk-001,2022-02-01T10:00:00+00:00,187.846804
3x-risk-001,2022-02-02T08:00:00+00:00,185.905144
3x-risk-001,2022-02-03T10:00:00+00:00,183.860978
3x-risk-001,2022-02-05T00:00:00+00:00,191.750285
3x-risk-001,2022-02-05T04:00:00+00:00,200.609969
3x-risk-001,2022-02-10T20:00:00+00:00,198.60701
3x-risk-001,2022-02-15T04:00:00+00:00,196.607303
3x-risk-001,2022-02-28T14:00:00+00:00,194.649889
3x-risk-001,2022-03-01T00:00:00+00:00,208.013682
3x-risk-001,2022-03-08T15:00:00+00:00,205.924666
3x-risk-001,2022-03-11T11:00:00+00:00,203.851454
3x-risk-001,2022-03-11T11:00:00+00:00,201.720452
3x-risk-001,2022-03-13T03:00:00+00:00,199.609223
3x-risk-001,2022-03-14T09:00:00+00:00,197.507095
3x-risk-001,2022-03-14T22:00:00+00:00,195.424248
3x-risk-001,2022-03-14T22:00:00+00:00,193.39957
3x-risk-001,2022-03-15T14:00:00+00:00,191.361184
3x-risk-001,2022-03-15T15:00:00+00:00,189.227076
3x-risk-001,2022-03-16T02:00:00+00:00,187.101275
3x-risk-001,2022-03-16T03:00:00+00:00,185.11484
3x-risk-001,2022-03-16T04:00:00+00:00,183.525278
3x-risk-001,2022-03-16T09:00:00+00:00,192.556543
3x-risk-001,2022-03-16T18:00:00+00:00,190.632787
3x-risk-001,2022-03-18T14:00:00+00:00,199.833635
3x-risk-001,2022-03-22T02:00:00+00:00,197.778214
3x-risk-001,2022-03-23T15:00:00+00:00,207.227031
3x-risk-001,2022-03-23T16:00:00+00:00,216.85404
3x-risk-001,2022-03-24T08:00:00+00:00,226.579239
3x-risk-001,2022-03-25T06:00:00+00:00,224.689361
3x-risk-001,2022-03-27T12:00:00+00:00,222.955898
3x-risk-001,2022-03-27T16:00:00+00:00,221.205878
3x-risk-001,2022-03-27T23:00:00+00:00,231.973542
3x-risk-001,2022-03-28T00:00:00+00:00,242.284581
3x-risk-001,2022-03-28T00:00:00+00:00,252.898126
3x-risk-001,2022-04-03T18:00:00+00:00,250.299879
3x-risk-001,2022-04-03T23:00:00+00:00,247.578924
3x-risk-001,2022-04-04T17:00:00+00:00,244.898582
3x-risk-001,2022-04-04T21:00:00+00:00,242.235798
3x-risk-001,2022-04-04T21:00:00+00:00,239.64678
3x-risk-001,2022-04-05T00:00:00+00:00,237.170672
3x-risk-001,2022-04-05T14:00:00+00:00,234.662657
3x-risk-001,2022-04-06T00:00:00+00:00,232.152451
3x-risk-001,2022-04-06T13:00:00+00:00,243.872628
3x-risk-001,2022-04-07T00:00:00+00:00,255.407715
3x-risk-001,2022-04-10T22:00:00+00:00,252.725386
3x-risk-001,2022-04-11T11:00:00+00:00,263.929393
3x-risk-001,2022-04-18T18:00:00+00:00,261.158638
3x-risk-001,2022-04-19T07:00:00+00:00,258.366433
3x-risk-001,2022-04-21T19:00:00+00:00,256.056103
3x-risk-001,2022-04-21T22:00:00+00:00,253.317454
3x-risk-001,2022-04-25T06:00:00+00:00,265.720674
3x-risk-001,2022-04-26T14:00:00+00:00,263.039275
3x-risk-001,2022-04-26T14:00:00+00:00,260.333381
3x-risk-001,2022-04-26T20:00:00+00:00,272.858583
3x-risk-001,2022-04-28T12:00:00+00:00,269.983762
3x-risk-001,2022-04-28T13:00:00+00:00,267.108716
3x-risk-001,2022-04-28T13:00:00+00:00,264.25782
3x-risk-001,2022-04-28T15:00:00+00:00,261.480821
3x-risk-001,2022-04-28T17:00:00+00:00,258.768297
3x-risk-001,2022-04-28T19:00:00+00:00,255.730122
3x-risk-001,2022-04-29T09:00:00+00:00,253.098521
3x-risk-001,2022-04-30T22:00:00+00:00,265.745324
3x-risk-001,2022-05-04T15:00:00+00:00,262.932203
3x-risk-001,2022-05-04T18:00:00+00:00,260.426055
3x-risk-001,2022-05-04T18:00:00+00:00,257.822356
3x-risk-001,2022-05-05T14:00:00+00:00,255.197734
3x-risk-001,2022-05-05T15:00:00+00:00,252.424272
3x-risk-001,2022-05-05T15:00:00+00:00,249.728177
3x-risk-001,2022-05-17T18:00:00+00:00,247.141013
3x-risk-001,2022-05-18T03:00:00+00:00,244.523277
3x-risk-001,2022-05-19T07:00:00+00:00,241.923558
3x-risk-001,2022-05-19T15:00:00+00:00,239.401576
3x-risk-001,2022-05-20T14:00:00+00:00,236.865039
3x-risk-001,2022-05-20T15:00:00+00:00,234.431163
3x-risk-001,2022-05-23T11:00:00+00:00,231.988741
3x-risk-001,2022-05-23T19:00:00+00:00,229.436538
3x-risk-001,2022-05-24T23:00:00+00:00,227.090654
3x-risk-001,2022-05-25T11:00:00+00:00,224.731444
3x-risk-001,2022-05-25T13:00:00+00:00,222.129267
3x-risk-001,2022-05-26T13:00:00+00:00,233.275751
3x-risk-001,2022-05-26T16:00:00+00:00,230.748473
3x-risk-001,2022-05-30T01:00:00+00:00,228.510912
3x-risk-001,2022-05-30T06:00:00+00:00,226.224839
3x-risk-001,2022-05-30T20:00:00+00:00,237.409325
3x-risk-001,2022-06-08T03:00:00+00:00,235.001434
3x-risk-001,2022-06-09T05:00:00+00:00,232.402301
3x-risk-001,2022-06-09T08:00:00+00:00,229.969034
3x-risk-001,2022-06-09T08:00:00+00:00,228.10026
3x-risk-001,2022-06-09T11:00:00+00:00,225.32658
3x-risk-001,2022-06-09T19:00:00+00:00,223.070581
3x-risk-001,2022-06-10T00:00:00+00:00,220.76005
3x-risk-001,2022-06-10T03:00:00+00:00,218.188966
3x-risk-001,2022-06-10T03:00:00+00:00,216.066016
3x-risk-001,2022-06-10T09:00:00+00:00,213.837004
3x-risk-001,2022-06-10T13:00:00+00:00,221.170544
3x-risk-001,2022-06-10T14:00:00+00:00,219.340431
3x-risk-001,2022-06-11T12:00:00+00:00,228.680958
3x-risk-001,2022-06-11T14:00:00+00:00,239.404923
3x-risk-001,2022-06-27T13:00:00+00:00,236.904909
3x-risk-001,2022-06-28T18:00:00+00:00,234.448882
3x-risk-001,2022-06-30T07:00:00+00:00,245.935296
3x-risk-001,2022-06-30T08:00:00+00:00,257.613547
3x-risk-001,2022-07-03T20:00:00+00:00,254.954631
3x-risk-001,2022-07-04T09:00:00+00:00,252.233761
3x-risk-001,2022-07-05T12:00:00+00:00,249.502252
3x-risk-001,2022-07-06T04:00:00+00:00,246.876185
3x-risk-001,2022-07-07T14:00:00+00:00,259.108298
3x-risk-001,2022-07-07T16:00:00+00:00,271.551934
3x-risk-001,2022-07-10T14:00:00+00:00,268.860569
3x-risk-001,2022-07-18T09:00:00+00:00,282.165317
3x-risk-001,2022-07-23T08:00:00+00:00,279.242005
3x-risk-001,2022-07-25T00:00:00+00:00,276.333694
3x-risk-001,2022-07-25T00:00:00+00:00,273.416542
3x-risk-001,2022-07-26T19:00:00+00:00,286.914553
3x-risk-001,2022-08-05T01:00:00+00:00,284.309279
3x-risk-001,2022-08-05T06:00:00+00:00,281.342682
3x-risk-001,2022-08-05T18:00:00+00:00,278.389671
3x-risk-001,2022-08-05T21:00:00+00:00,275.233757
3x-risk-001,2022-08-06T17:00:00+00:00,272.26228
3x-risk-001,2022-08-07T12:00:00+00:00,269.438157
3x-risk-001,2022-08-07T13:00:00+00:00,266.517083
3x-risk-001,2022-08-08T11:00:00+00:00,279.699709
3x-risk-001,2022-08-08T12:00:00+00:00,292.886643
3x-risk-001,2022-08-10T12:00:00+00:00,289.839991
3x-risk-001,2022-08-10T13:00:00+00:00,303.67238
3x-risk-001,2022-08-12T23:00:00+00:00,300.501183
3x-risk-001,2022-08-13T20:00:00+00:00,297.322003
3x-risk-001,2022-08-14T12:00:00+00:00,294.224999
3x-risk-001,2022-08-15T02:00:00+00:00,291.280649
3x-risk-001,2022-08-15T03:00:00+00:00,288.111941
3x-risk-001,2022-08-18T23:00:00+00:00,284.81976
3x-risk-001,2022-08-26T05:00:00+00:00,281.813235
3x-risk-001,2022-08-26T05:00:00+00:00,278.820791
3x-risk-001,2022-08-26T11:00:00+00:00,275.98019
3x-risk-001,2022-08-26T13:00:00+00:00,272.758368
3x-risk-001,2022-08-26T13:00:00+00:00,269.962308
3x-risk-001,2022-08-26T23:00:00+00:00,283.312102
3x-risk-001,2022-08-31T15:00:00+00:00,280.335231
3x-risk-001,2022-08-31T19:00:00+00:00,277.403511
3x-risk-001,2022-09-01T11:00:00+00:00,274.522293
3x-risk-001,2022-09-01T14:00:00+00:00,271.635465
3x-risk-001,2022-09-01T17:00:00+00:00,268.814125
3x-risk-001,2022-09-02T03:00:00+00:00,265.928468
3x-risk-001,2022-09-02T17:00:00+00:00,263.079724
3x-risk-001,2022-09-02T17:00:00+00:00,260.223605
3x-risk-001,2022-09-03T11:00:00+00:00,257.615541
3x-risk-001,2022-09-04T12:00:00+00:00,254.789693
3x-risk-001,2022-09-05T10:00:00+00:00,252.108642
3x-risk-001,2022-09-05T23:00:00+00:00,249.514258
3x-risk-001,2022-09-06T00:00:00+00:00,246.8264
3x-risk-001,2022-09-06T01:00:00+00:00,243.827278
3x-risk-001,2022-09-06T13:00:00+00:00,240.994437
3x-risk-001,2022-09-06T17:00:00+00:00,238.50224
3x-risk-001,2022-09-06T17:00:00+00:00,235.987557
3x-risk-001,2022-09-09T04:00:00+00:00,247.673136
3x-risk-001,2022-09-09T05:00:00+00:00,259.364867
3x-risk-001,2022-09-15T06:00:00+00:00,256.98257
3x-risk-001,2022-09-21T18:00:00+00:00,254.302401
3x-risk-001,2022-09-23T09:00:00+00:00,251.652842
3x-risk-001,2022-09-23T10:00:00+00:00,248.949687
3x-risk-001,2022-09-23T20:00:00+00:00,246.390089
3x-risk-001,2022-09-23T22:00:00+00:00,243.89419
3x-risk-001,2022-09-24T02:00:00+00:00,241.082238
3x-risk-001,2022-09-24T07:00:00+00:00,238.553334
3x-risk-001,2022-09-25T11:00:00+00:00,235.991823
3x-risk-001,2022-09-25T16:00:00+00:00,247.905958
3x-risk-001,2022-09-26T08:00:00+00:00,245.384648
3x-risk-001,2022-09-26T11:00:00+00:00,242.741329
3x-risk-001,2022-09-26T14:00:00+00:00,240.184543
3x-risk-001,2022-09-27T01:00:00+00:00,237.741926
3x-risk-001,2022-09-27T06:00:00+00:00,249.592078
3x-risk-001,2022-09-27T16:00:00+00:00,247.303821
3x-risk-001,2022-09-27T18:00:00+00:00,244.805127
3x-risk-001,2022-09-28T17:00:00+00:00,242.27497
3x-risk-001,2022-09-29T07:00:00+00:00,239.7389
3x-risk-001,2022-09-29T13:00:00+00:00,237.239162
3x-risk-001,2022-09-29T14:00:00+00:00,234.763458
3x-risk-001,2022-09-29T16:00:00+00:00,232.376951
3x-risk-001,2022-09-30T07:00:00+00:00,230.433338
3x-risk-001,2022-09-30T12:00:00+00:00,227.868377
3x-risk-001,2022-09-30T12:00:00+00:00,225.724337
3x-risk-001,2022-09-30T18:00:00+00:00,223.371887
3x-risk-001,2022-09-30T21:00:00+00:00,221.050968
3x-risk-001,2022-10-02T23:00:00+00:00,231.973551
3x-risk-001,2022-10-03T00:00:00+00:00,241.748311
3x-risk-001,2022-10-03T13:00:00+00:00,239.191285
3x-risk-001,2022-10-03T14:00:00+00:00,236.673938
3x-risk-001,2022-10-07T12:00:00+00:00,234.21456
3x-risk-001,2022-10-08T21:00:00+00:00,231.771517
3x-risk-001,2022-10-08T21:00:00+00:00,229.109565
3x-risk-001,2022-10-10T08:00:00+00:00,226.681971
3x-risk-001,2022-10-10T22:00:00+00:00,237.890736
3x-risk-001,2022-10-10T22:00:00+00:00,235.418173
3x-risk-001,2022-10-13T07:00:00+00:00,246.990359
3x-risk-001,2022-10-13T12:00:00+00:00,258.198519
3x-risk-001,2022-10-13T18:00:00+00:00,255.679921
3x-risk-001,2022-10-14T16:00:00+00:00,253.038494
3x-risk-001,2022-10-14T21:00:00+00:00,250.404581
3x-risk-001,2022-10-16T19:00:00+00:00,247.693932
3x-risk-001,2022-10-16T19:00:00+00:00,245.059648
3x-risk-001,2022-10-16T20:00:00+00:00,242.368261
3x-risk-001,2022-10-16T21:00:00+00:00,239.748649
3x-risk-001,2022-10-17T04:00:00+00:00,237.228754
3x-risk-001,2022-10-18T18:00:00+00:00,234.675495
3x-risk-001,2022-10-18T19:00:00+00:00,232.329726
3x-risk-001,2022-10-19T22:00:00+00:00,229.497373
3x-risk-001,2022-10-20T12:00:00+00:00,227.027836
3x-risk-001,2022-10-21T00:00:00+00:00,237.061362
3x-risk-001,2022-10-21T16:00:00+00:00,234.686821
3x-risk-001,2022-10-23T11:00:00+00:00,232.258796
3x-risk-001,2022-10-23T17:00:00+00:00,229.578792
3x-risk-001,2022-10-23T18:00:00+00:00,227.219785
3x-risk-001,2022-10-24T07:00:00+00:00,224.912155
3x-risk-001,2022-10-24T10:00:00+00:00,222.629562
3x-risk-001,2022-10-24T14:00:00+00:00,220.20427
3x-risk-001,2022-10-24T14:00:00+00:00,217.856354
3x-risk-001,2022-10-25T00:00:00+00:00,215.58876
3x-risk-001,2022-10-25T09:00:00+00:00,213.449752
3x-risk-001,2022-10-25T10:00:00+00:00,211.246364
3x-risk-001,2022-10-30T01:00:00+00:00,221.699348
3x-risk-001,2022-11-01T22:00:00+00:00,219.435546
3x-risk-001,2022-11-02T18:00:00+00:00,217.167197
3x-risk-001,2022-11-02T18:00:00+00:00,214.874704
3x-risk-001,2022-11-02T18:00:00+00:00,212.509806
3x-risk-001,2022-11-04T04:00:00+00:00,210.405074
3x-risk-001,2022-11-04T06:00:00+00:00,208.234445
3x-risk-001,2022-11-04T20:00:00+00:00,218.746185
3x-risk-001,2022-11-07T07:00:00+00:00,216.567641
3x-risk-001,2022-11-08T03:00:00+00:00,214.304492
3x-risk-001,2022-11-18T00:00:00+00:00,212.082505
3x-risk-001,2022-11-18T17:00:00+00:00,209.885079
3x-risk-001,2022-11-20T11:00:00+00:00,207.609711
3x-risk-001,2022-11-21T21:00:00+00:00,217.839525
3x-risk-001,2022-11-22T13:00:00+00:00,215.733793
3x-risk-001,2022-11-23T03:00:00+00:00,213.65023
3x-risk-001,2022-11-27T02:00:00+00:00,211.495309
3x-risk-001,2022-11-27T12:00:00+00:00,209.331679
3x-risk-001,2022-11-28T01:00:00+00:00,207.10732
3x-risk-001,2022-11-28T01:00:00+00:00,204.971334
3x-risk-001,2022-11-28T01:00:00+00:00,215.334233
3x-risk-001,2022-11-29T05:00:00+00:00,213.089971
3x-risk-001,2022-11-30T03:00:00+00:00,223.65513
3x-risk-001,2022-11-30T17:00:00+00:00,221.48392
3x-risk-001,2022-11-30T17:00:00+00:00,219.177076
3x-risk-001,2022-11-30T19:00:00+00:00,229.677784
3x-risk-001,2022-12-01T13:00:00+00:00,227.292031
3x-risk-001,2022-12-02T16:00:00+00:00,224.877857
3x-risk-001,2022-12-04T18:00:00+00:00,222.52913
3x-risk-001,2022-12-05T00:00:00+00:00,219.768658
3x-risk-001,2022-12-05T08:00:00+00:00,217.444468
3x-risk-001,2022-12-05T15:00:00+00:00,215.122955
3x-risk-001,2022-12-05T15:00:00+00:00,212.849898
3x-risk-001,2022-12-05T19:00:00+00:00,210.457382
3x-risk-001,2022-12-06T23:00:00+00:00,208.197691
3x-risk-001,2022-12-07T07:00:00+00:00,206.070618
3x-risk-001,2022-12-08T18:00:00+00:00,203.988483
3x-risk-001,2022-12-08T18:00:00+00:00,201.93211
3x-risk-001,2022-12-09T17:00:00+00:00,199.796171
3x-risk-001,2022-12-10T14:00:00+00:00,197.757301
3x-risk-001,2022-12-11T22:00:00+00:00,195.667006
3x-risk-001,2022-12-12T00:00:00+00:00,193.517432
3x-risk-001,2022-12-12T12:00:00+00:00,203.90669
3x-risk-001,2022-12-12T21:00:00+00:00,201.82706
3x-risk-001,2022-12-12T21:00:00+00:00,199.733535
3x-risk-001,2022-12-13T07:00:00+00:00,197.674172
3x-risk-001,2022-12-13T13:00:00+00:00,207.502352
3x-risk-001,2022-12-13T13:00:00+00:00,205.513036
3x-risk-001,2022-12-13T14:00:00+00:00,203.855957
3x-risk-001,2022-12-13T19:00:00+00:00,203.087809
3x-risk-001,2022-12-14T13:00:00+00:00,200.972653
3x-risk-001,2022-12-14T19:00:00+00:00,198.853489
3x-risk-001,2022-12-16T08:00:00+00:00,196.631683
3x-risk-001,2022-12-16T14:00:00+00:00,206.464938
3x-risk-001,2022-12-16T22:00:00+00:00,216.293171
3x-risk-001,2022-12-21T19:00:00+00:00,214.071603
3x-risk-001,2022-12-22T15:00:00+00:00,211.799737
3x-risk-001,2022-12-22T20:00:00+00:00,209.550261
3x-risk-001,2022-12-22T20:00:00+00:00,207.331064
3x-risk-001,2022-12-22T22:00:00+00:00,205.580967
3x-risk-001,2022-12-23T03:00:00+00:00,203.353673
3x-risk-001,2022-12-23T03:00:00+00:00,201.186908
3x-risk-001,2022-12-24T04:00:00+00:00,199.067841
3x-risk-001,2022-12-25T14:00:00+00:00,196.870088
3x-risk-001,2022-12-25T21:00:00+00:00,194.872424
3x-risk-001,2022-12-26T08:00:00+00:00,192.732703
3x-risk-001,2022-12-27T10:00:00+00:00,190.740309
3x-risk-001,2022-12-27T14:00:00+00:00,188.84782
3x-risk-001,2022-12-27T14:00:00+00:00,186.976681
3x-risk-001,2022-12-27T15:00:00+00:00,184.462184
3x-risk-001,2022-12-30T07:00:00+00:00,193.591346
3x-risk-001,2022-12-31T13:00:00+00:00,191.579627
3x-risk-001,2023-01-01T04:00:00+00:00,189.494459
3x-risk-001,2023-01-01T20:00:00+00:00,187.668442
3x-risk-001,2023-01-02T07:00:00+00:00,185.954554
3x-risk-001,2023-01-02T07:00:00+00:00,184.074947
3x-risk-001,2023-01-02T23:00:00+00:00,181.901111
3x-risk-001,2023-01-03T17:00:00+00:00,179.982421
3x-risk-001,2023-01-04T00:00:00+00:00,178.222943
3x-risk-001,2023-01-04T18:00:00+00:00,186.73486
3x-risk-001,2023-01-06T19:00:00+00:00,184.761622
3x-risk-001,2023-01-09T05:00:00+00:00,193.914657
3x-risk-001,2023-01-12T17:00:00+00:00,203.151099
3x-risk-001,2023-01-12T18:00:00+00:00,212.279428
3x-risk-001,2023-01-18T15:00:00+00:00,210.081945
3x-risk-001,2023-01-20T20:00:00+00:00,207.9246
3x-risk-001,2023-01-21T09:00:00+00:00,218.306961
3x-risk-001,2023-01-25T21:00:00+00:00,216.057853
3x-risk-001,2023-01-27T01:00:00+00:00,213.787708
3x-risk-001,2023-01-27T07:00:00+00:00,211.571139
3x-risk-001,2023-01-27T14:00:00+00:00,209.416339
3x-risk-001,2023-01-27T17:00:00+00:00,207.177279
3x-risk-001,2023-01-27T17:00:00+00:00,204.983941
3x-risk-001,2023-01-28T10:00:00+00:00,202.741076
3x-risk-001,2023-01-28T13:00:00+00:00,200.626942
3x-risk-001,2023-01-29T00:00:00+00:00,198.582437
3x-risk-001,2023-01-29T01:00:00+00:00,196.337381
3x-risk-001,2023-01-29T01:00:00+00:00,194.283303
3x-risk-001,2023-01-30T00:00:00+00:00,203.848276
3x-risk-001,2023-01-30T19:00:00+00:00,201.436708
3x-risk-001,2023-01-30T19:00:00+00:00,199.257103
3x-risk-001,2023-01-31T16:00:00+00:00,197.217555
3x-risk-001,2023-02-01T06:00:00+00:00,194.991299
3x-risk-001,2023-02-01T08:00:00+00:00,192.920579
3x-risk-001,2023-02-01T19:00:00+00:00,190.858973
3x-risk-001,2023-02-01T19:00:00+00:00,188.825831
3x-risk-001,2023-02-03T13:00:00+00:00,186.815429
3x-risk-001,2023-02-03T19:00:00+00:00,184.857852
3x-risk-001,2023-02-04T05:00:00+00:00,182.860762
3x-risk-001,2023-02-04T23:00:00+00:00,180.949477
3x-risk-001,2023-02-06T16:00:00+00:00,179.054841
3x-risk-001,2023-02-07T05:00:00+00:00,188.255005
3x-risk-001,2023-02-07T17:00:00+00:00,186.412319
3x-risk-001,2023-02-07T18:00:00+00:00,184.425959
3x-risk-001,2023-02-08T00:00:00+00:00,192.216301
3x-risk-001,2023-02-08T15:00:00+00:00,190.191863
3x-risk-001,2023-02-09T03:00:00+00:00,199.132168
3x-risk-001,2023-02-09T07:00:00+00:00,196.943079
3x-risk-001,2023-02-09T21:00:00+00:00,206.349165
3x-risk-001,2023-02-09T21:00:00+00:00,215.719293
3x-risk-001,2023-02-09T21:00:00+00:00,225.390268
3x-risk-001,2023-02-14T14:00:00+00:00,223.115512
3x-risk-001,2023-02-15T20:00:00+00:00,234.16046
3x-risk-001,2023-02-16T00:00:00+00:00,245.135243
3x-risk-001,2023-02-18T19:00:00+00:00,242.493265
3x-risk-001,2023-02-19T03:00:00+00:00,239.96963
3x-risk-001,2023-02-19T15:00:00+00:00,237.509972
3x-risk-001,2023-02-21T08:00:00+00:00,234.98298
3x-risk-001,2023-02-22T08:00:00+00:00,246.556263
3x-risk-001,2023-02-22T16:00:00+00:00,258.147465
3x-risk-001,2023-02-23T02:00:00+00:00,255.594013
3x-risk-001,2023-02-28T07:00:00+00:00,266.060257
3x-risk-001,2023-02-28T20:00:00+00:00,262.97366
3x-risk-001,2023-03-01T03:00:00+00:00,260.172649
3x-risk-001,2023-03-02T07:00:00+00:00,257.435062
3x-risk-001,2023-03-03T01:00:00+00:00,262.536741
3x-risk-001,2023-03-03T01:00:00+00:00,275.046642
3x-risk-001,2023-03-03T01:00:00+00:00,287.773656
3x-risk-001,2023-03-08T15:00:00+00:00,284.757737
3x-risk-001,2023-03-08T22:00:00+00:00,281.66937
3x-risk-001,2023-03-09T18:00:00+00:00,295.789973
3x-risk-001,2023-03-09T20:00:00+00:00,309.988694
3x-risk-001,2023-03-18T00:00:00+00:00,325.326088
3x-risk-001,2023-03-22T09:00:00+00:00,322.575972
3x-risk-001,2023-03-22T19:00:00+00:00,319.211545
3x-risk-001,2023-03-22T19:00:00+00:00,316.244894
3x-risk-001,2023-03-23T14:00:00+00:00,312.964018
3x-risk-001,2023-03-23T18:00:00+00:00,309.671754
3x-risk-001,2023-03-24T10:00:00+00:00,306.630465
3x-risk-001,2023-03-24T11:00:00+00:00,303.36541
3x-risk-001,2023-03-29T08:00:00+00:00,300.59364
3x-risk-001,2023-03-30T02:00:00+00:00,297.556588
3x-risk-001,2023-03-31T14:00:00+00:00,294.425382
3x-risk-001,2023-04-03T01:00:00+00:00,291.281699
3x-risk-001,2023-04-03T01:00:00+00:00,288.198889
3x-risk-001,2023-04-03T08:00:00+00:00,285.258304
3x-risk-001,2023-04-03T20:00:00+00:00,282.24628
3x-risk-001,2023-04-04T10:00:00+00:00,279.313929
3x-risk-001,2023-04-04T12:00:00+00:00,276.402171
3x-risk-001,2023-04-05T14:00:00+00:00,273.472476
3x-risk-001,2023-04-05T14:00:00+00:00,270.58998
3x-risk-001,2023-04-06T06:00:00+00:00,267.811311
3x-risk-001,2023-04-06T16:00:00+00:00,264.845502
3x-risk-001,2023-04-06T16:00:00+00:00,263.132977
3x-risk-001,2023-04-06T16:00:00+00:00,260.326063
3x-risk-001,2023-04-06T20:00:00+00:00,257.659397
3x-risk-001,2023-04-09T21:00:00+00:00,254.820225
3x-risk-001,2023-04-10T22:00:00+00:00,267.392682
3x-risk-001,2023-04-11T00:00:00+00:00,264.91173
3x-risk-001,2023-04-12T02:00:00+00:00,262.123498
3x-risk-001,2023-04-12T13:00:00+00:00,259.412093
3x-risk-001,2023-04-12T16:00:00+00:00,256.750824
3x-risk-001,2023-04-14T00:00:00+00:00,269.368531
3x-risk-001,2023-04-14T05:00:00+00:00,265.118574
3x-risk-001,2023-04-18T11:00:00+00:00,262.376343
3x-risk-001,2023-04-19T08:00:00+00:00,259.585811
3x-risk-001,2023-04-19T08:00:00+00:00,256.882371
3x-risk-001,2023-04-19T08:00:00+00:00,254.106068
3x-risk-001,2023-04-26T20:00:00+00:00,252.524857
3x-risk-001,2023-04-27T14:00:00+00:00,249.713191
3x-risk-001,2023-04-27T16:00:00+00:00,247.184504
3x-risk-001,2023-04-27T17:00:00+00:00,244.361679
3x-risk-001,2023-04-28T11:00:00+00:00,241.810829
3x-risk-001,2023-04-29T02:00:00+00:00,239.317282
3x-risk-001,2023-04-29T02:00:00+00:00,236.890755
3x-risk-001,2023-04-29T13:00:00+00:00,234.440483
3x-risk-001,2023-04-29T17:00:00+00:00,232.006399
3x-risk-001,2023-04-29T17:00:00+00:00,229.558082
3x-risk-001,2023-04-29T17:00:00+00:00,227.132329
3x-risk-001,2023-04-30T00:00:00+00:00,224.737978
3x-risk-001,2023-04-30T15:00:00+00:00,222.407126
3x-risk-001,2023-04-30T19:00:00+00:00,219.83486
3x-risk-001,2023-04-30T19:00:00+00:00,217.543803
3x-risk-001,2023-04-30T23:00:00+00:00,214.933508
3x-risk-001,2023-05-01T19:00:00+00:00,225.561789
3x-risk-001,2023-05-03T12:00:00+00:00,223.142824
3x-risk-001,2023-05-03T21:00:00+00:00,220.865778
3x-risk-001,2023-05-04T12:00:00+00:00,218.574904
3x-risk-001,2023-05-04T13:00:00+00:00,216.277881
3x-risk-001,2023-05-05T16:00:00+00:00,214.159609
3x-risk-001,2023-05-05T16:00:00+00:00,211.27169
3x-risk-001,2023-05-06T03:00:00+00:00,209.030678
3x-risk-001,2023-05-06T08:00:00+00:00,207.023713
3x-risk-001,2023-05-06T14:00:00+00:00,204.738446
3x-risk-001,2023-05-07T14:00:00+00:00,202.597073
3x-risk-001,2023-05-07T23:00:00+00:00,200.426866
3x-risk-001,2023-05-08T18:00:00+00:00,210.553408
3x-risk-001,2023-05-10T17:00:00+00:00,220.415799
3x-risk-001,2023-05-14T00:00:00+00:00,218.107706
3x-risk-001,2023-05-14T19:00:00+00:00,215.738379
3x-risk-001,2023-05-15T00:00:00+00:00,213.475241
3x-risk-001,2023-05-16T01:00:00+00:00,211.21511
3x-risk-001,2023-05-17T07:00:00+00:00,208.992889
3x-risk-001,2023-05-17T19:00:00+00:00,206.893627
3x-risk-001,2023-05-17T19:00:00+00:00,204.707847
3x-risk-001,2023-05-18T14:00:00+00:00,202.444565
3x-risk-001,2023-05-18T15:00:00+00:00,200.309339
3x-risk-001,2023-05-18T22:00:00+00:00,198.243835
3x-risk-001,2023-05-24T04:00:00+00:00,208.052845
3x-risk-001,2023-05-28T00:00:00+00:00,206.010626
3x-risk-001,2023-05-28T22:00:00+00:00,204.256176
3x-risk-001,2023-05-29T02:00:00+00:00,202.134466
3x-risk-001,2023-05-29T11:00:00+00:00,199.760664
3x-risk-001,2023-05-30T15:00:00+00:00,197.667858
3x-risk-001,2023-06-02T00:00:00+00:00,195.427561
3x-risk-001,2023-06-05T15:00:00+00:00,205.04448
3x-risk-001,2023-06-05T15:00:00+00:00,202.956133
3x-risk-001,2023-06-07T09:00:00+00:00,200.831295
3x-risk-001,2023-06-07T10:00:00+00:00,198.712582
3x-risk-001,2023-06-07T21:00:00+00:00,208.498982
3x-risk-001,2023-06-08T15:00:00+00:00,206.360924
3x-risk-001,2023-06-10T04:00:00+00:00,216.571293
3x-risk-001,2023-06-14T12:00:00+00:00,214.185344
3x-risk-001,2023-06-14T20:00:00+00:00,224.406969
3x-risk-001,2023-06-17T04:00:00+00:00,222.056325
3x-risk-001,2023-06-17T20:00:00+00:00,219.718946
3x-risk-001,2023-06-19T00:00:00+00:00,217.520136
3x-risk-001,2023-06-19T13:00:00+00:00,215.277688
3x-risk-001,2023-06-20T17:00:00+00:00,225.931764
3x-risk-001,2023-06-21T00:00:00+00:00,237.002006
3x-risk-001,2023-06-21T01:00:00+00:00,234.605271
3x-risk-001,2023-06-22T14:00:00+00:00,232.160416
3x-risk-001,2023-06-23T15:00:00+00:00,229.716909
3x-risk-001,2023-06-24T08:00:00+00:00,227.255673
3x-risk-001,2023-06-25T03:00:00+00:00,224.856114
3x-risk-001,2023-06-25T13:00:00+00:00,222.516731
3x-risk-001,2023-06-26T01:00:00+00:00,220.17555
3x-risk-001,2023-06-26T07:00:00+00:00,217.902704
3x-risk-001,2023-06-26T13:00:00+00:00,229.029484
3x-risk-001,2023-06-26T16:00:00+00:00,226.825005
3x-risk-001,2023-06-26T16:00:00+00:00,224.192127
3x-risk-001,2023-06-27T10:00:00+00:00,221.838057
3x-risk-001,2023-06-28T00:00:00+00:00,219.520037
3x-risk-001,2023-06-28T12:00:00+00:00,217.198101
3x-risk-001,2023-06-28T19:00:00+00:00,228.281467
3x-risk-001,2023-06-29T09:00:00+00:00,225.904
3x-risk-001,2023-06-30T04:00:00+00:00,223.582429
3x-risk-001,2023-06-30T13:00:00+00:00,221.16805
3x-risk-001,2023-06-30T13:00:00+00:00,218.811976
3x-risk-001,2023-06-30T13:00:00+00:00,216.455378
3x-risk-001,2023-06-30T16:00:00+00:00,214.157581
3x-risk-001,2023-06-30T17:00:00+00:00,211.782629
3x-risk-001,2023-06-30T17:00:00+00:00,209.16538
3x-risk-001,2023-07-01T01:00:00+00:00,206.790169
3x-risk-001,2023-07-01T13:00:00+00:00,204.639437
3x-risk-001,2023-07-02T02:00:00+00:00,202.437306
3x-risk-001,2023-07-02T09:00:00+00:00,200.50573
3x-risk-001,2023-07-02T15:00:00+00:00,198.478634
3x-risk-001,2023-07-02T22:00:00+00:00,196.34058
3x-risk-001,2023-07-02T22:00:00+00:00,194.208767
3x-risk-001,2023-07-04T03:00:00+00:00,203.788439
3x-risk-001,2023-07-05T08:00:00+00:00,201.723051
3x-risk-001,2023-07-05T10:00:00+00:00,199.493692
3x-risk-001,2023-07-05T10:00:00+00:00,197.300492
3x-risk-001,2023-07-06T14:00:00+00:00,207.27916
3x-risk-001,2023-07-08T03:00:00+00:00,205.408258
3x-risk-001,2023-07-10T00:00:00+00:00,203.245848
3x-risk-001,2023-07-10T18:00:00+00:00,201.126732
3x-risk-001,2023-07-10T19:00:00+00:00,199.021207
3x-risk-001,2023-07-10T22:00:00+00:00,196.928234
3x-risk-001,2023-07-10T22:00:00+00:00,194.863335
3x-risk-001,2023-07-11T00:00:00+00:00,192.85938
3x-risk-001,2023-07-11T14:00:00+00:00,190.632433
3x-risk-001,2023-07-11T20:00:00+00:00,188.6829
3x-risk-001,2023-07-12T01:00:00+00:00,186.795642
3x-risk-001,2023-07-12T19:00:00+00:00,184.696161
3x-risk-001,2023-07-12T19:00:00+00:00,182.70399
3x-risk-001,2023-07-13T07:00:00+00:00,180.686121
3x-risk-001,2023-07-13T09:00:00+00:00,178.783264
3x-risk-001,2023-07-13T15:00:00+00:00,176.795392
3x-risk-001,2023-07-13T15:00:00+00:00,185.647449
3x-risk-001,2023-07-13T15:00:00+00:00,194.746212
3x-risk-001,2023-07-13T16:00:00+00:00,192.558139
3x-risk-001,2023-07-17T05:00:00+00:00,190.573981
3x-risk-001,2023-07-17T10:00:00+00:00,188.558862
3x-risk-001,2023-07-17T17:00:00+00:00,186.616714
3x-risk-001,2023-07-18T06:00:00+00:00,184.701164
3x-risk-001,2023-08-07T16:00:00+00:00,193.983692
3x-risk-001,2023-08-07T22:00:00+00:00,191.994118
3x-risk-001,2023-08-08T12:00:00+00:00,190.171735
3x-risk-001,2023-08-16T12:00:00+00:00,187.986607
3x-risk-001,2023-08-17T21:00:00+00:00,197.391216
3x-risk-001,2023-08-17T21:00:00+00:00,206.23024
3x-risk-001,2023-08-24T14:00:00+00:00,204.11291
3x-risk-001,2023-08-24T15:00:00+00:00,201.995468
3x-risk-001,2023-08-25T14:00:00+00:00,199.907192
3x-risk-001,2023-08-29T14:00:00+00:00,197.816711
3x-risk-001,2023-08-29T14:00:00+00:00,195.702243
3x-risk-001,2023-08-29T14:00:00+00:00,193.643212
3x-risk-001,2023-08-29T14:00:00+00:00,191.633459
3x-risk-001,2023-08-30T03:00:00+00:00,189.601319
3x-risk-001,2023-08-31T15:00:00+00:00,187.665002
3x-risk-001,2023-08-31T17:00:00+00:00,185.756864
3x-risk-001,2023-09-01T14:00:00+00:00,183.785561
3x-risk-001,2023-09-02T15:00:00+00:00,181.852905
3x-risk-001,2023-09-05T02:00:00+00:00,179.917771
3x-risk-001,2023-09-05T09:00:00+00:00,178.025833
3x-risk-001,2023-09-06T17:00:00+00:00,176.144095
3x-risk-001,2023-09-06T19:00:00+00:00,175.589923
3x-risk-001,2023-09-07T21:00:00+00:00,173.763319
3x-risk-001,2023-09-08T10:00:00+00:00,171.965576
3x-risk-001,2023-09-10T04:00:00+00:00,181.341953
3x-risk-001,2023-09-10T04:00:00+00:00,190.513133
3x-risk-001,2023-09-10T04:00:00+00:00,199.01772
3x-risk-001,2023-09-11T14:00:00+00:00,208.853934
3x-risk-001,2023-09-14T00:00:00+00:00,206.720933
3x-risk-001,2023-09-14T01:00:00+00:00,204.544397
3x-risk-001,2023-09-15T02:00:00+00:00,202.498427
3x-risk-001,2023-09-15T08:00:00+00:00,200.45804
3x-risk-001,2023-09-17T18:00:00+00:00,198.392567
3x-risk-001,2023-09-18T09:00:00+00:00,196.395178
3x-risk-001,2023-09-18T12:00:00+00:00,206.702207
3x-risk-001,2023-09-18T17:00:00+00:00,204.625235
3x-risk-001,2023-09-18T22:00:00+00:00,202.482984
3x-risk-001,2023-09-20T03:00:00+00:00,200.257478
3x-risk-001,2023-09-21T10:00:00+00:00,198.094253
3x-risk-001,2023-09-21T10:00:00+00:00,196.004601
3x-risk-001,2023-09-26T21:00:00+00:00,193.949197
3x-risk-001,2023-09-26T21:00:00+00:00,191.819571
3x-risk-001,2023-09-27T11:00:00+00:00,189.870556
3x-risk-001,2023-09-27T11:00:00+00:00,187.792646
3x-risk-001,2023-09-27T14:00:00+00:00,185.877623
3x-risk-001,2023-09-27T14:00:00+00:00,183.947553
3x-risk-001,2023-09-28T01:00:00+00:00,181.969732
3x-risk-001,2023-09-28T10:00:00+00:00,180.058137
3x-risk-001,2023-09-28T15:00:00+00:00,178.043855
3x-risk-001,2023-10-01T22:00:00+00:00,187.04765
3x-risk-001,2023-10-04T00:00:00+00:00,185.075184
3x-risk-001,2023-10-06T21:00:00+00:00,183.145172
3x-risk-001,2023-10-07T06:00:00+00:00,181.168716
3x-risk-001,2023-10-07T08:00:00+00:00,179.353019
3x-risk-001,2023-10-08T04:00:00+00:00,177.462724
3x-risk-001,2023-10-08T13:00:00+00:00,175.554543
3x-risk-001,2023-10-09T09:00:00+00:00,184.719045
3x-risk-001,2023-10-09T11:00:00+00:00,192.919955
3x-risk-001,2023-10-15T13:00:00+00:00,190.929098
3x-risk-001,2023-10-16T02:00:00+00:00,189.041101
3x-risk-001,2023-10-16T12:00:00+00:00,198.393857
3x-risk-001,2023-10-16T13:00:00+00:00,207.085914
3x-risk-001,2023-10-16T15:00:00+00:00,204.860331
3x-risk-001,2023-10-17T12:00:00+00:00,214.993159
3x-risk-001,2023-10-17T18:00:00+00:00,212.794256
3x-risk-001,2023-10-18T11:00:00+00:00,210.59335
3x-risk-001,2023-10-20T03:00:00+00:00,208.544072
3x-risk-001,2023-10-20T17:00:00+00:00,206.463073
3x-risk-001,2023-10-21T06:00:00+00:00,204.292359
3x-risk-001,2023-10-21T12:00:00+00:00,202.169482
3x-risk-001,2023-10-23T22:00:00+00:00,212.172673
3x-risk-001,2023-10-24T02:00:00+00:00,222.389565
3x-risk-001,2023-10-24T09:00:00+00:00,232.383506
3x-risk-001,2023-10-27T05:00:00+00:00,229.907481
3x-risk-001,2023-10-27T17:00:00+00:00,227.545489
3x-risk-001,2023-10-31T13:00:00+00:00,225.075718
3x-risk-001,2023-11-01T14:00:00+00:00,222.600852
3x-risk-001,2023-11-01T14:00:00+00:00,220.157551
3x-risk-001,2023-11-01T18:00:00+00:00,217.883598
3x-risk-001,2023-11-01T18:00:00+00:00,215.522562
3x-risk-001,2023-11-02T13:00:00+00:00,213.080777
3x-risk-001,2023-11-04T06:00:00+00:00,210.857218
3x-risk-001,2023-11-04T21:00:00+00:00,221.29646
3x-risk-001,2023-11-05T01:00:00+00:00,231.936988
3x-risk-001,2023-11-05T17:00:00+00:00,243.141895
3x-risk-001,2023-11-05T21:00:00+00:00,240.624834
3x-risk-001,2023-11-06T01:00:00+00:00,238.13223
3x-risk-001,2023-11-06T05:00:00+00:00,235.677227
3x-risk-001,2023-11-06T22:00:00+00:00,247.157931
3x-risk-001,2023-11-07T09:00:00+00:00,244.574999
3x-risk-001,2023-11-07T09:00:00+00:00,242.019363
3x-risk-001,2023-11-07T18:00:00+00:00,239.441696
3x-risk-001,2023-11-07T23:00:00+00:00,236.958881
3x-risk-001,2023-11-08T03:00:00+00:00,234.521489
3x-risk-001,2023-11-08T10:00:00+00:00,232.042508
3x-risk-001,2023-11-09T01:00:00+00:00,243.508948
3x-risk-001,2023-11-09T14:00:00+00:00,254.996124
3x-risk-001,2023-11-09T14:00:00+00:00,266.476688
3x-risk-001,2023-11-09T16:00:00+00:00,263.87343
3x-risk-001,2023-11-10T18:00:00+00:00,261.083325
3x-risk-001,2023-11-12T00:00:00+00:00,258.338877
3x-risk-001,2023-11-13T11:00:00+00:00,255.645902
3x-risk-001,2023-11-13T21:00:00+00:00,252.949281
3x-risk-001,2023-11-14T12:00:00+00:00,250.354095
3x-risk-001,2023-11-14T18:00:00+00:00,263.037498
3x-risk-001,2023-11-15T18:00:00+00:00,260.520082
3x-risk-001,2023-11-16T00:00:00+00:00,257.911984
3x-risk-001,2023-11-16T14:00:00+00:00,255.215112
3x-risk-001,2023-11-17T07:00:00+00:00,252.581668
3x-risk-001,2023-11-17T17:00:00+00:00,249.995841
3x-risk-001,2023-11-18T22:00:00+00:00,247.121194
3x-risk-001,2023-11-20T02:00:00+00:00,244.484877
3x-risk-001,2023-11-20T14:00:00+00:00,241.948477
3x-risk-001,2023-11-20T17:00:00+00:00,239.249204
3x-risk-001,2023-11-21T11:00:00+00:00,236.712222
3x-risk-001,2023-11-21T14:00:00+00:00,234.185986
3x-risk-001,2023-11-22T18:00:00+00:00,231.807811
3x-risk-001,2023-11-22T18:00:00+00:00,229.430463
3x-risk-001,2023-11-23T05:00:00+00:00,227.016811
3x-risk-001,2023-11-23T14:00:00+00:00,224.621579
3x-risk-001,2023-11-23T15:00:00+00:00,222.254732
3x-risk-001,2023-11-24T22:00:00+00:00,219.900596
3x-risk-001,2023-11-24T22:00:00+00:00,217.645416
3x-risk-001,2023-11-25T10:00:00+00:00,215.703638
3x-risk-001,2023-11-26T15:00:00+00:00,213.491475
3x-risk-001,2023-11-26T16:00:00+00:00,210.996975
3x-risk-001,2023-12-01T01:00:00+00:00,208.975106
3x-risk-001,2023-12-02T19:00:00+00:00,219.318126
3x-risk-001,2023-12-03T20:00:00+00:00,217.063658
3x-risk-001,2023-12-04T05:00:00+00:00,228.229977
3x-risk-001,2023-12-04T09:00:00+00:00,226.448913
3x-risk-001,2023-12-04T11:00:00+00:00,224.25348
3x-risk-001,2023-12-04T20:00:00+00:00,222.228733
3x-risk-001,2023-12-05T07:00:00+00:00,219.840928
3x-risk-001,2023-12-05T18:00:00+00:00,217.584666
3x-risk-001,2023-12-05T22:00:00+00:00,215.371791
3x-risk-001,2023-12-06T05:00:00+00:00,213.018347
3x-risk-001,2023-12-06T05:00:00+00:00,210.809617
3x-risk-001,2023-12-06T09:00:00+00:00,208.639801
3x-risk-001,2023-12-06T11:00:00+00:00,206.196403
3x-risk-001,2023-12-06T11:00:00+00:00,204.03312
3x-risk-001,2023-12-06T11:00:00+00:00,201.871586
3x-risk-001,2023-12-06T15:00:00+00:00,199.781126
3x-risk-001,2023-12-06T21:00:00+00:00,197.64591
3x-risk-001,2023-12-07T04:00:00+00:00,195.561004
3x-risk-001,2023-12-07T05:00:00+00:00,193.538539
3x-risk-001,2023-12-07T05:00:00+00:00,191.493347
3x-risk-001,2023-12-07T09:00:00+00:00,189.437414
3x-risk-001,2023-12-07T09:00:00+00:00,198.868887
3x-risk-001,2023-12-07T09:00:00+00:00,196.880835
3x-risk-001,2023-12-07T13:00:00+00:00,194.805208
3x-risk-001,2023-12-07T14:00:00+00:00,192.76184
3x-risk-001,2023-12-07T19:00:00+00:00,190.741044
3x-risk-001,2023-12-08T06:00:00+00:00,200.253895
3x-risk-001,2023-12-08T14:00:00+00:00,198.093682
3x-risk-001,2023-12-09T00:00:00+00:00,196.024702
3x-risk-001,2023-12-09T08:00:00+00:00,193.938345
3x-risk-001,2023-12-09T23:00:00+00:00,191.929144
3x-risk-001,2023-12-11T02:00:00+00:00,189.336525
3x-risk-001,2023-12-11T12:00:00+00:00,187.389571
3x-risk-001,2023-12-16T04:00:00+00:00,185.496782
3x-risk-001,2023-12-16T07:00:00+00:00,183.609665
3x-risk-001,2023-12-16T12:00:00+00:00,182.726078
3x-risk-001,2023-12-16T19:00:00+00:00,180.664077
3x-risk-001,2023-12-17T19:00:00+00:00,178.843418
3x-risk-001,2023-12-18T01:00:00+00:00,177.321088
3x-risk-001,2023-12-18T10:00:00+00:00,186.589349
3x-risk-001,2023-12-18T21:00:00+00:00,184.776451
3x-risk-001,2023-12-19T14:00:00+00:00,182.878808
3x-risk-001,2023-12-20T02:00:00+00:00,180.970062
3x-risk-001,2023-12-20T07:00:00+00:00,179.094166
3x-risk-001,2023-12-20T13:00:00+00:00,177.231443
3x-risk-001,2023-12-20T19:00:00+00:00,175.362769
3x-risk-001,2023-12-20T20:00:00+00:00,173.517103
3x-risk-001,2023-12-21T06:00:00+00:00,171.750212
3x-risk-001,2023-12-21T10:00:00+00:00,180.710467
3x-risk-001,2023-12-22T07:00:00+00:00,189.658657
3x-risk-001,2023-12-26T09:00:00+00:00,187.40114
3x-risk-001,2023-12-26T16:00:00+00:00,185.257232
3x-risk-001,2023-12-26T17:00:00+00:00,182.821007
3x-risk-001,2023-12-26T17:00:00+00:00,180.949837
3x-risk-001,2023-12-27T10:00:00+00:00,179.124064
3x-risk-001,2023-12-28T05:00:00+00:00,177.226683
3x-risk-001,2023-12-28T07:00:00+00:00,175.326843
3x-risk-001,2023-12-31T12:00:00+00:00,173.556399
3x-risk-001,2024-01-01T15:00:00+00:00,171.79264
3x-risk-001,2024-01-01T18:00:00+00:00,170.483947
3x-risk-001,2024-01-02T09:00:00+00:00,169.346009
3x-risk-001,2024-01-02T14:00:00+00:00,167.617051
3x-risk-001,2024-01-03T05:00:00+00:00,165.873239
3x-risk-001,2024-01-03T12:00:00+00:00,163.939939
3x-risk-001,2024-01-03T12:00:00+00:00,172.231068
3x-risk-001,2024-01-03T12:00:00+00:00,170.530097
3x-risk-001,2024-01-03T13:00:00+00:00,168.719173
3x-risk-001,2024-01-04T04:00:00+00:00,166.882757
3x-risk-001,2024-01-05T01:00:00+00:00,165.176292
3x-risk-001,2024-01-05T01:00:00+00:00,163.512539
3x-risk-001,2024-01-05T04:00:00+00:00,161.788645
3x-risk-001,2024-01-05T09:00:00+00:00,160.047962
3x-risk-001,2024-01-05T14:00:00+00:00,158.481331
3x-risk-001,2024-01-05T20:00:00+00:00,156.63401
3x-risk-001,2024-01-06T01:00:00+00:00,164.58018
3x-risk-001,2024-01-06T06:00:00+00:00,162.872314
3x-risk-001,2024-01-06T09:00:00+00:00,161.233859
3x-risk-001,2024-01-06T16:00:00+00:00,159.598767
3x-risk-001,2024-01-07T00:00:00+00:00,167.402096
3x-risk-001,2024-01-07T17:00:00+00:00,165.484004
3x-risk-001,2024-01-08T06:00:00+00:00,163.872091
3x-risk-001,2024-01-08T12:00:00+00:00,162.161818
3x-risk-001,2024-01-10T21:00:00+00:00,170.117577
3x-risk-001,2024-01-10T21:00:00+00:00,178.140504
3x-risk-001,2024-01-12T06:00:00+00:00,176.217085
3x-risk-001,2024-01-14T19:00:00+00:00,174.384653
3x-risk-001,2024-01-14T19:00:00+00:00,172.846712
3x-risk-001,2024-01-15T06:00:00+00:00,170.664129
3x-risk-001,2024-01-16T05:00:00+00:00,168.921069
3x-risk-001,2024-01-16T14:00:00+00:00,177.259181
3x-risk-001,2024-01-16T14:00:00+00:00,175.50929
3x-risk-001,2024-01-18T00:00:00+00:00,184.191856
3x-risk-001,2024-01-18T16:00:00+00:00,192.156943
3x-risk-001,2024-01-18T16:00:00+00:00,200.745392
3x-risk-001,2024-01-18T16:00:00+00:00,198.711737
3x-risk-001,2024-01-18T23:00:00+00:00,196.581161
3x-risk-001,2024-01-19T04:00:00+00:00,194.201516
3x-risk-001,2024-01-19T15:00:00+00:00,192.105718
3x-risk-001,2024-01-19T16:00:00+00:00,201.146181
3x-risk-001,2024-01-19T19:00:00+00:00,198.735885
3x-risk-001,2024-01-22T09:00:00+00:00,196.636057
3x-risk-001,2024-01-22T10:00:00+00:00,195.059551
3x-risk-001,2024-01-23T09:00:00+00:00,204.729462
3x-risk-001,2024-01-25T21:00:00+00:00,202.63482
3x-risk-001,2024-01-26T02:00:00+00:00,200.3817
3x-risk-001,2024-01-26T16:00:00+00:00,198.526699
3x-risk-001,2024-01-26T19:00:00+00:00,208.43369
3x-risk-001,2024-01-28T22:00:00+00:00,206.337399
3x-risk-001,2024-01-30T02:00:00+00:00,204.104719
3x-risk-001,2024-01-30T11:00:00+00:00,214.187553
3x-risk-001,2024-01-31T05:00:00+00:00,224.281257
3x-risk-001,2024-02-01T01:00:00+00:00,235.374405
3x-risk-001,2024-02-01T17:00:00+00:00,232.967495
3x-risk-001,2024-02-02T12:00:00+00:00,230.684088
3x-risk-001,2024-02-02T13:00:00+00:00,228.088568
3x-risk-001,2024-02-03T13:00:00+00:00,225.714486
3x-risk-001,2024-02-04T22:00:00+00:00,223.216759
3x-risk-001,2024-02-05T05:00:00+00:00,220.880085
3x-risk-001,2024-02-05T15:00:00+00:00,218.525778
3x-risk-001,2024-02-06T02:00:00+00:00,216.059224
3x-risk-001,2024-02-07T17:00:00+00:00,226.721255
3x-risk-001,2024-02-07T21:00:00+00:00,224.510322
3x-risk-001,2024-02-08T16:00:00+00:00,222.448772
3x-risk-001,2024-02-09T01:00:00+00:00,220.139221
3x-risk-001,2024-02-09T13:00:00+00:00,217.88623
3x-risk-001,2024-02-09T15:00:00+00:00,228.779988
3x-risk-001,2024-02-10T18:00:00+00:00,226.432647
3x-risk-001,2024-02-11T04:00:00+00:00,237.314429
3x-risk-001,2024-02-11T05:00:00+00:00,248.522162
3x-risk-001,2024-02-12T15:00:00+00:00,245.906283
3x-risk-001,2024-02-13T13:00:00+00:00,243.20847
3x-risk-001,2024-02-14T15:00:00+00:00,240.717601
3x-risk-001,2024-02-14T23:00:00+00:00,238.247683
3x-risk-001,2024-02-15T03:00:00+00:00,250.267436
3x-risk-001,2024-02-16T05:00:00+00:00,247.907793
3x-risk-001,2024-02-20T01:00:00+00:00,245.117522
3x-risk-001,2024-02-20T01:00:00+00:00,242.649858
3x-risk-001,2024-02-20T15:00:00+00:00,239.889859
3x-risk-001,2024-02-20T22:00:00+00:00,237.404289
3x-risk-001,2024-02-21T07:00:00+00:00,234.840486
3x-risk-001,2024-02-21T23:00:00+00:00,232.321554
3x-risk-001,2024-02-22T16:00:00+00:00,229.760588
3x-risk-001,2024-02-23T02:00:00+00:00,241.753548
3x-risk-001,2024-02-23T15:00:00+00:00,253.756289
3x-risk-001,2024-02-25T02:00:00+00:00,251.34519
3x-risk-001,2024-02-26T00:00:00+00:00,263.909987
3x-risk-001,2024-02-26T09:00:00+00:00,260.97412
3x-risk-001,2024-02-26T09:00:00+00:00,258.217277
3x-risk-001,2024-02-26T14:00:00+00:00,255.367965
3x-risk-001,2024-02-26T15:00:00+00:00,267.870858
3x-risk-001,2024-02-26T15:00:00+00:00,265.198446
3x-risk-001,2024-02-27T13:00:00+00:00,262.104911
3x-risk-001,2024-02-28T09:00:00+00:00,259.465408
3x-risk-001,2024-02-28T10:00:00+00:00,256.847217
3x-risk-001,2024-02-28T17:00:00+00:00,254.115669
3x-risk-001,2024-02-28T22:00:00+00:00,251.47421
3x-risk-001,2024-02-29T07:00:00+00:00,248.984023
3x-risk-001,2024-02-29T22:00:00+00:00,246.419244
3x-risk-001,2024-03-01T23:00:00+00:00,244.04751
3x-risk-001,2024-03-02T01:00:00+00:00,241.393513
3x-risk-001,2024-03-02T02:00:00+00:00,239.103974
3x-risk-001,2024-03-02T09:00:00+00:00,236.208893
3x-risk-001,2024-03-02T09:00:00+00:00,233.61477
3x-risk-001,2024-03-02T16:00:00+00:00,231.298528
3x-risk-001,2024-03-03T00:00:00+00:00,243.124105
3x-risk-001,2024-03-03T01:00:00+00:00,240.934009
3x-risk-001,2024-03-03T07:00:00+00:00,252.299337
3x-risk-001,2024-03-03T07:00:00+00:00,249.772981
3x-risk-001,2024-03-03T20:00:00+00:00,246.909372
3x-risk-001,2024-03-05T04:00:00+00:00,244.5083
3x-risk-001,2024-03-05T14:00:00+00:00,241.995241
3x-risk-001,2024-03-05T14:00:00+00:00,239.441547
3x-risk-001,2024-03-05T16:00:00+00:00,236.277772
3x-risk-001,2024-03-05T16:00:00+00:00,234.335726
3x-risk-001,2024-03-07T11:00:00+00:00,231.806126
3x-risk-001,2024-03-07T14:00:00+00:00,243.404266
3x-risk-001,2024-03-08T15:00:00+00:00,240.644791
3x-risk-001,2024-03-08T15:00:00+00:00,238.084508
3x-risk-001,2024-03-09T03:00:00+00:00,235.518733
3x-risk-001,2024-03-09T10:00:00+00:00,232.733946
3x-risk-001,2024-03-09T17:00:00+00:00,230.103472
3x-risk-001,2024-03-10T12:00:00+00:00,228.161694
3x-risk-001,2024-03-10T21:00:00+00:00,225.846938
3x-risk-001,2024-03-11T11:00:00+00:00,223.493079
3x-risk-001,2024-03-12T06:00:00+00:00,221.20606
3x-risk-001,2024-03-12T18:00:00+00:00,218.99984
3x-risk-001,2024-03-13T13:00:00+00:00,216.542694
3x-risk-001,2024-03-14T00:00:00+00:00,214.434969
3x-risk-001,2024-03-14T04:00:00+00:00,212.198506
3x-risk-001,2024-03-14T08:00:00+00:00,210.047474
3x-risk-001,2024-03-14T13:00:00+00:00,207.23533
3x-risk-001,2024-03-15T02:00:00+00:00,205.069323
3x-risk-001,2024-03-15T03:00:00+00:00,215.446476
3x-risk-001,2024-03-15T20:00:00+00:00,213.252632
3x-risk-001,2024-03-16T17:00:00+00:00,223.590456
3x-risk-001,2024-03-20T18:00:00+00:00,221.296401
3x-risk-001,2024-03-22T19:00:00+00:00,218.987167
3x-risk-001,2024-03-22T23:00:00+00:00,216.690666
3x-risk-001,2024-03-23T03:00:00+00:00,214.402332
3x-risk-001,2024-03-24T04:00:00+00:00,212.152011
3x-risk-001,2024-03-24T09:00:00+00:00,209.947592
3x-risk-001,2024-03-24T10:00:00+00:00,207.707643
3x-risk-001,2024-03-24T21:00:00+00:00,205.81164
3x-risk-001,2024-03-25T14:00:00+00:00,216.012087
3x-risk-001,2024-03-26T10:00:00+00:00,226.296173
3x-risk-001,2024-03-27T07:00:00+00:00,224.079005
3x-risk-001,2024-03-28T14:00:00+00:00,221.800172
3x-risk-001,2024-03-29T10:00:00+00:00,232.459241
3x-risk-001,2024-03-30T02:00:00+00:00,230.18737
3x-risk-001,2024-03-30T16:00:00+00:00,241.586602
3x-risk-001,2024-03-31T05:00:00+00:00,239.147496
3x-risk-001,2024-03-31T09:00:00+00:00,236.507464
3x-risk-001,2024-04-01T05:00:00+00:00,234.144548
3x-risk-001,2024-04-01T05:00:00+00:00,231.452202
3x-risk-001,2024-04-02T02:00:00+00:00,228.563957
3x-risk-001,2024-04-05T16:00:00+00:00,226.487538
3x-risk-001,2024-04-08T08:00:00+00:00,224.384071
3x-risk-001,2024-04-09T04:00:00+00:00,222.013779
3x-risk-001,2024-04-10T12:00:00+00:00,232.959645
3x-risk-001,2024-04-10T12:00:00+00:00,230.465987
3x-risk-001,2024-04-12T18:00:00+00:00,241.886794
3x-risk-001,2024-04-12T18:00:00+00:00,239.267609
3x-risk-001,2024-04-12T18:00:00+00:00,236.835533
3x-risk-001,2024-04-24T01:00:00+00:00,234.347729
3x-risk-001,2024-04-24T05:00:00+00:00,231.818083
3x-risk-001,2024-04-24T13:00:00+00:00,229.417628
3x-risk-001,2024-04-28T14:00:00+00:00,226.911581
3x-risk-001,2024-04-28T18:00:00+00:00,238.532561
3x-risk-001,2024-04-28T23:00:00+00:00,236.045766
3x-risk-001,2024-04-29T23:00:00+00:00,233.634541
3x-risk-001,2024-04-30T04:00:00+00:00,231.142036
3x-risk-001,2024-04-30T06:00:00+00:00,228.539746
3x-risk-001,2024-05-01T07:00:00+00:00,239.724031
3x-risk-001,2024-05-01T07:00:00+00:00,250.750068
3x-risk-001,2024-05-07T08:00:00+00:00,248.14225
3x-risk-001,2024-05-07T08:00:00+00:00,245.502457
3x-risk-001,2024-05-07T11:00:00+00:00,242.748843
3x-risk-001,2024-05-07T20:00:00+00:00,240.315427
3x-risk-001,2024-05-09T11:00:00+00:00,252.116823
3x-risk-001,2024-05-10T14:00:00+00:00,249.55495
3x-risk-001,2024-05-12T15:00:00+00:00,246.96427
3x-risk-001,2024-05-13T02:00:00+00:00,258.922355
3x-risk-001,2024-05-13T03:00:00+00:00,270.804643
3x-risk-001,2024-05-13T06:00:00+00:00,267.869711
3x-risk-001,2024-05-13T09:00:00+00:00,265.293592
3x-risk-001,2024-05-14T06:00:00+00:00,262.483723
3x-risk-001,2024-05-14T06:00:00+00:00,259.58836
3x-risk-001,2024-05-14T10:00:00+00:00,256.943706
3x-risk-001,2024-05-14T14:00:00+00:00,269.929734
3x-risk-001,2024-05-15T09:00:00+00:00,267.176666
3x-risk-001,2024-05-15T12:00:00+00:00,264.477445
3x-risk-001,2024-05-15T12:00:00+00:00,261.711809
3x-risk-001,2024-05-16T12:00:00+00:00,258.944737
3x-risk-001,2024-05-17T14:00:00+00:00,271.852027
3x-risk-001,2024-05-20T04:00:00+00:00,268.884972
3x-risk-001,2024-05-20T12:00:00+00:00,266.132655
3x-risk-001,2024-05-20T16:00:00+00:00,263.236094
3x-risk-001,2024-05-20T19:00:00+00:00,276.035021
3x-risk-001,2024-05-20T21:00:00+00:00,289.040688
3x-risk-001,2024-05-22T18:00:00+00:00,286.297851
3x-risk-001,2024-05-23T01:00:00+00:00,283.399677
3x-risk-001,2024-05-24T18:00:00+00:00,280.893313
3x-risk-001,2024-05-24T18:00:00+00:00,277.954833
3x-risk-001,2024-05-26T20:00:00+00:00,275.097286
3x-risk-001,2024-05-30T07:00:00+00:00,271.969106
3x-risk-001,2024-05-30T18:00:00+00:00,269.22959
3x-risk-001,2024-05-31T09:00:00+00:00,266.241331
3x-risk-001,2024-05-31T14:00:00+00:00,279.547963
3x-risk-001,2024-06-02T14:00:00+00:00,276.663077
3x-risk-001,2024-06-02T17:00:00+00:00,273.742255
3x-risk-001,2024-06-05T01:00:00+00:00,271.293524
3x-risk-001,2024-06-06T14:00:00+00:00,284.604114
3x-risk-001,2024-06-07T18:00:00+00:00,298.14656
3x-risk-001,2024-06-07T18:00:00+00:00,312.220395
3x-risk-001,2024-06-11T13:00:00+00:00,326.167467
3x-risk-001,2024-06-11T15:00:00+00:00,341.612627
3x-risk-001,2024-06-17T10:00:00+00:00,337.954889
3x-risk-001,2024-06-17T18:00:00+00:00,334.409086
3x-risk-001,2024-06-19T03:00:00+00:00,331.045037
3x-risk-001,2024-06-21T07:00:00+00:00,327.569428
3x-risk-001,2024-06-21T10:00:00+00:00,324.040103
3x-risk-001,2024-06-21T19:00:00+00:00,320.390933
3x-risk-001,2024-06-22T08:00:00+00:00,317.022119
3x-risk-001,2024-06-24T09:00:00+00:00,333.548443
3x-risk-001,2024-06-24T09:00:00+00:00,349.177258
3x-risk-001,2024-06-24T12:00:00+00:00,345.647128
3x-risk-001,2024-06-24T17:00:00+00:00,341.919418
3x-risk-001,2024-06-24T19:00:00+00:00,357.111905
3x-risk-001,2024-06-24T20:00:00+00:00,358.065449
3x-risk-001,2024-06-26T10:00:00+00:00,354.258713
3x-risk-001,2024-06-26T20:00:00+00:00,350.586173
3x-risk-001,2024-06-27T05:00:00+00:00,346.980938
3x-risk-001,2024-06-27T12:00:00+00:00,343.40789
3x-risk-001,2024-06-27T13:00:00+00:00,339.817656
3x-risk-001,2024-06-28T13:00:00+00:00,336.223845
3x-risk-001,2024-06-28T15:00:00+00:00,332.694364
3x-risk-001,2024-06-28T21:00:00+00:00,329.02502
3x-risk-001,2024-06-29T03:00:00+00:00,325.608375
3x-risk-001,2024-06-30T07:00:00+00:00,322.14787
3x-risk-001,2024-06-30T18:00:00+00:00,318.817523
3x-risk-001,2024-06-30T18:00:00+00:00,315.311756
3x-risk-001,2024-07-02T14:00:00+00:00,311.855908
3x-risk-001,2024-07-02T22:00:00+00:00,308.536502
3x-risk-001,2024-07-03T01:00:00+00:00,305.042097
3x-risk-001,2024-07-03T03:00:00+00:00,301.842215
3x-risk-001,2024-07-03T10:00:00+00:00,316.689575
3x-risk-001,2024-07-04T01:00:00+00:00,331.610385
3x-risk-001,2024-07-04T12:00:00+00:00,349.322725
3x-risk-001,2024-07-08T08:00:00+00:00,346.861082
3x-risk-001,2024-07-11T00:00:00+00:00,343.419641
3x-risk-001,2024-07-11T15:00:00+00:00,339.799342
3x-risk-001,2024-07-12T01:00:00+00:00,335.968869
3x-risk-001,2024-07-12T13:00:00+00:00,332.350526
3x-risk-001,2024-07-12T18:00:00+00:00,349.400682
3x-risk-001,2024-07-12T20:00:00+00:00,345.902888
3x-risk-001,2024-07-13T05:00:00+00:00,342.327369
3x-risk-001,2024-07-14T21:00:00+00:00,359.178193
3x-risk-001,2024-07-15T15:00:00+00:00,376.209894
3x-risk-001,2024-07-16T16:00:00+00:00,391.55934
3x-risk-001,2024-07-21T15:00:00+00:00,410.940606
3x-risk-001,2024-07-23T08:00:00+00:00,406.435143
3x-risk-001,2024-07-23T13:00:00+00:00,402.098029
3x-risk-001,2024-07-24T05:00:00+00:00,422.444608
3x-risk-001,2024-07-25T01:00:00+00:00,443.302034
3x-risk-001,2024-07-25T02:00:00+00:00,462.967845
3x-risk-001,2024-07-25T20:00:00+00:00,485.87374
3x-risk-001,2024-07-27T17:00:00+00:00,480.762762
3x-risk-001,2024-07-27T20:00:00+00:00,475.795383
3x-risk-001,2024-07-29T23:00:00+00:00,499.318996
3x-risk-001,2024-07-30T19:00:00+00:00,522.867363
3x-risk-001,2024-07-30T20:00:00+00:00,547.569088
3x-risk-001,2024-07-31T20:00:00+00:00,567.83891
3x-risk-001,2024-08-01T01:00:00+00:00,562.236668
3x-risk-001,2024-08-03T00:00:00+00:00,590.029368
3x-risk-001,2024-08-13T03:00:00+00:00,583.879543
3x-risk-001,2024-08-13T14:00:00+00:00,577.951122
3x-risk-001,2024-08-15T18:00:00+00:00,571.8657
3x-risk-001,2024-08-15T18:00:00+00:00,565.953921
3x-risk-001,2024-08-15T19:00:00+00:00,559.824639
3x-risk-001,2024-08-16T08:00:00+00:00,553.740717
3x-risk-001,2024-08-16T11:00:00+00:00,547.984516
3x-risk-001,2024-08-16T19:00:00+00:00,542.053597
3x-risk-001,2024-08-18T10:00:00+00:00,536.514402
3x-risk-001,2024-08-18T16:00:00+00:00,530.710102
3x-risk-001,2024-08-19T00:00:00+00:00,525.079947
3x-risk-001,2024-08-19T00:00:00+00:00,519.511619
3x-risk-001,2024-08-19T09:00:00+00:00,514.026225
3x-risk-001,2024-08-19T13:00:00+00:00,508.456824
3x-risk-001,2024-08-19T17:00:00+00:00,503.208564
3x-risk-001,2024-08-19T17:00:00+00:00,497.849021
3x-risk-001,2024-08-19T20:00:00+00:00,492.148994
3x-risk-001,2024-08-20T00:00:00+00:00,486.7903
3x-risk-001,2024-08-20T07:00:00+00:00,510.260507
3x-risk-001,2024-08-20T14:00:00+00:00,505.209001
3x-risk-001,2024-08-20T14:00:00+00:00,500.011435
3x-risk-001,2024-08-20T15:00:00+00:00,495.039789
3x-risk-001,2024-08-21T01:00:00+00:00,489.876293
3x-risk-001,2024-08-21T08:00:00+00:00,484.760606
3x-risk-001,2024-08-21T13:00:00+00:00,479.641063
3x-risk-001,2024-08-21T15:00:00+00:00,477.779911
3x-risk-001,2024-08-21T17:00:00+00:00,472.632477
3x-risk-001,2024-08-21T19:00:00+00:00,467.756337
3x-risk-001,2024-08-22T02:00:00+00:00,462.954579
3x-risk-001,2024-08-23T09:00:00+00:00,486.640006
3x-risk-001,2024-08-23T19:00:00+00:00,509.423883
3x-risk-001,2024-08-23T21:00:00+00:00,532.811767
3x-risk-001,2024-08-27T12:00:00+00:00,527.554622
3x-risk-001,2024-08-31T16:00:00+00:00,522.08747
3x-risk-001,2024-09-01T05:00:00+00:00,548.10592
3x-risk-001,2024-09-02T08:00:00+00:00,542.318531
3x-risk-001,2024-09-02T09:00:00+00:00,536.632675
3x-risk-001,2024-09-02T14:00:00+00:00,531.05106
3x-risk-001,2024-09-02T20:00:00+00:00,525.73514
3x-risk-001,2024-09-03T13:00:00+00:00,520.184046
3x-risk-001,2024-09-03T15:00:00+00:00,514.784823
3x-risk-001,2024-09-05T15:00:00+00:00,509.476212
3x-risk-001,2024-09-06T12:00:00+00:00,504.241572
3x-risk-001,2024-09-06T12:00:00+00:00,499.019487
3x-risk-001,2024-09-08T04:00:00+00:00,493.858027
3x-risk-001,2024-09-08T14:00:00+00:00,488.704708
3x-risk-001,2024-09-08T21:00:00+00:00,483.556226
3x-risk-001,2024-09-09T17:00:00+00:00,478.374171
3x-risk-001,2024-09-11T13:00:00+00:00,473.429669
3x-risk-001,2024-09-11T17:00:00+00:00,468.166555
3x-risk-001,2024-09-13T21:00:00+00:00,491.332972
3x-risk-001,2024-09-14T05:00:00+00:00,515.231687
3x-risk-001,2024-09-15T21:00:00+00:00,510.011909
3x-risk-001,2024-09-15T23:00:00+00:00,504.985335
3x-risk-001,2024-09-17T14:00:00+00:00,499.875896
3x-risk-001,2024-09-18T18:00:00+00:00,494.495623
3x-risk-001,2024-09-19T00:00:00+00:00,489.320785
3x-risk-001,2024-09-19T00:00:00+00:00,514.059993
3x-risk-001,2024-09-23T14:00:00+00:00,508.505646
3x-risk-001,2024-09-24T07:00:00+00:00,533.691204
3x-risk-001,2024-09-26T16:00:00+00:00,559.155613
3x-risk-001,2024-09-27T09:00:00+00:00,585.459877
3x-risk-001,2024-09-27T14:00:00+00:00,579.475365
3x-risk-001,2024-09-28T05:00:00+00:00,573.253712
3x-risk-001,2024-09-30T10:00:00+00:00,566.951241
3x-risk-001,2024-10-01T12:00:00+00:00,561.266508
3x-risk-001,2024-10-01T14:00:00+00:00,555.18224
3x-risk-001,2024-10-01T15:00:00+00:00,549.561528
3x-risk-001,2024-10-01T17:00:00+00:00,577.444919
3x-risk-001,2024-10-04T08:00:00+00:00,606.04249
3x-risk-001,2024-10-14T15:00:00+00:00,600.647446
3x-risk-001,2024-10-16T11:00:00+00:00,594.293676
3x-risk-001,2024-10-20T22:00:00+00:00,588.552181
3x-risk-001,2024-10-21T13:00:00+00:00,582.351049
3x-risk-001,2024-10-24T21:00:00+00:00,576.609104
3x-risk-001,2024-10-25T17:00:00+00:00,570.489908
3x-risk-001,2024-10-27T17:00:00+00:00,564.712412
3x-risk-001,2024-11-01T02:00:00+00:00,558.498134
3x-risk-001,2024-11-03T14:00:00+00:00,552.461253
3x-risk-001,2024-11-06T01:00:00+00:00,547.021431
3x-risk-001,2024-11-07T17:00:00+00:00,573.983983
3x-risk-001,2024-11-12T00:00:00+00:00,569.470468
3x-risk-001,2024-11-14T14:00:00+00:00,563.558495
3x-risk-001,2024-11-14T23:00:00+00:00,557.812172
3x-risk-001,2024-11-15T09:00:00+00:00,551.990613
3x-risk-001,2024-11-16T11:00:00+00:00,546.260641
3x-risk-001,2024-11-16T11:00:00+00:00,540.555243
3x-risk-001,2024-11-16T15:00:00+00:00,534.778068
3x-risk-001,2024-11-16T22:00:00+00:00,528.101113
3x-risk-001,2024-11-17T14:00:00+00:00,522.168891
3x-risk-001,2024-11-18T03:00:00+00:00,516.622161
3x-risk-001,2024-11-18T03:00:00+00:00,510.956373
3x-risk-001,2024-11-18T09:00:00+00:00,505.240877
3x-risk-001,2024-11-18T11:00:00+00:00,500.034473
3x-risk-001,2024-11-18T15:00:00+00:00,494.852155
3x-risk-001,2024-11-18T15:00:00+00:00,520.141723
3x-risk-001,2024-11-18T15:00:00+00:00,514.419987
3x-risk-001,2024-11-18T19:00:00+00:00,509.108063
3x-risk-001,2024-11-18T23:00:00+00:00,534.242106
3x-risk-001,2024-11-19T09:00:00+00:00,528.761547
3x-risk-001,2024-11-19T18:00:00+00:00,523.243891
3x-risk-001,2024-11-19T18:00:00+00:00,517.669518
3x-risk-001,2024-11-20T01:00:00+00:00,512.133768
3x-risk-001,2024-11-20T09:00:00+00:00,506.938008
3x-risk-001,2024-11-20T14:00:00+00:00,504.931703
3x-risk-001,2024-11-20T14:00:00+00:00,499.540698
3x-risk-001,2024-11-20T17:00:00+00:00,494.313806
3x-risk-001,2024-11-21T04:00:00+00:00,489.226336
3x-risk-001,2024-11-21T13:00:00+00:00,484.011082
3x-risk-001,2024-11-22T04:00:00+00:00,508.097033
3x-risk-001,2024-11-22T07:00:00+00:00,502.623337
3x-risk-001,2024-11-23T07:00:00+00:00,526.35275
3x-risk-001,2024-11-26T00:00:00+00:00,520.962994
3x-risk-001,2024-11-26T01:00:00+00:00,515.013953
3x-risk-001,2024-11-27T04:00:00+00:00,509.763113
3x-risk-001,2024-11-30T01:00:00+00:00,504.470409
3x-risk-001,2024-11-30T22:00:00+00:00,499.156561
3x-risk-001,2024-12-01T15:00:00+00:00,524.105639
3x-risk-001,2024-12-02T04:00:00+00:00,518.654644
3x-risk-001,2024-12-03T01:00:00+00:00,513.531222
3x-risk-001,2024-12-04T00:00:00+00:00,508.243106
3x-risk-001,2024-12-04T02:00:00+00:00,503.652645
3x-risk-001,2024-12-04T16:00:00+00:00,498.4588
3x-risk-001,2024-12-04T20:00:00+00:00,523.170572
3x-risk-001,2024-12-05T03:00:00+00:00,548.63314
3x-risk-001,2024-12-05T20:00:00+00:00,542.773024
3x-risk-001,2024-12-05T20:00:00+00:00,536.819568
3x-risk-001,2024-12-08T23:00:00+00:00,530.495441
3x-risk-001,2024-12-09T17:00:00+00:00,524.47316
3x-risk-001,2024-12-14T06:00:00+00:00,519.000786
3x-risk-001,2024-12-15T23:00:00+00:00,513.66984
3x-risk-001,2024-12-16T00:00:00+00:00,508.466182
3x-risk-001,2024-12-16T03:00:00+00:00,503.125372
3x-risk-001,2024-12-16T09:00:00+00:00,499.377798
3x-risk-001,2024-12-16T17:00:00+00:00,494.279042
3x-risk-001,2024-12-17T14:00:00+00:00,519.175211
3x-risk-001,2024-12-17T15:00:00+00:00,513.852375
3x-risk-001,2024-12-17T22:00:00+00:00,508.786603
3x-risk-001,2024-12-18T20:00:00+00:00,502.798191
3x-risk-001,2024-12-19T17:00:00+00:00,527.786698
3x-risk-001,2024-12-23T20:00:00+00:00,521.961123
3x-risk-001,2024-12-24T02:00:00+00:00,516.590824
3x-risk-001,2024-12-24T17:00:00+00:00,511.23185
3x-risk-001,2024-12-24T23:00:00+00:00,505.852438
3x-risk-001,2024-12-25T21:00:00+00:00,500.445611
3x-risk-001,2024-12-26T10:00:00+00:00,495.156752
3x-risk-001,2024-12-26T20:00:00+00:00,520.136546
3x-risk-001,2024-12-28T05:00:00+00:00,514.744273
3x-risk-001,2024-12-28T13:00:00+00:00,509.256921
3x-risk-001,2024-12-28T22:00:00+00:00,503.939983
3x-risk-001,2024-12-30T01:00:00+00:00,498.742717
3x-risk-001,2024-12-30T01:00:00+00:00,493.548938
3x-risk-001,2024-12-30T01:00:00+00:00,487.829734
3x-risk-001,2024-12-30T06:00:00+00:00,482.734089
3x-risk-001,2024-12-30T06:00:00+00:00,477.574381
3x-risk-001,2024-12-30T06:00:00+00:00,472.464397
3x-risk-001,2024-12-30T13:00:00+00:00,467.309321
3x-risk-001,2024-12-30T13:00:00+00:00,462.342971
3x-risk-001,2024-12-30T13:00:00+00:00,457.304942
3x-risk-001,2024-12-30T18:00:00+00:00,452.697068
3x-risk-001,2024-12-30T18:00:00+00:00,447.069142
3x-risk-001,2024-12-30T18:00:00+00:00,442.295303
3x-risk-001,2024-12-31T08:00:00+00:00,437.603588
3x-risk-001,2024-12-31T08:00:00+00:00,432.916608
3x-risk-001,2024-12-31T22:00:00+00:00,428.42601
3x-risk-001,2024-12-31T23:00:00+00:00,423.828999
3x-risk-001,2025-01-01T04:00:00+00:00,419.241575
3x-risk-001,2025-01-01T08:00:00+00:00,414.638039
3x-risk-001,2025-01-01T19:00:00+00:00,410.347085
3x-risk-001,2025-01-02T00:00:00+00:00,405.93506
3x-risk-001,2025-01-02T15:00:00+00:00,401.773679
3x-risk-001,2025-01-03T12:00:00+00:00,397.46668
3x-risk-001,2025-01-03T15:00:00+00:00,417.406715
3x-risk-001,2025-01-03T16:00:00+00:00,412.927126
3x-risk-001,2025-01-05T14:00:00+00:00,408.555262
3x-risk-001,2025-01-06T01:00:00+00:00,404.071337
3x-risk-001,2025-01-07T01:00:00+00:00,399.797158
3x-risk-001,2025-01-07T15:00:00+00:00,395.528561
3x-risk-001,2025-01-07T15:00:00+00:00,415.307166
3x-risk-001,2025-01-07T17:00:00+00:00,411.117319
3x-risk-001,2025-01-13T00:00:00+00:00,406.645348
3x-risk-001,2025-01-13T00:00:00+00:00,401.869456
3x-risk-001,2025-01-13T00:00:00+00:00,397.713409
3x-risk-001,2025-01-14T01:00:00+00:00,393.645226
3x-risk-001,2025-01-15T14:00:00+00:00,389.633186
3x-risk-001,2025-01-17T19:00:00+00:00,409.086304
3x-risk-001,2025-01-18T05:00:00+00:00,405.162604
3x-risk-001,2025-01-19T11:00:00+00:00,401.068873
3x-risk-001,2025-01-19T21:00:00+00:00,396.948568
3x-risk-001,2025-01-19T21:00:00+00:00,392.752032
3x-risk-001,2025-01-20T07:00:00+00:00,388.78907
3x-risk-001,2025-01-20T12:00:00+00:00,384.799395
3x-risk-001,2025-01-21T16:00:00+00:00,380.619072
3x-risk-001,2025-01-22T08:00:00+00:00,376.654506
3x-risk-001,2025-01-22T11:00:00+00:00,372.499432
3x-risk-001,2025-01-23T20:00:00+00:00,368.698352
3x-risk-001,2025-01-23T23:00:00+00:00,364.801048
3x-risk-001,2025-01-24T20:00:00+00:00,361.013789
3x-risk-001,2025-01-26T23:00:00+00:00,357.009805
3x-risk-001,2025-01-27T07:00:00+00:00,375.433094
3x-risk-001,2025-01-27T07:00:00+00:00,393.199916
3x-risk-001,2025-01-27T07:00:00+00:00,410.824111
3x-risk-001,2025-01-30T03:00:00+00:00,406.641991
3x-risk-001,2025-01-31T20:00:00+00:00,402.376482
3x-risk-001,2025-02-01T09:00:00+00:00,398.009191
3x-risk-001,2025-02-01T20:00:00+00:00,393.720799
3x-risk-001,2025-02-02T18:00:00+00:00,413.16028
3x-risk-001,2025-02-11T13:00:00+00:00,408.717384
3x-risk-001,2025-02-11T17:00:00+00:00,404.567357
3x-risk-001,2025-02-12T20:00:00+00:00,400.367689
3x-risk-001,2025-02-13T06:00:00+00:00,396.240793
3x-risk-001,2025-02-13T12:00:00+00:00,392.031012
3x-risk-001,2025-02-14T03:00:00+00:00,387.986186
3x-risk-001,2025-02-14T15:00:00+00:00,383.702987
3x-risk-001,2025-02-14T16:00:00+00:00,379.610912
3x-risk-001,2025-02-15T14:00:00+00:00,375.742134
3x-risk-001,2025-02-16T18:00:00+00:00,394.318239
3x-risk-001,2025-02-16T23:00:00+00:00,390.124238
3x-risk-001,2025-02-17T00:00:00+00:00,385.75943
3x-risk-001,2025-02-17T08:00:00+00:00,381.684253
3x-risk-001,2025-02-17T08:00:00+00:00,377.628553
3x-risk-001,2025-02-17T09:00:00+00:00,373.535967
3x-risk-001,2025-02-17T14:00:00+00:00,369.598447
3x-risk-001,2025-02-17T18:00:00+00:00,365.61067
3x-risk-001,2025-02-17T19:00:00+00:00,361.639748
3x-risk-001,2025-02-17T20:00:00+00:00,357.492984
3x-risk-001,2025-02-17T20:00:00+00:00,354.464207
3x-risk-001,2025-02-17T21:00:00+00:00,350.694187
3x-risk-001,2025-02-17T21:00:00+00:00,346.741592
3x-risk-001,2025-02-17T23:00:00+00:00,343.462179
3x-risk-001,2025-02-18T04:00:00+00:00,339.77871
3x-risk-001,2025-02-18T04:00:00+00:00,336.284264
3x-risk-001,2025-02-18T06:00:00+00:00,332.731061
3x-risk-001,2025-02-18T13:00:00+00:00,329.351404
3x-risk-001,2025-02-18T14:00:00+00:00,326.062724
3x-risk-001,2025-02-19T11:00:00+00:00,322.852357
3x-risk-001,2025-02-21T15:00:00+00:00,319.38164
3x-risk-001,2025-02-21T17:00:00+00:00,316.016504
3x-risk-001,2025-02-22T16:00:00+00:00,312.758677
3x-risk-001,2025-02-22T17:00:00+00:00,309.251056
3x-risk-001,2025-02-23T12:00:00+00:00,306.037752
3x-risk-001,2025-02-24T04:00:00+00:00,302.81653
3x-risk-001,2025-02-24T19:00:00+00:00,317.957872
3x-risk-001,2025-02-25T00:00:00+00:00,336.930112
3x-risk-001,2025-02-25T07:00:00+00:00,351.907319
3x-risk-001,2025-03-07T00:00:00+00:00,348.329559
3x-risk-001,2025-03-07T05:00:00+00:00,344.582301
3x-risk-001,2025-03-07T11:00:00+00:00,341.588365
3x-risk-001,2025-03-07T13:00:00+00:00,338.073124
3x-risk-001,2025-03-07T16:00:00+00:00,334.498314
3x-risk-001,2025-03-07T18:00:00+00:00,331.032684
3x-risk-001,2025-03-07T20:00:00+00:00,328.18942
3x-risk-001,2025-03-07T21:00:00+00:00,324.395539
3x-risk-001,2025-03-09T10:00:00+00:00,340.355131
3x-risk-001,2025-03-09T12:00:00+00:00,356.431994
3x-risk-001,2025-03-10T17:00:00+00:00,372.058131
3x-risk-001,2025-03-10T17:00:00+00:00,389.63989
3x-risk-001,2025-03-14T10:00:00+00:00,385.673003
3x-risk-001,2025-03-17T12:00:00+00:00,381.673245
3x-risk-001,2025-03-17T12:00:00+00:00,377.593201
3x-risk-001,2025-03-17T17:00:00+00:00,373.920675
3x-risk-001,2025-03-18T01:00:00+00:00,370.090987
3x-risk-001,2025-03-18T11:00:00+00:00,366.258319
3x-risk-001,2025-03-18T13:00:00+00:00,362.309219
3x-risk-001,2025-03-18T13:00:00+00:00,358.381937
3x-risk-001,2025-03-18T22:00:00+00:00,354.538117
3x-risk-001,2025-03-18T22:00:00+00:00,350.865911
3x-risk-001,2025-03-18T22:00:00+00:00,346.662045
3x-risk-001,2025-03-18T23:00:00+00:00,342.783727
3x-risk-001,2025-03-18T23:00:00+00:00,339.903054
3x-risk-001,2025-03-18T23:00:00+00:00,336.011299
3x-risk-001,2025-03-19T00:00:00+00:00,332.164908
3x-risk-001,2025-03-19T08:00:00+00:00,343.422081
3x-risk-001,2025-03-19T11:00:00+00:00,359.879838
3x-risk-001,2025-03-20T16:00:00+00:00,356.196881
3x-risk-001,2025-03-21T10:00:00+00:00,352.448867
3x-risk-001,2025-03-22T06:00:00+00:00,348.773834
3x-risk-001,2025-03-22T23:00:00+00:00,345.116627
3x-risk-001,2025-03-24T04:00:00+00:00,362.192346
3x-risk-001,2025-03-26T19:00:00+00:00,359.257539
3x-risk-001,2025-03-27T06:00:00+00:00,355.483155
3x-risk-001,2025-03-28T14:00:00+00:00,351.878339
3x-risk-001,2025-03-29T10:00:00+00:00,348.080025
3x-risk-001,2025-03-29T16:00:00+00:00,365.819917
3x-risk-001,2025-04-01T14:00:00+00:00,362.04137
3x-risk-001,2025-04-02T13:00:00+00:00,358.267549
3x-risk-001,2025-04-02T20:00:00+00:00,354.406785
3x-risk-001,2025-04-02T20:00:00+00:00,350.736466
3x-risk-001,2025-04-03T14:00:00+00:00,367.862597
3x-risk-001,2025-04-04T17:00:00+00:00,363.969232
3x-risk-001,2025-04-05T13:00:00+00:00,360.006872
3x-risk-001,2025-04-06T01:00:00+00:00,356.136119
3x-risk-001,2025-04-07T05:00:00+00:00,373.726774
3x-risk-001,2025-04-07T06:00:00+00:00,390.981949
3x-risk-001,2025-04-15T10:00:00+00:00,386.806856
3x-risk-001,2025-04-19T05:00:00+00:00,382.868092
3x-risk-001,2025-04-19T06:00:00+00:00,378.758376
3x-risk-001,2025-04-19T07:00:00+00:00,374.787975
3x-risk-001,2025-04-19T10:00:00+00:00,370.759782
3x-risk-001,2025-04-20T09:00:00+00:00,366.827596
3x-risk-001,2025-04-21T00:00:00+00:00,363.045953
3x-risk-001,2025-04-22T01:00:00+00:00,381.792983
3x-risk-001,2025-04-22T07:00:00+00:00,377.792605
3x-risk-001,2025-04-22T15:00:00+00:00,396.150268
3x-risk-001,2025-04-26T09:00:00+00:00,392.02597
3x-risk-001,2025-04-27T01:00:00+00:00,387.949887
3x-risk-001,2025-04-28T06:00:00+00:00,383.790672
3x-risk-001,2025-04-28T10:00:00+00:00,379.772392
3x-risk-001,2025-04-28T13:00:00+00:00,375.780884
3x-risk-001,2025-04-28T15:00:00+00:00,371.866646
3x-risk-001,2025-04-29T06:00:00+00:00,368.049333
3x-risk-001,2025-04-29T16:00:00+00:00,364.099331
3x-risk-001,2025-04-29T21:00:00+00:00,360.226357
3x-risk-001,2025-04-30T10:00:00+00:00,356.423114
3x-risk-001,2025-04-30T13:00:00+00:00,352.558641
3x-risk-001,2025-05-01T02:00:00+00:00,348.864131
3x-risk-001,2025-05-02T03:00:00+00:00,345.305494
3x-risk-001,2025-05-02T07:00:00+00:00,341.686681
3x-risk-001,2025-05-04T13:00:00+00:00,338.305728
3x-risk-001,2025-05-04T13:00:00+00:00,353.874976
3x-risk-001,2025-05-05T01:00:00+00:00,350.067887
3x-risk-001,2025-05-05T16:00:00+00:00,346.315729
3x-risk-001,2025-05-06T22:00:00+00:00,342.823695
3x-risk-001,2025-05-07T00:00:00+00:00,339.043426
3x-risk-001,2025-05-07T00:00:00+00:00,335.40265
3x-risk-001,2025-05-07T15:00:00+00:00,331.944166
3x-risk-001,2025-05-07T18:00:00+00:00,328.464812
3x-risk-001,2025-05-08T00:00:00+00:00,324.9284
3x-risk-001,2025-05-08T14:00:00+00:00,340.949174
3x-risk-001,2025-05-09T23:00:00+00:00,357.346386
3x-risk-001,2025-05-12T07:00:00+00:00,372.606934
3x-risk-001,2025-05-13T11:00:00+00:00,368.636262
3x-risk-001,2025-05-15T16:00:00+00:00,364.760216
3x-risk-001,2025-05-17T00:00:00+00:00,382.97656
3x-risk-001,2025-05-17T01:00:00+00:00,379.160181
3x-risk-001,2025-05-18T14:00:00+00:00,375.458566
3x-risk-001,2025-05-18T23:00:00+00:00,371.522426
3x-risk-001,2025-05-19T15:00:00+00:00,367.725946
3x-risk-001,2025-05-20T00:00:00+00:00,363.937824
3x-risk-001,2025-05-21T03:00:00+00:00,360.084965
3x-risk-001,2025-05-21T09:00:00+00:00,356.36911
3x-risk-001,2025-05-21T11:00:00+00:00,352.655193
3x-risk-001,2025-05-21T17:00:00+00:00,348.946847
3x-risk-001,2025-05-22T01:00:00+00:00,366.227811
3x-risk-001,2025-05-22T13:00:00+00:00,362.450526
3x-risk-001,2025-05-26T03:00:00+00:00,358.736729
3x-risk-001,2025-05-26T17:00:00+00:00,354.865031
3x-risk-001,2025-05-27T08:00:00+00:00,351.162216
3x-risk-001,2025-05-28T02:00:00+00:00,347.425671
3x-risk-001,2025-05-30T00:00:00+00:00,365.329503
3x-risk-001,2025-05-30T16:00:00+00:00,361.360265
3x-risk-001,2025-05-30T16:00:00+00:00,378.441264
3x-risk-001,2025-06-02T22:00:00+00:00,374.430733
3x-risk-001,2025-06-04T14:00:00+00:00,370.268099
3x-risk-001,2025-06-04T15:00:00+00:00,366.53791
3x-risk-001,2025-06-09T21:00:00+00:00,362.718831
3x-risk-001,2025-06-09T21:00:00+00:00,358.884703
3x-risk-001,2025-06-21T21:00:00+00:00,376.495429
3x-risk-001,2025-06-22T14:00:00+00:00,394.501484
3x-risk-001,2025-06-29T22:00:00+00:00,414.017998
3x-risk-001,2025-06-30T14:00:00+00:00,409.538891
3x-risk-001,2025-06-30T22:00:00+00:00,405.298975
3x-risk-001,2025-07-01T11:00:00+00:00,401.049532
3x-risk-001,2025-07-02T15:00:00+00:00,396.898764
3x-risk-001,2025-07-02T16:00:00+00:00,393.557073
3x-risk-001,2025-07-04T13:00:00+00:00,389.433346
3x-risk-001,2025-07-06T21:00:00+00:00,385.414822
3x-risk-001,2025-07-07T12:00:00+00:00,381.142644
3x-risk-001,2025-07-08T17:00:00+00:00,377.210534
3x-risk-001,2025-07-08T17:00:00+00:00,373.021136
3x-risk-001,2025-07-10T07:00:00+00:00,391.488478
3x-risk-001,2025-07-11T05:00:00+00:00,410.417794
3x-risk-001,2025-07-14T20:00:00+00:00,406.218057
3x-risk-001,2025-07-15T18:00:00+00:00,402.066257
3x-risk-001,2025-07-16T16:00:00+00:00,421.914729
3x-risk-001,2025-07-16T18:00:00+00:00,441.24014
3x-risk-001,2025-07-17T12:00:00+00:00,436.602119
3x-risk-001,2025-07-18T14:00:00+00:00,431.969917
3x-risk-001,2025-07-19T19:00:00+00:00,427.460606
3x-risk-001,2025-07-20T12:00:00+00:00,448.41631
3x-risk-001,2025-07-20T14:00:00+00:00,469.569738
3x-risk-001,2025-07-21T07:00:00+00:00,465.304479
3x-risk-001,2025-07-21T12:00:00+00:00,460.248988
3x-risk-001,2025-07-22T07:00:00+00:00,454.823251
3x-risk-001,2025-07-22T17:00:00+00:00,450.02121
3x-risk-001,2025-07-23T09:00:00+00:00,445.300124
3x-risk-001,2025-07-23T12:00:00+00:00,440.584365
3x-risk-001,2025-07-23T13:00:00+00:00,435.77148
3x-risk-001,2025-07-24T00:00:00+00:00,430.992211
3x-risk-001,2025-07-24T04:00:00+00:00,426.184679
3x-risk-001,2025-07-24T08:00:00+00:00,421.599873
3x-risk-001,2025-07-25T01:00:00+00:00,417.301233
3x-risk-001,2025-07-25T14:00:00+00:00,412.947743
3x-risk-001,2025-07-25T17:00:00+00:00,408.582348
3x-risk-001,2025-07-25T21:00:00+00:00,404.320394
3x-risk-001,2025-07-27T16:00:00+00:00,400.217764
3x-risk-001,2025-07-28T02:00:00+00:00,419.676826
3x-risk-001,2025-07-28T04:00:00+00:00,439.496061
3x-risk-001,2025-07-28T17:00:00+00:00,435.012981
3x-risk-001,2025-08-01T00:00:00+00:00,430.574825
3x-risk-001,2025-08-01T13:00:00+00:00,451.958105
3x-risk-001,2025-08-05T17:00:00+00:00,447.141328
3x-risk-001,2025-08-07T10:00:00+00:00,442.213602
3x-risk-001,2025-08-08T17:00:00+00:00,464.058594
3x-risk-001,2025-08-09T09:00:00+00:00,459.614148
3x-risk-001,2025-08-12T11:00:00+00:00,455.037029
3x-risk-001,2025-08-14T12:00:00+00:00,450.327594
3x-risk-001,2025-08-18T02:00:00+00:00,444.975318
3x-risk-001,2025-08-18T02:00:00+00:00,440.58497
3x-risk-001,2025-08-20T21:00:00+00:00,462.704725
3x-risk-001,2025-08-22T14:00:00+00:00,458.057702
3x-risk-001,2025-08-22T14:00:00+00:00,453.378157
3x-risk-001,2025-08-22T15:00:00+00:00,449.675758
3x-risk-001,2025-08-24T06:00:00+00:00,444.970072
3x-risk-001,2025-08-24T17:00:00+00:00,440.338279
3x-risk-001,2025-08-24T20:00:00+00:00,435.627447
3x-risk-001,2025-08-25T03:00:00+00:00,431.037163
3x-risk-001,2025-08-28T13:00:00+00:00,426.634519
3x-risk-001,2025-08-28T16:00:00+00:00,422.17019
3x-risk-001,2025-08-28T19:00:00+00:00,417.768879
3x-risk-001,2025-08-29T07:00:00+00:00,413.336455
3x-risk-001,2025-09-08T05:00:00+00:00,409.47623
3x-risk-001,2025-09-09T06:00:00+00:00,429.747548
3x-risk-001,2025-09-11T22:00:00+00:00,426.070591
3x-risk-001,2025-09-12T17:00:00+00:00,421.976641
3x-risk-001,2025-09-15T08:00:00+00:00,417.501753
3x-risk-001,2025-09-16T17:00:00+00:00,438.188168
3x-risk-001,2025-09-17T18:00:00+00:00,433.512535
3x-risk-001,2025-09-18T01:00:00+00:00,453.46144
3x-risk-001,2025-09-19T11:00:00+00:00,448.784032
3x-risk-001,2025-09-19T14:00:00+00:00,443.911124
3x-risk-001,2025-09-22T05:00:00+00:00,465.954553
3x-risk-001,2025-09-22T06:00:00+00:00,487.890086
3x-risk-001,2025-09-24T03:00:00+00:00,482.735958
3x-risk-001,2025-09-24T13:00:00+00:00,477.77517
3x-risk-001,2025-09-25T17:00:00+00:00,499.185055
3x-risk-001,2025-09-29T11:00:00+00:00,494.045063
3x-risk-001,2025-09-29T13:00:00+00:00,488.852089
3x-risk-001,2025-09-29T14:00:00+00:00,483.728495
3x-risk-001,2025-09-29T14:00:00+00:00,478.52921
3x-risk-001,2025-09-30T07:00:00+00:00,473.542143
3x-risk-001,2025-09-30T15:00:00+00:00,468.531488
3x-risk-001,2025-09-30T17:00:00+00:00,491.942829
3x-risk-001,2025-09-30T19:00:00+00:00,486.799377
3x-risk-001,2025-09-30T19:00:00+00:00,481.718796
3x-risk-001,2025-10-01T19:00:00+00:00,505.56427
3x-risk-001,2025-10-02T18:00:00+00:00,529.384469
3x-risk-001,2025-10-03T03:00:00+00:00,554.070784
3x-risk-001,2025-10-04T14:00:00+00:00,549.098357
3x-risk-001,2025-10-05T02:00:00+00:00,543.400354
3x-risk-001,2025-10-05T11:00:00+00:00,537.735062
3x-risk-001,2025-10-05T17:00:00+00:00,532.15036
3x-risk-001,2025-10-05T19:00:00+00:00,526.47193
3x-risk-001,2025-10-05T19:00:00+00:00,520.806602
3x-risk-001,2025-10-06T10:00:00+00:00,515.397119
3x-risk-001,2025-10-06T13:00:00+00:00,510.000901
3x-risk-001,2025-10-06T18:00:00+00:00,504.427707
3x-risk-001,2025-10-07T04:00:00+00:00,499.265629
3x-risk-001,2025-10-07T12:00:00+00:00,494.027252
3x-risk-001,2025-10-07T14:00:00+00:00,488.619824
3x-risk-001,2025-10-08T17:00:00+00:00,483.581078
3x-risk-001,2025-10-08T17:00:00+00:00,478.480616
3x-risk-001,2025-10-09T02:00:00+00:00,473.365743
3x-risk-001,2025-10-09T08:00:00+00:00,497.78263
3x-risk-001,2025-10-09T12:00:00+00:00,492.705908
3x-risk-001,2025-10-10T15:00:00+00:00,516.102783
3x-risk-001,2025-10-10T15:00:00+00:00,510.421728
3x-risk-001,2025-10-10T21:00:00+00:00,534.984587
3x-risk-001,2025-10-10T21:00:00+00:00,559.315675
3x-risk-001,2025-10-15T13:00:00+00:00,553.493229
3x-risk-001,2025-10-21T14:00:00+00:00,547.790043
3x-risk-001,2025-10-21T14:00:00+00:00,542.13721
3x-risk-001,2025-10-21T21:00:00+00:00,536.582263
3x-risk-001,2025-10-22T14:00:00+00:00,531.040543
3x-risk-001,2025-10-23T06:00:00+00:00,525.527882
3x-risk-001,2025-10-23T13:00:00+00:00,519.824592
3x-risk-001,2025-10-23T14:00:00+00:00,514.481859
3x-risk-001,2025-10-23T21:00:00+00:00,509.215726
3x-risk-001,2025-10-24T04:00:00+00:00,503.902946
3x-risk-001,2025-10-26T22:00:00+00:00,529.88949
3x-risk-001,2025-10-28T19:00:00+00:00,524.041901
3x-risk-001,2025-10-28T20:00:00+00:00,518.330415
3x-risk-001,2025-10-29T23:00:00+00:00,513.058445
3x-risk-001,2025-10-30T04:00:00+00:00,507.754095
3x-risk-001,2025-10-30T10:00:00+00:00,502.354394
3x-risk-001,2025-10-30T17:00:00+00:00,527.732949
3x-risk-001,2025-11-03T15:00:00+00:00,551.057543
3x-risk-001,2025-11-03T15:00:00+00:00,576.542557
3x-risk-001,2025-11-04T05:00:00+00:00,602.136383
3x-risk-001,2025-11-12T15:00:00+00:00,595.763743
3x-risk-001,2025-11-13T19:00:00+00:00,624.985544
3x-risk-001,2025-11-14T12:00:00+00:00,654.657425
3x-risk-001,2025-11-21T07:00:00+00:00,684.106294
3x-risk-001,2025-11-25T14:00:00+00:00,677.15056
3x-risk-001,2025-11-28T22:00:00+00:00,670.204589
3x-risk-001,2025-11-30T23:00:00+00:00,703.216294
3x-risk-001,2025-12-01T00:00:00+00:00,736.61209
3x-risk-001,2025-12-07T09:00:00+00:00,728.915638
3x-risk-001,2025-12-07T13:00:00+00:00,721.332187
3x-risk-001,2025-12-07T17:00:00+00:00,713.881913
3x-risk-001,2025-12-07T17:00:00+00:00,706.390988
3x-risk-001,2025-12-07T22:00:00+00:00,698.936649
3x-risk-001,2025-12-08T15:00:00+00:00,691.76716
3x-risk-001,2025-12-09T15:00:00+00:00,684.545914
3x-risk-001,2025-12-09T15:00:00+00:00,718.437617
3x-risk-001,2025-12-10T20:00:00+00:00,752.922776
3x-risk-001,2025-12-11T00:00:00+00:00,745.469378
3x-risk-001,2025-12-11T21:00:00+00:00,737.867968
3x-risk-001,2025-12-12T15:00:00+00:00,730.133144
3x-risk-001,2025-12-12T15:00:00+00:00,722.613895
3x-risk-001,2025-12-13T08:00:00+00:00,715.142029
3x-risk-001,2025-12-14T04:00:00+00:00,707.70184
3x-risk-001,2025-12-15T14:00:00+00:00,699.825423
3x-risk-001,2025-12-15T18:00:00+00:00,734.827883
3x-risk-001,2026-01-01T00:00:00+00:00,735.296591
3x-risk-001,2026-01-01T00:00:00+00:00,745.988007
3x-risk-001,2026-01-01T00:00:00+00:00,759.401452
3x-risk-002,2021-01-21T10:00:00+00:00,109.710985
3x-risk-002,2021-01-27T11:00:00+00:00,107.24158
3x-risk-002,2021-01-28T02:00:00+00:00,105.087522
3x-risk-002,2021-01-29T19:00:00+00:00,102.671145
3x-risk-002,2021-01-30T13:00:00+00:00,100.592146
3x-risk-002,2021-01-31T03:00:00+00:00,110.758783
3x-risk-002,2021-01-31T09:00:00+00:00,120.179313
3x-risk-002,2021-02-01T10:00:00+00:00,130.587241
3x-risk-002,2021-02-01T15:00:00+00:00,127.844504
3x-risk-002,2021-02-01T17:00:00+00:00,125.409259
3x-risk-002,2021-02-01T22:00:00+00:00,123.14129
3x-risk-002,2021-02-02T04:00:00+00:00,135.178168
3x-risk-002,2021-02-02T20:00:00+00:00,147.319287
3x-risk-002,2021-02-03T14:00:00+00:00,160.705272
3x-risk-002,2021-02-04T08:00:00+00:00,173.728683
3x-risk-002,2021-02-10T12:00:00+00:00,168.507034
3x-risk-002,2021-02-16T06:00:00+00:00,164.938112
3x-risk-002,2021-02-17T07:00:00+00:00,161.990381
3x-risk-002,2021-02-22T10:00:00+00:00,155.911414
3x-risk-002,2021-03-06T22:00:00+00:00,152.686408
3x-risk-002,2021-03-08T07:00:00+00:00,149.432503
3x-risk-002,2021-03-08T19:00:00+00:00,147.691177
3x-risk-002,2021-03-08T23:00:00+00:00,162.471667
3x-risk-002,2021-03-09T00:00:00+00:00,159.247776
3x-risk-002,2021-03-09T03:00:00+00:00,174.35625
3x-risk-002,2021-03-09T08:00:00+00:00,171.123569
3x-risk-002,2021-03-13T11:00:00+00:00,167.650547
3x-risk-002,2021-03-15T04:00:00+00:00,164.129592
3x-risk-002,2021-03-17T13:00:00+00:00,160.977525
3x-risk-002,2021-03-18T14:00:00+00:00,174.284877
3x-risk-002,2021-03-19T09:00:00+00:00,170.753253
3x-risk-002,2021-03-21T00:00:00+00:00,166.258995
3x-risk-002,2021-03-21T04:00:00+00:00,162.253141
3x-risk-002,2021-03-21T09:00:00+00:00,161.156854
3x-risk-002,2021-03-21T21:00:00+00:00,157.901404
3x-risk-002,2021-03-22T03:00:00+00:00,154.565228
3x-risk-002,2021-03-22T19:00:00+00:00,170.070105
3x-risk-002,2021-03-22T19:00:00+00:00,168.205189
3x-risk-002,2021-03-22T20:00:00+00:00,166.972818
3x-risk-002,2021-03-24T19:00:00+00:00,182.134342
3x-risk-002,2021-03-27T16:00:00+00:00,178.315693
3x-risk-002,2021-04-02T03:00:00+00:00,174.998162
3x-risk-002,2021-04-02T13:00:00+00:00,171.397163
3x-risk-002,2021-04-03T16:00:00+00:00,166.838075
3x-risk-002,2021-04-04T11:00:00+00:00,164.130168
3x-risk-002,2021-04-05T02:00:00+00:00,162.164922
3x-risk-002,2021-04-05T08:00:00+00:00,158.985493
3x-risk-002,2021-04-05T15:00:00+00:00,155.956812
3x-risk-002,2021-04-06T12:00:00+00:00,171.193953
3x-risk-002,2021-04-06T14:00:00+00:00,167.780996
3x-risk-002,2021-04-09T00:00:00+00:00,166.359353
3x-risk-002,2021-04-09T05:00:00+00:00,164.054509
3x-risk-002,2021-04-09T11:00:00+00:00,161.367206
3x-risk-002,2021-04-12T19:00:00+00:00,174.984736
3x-risk-002,2021-04-13T14:00:00+00:00,188.456985
3x-risk-002,2021-04-14T00:00:00+00:00,205.768557
3x-risk-002,2021-04-14T06:00:00+00:00,217.844415
3x-risk-002,2021-05-04T15:00:00+00:00,213.104515
3x-risk-002,2021-05-06T18:00:00+00:00,208.417826
3x-risk-002,2021-05-07T11:00:00+00:00,204.210736
3x-risk-002,2021-05-07T17:00:00+00:00,200.465063
3x-risk-002,2021-05-09T04:00:00+00:00,196.428454
3x-risk-002,2021-05-09T04:00:00+00:00,192.23362
3x-risk-002,2021-05-10T11:00:00+00:00,189.612861
3x-risk-002,2021-05-10T19:00:00+00:00,183.958554
3x-risk-002,2021-05-10T19:00:00+00:00,179.372901
3x-risk-002,2021-05-10T20:00:00+00:00,191.878467
3x-risk-002,2021-05-12T14:00:00+00:00,187.797388
3x-risk-002,2021-05-12T23:00:00+00:00,206.591869
3x-risk-002,2021-05-13T00:00:00+00:00,224.744539
3x-risk-002,2021-05-14T15:00:00+00:00,220.211271
3x-risk-002,2021-05-15T22:00:00+00:00,215.824986
3x-risk-002,2021-05-16T16:00:00+00:00,211.926059
3x-risk-002,2021-05-18T16:00:00+00:00,208.443403
3x-risk-002,2021-05-19T01:00:00+00:00,204.927919
3x-risk-002,2021-06-04T12:00:00+00:00,200.615537
3x-risk-002,2021-06-06T20:00:00+00:00,196.493598
3x-risk-002,2021-06-11T23:00:00+00:00,192.402092
3x-risk-002,2021-06-18T05:00:00+00:00,188.523343
3x-risk-002,2021-06-18T06:00:00+00:00,184.596726
3x-risk-002,2021-06-18T14:00:00+00:00,202.840324
3x-risk-002,2021-06-18T15:00:00+00:00,198.703729
3x-risk-002,2021-06-20T11:00:00+00:00,211.483067
3x-risk-002,2021-06-21T10:00:00+00:00,230.191715
3x-risk-002,2021-07-05T15:00:00+00:00,225.28552
3x-risk-002,2021-07-06T23:00:00+00:00,220.905753
3x-risk-002,2021-07-07T03:00:00+00:00,243.503578
3x-risk-002,2021-07-07T03:00:00+00:00,238.874548
3x-risk-002,2021-07-07T21:00:00+00:00,233.873852
3x-risk-002,2021-07-10T15:00:00+00:00,230.436338
3x-risk-002,2021-07-10T17:00:00+00:00,225.479033
3x-risk-002,2021-07-12T10:00:00+00:00,223.530701
3x-risk-002,2021-07-12T12:00:00+00:00,218.712485
3x-risk-002,2021-07-12T14:00:00+00:00,214.032741
3x-risk-002,2021-07-12T17:00:00+00:00,209.642107
3x-risk-002,2021-07-13T10:00:00+00:00,205.514589
3x-risk-002,2021-07-13T12:00:00+00:00,201.261777
3x-risk-002,2021-07-15T09:00:00+00:00,196.969082
3x-risk-002,2021-07-20T02:00:00+00:00,216.239249
3x-risk-002,2021-07-24T11:00:00+00:00,211.862724
3x-risk-002,2021-07-26T05:00:00+00:00,208.489721
3x-risk-002,2021-07-29T06:00:00+00:00,204.248799
3x-risk-002,2021-07-30T09:00:00+00:00,200.078452
3x-risk-002,2021-08-05T09:00:00+00:00,195.945773
3x-risk-002,2021-08-11T06:00:00+00:00,215.129257
3x-risk-002,2021-08-11T07:00:00+00:00,234.534608
3x-risk-002,2021-08-17T09:00:00+00:00,229.754598
3x-risk-002,2021-08-17T09:00:00+00:00,224.910069
3x-risk-002,2021-08-17T14:00:00+00:00,219.99762
3x-risk-002,2021-08-17T14:00:00+00:00,215.37191
3x-risk-002,2021-08-20T00:00:00+00:00,211.118828
3x-risk-002,2021-08-29T00:00:00+00:00,207.11527
3x-risk-002,2021-08-29T03:00:00+00:00,202.650641
3x-risk-002,2021-08-29T20:00:00+00:00,198.490281
3x-risk-002,2021-08-29T22:00:00+00:00,196.81599
3x-risk-002,2021-08-30T03:00:00+00:00,193.862234
3x-risk-002,2021-08-30T12:00:00+00:00,208.732185
3x-risk-002,2021-08-30T16:00:00+00:00,205.168619
3x-risk-002,2021-09-01T16:00:00+00:00,201.340108
3x-risk-002,2021-09-01T16:00:00+00:00,221.644469
3x-risk-002,2021-09-06T11:00:00+00:00,243.516163
3x-risk-002,2021-09-07T09:00:00+00:00,267.610522
3x-risk-002,2021-09-07T14:00:00+00:00,263.495527
3x-risk-002,2021-09-07T15:00:00+00:00,277.988509
3x-risk-002,2021-09-19T11:00:00+00:00,271.819732
3x-risk-002,2021-09-19T16:00:00+00:00,266.056076
3x-risk-002,2021-09-20T12:00:00+00:00,292.645198
3x-risk-002,2021-09-27T20:00:00+00:00,286.5469
3x-risk-002,2021-09-30T00:00:00+00:00,280.707599
3x-risk-002,2021-09-30T03:00:00+00:00,274.77642
3x-risk-002,2021-09-30T08:00:00+00:00,269.069496
3x-risk-002,2021-10-01T10:00:00+00:00,295.502146
3x-risk-002,2021-10-01T10:00:00+00:00,314.551486
3x-risk-002,2021-10-02T14:00:00+00:00,340.975771
3x-risk-002,2021-10-07T07:00:00+00:00,333.812486
3x-risk-002,2021-10-08T02:00:00+00:00,326.162211
3x-risk-002,2021-10-08T12:00:00+00:00,319.37833
3x-risk-002,2021-10-08T20:00:00+00:00,312.321375
3x-risk-002,2021-10-09T10:00:00+00:00,305.878739
3x-risk-002,2021-10-10T11:00:00+00:00,299.331561
3x-risk-002,2021-10-10T21:00:00+00:00,329.55283
3x-risk-002,2021-10-11T19:00:00+00:00,322.630934
3x-risk-002,2021-10-13T20:00:00+00:00,316.120122
3x-risk-002,2021-10-14T07:00:00+00:00,309.586015
3x-risk-002,2021-10-15T18:00:00+00:00,303.939141
3x-risk-002,2021-10-17T19:00:00+00:00,297.167111
3x-risk-002,2021-10-19T03:00:00+00:00,293.653878
3x-risk-002,2021-10-19T07:00:00+00:00,289.796314
3x-risk-002,2021-10-19T12:00:00+00:00,285.003766
3x-risk-002,2021-10-20T11:00:00+00:00,281.482659
3x-risk-002,2021-10-20T16:00:00+00:00,310.575512
3x-risk-002,2021-10-21T00:00:00+00:00,335.342165
3x-risk-002,2021-10-22T07:00:00+00:00,328.559469
3x-risk-002,2021-10-25T14:00:00+00:00,322.935553
3x-risk-002,2021-10-26T14:00:00+00:00,315.670705
3x-risk-002,2021-10-27T04:00:00+00:00,308.846938
3x-risk-002,2021-10-28T20:00:00+00:00,302.69922
3x-risk-002,2021-10-30T02:00:00+00:00,296.29281
3x-risk-002,2021-10-31T12:00:00+00:00,289.482668
3x-risk-002,2021-10-31T15:00:00+00:00,283.520649
3x-risk-002,2021-10-31T22:00:00+00:00,277.674791
3x-risk-002,2021-11-01T07:00:00+00:00,271.840261
3x-risk-002,2021-11-01T17:00:00+00:00,267.902525
3x-risk-002,2021-11-02T00:00:00+00:00,266.413464
3x-risk-002,2021-11-03T18:00:00+00:00,261.228544
3x-risk-002,2021-11-05T06:00:00+00:00,256.7793
3x-risk-002,2021-11-07T01:00:00+00:00,251.934667
3x-risk-002,2021-11-08T00:00:00+00:00,279.433887
3x-risk-002,2021-11-08T10:00:00+00:00,306.33627
3x-risk-002,2021-11-09T03:00:00+00:00,330.779238
3x-risk-002,2021-11-10T15:00:00+00:00,324.099056
3x-risk-002,2021-11-12T09:00:00+00:00,317.283012
3x-risk-002,2021-11-14T17:00:00+00:00,310.929647
3x-risk-002,2021-11-15T00:00:00+00:00,304.827251
3x-risk-002,2021-11-15T01:00:00+00:00,298.518838
3x-risk-002,2021-11-15T18:00:00+00:00,291.746029
3x-risk-002,2021-11-15T18:00:00+00:00,285.518545
3x-risk-002,2021-11-16T00:00:00+00:00,279.169156
3x-risk-002,2021-11-16T01:00:00+00:00,307.232051
3x-risk-002,2021-11-16T10:00:00+00:00,330.599242
3x-risk-002,2021-11-22T20:00:00+00:00,323.954378
3x-risk-002,2021-11-26T07:00:00+00:00,317.205966
3x-risk-002,2021-11-26T08:00:00+00:00,349.173363
3x-risk-002,2021-11-26T08:00:00+00:00,342.170195
3x-risk-002,2021-11-28T10:00:00+00:00,335.198817
3x-risk-002,2021-11-28T21:00:00+00:00,328.512745
3x-risk-002,2021-12-03T10:00:00+00:00,321.595043
3x-risk-002,2021-12-03T19:00:00+00:00,314.875011
3x-risk-002,2021-12-08T11:00:00+00:00,308.336401
3x-risk-002,2021-12-10T12:00:00+00:00,301.88974
3x-risk-002,2021-12-17T15:00:00+00:00,331.558579
3x-risk-002,2021-12-18T05:00:00+00:00,329.542128
3x-risk-002,2021-12-18T10:00:00+00:00,323.200055
3x-risk-002,2021-12-19T01:00:00+00:00,316.519726
3x-risk-002,2021-12-19T03:00:00+00:00,310.267716
3x-risk-002,2021-12-19T10:00:00+00:00,303.754534
3x-risk-002,2021-12-20T21:00:00+00:00,297.506083
3x-risk-002,2021-12-21T09:00:00+00:00,291.062778
3x-risk-002,2021-12-21T15:00:00+00:00,284.96219
3x-risk-002,2021-12-21T19:00:00+00:00,278.901703
3x-risk-002,2021-12-22T23:00:00+00:00,273.112355
3x-risk-002,2021-12-23T07:00:00+00:00,268.357459
3x-risk-002,2021-12-23T11:00:00+00:00,297.180241
3x-risk-002,2021-12-23T16:00:00+00:00,292.439707
3x-risk-002,2021-12-23T17:00:00+00:00,287.578401
3x-risk-002,2021-12-26T03:00:00+00:00,281.549803
3x-risk-002,2021-12-27T23:00:00+00:00,277.651398
3x-risk-002,2021-12-28T01:00:00+00:00,271.720205
3x-risk-002,2021-12-28T19:00:00+00:00,265.813596
3x-risk-002,2022-01-02T16:00:00+00:00,260.248017
3x-risk-002,2022-01-03T16:00:00+00:00,254.715262
3x-risk-002,2022-01-04T10:00:00+00:00,249.506091
3x-risk-002,2022-01-05T18:00:00+00:00,244.681038
3x-risk-002,2022-01-05T20:00:00+00:00,270.614597
3x-risk-002,2022-01-05T20:00:00+00:00,281.684609
3x-risk-002,2022-01-14T12:00:00+00:00,275.897243
3x-risk-002,2022-01-17T03:00:00+00:00,270.573197
3x-risk-002,2022-01-17T21:00:00+00:00,298.441364
3x-risk-002,2022-01-20T15:00:00+00:00,293.520853
3x-risk-002,2022-01-21T02:00:00+00:00,321.148643
3x-risk-002,2022-02-01T09:00:00+00:00,314.246406
3x-risk-002,2022-02-01T10:00:00+00:00,312.359097
3x-risk-002,2022-02-02T08:00:00+00:00,305.822173
3x-risk-002,2022-02-03T10:00:00+00:00,298.936562
3x-risk-002,2022-02-05T00:00:00+00:00,322.604484
3x-risk-002,2022-02-05T04:00:00+00:00,351.90959
3x-risk-002,2022-02-10T20:00:00+00:00,344.722503
3x-risk-002,2022-02-15T04:00:00+00:00,337.580691
3x-risk-002,2022-02-28T14:00:00+00:00,330.602085
3x-risk-002,2022-03-01T00:00:00+00:00,376.582595
3x-risk-002,2022-03-08T15:00:00+00:00,368.862317
3x-risk-002,2022-03-11T11:00:00+00:00,361.435431
3x-risk-002,2022-03-11T11:00:00+00:00,353.799342
3x-risk-002,2022-03-13T03:00:00+00:00,351.151595
3x-risk-002,2022-03-14T09:00:00+00:00,343.734656
3x-risk-002,2022-03-14T22:00:00+00:00,336.236403
3x-risk-002,2022-03-14T22:00:00+00:00,329.268322
3x-risk-002,2022-03-15T14:00:00+00:00,328.300089
3x-risk-002,2022-03-15T15:00:00+00:00,321.014685
3x-risk-002,2022-03-16T02:00:00+00:00,318.022817
3x-risk-002,2022-03-16T03:00:00+00:00,311.268939
3x-risk-002,2022-03-16T09:00:00+00:00,334.689
3x-risk-002,2022-03-16T18:00:00+00:00,328.062727
3x-risk-002,2022-03-18T14:00:00+00:00,359.754537
3x-risk-002,2022-03-22T02:00:00+00:00,352.337147
3x-risk-002,2022-03-23T15:00:00+00:00,384.883073
3x-risk-002,2022-03-23T16:00:00+00:00,404.137092
3x-risk-002,2022-03-24T08:00:00+00:00,438.99819
3x-risk-002,2022-03-25T06:00:00+00:00,431.438679
3x-risk-002,2022-03-26T15:00:00+00:00,424.219629
3x-risk-002,2022-03-27T12:00:00+00:00,415.55231
3x-risk-002,2022-03-27T16:00:00+00:00,411.17726
3x-risk-002,2022-03-27T23:00:00+00:00,429.123367
3x-risk-002,2022-03-28T00:00:00+00:00,469.022605
3x-risk-002,2022-03-28T00:00:00+00:00,498.209854
3x-risk-002,2022-04-03T18:00:00+00:00,487.885241
3x-risk-002,2022-04-03T23:00:00+00:00,477.244364
3x-risk-002,2022-04-04T17:00:00+00:00,466.682365
3x-risk-002,2022-04-04T21:00:00+00:00,456.696927
3x-risk-002,2022-04-04T21:00:00+00:00,451.314495
3x-risk-002,2022-04-05T00:00:00+00:00,441.983625
3x-risk-002,2022-04-05T14:00:00+00:00,432.407566
3x-risk-002,2022-04-06T00:00:00+00:00,423.045177
3x-risk-002,2022-04-06T13:00:00+00:00,432.838316
3x-risk-002,2022-04-07T00:00:00+00:00,470.561168
3x-risk-002,2022-04-10T22:00:00+00:00,460.657184
3x-risk-002,2022-04-11T11:00:00+00:00,502.382452
3x-risk-002,2022-04-18T18:00:00+00:00,495.282394
3x-risk-002,2022-04-19T07:00:00+00:00,484.627925
3x-risk-002,2022-04-21T19:00:00+00:00,480.007265
3x-risk-002,2022-04-21T22:00:00+00:00,469.675092
3x-risk-002,2022-04-25T06:00:00+00:00,514.910362
3x-risk-002,2022-04-26T14:00:00+00:00,504.342499
3x-risk-002,2022-04-26T14:00:00+00:00,493.682915
3x-risk-002,2022-04-26T20:00:00+00:00,540.129945
3x-risk-002,2022-04-28T12:00:00+00:00,538.101518
3x-risk-002,2022-04-28T13:00:00+00:00,526.601335
3x-risk-002,2022-04-28T13:00:00+00:00,515.301422
3x-risk-002,2022-04-28T15:00:00+00:00,504.359215
3x-risk-002,2022-04-28T17:00:00+00:00,493.853565
3x-risk-002,2022-04-28T19:00:00+00:00,487.429995
3x-risk-002,2022-04-29T09:00:00+00:00,477.232544
3x-risk-002,2022-04-30T22:00:00+00:00,525.459017
3x-risk-002,2022-05-04T15:00:00+00:00,514.115788
3x-risk-002,2022-05-04T18:00:00+00:00,504.717733
3x-risk-002,2022-05-04T18:00:00+00:00,497.90806
3x-risk-002,2022-05-05T14:00:00+00:00,493.839895
3x-risk-002,2022-05-05T15:00:00+00:00,483.130066
3x-risk-002,2022-05-05T15:00:00+00:00,472.666648
3x-risk-002,2022-05-17T18:00:00+00:00,462.758362
3x-risk-002,2022-05-18T03:00:00+00:00,452.931783
3x-risk-002,2022-05-19T07:00:00+00:00,443.320701
3x-risk-002,2022-05-19T15:00:00+00:00,433.8504
3x-risk-002,2022-05-20T14:00:00+00:00,427.917484
3x-risk-002,2022-05-20T15:00:00+00:00,419.114103
3x-risk-002,2022-05-23T11:00:00+00:00,410.019977
3x-risk-002,2022-05-23T19:00:00+00:00,400.881443
3x-risk-002,2022-05-24T23:00:00+00:00,392.553558
3x-risk-002,2022-05-25T11:00:00+00:00,384.296322
3x-risk-002,2022-05-25T13:00:00+00:00,380.522171
3x-risk-002,2022-05-26T13:00:00+00:00,420.081264
3x-risk-002,2022-05-26T16:00:00+00:00,410.944182
3x-risk-002,2022-05-30T01:00:00+00:00,402.780108
3x-risk-002,2022-05-30T06:00:00+00:00,394.958419
3x-risk-002,2022-05-30T20:00:00+00:00,434.745852
3x-risk-002,2022-06-08T03:00:00+00:00,425.916919
3x-risk-002,2022-06-09T05:00:00+00:00,421.170675
3x-risk-002,2022-06-09T08:00:00+00:00,412.287787
3x-risk-002,2022-06-09T08:00:00+00:00,403.8783
3x-risk-002,2022-06-09T11:00:00+00:00,397.449891
3x-risk-002,2022-06-09T19:00:00+00:00,389.553893
3x-risk-002,2022-06-10T00:00:00+00:00,381.396713
3x-risk-002,2022-06-10T03:00:00+00:00,376.216737
3x-risk-002,2022-06-10T03:00:00+00:00,368.574117
3x-risk-002,2022-06-10T09:00:00+00:00,360.94897
3x-risk-002,2022-06-10T16:00:00+00:00,380.797137
3x-risk-002,2022-06-11T12:00:00+00:00,415.045735
3x-risk-002,2022-06-11T14:00:00+00:00,433.961618
3x-risk-002,2022-06-12T02:00:00+00:00,465.797928
3x-risk-002,2022-06-27T13:00:00+00:00,455.966791
3x-risk-002,2022-06-28T18:00:00+00:00,446.527941
3x-risk-002,2022-06-30T07:00:00+00:00,490.523077
3x-risk-002,2022-06-30T08:00:00+00:00,535.493055
3x-risk-002,2022-07-03T20:00:00+00:00,524.404809
3x-risk-002,2022-07-04T09:00:00+00:00,513.100243
3x-risk-002,2022-07-05T12:00:00+00:00,501.987566
3x-risk-002,2022-07-06T04:00:00+00:00,491.418987
3x-risk-002,2022-07-07T14:00:00+00:00,540.116393
3x-risk-002,2022-07-07T16:00:00+00:00,590.860572
3x-risk-002,2022-07-10T14:00:00+00:00,585.229751
3x-risk-002,2022-07-18T09:00:00+00:00,643.153041
3x-risk-002,2022-07-23T08:00:00+00:00,629.822073
3x-risk-002,2022-07-25T00:00:00+00:00,616.709162
3x-risk-002,2022-07-25T00:00:00+00:00,603.548683
3x-risk-002,2022-07-26T19:00:00+00:00,663.137464
3x-risk-002,2022-08-05T01:00:00+00:00,650.111093
3x-risk-002,2022-08-05T06:00:00+00:00,636.311925
3x-risk-002,2022-08-05T18:00:00+00:00,622.900332
3x-risk-002,2022-08-05T21:00:00+00:00,612.862028
3x-risk-002,2022-08-06T17:00:00+00:00,599.589432
3x-risk-002,2022-08-07T12:00:00+00:00,596.342408
3x-risk-002,2022-08-07T13:00:00+00:00,583.438634
3x-risk-002,2022-08-08T11:00:00+00:00,641.208719
3x-risk-002,2022-08-08T12:00:00+00:00,656.056229
3x-risk-002,2022-08-10T12:00:00+00:00,642.416602
3x-risk-002,2022-08-10T13:00:00+00:00,705.410048
3x-risk-002,2022-08-12T23:00:00+00:00,690.690908
3x-risk-002,2022-08-13T20:00:00+00:00,676.057329
3x-risk-002,2022-08-14T12:00:00+00:00,661.790804
3x-risk-002,2022-08-15T02:00:00+00:00,659.435324
3x-risk-002,2022-08-15T03:00:00+00:00,645.067619
3x-risk-002,2022-08-18T23:00:00+00:00,629.799534
3x-risk-002,2022-08-26T05:00:00+00:00,616.535454
3x-risk-002,2022-08-26T05:00:00+00:00,615.765809
3x-risk-002,2022-08-26T11:00:00+00:00,603.057861
3x-risk-002,2022-08-26T13:00:00+00:00,591.482451
3x-risk-002,2022-08-26T13:00:00+00:00,578.900181
3x-risk-002,2022-08-26T23:00:00+00:00,636.165595
3x-risk-002,2022-08-31T15:00:00+00:00,622.704963
3x-risk-002,2022-08-31T19:00:00+00:00,609.577371
3x-risk-002,2022-09-01T11:00:00+00:00,600.574486
3x-risk-002,2022-09-01T14:00:00+00:00,593.784761
3x-risk-002,2022-09-01T17:00:00+00:00,585.579364
3x-risk-002,2022-09-02T03:00:00+00:00,572.819894
3x-risk-002,2022-09-02T17:00:00+00:00,560.475335
3x-risk-002,2022-09-02T17:00:00+00:00,549.687697
3x-risk-002,2022-09-03T11:00:00+00:00,546.221647
3x-risk-002,2022-09-04T12:00:00+00:00,544.102262
3x-risk-002,2022-09-05T10:00:00+00:00,540.53567
3x-risk-002,2022-09-05T23:00:00+00:00,536.644094
3x-risk-002,2022-09-06T00:00:00+00:00,525.179553
3x-risk-002,2022-09-06T01:00:00+00:00,511.808468
3x-risk-002,2022-09-06T13:00:00+00:00,507.047721
3x-risk-002,2022-09-06T17:00:00+00:00,496.436568
3x-risk-002,2022-09-06T17:00:00+00:00,485.819016
3x-risk-002,2022-09-09T04:00:00+00:00,533.927978
3x-risk-002,2022-09-09T05:00:00+00:00,582.101661
3x-risk-002,2022-09-15T06:00:00+00:00,572.295459
3x-risk-002,2022-09-21T18:00:00+00:00,560.354962
3x-risk-002,2022-09-23T09:00:00+00:00,556.671429
3x-risk-002,2022-09-23T10:00:00+00:00,544.74499
3x-risk-002,2022-09-23T20:00:00+00:00,533.512103
3x-risk-002,2022-09-23T22:00:00+00:00,522.440552
3x-risk-002,2022-09-24T02:00:00+00:00,509.818014
3x-risk-002,2022-09-24T07:00:00+00:00,498.936064
3x-risk-002,2022-09-25T11:00:00+00:00,488.151885
3x-risk-002,2022-09-25T16:00:00+00:00,538.614076
3x-risk-002,2022-09-26T08:00:00+00:00,528.142691
3x-risk-002,2022-09-26T11:00:00+00:00,517.731721
3x-risk-002,2022-09-26T14:00:00+00:00,506.539753
3x-risk-002,2022-09-27T01:00:00+00:00,503.608613
3x-risk-002,2022-09-27T06:00:00+00:00,553.707768
3x-risk-002,2022-09-27T16:00:00+00:00,542.266486
3x-risk-002,2022-09-27T18:00:00+00:00,531.665966
3x-risk-002,2022-09-28T17:00:00+00:00,520.655949
3x-risk-002,2022-09-29T07:00:00+00:00,509.727791
3x-risk-002,2022-09-29T13:00:00+00:00,498.895596
3x-risk-002,2022-09-29T14:00:00+00:00,488.238932
3x-risk-002,2022-09-29T16:00:00+00:00,478.222832
3x-risk-002,2022-09-30T07:00:00+00:00,468.504767
3x-risk-002,2022-09-30T12:00:00+00:00,462.884158
3x-risk-002,2022-09-30T12:00:00+00:00,456.809378
3x-risk-002,2022-09-30T18:00:00+00:00,448.183727
3x-risk-002,2022-09-30T21:00:00+00:00,441.936744
3x-risk-002,2022-10-02T23:00:00+00:00,467.771028
3x-risk-002,2022-10-03T13:00:00+00:00,457.859255
3x-risk-002,2022-10-03T14:00:00+00:00,456.343959
3x-risk-002,2022-10-07T12:00:00+00:00,452.791523
3x-risk-002,2022-10-08T21:00:00+00:00,442.321341
3x-risk-002,2022-10-08T21:00:00+00:00,432.053813
3x-risk-002,2022-10-10T08:00:00+00:00,422.89467
3x-risk-002,2022-10-10T22:00:00+00:00,453.575742
3x-risk-002,2022-10-10T22:00:00+00:00,444.144522
3x-risk-002,2022-10-13T07:00:00+00:00,466.413687
3x-risk-002,2022-10-13T12:00:00+00:00,508.228747
3x-risk-002,2022-10-13T18:00:00+00:00,498.740074
3x-risk-002,2022-10-14T16:00:00+00:00,488.310993
3x-risk-002,2022-10-14T21:00:00+00:00,477.994835
3x-risk-002,2022-10-16T19:00:00+00:00,470.674102
3x-risk-002,2022-10-16T20:00:00+00:00,460.225186
3x-risk-002,2022-10-16T21:00:00+00:00,450.219129
3x-risk-002,2022-10-17T04:00:00+00:00,440.682296
3x-risk-002,2022-10-18T18:00:00+00:00,440.548063
3x-risk-002,2022-10-18T19:00:00+00:00,432.017992
3x-risk-002,2022-10-19T22:00:00+00:00,425.926655
3x-risk-002,2022-10-20T12:00:00+00:00,418.72886
3x-risk-002,2022-10-21T16:00:00+00:00,409.933562
3x-risk-002,2022-10-23T11:00:00+00:00,401.38029
3x-risk-002,2022-10-23T17:00:00+00:00,401.00234
3x-risk-002,2022-10-23T18:00:00+00:00,395.588505
3x-risk-002,2022-10-24T07:00:00+00:00,387.588721
3x-risk-002,2022-10-24T10:00:00+00:00,381.914307
3x-risk-002,2022-10-24T14:00:00+00:00,373.41246
3x-risk-002,2022-10-24T14:00:00+00:00,367.877975
3x-risk-002,2022-10-25T00:00:00+00:00,360.21122
3x-risk-002,2022-10-25T09:00:00+00:00,352.843527
3x-risk-002,2022-10-25T10:00:00+00:00,345.479018
3x-risk-002,2022-10-30T01:00:00+00:00,379.675723
3x-risk-002,2022-11-01T22:00:00+00:00,372.237516
3x-risk-002,2022-11-02T18:00:00+00:00,364.397783
3x-risk-002,2022-11-02T18:00:00+00:00,356.619683
3x-risk-002,2022-11-02T18:00:00+00:00,353.289906
3x-risk-002,2022-11-04T04:00:00+00:00,346.37436
3x-risk-002,2022-11-04T06:00:00+00:00,339.093709
3x-risk-002,2022-11-04T20:00:00+00:00,374.072427
3x-risk-002,2022-11-07T07:00:00+00:00,366.893947
3x-risk-002,2022-11-08T03:00:00+00:00,359.469229
3x-risk-002,2022-11-18T00:00:00+00:00,352.009702
3x-risk-002,2022-11-18T17:00:00+00:00,344.62391
3x-risk-002,2022-11-20T11:00:00+00:00,337.150983
3x-risk-002,2022-11-21T21:00:00+00:00,365.357459
3x-risk-002,2022-11-22T13:00:00+00:00,358.519124
3x-risk-002,2022-11-23T03:00:00+00:00,351.596318
3x-risk-002,2022-11-27T02:00:00+00:00,344.496089
3x-risk-002,2022-11-27T12:00:00+00:00,340.766675
3x-risk-002,2022-11-28T01:00:00+00:00,333.439374
3x-risk-002,2022-11-28T01:00:00+00:00,326.17702
3x-risk-002,2022-11-28T01:00:00+00:00,335.265624
3x-risk-002,2022-11-29T05:00:00+00:00,328.290216
3x-risk-002,2022-11-30T03:00:00+00:00,360.863011
3x-risk-002,2022-11-30T17:00:00+00:00,354.1616
3x-risk-002,2022-11-30T17:00:00+00:00,349.701702
3x-risk-002,2022-11-30T19:00:00+00:00,380.170969
3x-risk-002,2022-12-01T13:00:00+00:00,372.269379
3x-risk-002,2022-12-02T16:00:00+00:00,364.341646
3x-risk-002,2022-12-04T18:00:00+00:00,359.803813
3x-risk-002,2022-12-05T00:00:00+00:00,350.755265
3x-risk-002,2022-12-05T08:00:00+00:00,343.222895
3x-risk-002,2022-12-05T15:00:00+00:00,337.968945
3x-risk-002,2022-12-05T15:00:00+00:00,330.86763
3x-risk-002,2022-12-05T19:00:00+00:00,328.021361
3x-risk-002,2022-12-06T23:00:00+00:00,320.972921
3x-risk-002,2022-12-07T07:00:00+00:00,314.354576
3x-risk-002,2022-12-08T18:00:00+00:00,307.966207
3x-risk-002,2022-12-08T18:00:00+00:00,301.687528
3x-risk-002,2022-12-09T17:00:00+00:00,299.070501
3x-risk-002,2022-12-10T14:00:00+00:00,296.216083
3x-risk-002,2022-12-11T22:00:00+00:00,294.088791
3x-risk-002,2022-12-12T00:00:00+00:00,287.663856
3x-risk-002,2022-12-12T12:00:00+00:00,307.678456
3x-risk-002,2022-12-12T21:00:00+00:00,301.53705
3x-risk-002,2022-12-13T13:00:00+00:00,331.333595
3x-risk-002,2022-12-13T14:00:00+00:00,328.776299
3x-risk-002,2022-12-13T19:00:00+00:00,327.590794
3x-risk-002,2022-12-14T13:00:00+00:00,322.76598
3x-risk-002,2022-12-14T19:00:00+00:00,315.924583
3x-risk-002,2022-12-16T08:00:00+00:00,311.766947
3x-risk-002,2022-12-16T14:00:00+00:00,343.023296
3x-risk-002,2022-12-16T22:00:00+00:00,374.283974
3x-risk-002,2022-12-21T19:00:00+00:00,366.508487
3x-risk-002,2022-12-22T15:00:00+00:00,358.60979
3x-risk-002,2022-12-22T20:00:00+00:00,353.008154
3x-risk-002,2022-12-22T20:00:00+00:00,347.002232
3x-risk-002,2022-12-22T22:00:00+00:00,345.403718
3x-risk-002,2022-12-23T03:00:00+00:00,337.793797
3x-risk-002,2022-12-23T03:00:00+00:00,330.452913
3x-risk-002,2022-12-25T14:00:00+00:00,324.46593
3x-risk-002,2022-12-25T21:00:00+00:00,318.273171
3x-risk-002,2022-12-26T08:00:00+00:00,314.687095
3x-risk-002,2022-12-27T14:00:00+00:00,311.585715
3x-risk-002,2022-12-27T15:00:00+00:00,304.796574
3x-risk-002,2023-01-02T07:00:00+00:00,299.113682
3x-risk-002,2023-01-02T23:00:00+00:00,296.528938
3x-risk-002,2023-01-03T17:00:00+00:00,290.291177
3x-risk-002,2023-01-04T00:00:00+00:00,286.109121
3x-risk-002,2023-01-04T18:00:00+00:00,314.83684
3x-risk-002,2023-01-06T19:00:00+00:00,308.18218
3x-risk-002,2023-01-09T05:00:00+00:00,338.716705
3x-risk-002,2023-01-12T17:00:00+00:00,369.85245
3x-risk-002,2023-01-12T18:00:00+00:00,380.480826
3x-risk-002,2023-01-18T15:00:00+00:00,372.623159
3x-risk-002,2023-01-20T20:00:00+00:00,364.982563
3x-risk-002,2023-01-21T09:00:00+00:00,401.760757
3x-risk-002,2023-01-25T21:00:00+00:00,393.367743
3x-risk-002,2023-01-27T01:00:00+00:00,384.972489
3x-risk-002,2023-01-27T07:00:00+00:00,376.981176
3x-risk-002,2023-01-27T14:00:00+00:00,369.300477
3x-risk-002,2023-01-27T17:00:00+00:00,365.034623
3x-risk-002,2023-01-27T17:00:00+00:00,359.143214
3x-risk-002,2023-01-28T10:00:00+00:00,356.880501
3x-risk-002,2023-01-28T13:00:00+00:00,349.35212
3x-risk-002,2023-01-29T00:00:00+00:00,342.214391
3x-risk-002,2023-01-29T01:00:00+00:00,340.902806
3x-risk-002,2023-01-29T01:00:00+00:00,333.713533
3x-risk-002,2023-01-30T19:00:00+00:00,324.928536
3x-risk-002,2023-01-30T19:00:00+00:00,317.830095
3x-risk-002,2023-01-31T16:00:00+00:00,315.656806
3x-risk-002,2023-02-01T06:00:00+00:00,308.558977
3x-risk-002,2023-02-01T19:00:00+00:00,302.043526
3x-risk-002,2023-02-01T19:00:00+00:00,296.474484
3x-risk-002,2023-02-03T13:00:00+00:00,290.159858
3x-risk-002,2023-02-03T19:00:00+00:00,284.080571
3x-risk-002,2023-02-04T05:00:00+00:00,277.935438
3x-risk-002,2023-02-04T23:00:00+00:00,272.126726
3x-risk-002,2023-02-06T16:00:00+00:00,267.088245
3x-risk-002,2023-02-07T05:00:00+00:00,295.734211
3x-risk-002,2023-02-07T17:00:00+00:00,290.179448
3x-risk-002,2023-02-07T18:00:00+00:00,287.933997
3x-risk-002,2023-02-08T00:00:00+00:00,296.871754
3x-risk-002,2023-02-08T15:00:00+00:00,290.554112
3x-risk-002,2023-02-09T03:00:00+00:00,317.481883
3x-risk-002,2023-02-09T07:00:00+00:00,313.951275
3x-risk-002,2023-02-09T21:00:00+00:00,339.347708
3x-risk-002,2023-02-09T21:00:00+00:00,360.00491
3x-risk-002,2023-02-14T14:00:00+00:00,352.655698
3x-risk-002,2023-02-15T20:00:00+00:00,387.551332
3x-risk-002,2023-02-16T00:00:00+00:00,422.457238
3x-risk-002,2023-02-18T19:00:00+00:00,413.345742
3x-risk-002,2023-02-19T03:00:00+00:00,404.725823
3x-risk-002,2023-02-19T15:00:00+00:00,396.414994
3x-risk-002,2023-02-21T08:00:00+00:00,387.96407
3x-risk-002,2023-02-22T08:00:00+00:00,421.673554
3x-risk-002,2023-02-23T02:00:00+00:00,412.825549
3x-risk-002,2023-02-28T07:00:00+00:00,452.073962
3x-risk-002,2023-02-28T20:00:00+00:00,449.035035
3x-risk-002,2023-03-01T03:00:00+00:00,443.583837
3x-risk-002,2023-03-02T07:00:00+00:00,436.07119
3x-risk-002,2023-03-03T01:00:00+00:00,476.728367
3x-risk-002,2023-03-03T01:00:00+00:00,503.548092
3x-risk-002,2023-03-08T15:00:00+00:00,492.992377
3x-risk-002,2023-03-08T22:00:00+00:00,487.955039
3x-risk-002,2023-03-09T18:00:00+00:00,520.072586
3x-risk-002,2023-03-09T20:00:00+00:00,557.822479
3x-risk-002,2023-03-18T00:00:00+00:00,613.06147
3x-risk-002,2023-03-22T09:00:00+00:00,602.683674
3x-risk-002,2023-03-22T19:00:00+00:00,589.982965
3x-risk-002,2023-03-22T19:00:00+00:00,577.621917
3x-risk-002,2023-03-23T14:00:00+00:00,565.602868
3x-risk-002,2023-03-23T18:00:00+00:00,555.0101
3x-risk-002,2023-03-24T10:00:00+00:00,543.279411
3x-risk-002,2023-03-24T11:00:00+00:00,531.486229
3x-risk-002,2023-03-29T08:00:00+00:00,521.785033
3x-risk-002,2023-03-30T02:00:00+00:00,510.986629
3x-risk-002,2023-03-31T14:00:00+00:00,500.226809
3x-risk-002,2023-04-03T01:00:00+00:00,490.113998
3x-risk-002,2023-04-03T01:00:00+00:00,479.632441
3x-risk-002,2023-04-03T08:00:00+00:00,469.767255
3x-risk-002,2023-04-03T20:00:00+00:00,459.808579
3x-risk-002,2023-04-04T10:00:00+00:00,450.152046
3x-risk-002,2023-04-04T12:00:00+00:00,443.401081
3x-risk-002,2023-04-05T14:00:00+00:00,433.999126
3x-risk-002,2023-04-05T14:00:00+00:00,428.710939
3x-risk-002,2023-04-06T06:00:00+00:00,423.350072
3x-risk-002,2023-04-06T16:00:00+00:00,421.50799
3x-risk-002,2023-04-06T16:00:00+00:00,420.800642
3x-risk-002,2023-04-06T16:00:00+00:00,419.642973
3x-risk-002,2023-04-06T20:00:00+00:00,416.889351
3x-risk-002,2023-04-09T21:00:00+00:00,407.89136
3x-risk-002,2023-04-10T22:00:00+00:00,430.901327
3x-risk-002,2023-04-11T00:00:00+00:00,427.891648
3x-risk-002,2023-04-12T02:00:00+00:00,418.881433
3x-risk-002,2023-04-12T13:00:00+00:00,410.213663
3x-risk-002,2023-04-12T16:00:00+00:00,401.795423
3x-risk-002,2023-04-14T00:00:00+00:00,441.480146
3x-risk-002,2023-04-14T05:00:00+00:00,425.570051
3x-risk-002,2023-04-18T11:00:00+00:00,416.6578
3x-risk-002,2023-04-19T08:00:00+00:00,407.684325
3x-risk-002,2023-04-19T08:00:00+00:00,399.093394
3x-risk-002,2023-04-19T08:00:00+00:00,390.293037
3x-risk-002,2023-04-26T20:00:00+00:00,385.351751
3x-risk-002,2023-04-27T14:00:00+00:00,380.437977
3x-risk-002,2023-04-27T16:00:00+00:00,372.72726
3x-risk-002,2023-04-27T17:00:00+00:00,364.112777
3x-risk-002,2023-04-28T11:00:00+00:00,356.498684
3x-risk-002,2023-04-29T02:00:00+00:00,349.14169
3x-risk-002,2023-04-29T02:00:00+00:00,342.364149
3x-risk-002,2023-04-29T13:00:00+00:00,335.278574
3x-risk-002,2023-04-29T17:00:00+00:00,330.376125
3x-risk-002,2023-04-29T17:00:00+00:00,324.382559
3x-risk-002,2023-04-29T17:00:00+00:00,317.522735
3x-risk-002,2023-04-30T19:00:00+00:00,312.414572
3x-risk-002,2023-04-30T23:00:00+00:00,304.621517
3x-risk-002,2023-05-01T19:00:00+00:00,334.756444
3x-risk-002,2023-05-03T12:00:00+00:00,332.996655
3x-risk-002,2023-05-03T21:00:00+00:00,330.544451
3x-risk-002,2023-05-04T12:00:00+00:00,327.948783
3x-risk-002,2023-05-04T13:00:00+00:00,326.130978
3x-risk-002,2023-05-05T16:00:00+00:00,320.044714
3x-risk-002,2023-05-05T16:00:00+00:00,311.380957
3x-risk-002,2023-05-06T03:00:00+00:00,304.770611
3x-risk-002,2023-05-06T08:00:00+00:00,298.415222
3x-risk-002,2023-05-06T14:00:00+00:00,296.422938
3x-risk-002,2023-05-07T14:00:00+00:00,290.221552
3x-risk-002,2023-05-07T23:00:00+00:00,284.002023
3x-risk-002,2023-05-08T18:00:00+00:00,313.341122
3x-risk-002,2023-05-10T17:00:00+00:00,334.822222
3x-risk-002,2023-05-14T00:00:00+00:00,327.807703
3x-risk-002,2023-05-14T19:00:00+00:00,323.959633
3x-risk-002,2023-05-15T00:00:00+00:00,317.16075
3x-risk-002,2023-05-16T01:00:00+00:00,310.460125
3x-risk-002,2023-05-17T07:00:00+00:00,307.462711
3x-risk-002,2023-05-17T19:00:00+00:00,301.164924
3x-risk-002,2023-05-17T19:00:00+00:00,298.114292
3x-risk-002,2023-05-18T14:00:00+00:00,292.225921
3x-risk-002,2023-05-18T22:00:00+00:00,286.18241
3x-risk-002,2023-05-24T04:00:00+00:00,314.495136
3x-risk-002,2023-05-28T00:00:00+00:00,308.309283
3x-risk-002,2023-05-28T22:00:00+00:00,303.045933
3x-risk-002,2023-05-29T02:00:00+00:00,296.750121
3x-risk-002,2023-05-29T11:00:00+00:00,289.489078
3x-risk-002,2023-05-30T15:00:00+00:00,283.443194
3x-risk-002,2023-06-02T00:00:00+00:00,277.76049
3x-risk-002,2023-06-05T15:00:00+00:00,305.762695
3x-risk-002,2023-06-05T15:00:00+00:00,299.834483
3x-risk-002,2023-06-07T09:00:00+00:00,294.349437
3x-risk-002,2023-06-07T10:00:00+00:00,288.258139
3x-risk-002,2023-06-07T21:00:00+00:00,313.173545
3x-risk-002,2023-06-08T15:00:00+00:00,306.664346
3x-risk-002,2023-06-10T04:00:00+00:00,337.016306
3x-risk-002,2023-06-14T12:00:00+00:00,331.051433
3x-risk-002,2023-06-14T20:00:00+00:00,361.889556
3x-risk-002,2023-06-17T04:00:00+00:00,354.306266
3x-risk-002,2023-06-17T20:00:00+00:00,348.202175
3x-risk-002,2023-06-19T00:00:00+00:00,341.769085
3x-risk-002,2023-06-19T13:00:00+00:00,334.939571
3x-risk-002,2023-06-20T17:00:00+00:00,363.756775
3x-risk-002,2023-06-21T00:00:00+00:00,399.427555
3x-risk-002,2023-06-21T01:00:00+00:00,394.173265
3x-risk-002,2023-06-22T14:00:00+00:00,385.949663
3x-risk-002,2023-06-23T15:00:00+00:00,377.858048
3x-risk-002,2023-06-24T08:00:00+00:00,369.735969
3x-risk-002,2023-06-25T03:00:00+00:00,361.925892
3x-risk-002,2023-06-25T13:00:00+00:00,354.394322
3x-risk-002,2023-06-26T01:00:00+00:00,346.85408
3x-risk-002,2023-06-26T07:00:00+00:00,339.688572
3x-risk-002,2023-06-26T13:00:00+00:00,375.724166
3x-risk-002,2023-06-26T16:00:00+00:00,368.795803
3x-risk-002,2023-06-26T16:00:00+00:00,362.093931
3x-risk-002,2023-06-27T10:00:00+00:00,354.495353
3x-risk-002,2023-06-28T00:00:00+00:00,348.011613
3x-risk-002,2023-06-28T12:00:00+00:00,340.56776
3x-risk-002,2023-06-28T19:00:00+00:00,376.398918
3x-risk-002,2023-06-29T09:00:00+00:00,368.459876
3x-risk-002,2023-06-30T04:00:00+00:00,364.513206
3x-risk-002,2023-06-30T13:00:00+00:00,356.616172
3x-risk-002,2023-06-30T13:00:00+00:00,348.883416
3x-risk-002,2023-06-30T13:00:00+00:00,347.070648
3x-risk-002,2023-06-30T16:00:00+00:00,339.684872
3x-risk-002,2023-06-30T17:00:00+00:00,332.140909
3x-risk-002,2023-06-30T17:00:00+00:00,327.374351
3x-risk-002,2023-07-01T01:00:00+00:00,320.152991
3x-risk-002,2023-07-01T13:00:00+00:00,313.473773
3x-risk-002,2023-07-02T02:00:00+00:00,308.059445
3x-risk-002,2023-07-02T09:00:00+00:00,305.249879
3x-risk-002,2023-07-02T15:00:00+00:00,300.416034
3x-risk-002,2023-07-02T22:00:00+00:00,293.865883
3x-risk-002,2023-07-02T22:00:00+00:00,293.805506
3x-risk-002,2023-07-04T03:00:00+00:00,322.881834
3x-risk-002,2023-07-05T08:00:00+00:00,318.951555
3x-risk-002,2023-07-05T10:00:00+00:00,313.378158
3x-risk-002,2023-07-05T10:00:00+00:00,306.948094
3x-risk-002,2023-07-06T14:00:00+00:00,316.525928
3x-risk-002,2023-07-08T03:00:00+00:00,310.289587
3x-risk-002,2023-07-10T00:00:00+00:00,303.751723
3x-risk-002,2023-07-10T18:00:00+00:00,297.426004
3x-risk-002,2023-07-10T19:00:00+00:00,290.981822
3x-risk-002,2023-07-10T22:00:00+00:00,284.859972
3x-risk-002,2023-07-10T22:00:00+00:00,283.126663
3x-risk-002,2023-07-11T00:00:00+00:00,277.509017
3x-risk-002,2023-07-11T14:00:00+00:00,274.577137
3x-risk-002,2023-07-11T20:00:00+00:00,268.952255
3x-risk-002,2023-07-12T01:00:00+00:00,263.556634
3x-risk-002,2023-07-12T19:00:00+00:00,261.271123
3x-risk-002,2023-07-12T19:00:00+00:00,256.353262
3x-risk-002,2023-07-13T07:00:00+00:00,255.502454
3x-risk-002,2023-07-13T09:00:00+00:00,254.895508
3x-risk-002,2023-07-13T15:00:00+00:00,249.298886
3x-risk-002,2023-07-13T15:00:00+00:00,252.866933
3x-risk-002,2023-07-13T15:00:00+00:00,271.826658
3x-risk-002,2023-07-13T16:00:00+00:00,265.018614
3x-risk-002,2023-07-17T05:00:00+00:00,259.553889
3x-risk-002,2023-07-17T10:00:00+00:00,254.06233
3x-risk-002,2023-07-17T17:00:00+00:00,252.996912
3x-risk-002,2023-07-18T06:00:00+00:00,252.289632
3x-risk-002,2023-07-18T14:00:00+00:00,251.565983
3x-risk-002,2023-07-19T07:00:00+00:00,250.98135
3x-risk-002,2023-07-19T14:00:00+00:00,250.308784
3x-risk-002,2023-07-20T14:00:00+00:00,249.732734
3x-risk-002,2023-07-21T01:00:00+00:00,249.361142
3x-risk-002,2023-07-21T05:00:00+00:00,248.818397
3x-risk-002,2023-07-21T13:00:00+00:00,248.436986
3x-risk-002,2023-07-24T09:00:00+00:00,250.3375
3x-risk-002,2023-07-30T17:00:00+00:00,249.928814
3x-risk-002,2023-07-30T20:00:00+00:00,251.437741
3x-risk-002,2023-08-01T02:00:00+00:00,252.992571
3x-risk-002,2023-08-01T23:00:00+00:00,252.386043
3x-risk-002,2023-08-07T16:00:00+00:00,277.437685
3x-risk-002,2023-08-07T16:00:00+00:00,279.850903
3x-risk-002,2023-08-07T18:00:00+00:00,277.478428
3x-risk-002,2023-08-07T22:00:00+00:00,271.736033
3x-risk-002,2023-08-08T00:00:00+00:00,266.919473
3x-risk-002,2023-08-08T12:00:00+00:00,263.477195
3x-risk-002,2023-08-08T18:00:00+00:00,266.999778
3x-risk-002,2023-08-09T10:00:00+00:00,286.466929
3x-risk-002,2023-08-09T17:00:00+00:00,281.677361
3x-risk-002,2023-08-12T10:00:00+00:00,279.357103
3x-risk-002,2023-08-13T05:00:00+00:00,275.070517
3x-risk-002,2023-08-13T16:00:00+00:00,269.917339
3x-risk-002,2023-08-13T22:00:00+00:00,266.601782
3x-risk-002,2023-08-13T22:00:00+00:00,263.976094
3x-risk-002,2023-08-14T05:00:00+00:00,260.615882
3x-risk-002,2023-08-15T19:00:00+00:00,276.619449
3x-risk-002,2023-08-17T15:00:00+00:00,295.500396
3x-risk-002,2023-08-17T21:00:00+00:00,321.698949
3x-risk-002,2023-08-24T14:00:00+00:00,316.635214
3x-risk-002,2023-08-24T15:00:00+00:00,309.906454
3x-risk-002,2023-08-25T14:00:00+00:00,303.445849
3x-risk-002,2023-08-29T14:00:00+00:00,300.193989
3x-risk-002,2023-08-29T14:00:00+00:00,296.010043
3x-risk-002,2023-08-29T14:00:00+00:00,289.775754
3x-risk-002,2023-08-29T14:00:00+00:00,283.759617
3x-risk-002,2023-08-30T03:00:00+00:00,277.738567
3x-risk-002,2023-08-31T15:00:00+00:00,273.83637
3x-risk-002,2023-08-31T17:00:00+00:00,267.886264
3x-risk-002,2023-09-01T14:00:00+00:00,266.19679
3x-risk-002,2023-09-02T15:00:00+00:00,264.145959
3x-risk-002,2023-09-05T02:00:00+00:00,262.37101
3x-risk-002,2023-09-05T09:00:00+00:00,260.555551
3x-risk-002,2023-09-06T17:00:00+00:00,258.393111
3x-risk-002,2023-09-06T19:00:00+00:00,258.194904
3x-risk-002,2023-09-07T21:00:00+00:00,256.063214
3x-risk-002,2023-09-08T10:00:00+00:00,254.425343
3x-risk-002,2023-09-10T04:00:00+00:00,281.90903
3x-risk-002,2023-09-10T04:00:00+00:00,308.346621
3x-risk-002,2023-09-10T04:00:00+00:00,315.02389
3x-risk-002,2023-09-11T14:00:00+00:00,345.268932
3x-risk-002,2023-09-14T01:00:00+00:00,340.004067
3x-risk-002,2023-09-18T03:00:00+00:00,365.652933
3x-risk-002,2023-09-18T03:00:00+00:00,363.126147
3x-risk-002,2023-09-18T12:00:00+00:00,397.208058
3x-risk-002,2023-09-18T17:00:00+00:00,389.191672
3x-risk-002,2023-09-19T00:00:00+00:00,383.928713
3x-risk-002,2023-09-19T08:00:00+00:00,404.197781
3x-risk-002,2023-09-19T09:00:00+00:00,401.926549
3x-risk-002,2023-09-20T03:00:00+00:00,393.487341
3x-risk-002,2023-09-20T09:00:00+00:00,385.071348
3x-risk-002,2023-09-21T03:00:00+00:00,376.898925
3x-risk-002,2023-09-21T06:00:00+00:00,371.400488
3x-risk-002,2023-09-21T12:00:00+00:00,363.165216
3x-risk-002,2023-09-27T11:00:00+00:00,355.71565
3x-risk-002,2023-09-27T14:00:00+00:00,348.454358
3x-risk-002,2023-09-27T14:00:00+00:00,342.374529
3x-risk-002,2023-09-28T10:00:00+00:00,336.431403
3x-risk-002,2023-09-28T15:00:00+00:00,328.954662
3x-risk-002,2023-10-04T00:00:00+00:00,324.812484
3x-risk-002,2023-10-06T21:00:00+00:00,318.039233
3x-risk-002,2023-10-08T01:00:00+00:00,311.391797
3x-risk-002,2023-10-09T09:00:00+00:00,342.213862
3x-risk-002,2023-10-16T13:00:00+00:00,374.632888
3x-risk-002,2023-10-17T18:00:00+00:00,366.678833
3x-risk-002,2023-10-19T01:00:00+00:00,359.032622
3x-risk-002,2023-10-20T05:00:00+00:00,351.581942
3x-risk-002,2023-10-20T17:00:00+00:00,344.298446
3x-risk-002,2023-10-21T12:00:00+00:00,336.436605
3x-risk-002,2023-10-21T16:00:00+00:00,372.38676
3x-risk-002,2023-10-23T22:00:00+00:00,409.247832
3x-risk-002,2023-10-24T02:00:00+00:00,443.175623
3x-risk-002,2023-10-27T05:00:00+00:00,433.665435
3x-risk-002,2023-10-27T17:00:00+00:00,424.711837
3x-risk-002,2023-10-31T13:00:00+00:00,422.086512
3x-risk-002,2023-11-01T14:00:00+00:00,412.78285
3x-risk-002,2023-11-01T14:00:00+00:00,411.292021
3x-risk-002,2023-11-01T18:00:00+00:00,402.791592
3x-risk-002,2023-11-01T18:00:00+00:00,401.22672
3x-risk-002,2023-11-05T01:00:00+00:00,428.537408
3x-risk-002,2023-11-05T17:00:00+00:00,470.527516
3x-risk-002,2023-11-05T21:00:00+00:00,466.617082
3x-risk-002,2023-11-06T01:00:00+00:00,456.911032
3x-risk-002,2023-11-06T05:00:00+00:00,447.449617
3x-risk-002,2023-11-06T22:00:00+00:00,489.876184
3x-risk-002,2023-11-07T09:00:00+00:00,479.974944
3x-risk-002,2023-11-07T09:00:00+00:00,469.810484
3x-risk-002,2023-11-07T18:00:00+00:00,459.790842
3x-risk-002,2023-11-07T23:00:00+00:00,457.795723
3x-risk-002,2023-11-08T03:00:00+00:00,448.330517
3x-risk-002,2023-11-08T10:00:00+00:00,438.69523
3x-risk-002,2023-11-09T01:00:00+00:00,481.990929
3x-risk-002,2023-11-09T14:00:00+00:00,526.26877
3x-risk-002,2023-11-09T14:00:00+00:00,528.42848
3x-risk-002,2023-11-09T16:00:00+00:00,519.172453
3x-risk-002,2023-11-10T18:00:00+00:00,508.180829
3x-risk-002,2023-11-12T00:00:00+00:00,497.477484
3x-risk-002,2023-11-13T11:00:00+00:00,487.106298
3x-risk-002,2023-11-13T21:00:00+00:00,483.373301
3x-risk-002,2023-11-14T12:00:00+00:00,473.287467
3x-risk-002,2023-11-14T18:00:00+00:00,522.41743
3x-risk-002,2023-11-15T18:00:00+00:00,518.72522
3x-risk-002,2023-11-16T00:00:00+00:00,508.292826
3x-risk-002,2023-11-16T14:00:00+00:00,497.671302
3x-risk-002,2023-11-17T07:00:00+00:00,494.69858
3x-risk-002,2023-11-17T17:00:00+00:00,484.419918
3x-risk-002,2023-11-18T22:00:00+00:00,479.628839
3x-risk-002,2023-11-20T02:00:00+00:00,469.283798
3x-risk-002,2023-11-20T14:00:00+00:00,459.405188
3x-risk-002,2023-11-20T17:00:00+00:00,449.041311
3x-risk-002,2023-11-21T11:00:00+00:00,442.723389
3x-risk-002,2023-11-21T14:00:00+00:00,433.107392
3x-risk-002,2023-11-22T18:00:00+00:00,424.29248
3x-risk-002,2023-11-22T18:00:00+00:00,417.473245
3x-risk-002,2023-11-23T05:00:00+00:00,408.408719
3x-risk-002,2023-11-23T14:00:00+00:00,400.776876
3x-risk-002,2023-11-23T15:00:00+00:00,392.145893
3x-risk-002,2023-11-24T22:00:00+00:00,389.100185
3x-risk-002,2023-11-24T22:00:00+00:00,386.845005
3x-risk-002,2023-11-25T10:00:00+00:00,381.666931
3x-risk-002,2023-11-26T15:00:00+00:00,378.248134
3x-risk-002,2023-11-26T16:00:00+00:00,369.427156
3x-risk-002,2023-12-01T01:00:00+00:00,363.012952
3x-risk-002,2023-12-02T19:00:00+00:00,393.597245
3x-risk-002,2023-12-03T20:00:00+00:00,385.502425
3x-risk-002,2023-12-04T05:00:00+00:00,426.445594
3x-risk-002,2023-12-04T09:00:00+00:00,420.191159
3x-risk-002,2023-12-04T11:00:00+00:00,412.307561
3x-risk-002,2023-12-04T20:00:00+00:00,403.803621
3x-risk-002,2023-12-05T07:00:00+00:00,395.038261
3x-risk-002,2023-12-05T18:00:00+00:00,392.526573
3x-risk-002,2023-12-05T22:00:00+00:00,389.490303
3x-risk-002,2023-12-06T05:00:00+00:00,381.005518
3x-risk-002,2023-12-06T05:00:00+00:00,377.269505
3x-risk-002,2023-12-06T09:00:00+00:00,369.500446
3x-risk-002,2023-12-06T11:00:00+00:00,360.616814
3x-risk-002,2023-12-06T11:00:00+00:00,352.902468
3x-risk-002,2023-12-06T11:00:00+00:00,347.101342
3x-risk-002,2023-12-06T15:00:00+00:00,341.134821
3x-risk-002,2023-12-06T21:00:00+00:00,337.08747
3x-risk-002,2023-12-07T04:00:00+00:00,329.917481
3x-risk-002,2023-12-07T05:00:00+00:00,323.01266
3x-risk-002,2023-12-07T05:00:00+00:00,322.350071
3x-risk-002,2023-12-07T09:00:00+00:00,315.402437
3x-risk-002,2023-12-07T09:00:00+00:00,335.444317
3x-risk-002,2023-12-07T13:00:00+00:00,328.370388
3x-risk-002,2023-12-07T14:00:00+00:00,321.405015
3x-risk-002,2023-12-07T19:00:00+00:00,314.669028
3x-risk-002,2023-12-08T06:00:00+00:00,346.485656
3x-risk-002,2023-12-08T14:00:00+00:00,339.480395
3x-risk-002,2023-12-09T00:00:00+00:00,332.748926
3x-risk-002,2023-12-09T08:00:00+00:00,325.628097
3x-risk-002,2023-12-09T23:00:00+00:00,318.854221
3x-risk-002,2023-12-11T02:00:00+00:00,310.277618
3x-risk-002,2023-12-11T12:00:00+00:00,303.85267
3x-risk-002,2023-12-16T04:00:00+00:00,297.691448
3x-risk-002,2023-12-16T07:00:00+00:00,291.598107
3x-risk-002,2023-12-16T12:00:00+00:00,290.838261
3x-risk-002,2023-12-16T19:00:00+00:00,287.952943
3x-risk-002,2023-12-17T19:00:00+00:00,283.528049
3x-risk-002,2023-12-18T01:00:00+00:00,278.485332
3x-risk-002,2023-12-18T10:00:00+00:00,308.540686
3x-risk-002,2023-12-18T21:00:00+00:00,302.830058
3x-risk-002,2023-12-19T14:00:00+00:00,296.535437
3x-risk-002,2023-12-20T02:00:00+00:00,290.338987
3x-risk-002,2023-12-20T07:00:00+00:00,286.955833
3x-risk-002,2023-12-20T13:00:00+00:00,280.870938
3x-risk-002,2023-12-20T19:00:00+00:00,276.29936
3x-risk-002,2023-12-20T20:00:00+00:00,271.854213
3x-risk-002,2023-12-21T06:00:00+00:00,267.079848
3x-risk-002,2023-12-21T10:00:00+00:00,295.838314
3x-risk-002,2023-12-22T07:00:00+00:00,325.141929
3x-risk-002,2023-12-26T09:00:00+00:00,321.981405
3x-risk-002,2023-12-26T16:00:00+00:00,314.477727
3x-risk-002,2023-12-26T17:00:00+00:00,306.49256
3x-risk-002,2023-12-26T17:00:00+00:00,299.966286
3x-risk-002,2023-12-27T10:00:00+00:00,293.778942
3x-risk-002,2023-12-28T05:00:00+00:00,288.809612
3x-risk-002,2023-12-28T07:00:00+00:00,282.512997
3x-risk-002,2023-12-31T12:00:00+00:00,279.713226
3x-risk-002,2024-01-01T15:00:00+00:00,277.373546
3x-risk-002,2024-01-01T18:00:00+00:00,273.167032
3x-risk-002,2024-01-02T09:00:00+00:00,269.47325
3x-risk-002,2024-01-02T14:00:00+00:00,263.854137
3x-risk-002,2024-01-03T05:00:00+00:00,258.299771
3x-risk-002,2024-01-03T12:00:00+00:00,251.991107
3x-risk-002,2024-01-03T12:00:00+00:00,269.96335
3x-risk-002,2024-01-03T12:00:00+00:00,265.891327
3x-risk-002,2024-01-03T13:00:00+00:00,260.217099
3x-risk-002,2024-01-04T04:00:00+00:00,254.517876
3x-risk-002,2024-01-05T01:00:00+00:00,249.11407
3x-risk-002,2024-01-05T01:00:00+00:00,244.122811
3x-risk-002,2024-01-05T09:00:00+00:00,239.719908
3x-risk-002,2024-01-05T14:00:00+00:00,234.932979
3x-risk-002,2024-01-05T20:00:00+00:00,232.010351
3x-risk-002,2024-01-06T06:00:00+00:00,227.160012
3x-risk-002,2024-01-06T09:00:00+00:00,223.965026
3x-risk-002,2024-01-06T16:00:00+00:00,219.420946
3x-risk-002,2024-01-07T00:00:00+00:00,241.582399
3x-risk-002,2024-01-07T17:00:00+00:00,238.006296
3x-risk-002,2024-01-08T06:00:00+00:00,233.170556
3x-risk-002,2024-01-08T12:00:00+00:00,228.234087
3x-risk-002,2024-01-10T21:00:00+00:00,250.697405
3x-risk-002,2024-01-10T21:00:00+00:00,262.144921
3x-risk-002,2024-01-12T06:00:00+00:00,256.727945
3x-risk-002,2024-01-14T19:00:00+00:00,251.426981
3x-risk-002,2024-01-14T19:00:00+00:00,246.300511
3x-risk-002,2024-01-15T06:00:00+00:00,239.57088
3x-risk-002,2024-01-16T05:00:00+00:00,235.835752
3x-risk-002,2024-01-16T14:00:00+00:00,239.892131
3x-risk-002,2024-01-16T14:00:00+00:00,236.079211
3x-risk-002,2024-01-18T16:00:00+00:00,259.974472
3x-risk-002,2024-01-18T16:00:00+00:00,276.793517
3x-risk-002,2024-01-18T16:00:00+00:00,271.188567
3x-risk-002,2024-01-18T23:00:00+00:00,265.329483
3x-risk-002,2024-01-19T04:00:00+00:00,261.177412
3x-risk-002,2024-01-19T15:00:00+00:00,255.563669
3x-risk-002,2024-01-19T19:00:00+00:00,252.497167
3x-risk-002,2024-01-22T09:00:00+00:00,247.160282
3x-risk-002,2024-01-22T10:00:00+00:00,244.159835
3x-risk-002,2024-01-25T21:00:00+00:00,239.136403
3x-risk-002,2024-01-26T02:00:00+00:00,235.0315
3x-risk-002,2024-01-26T16:00:00+00:00,230.261497
3x-risk-002,2024-01-26T19:00:00+00:00,251.147503
3x-risk-002,2024-01-28T22:00:00+00:00,245.972285
3x-risk-002,2024-01-30T02:00:00+00:00,240.649185
3x-risk-002,2024-01-30T11:00:00+00:00,264.902489
3x-risk-002,2024-01-31T05:00:00+00:00,288.704441
3x-risk-002,2024-02-01T01:00:00+00:00,317.26082
3x-risk-002,2024-02-01T17:00:00+00:00,310.780678
3x-risk-002,2024-02-02T12:00:00+00:00,307.314792
3x-risk-002,2024-02-02T13:00:00+00:00,304.889781
3x-risk-002,2024-02-03T13:00:00+00:00,298.763803
3x-risk-002,2024-02-04T22:00:00+00:00,291.95182
3x-risk-002,2024-02-05T05:00:00+00:00,286.559494
3x-risk-002,2024-02-05T15:00:00+00:00,282.413867
3x-risk-002,2024-02-06T02:00:00+00:00,280.384099
3x-risk-002,2024-02-07T17:00:00+00:00,292.112333
3x-risk-002,2024-02-07T21:00:00+00:00,288.164237
3x-risk-002,2024-02-08T16:00:00+00:00,282.759633
3x-risk-002,2024-02-09T01:00:00+00:00,276.889654
3x-risk-002,2024-02-09T13:00:00+00:00,271.220836
3x-risk-002,2024-02-09T15:00:00+00:00,276.510541
3x-risk-002,2024-02-10T18:00:00+00:00,270.837802
3x-risk-002,2024-02-11T04:00:00+00:00,298.245444
3x-risk-002,2024-02-11T05:00:00+00:00,318.904794
3x-risk-002,2024-02-12T15:00:00+00:00,312.185575
3x-risk-002,2024-02-13T13:00:00+00:00,305.341124
3x-risk-002,2024-02-14T15:00:00+00:00,299.163769
3x-risk-002,2024-02-14T23:00:00+00:00,292.988973
3x-risk-002,2024-02-15T03:00:00+00:00,323.218292
3x-risk-002,2024-02-16T05:00:00+00:00,316.89016
3x-risk-002,2024-02-20T01:00:00+00:00,309.758959
3x-risk-002,2024-02-20T01:00:00+00:00,302.767243
3x-risk-002,2024-02-20T15:00:00+00:00,295.499245
3x-risk-002,2024-02-20T22:00:00+00:00,291.316213
3x-risk-002,2024-02-21T07:00:00+00:00,288.692787
3x-risk-002,2024-02-21T23:00:00+00:00,286.11388
3x-risk-002,2024-02-22T16:00:00+00:00,284.44722
3x-risk-002,2024-02-23T02:00:00+00:00,314.40474
3x-risk-002,2024-02-23T15:00:00+00:00,340.241147
3x-risk-002,2024-02-25T02:00:00+00:00,338.93785
3x-risk-002,2024-02-26T00:00:00+00:00,372.632151
3x-risk-002,2024-02-26T09:00:00+00:00,368.497971
3x-risk-002,2024-02-26T09:00:00+00:00,360.702282
3x-risk-002,2024-02-26T14:00:00+00:00,355.181741
3x-risk-002,2024-02-26T15:00:00+00:00,388.866005
3x-risk-002,2024-02-27T13:00:00+00:00,379.790631
3x-risk-002,2024-02-28T09:00:00+00:00,372.137381
3x-risk-002,2024-02-28T10:00:00+00:00,365.360888
3x-risk-002,2024-02-28T17:00:00+00:00,357.579866
3x-risk-002,2024-02-28T22:00:00+00:00,350.135754
3x-risk-002,2024-02-29T07:00:00+00:00,343.287741
3x-risk-002,2024-02-29T22:00:00+00:00,336.216041
3x-risk-002,2024-03-01T23:00:00+00:00,329.693775
3x-risk-002,2024-03-02T01:00:00+00:00,326.394211
3x-risk-002,2024-03-02T02:00:00+00:00,320.142581
3x-risk-002,2024-03-02T09:00:00+00:00,312.236782
3x-risk-002,2024-03-02T09:00:00+00:00,306.20926
3x-risk-002,2024-03-02T16:00:00+00:00,301.808401
3x-risk-002,2024-03-03T00:00:00+00:00,333.513519
3x-risk-002,2024-03-03T01:00:00+00:00,329.248594
3x-risk-002,2024-03-03T07:00:00+00:00,358.473725
3x-risk-002,2024-03-03T07:00:00+00:00,351.596423
3x-risk-002,2024-03-03T20:00:00+00:00,343.578316
3x-risk-002,2024-03-05T04:00:00+00:00,336.889617
3x-risk-002,2024-03-05T14:00:00+00:00,330.188125
3x-risk-002,2024-03-05T14:00:00+00:00,325.162114
3x-risk-002,2024-03-05T16:00:00+00:00,316.150149
3x-risk-002,2024-03-05T16:00:00+00:00,310.324013
3x-risk-002,2024-03-07T11:00:00+00:00,305.264811
3x-risk-002,2024-03-07T14:00:00+00:00,335.857007
3x-risk-002,2024-03-08T15:00:00+00:00,328.545444
3x-risk-002,2024-03-08T15:00:00+00:00,321.291308
3x-risk-002,2024-03-09T03:00:00+00:00,315.28569
3x-risk-002,2024-03-09T10:00:00+00:00,307.831058
3x-risk-002,2024-03-09T17:00:00+00:00,300.874977
3x-risk-002,2024-03-10T12:00:00+00:00,294.078755
3x-risk-002,2024-03-10T21:00:00+00:00,288.114809
3x-risk-002,2024-03-11T11:00:00+00:00,282.090956
3x-risk-002,2024-03-12T06:00:00+00:00,276.312537
3x-risk-002,2024-03-12T18:00:00+00:00,270.796986
3x-risk-002,2024-03-13T13:00:00+00:00,264.694404
3x-risk-002,2024-03-14T00:00:00+00:00,259.550126
3x-risk-002,2024-03-14T04:00:00+00:00,254.147434
3x-risk-002,2024-03-14T08:00:00+00:00,249.486864
3x-risk-002,2024-03-14T13:00:00+00:00,242.530671
3x-risk-002,2024-03-15T02:00:00+00:00,237.4562
3x-risk-002,2024-03-15T03:00:00+00:00,262.13972
3x-risk-002,2024-03-15T20:00:00+00:00,256.681863
3x-risk-002,2024-03-16T17:00:00+00:00,282.076953
3x-risk-002,2024-03-20T18:00:00+00:00,276.285547
3x-risk-002,2024-03-22T19:00:00+00:00,270.517549
3x-risk-002,2024-03-22T23:00:00+00:00,264.843091
3x-risk-002,2024-03-23T03:00:00+00:00,259.247819
3x-risk-002,2024-03-24T04:00:00+00:00,253.800517
3x-risk-002,2024-03-24T09:00:00+00:00,249.855172
3x-risk-002,2024-03-24T10:00:00+00:00,244.427603
3x-risk-002,2024-03-24T21:00:00+00:00,242.531601
3x-risk-002,2024-03-25T14:00:00+00:00,266.071094
3x-risk-002,2024-03-26T10:00:00+00:00,290.273641
3x-risk-002,2024-03-27T07:00:00+00:00,284.361193
3x-risk-002,2024-03-28T14:00:00+00:00,278.353362
3x-risk-002,2024-03-29T10:00:00+00:00,305.485537
3x-risk-002,2024-03-30T02:00:00+00:00,299.514429
3x-risk-002,2024-03-30T16:00:00+00:00,329.180396
3x-risk-002,2024-03-31T05:00:00+00:00,322.534292
3x-risk-002,2024-03-31T09:00:00+00:00,316.758268
3x-risk-002,2024-04-01T05:00:00+00:00,310.772213
3x-risk-002,2024-04-01T05:00:00+00:00,303.52359
3x-risk-002,2024-04-02T02:00:00+00:00,300.535751
3x-risk-002,2024-04-05T16:00:00+00:00,294.721778
3x-risk-002,2024-04-08T08:00:00+00:00,289.091908
3x-risk-002,2024-04-09T04:00:00+00:00,282.91222
3x-risk-002,2024-04-10T12:00:00+00:00,310.81083
3x-risk-002,2024-04-10T12:00:00+00:00,305.075417
3x-risk-002,2024-04-12T18:00:00+00:00,335.076998
3x-risk-002,2024-04-12T18:00:00+00:00,328.092503
3x-risk-002,2024-04-12T18:00:00+00:00,321.525898
3x-risk-002,2024-04-24T01:00:00+00:00,314.728862
3x-risk-002,2024-04-24T05:00:00+00:00,308.644038
3x-risk-002,2024-04-24T13:00:00+00:00,302.224217
3x-risk-002,2024-04-28T14:00:00+00:00,296.794449
3x-risk-002,2024-04-28T18:00:00+00:00,328.510041
3x-risk-002,2024-04-28T23:00:00+00:00,321.515929
3x-risk-002,2024-04-29T23:00:00+00:00,314.824778
3x-risk-002,2024-04-30T04:00:00+00:00,309.921682
3x-risk-002,2024-04-30T06:00:00+00:00,302.693098
3x-risk-002,2024-05-01T07:00:00+00:00,332.517858
3x-risk-002,2024-05-01T07:00:00+00:00,362.226902
3x-risk-002,2024-05-07T08:00:00+00:00,356.47785
3x-risk-002,2024-05-07T08:00:00+00:00,353.012549
3x-risk-002,2024-05-07T11:00:00+00:00,345.056031
3x-risk-002,2024-05-07T20:00:00+00:00,337.999125
3x-risk-002,2024-05-09T11:00:00+00:00,359.916003
3x-risk-002,2024-05-10T14:00:00+00:00,354.507605
3x-risk-002,2024-05-12T15:00:00+00:00,349.027321
3x-risk-002,2024-05-13T02:00:00+00:00,376.591718
3x-risk-002,2024-05-13T03:00:00+00:00,410.016693
3x-risk-002,2024-05-13T06:00:00+00:00,401.145194
3x-risk-002,2024-05-13T09:00:00+00:00,396.245968
3x-risk-002,2024-05-14T06:00:00+00:00,387.769529
3x-risk-002,2024-05-14T06:00:00+00:00,381.145059
3x-risk-002,2024-05-14T10:00:00+00:00,373.366058
3x-risk-002,2024-05-15T09:00:00+00:00,369.593335
3x-risk-002,2024-05-15T12:00:00+00:00,361.691267
3x-risk-002,2024-05-15T12:00:00+00:00,354.038413
3x-risk-002,2024-05-16T12:00:00+00:00,349.163343
3x-risk-002,2024-05-17T14:00:00+00:00,384.013027
3x-risk-002,2024-05-20T04:00:00+00:00,375.568332
3x-risk-002,2024-05-20T12:00:00+00:00,367.686696
3x-risk-002,2024-05-20T16:00:00+00:00,365.776876
3x-risk-002,2024-05-20T19:00:00+00:00,400.683041
3x-risk-002,2024-05-20T21:00:00+00:00,436.893064
3x-risk-002,2024-05-22T18:00:00+00:00,428.207413
3x-risk-002,2024-05-23T01:00:00+00:00,419.512891
3x-risk-002,2024-05-24T18:00:00+00:00,411.158344
3x-risk-002,2024-05-24T18:00:00+00:00,402.533905
3x-risk-002,2024-05-26T20:00:00+00:00,393.961264
3x-risk-002,2024-05-30T07:00:00+00:00,384.865481
3x-risk-002,2024-05-30T18:00:00+00:00,376.907839
3x-risk-002,2024-05-31T09:00:00+00:00,372.846872
3x-risk-002,2024-05-31T14:00:00+00:00,411.366068
3x-risk-002,2024-06-02T14:00:00+00:00,404.689619
3x-risk-002,2024-06-02T17:00:00+00:00,396.142552
3x-risk-002,2024-06-05T01:00:00+00:00,390.774712
3x-risk-002,2024-06-06T14:00:00+00:00,428.440849
3x-risk-002,2024-06-07T18:00:00+00:00,461.262061
3x-risk-002,2024-06-07T18:00:00+00:00,503.649925
3x-risk-002,2024-06-11T13:00:00+00:00,545.041234
3x-risk-002,2024-06-11T15:00:00+00:00,594.884668
3x-risk-002,2024-06-17T10:00:00+00:00,582.118446
3x-risk-002,2024-06-17T18:00:00+00:00,569.899063
3x-risk-002,2024-06-19T03:00:00+00:00,558.311782
3x-risk-002,2024-06-21T07:00:00+00:00,546.481344
3x-risk-002,2024-06-21T10:00:00+00:00,538.772555
3x-risk-002,2024-06-21T19:00:00+00:00,533.846176
3x-risk-002,2024-06-22T08:00:00+00:00,522.619839
3x-risk-002,2024-06-24T09:00:00+00:00,565.675261
3x-risk-002,2024-06-24T09:00:00+00:00,596.581683
3x-risk-002,2024-06-24T12:00:00+00:00,584.579241
3x-risk-002,2024-06-24T17:00:00+00:00,571.851774
3x-risk-002,2024-06-24T19:00:00+00:00,621.480564
3x-risk-002,2024-06-24T20:00:00+00:00,623.145708
3x-risk-002,2024-06-26T10:00:00+00:00,609.866106
3x-risk-002,2024-06-26T20:00:00+00:00,597.200084
3x-risk-002,2024-06-27T05:00:00+00:00,584.912201
3x-risk-002,2024-06-27T12:00:00+00:00,572.862958
3x-risk-002,2024-06-27T13:00:00+00:00,560.636756
3x-risk-002,2024-06-28T13:00:00+00:00,552.613364
3x-risk-002,2024-06-28T15:00:00+00:00,543.505117
3x-risk-002,2024-06-28T21:00:00+00:00,531.390733
3x-risk-002,2024-06-29T03:00:00+00:00,520.354325
3x-risk-002,2024-06-30T07:00:00+00:00,511.47738
3x-risk-002,2024-06-30T18:00:00+00:00,504.0066
3x-risk-002,2024-06-30T18:00:00+00:00,497.130906
3x-risk-002,2024-07-02T14:00:00+00:00,492.133378
3x-risk-002,2024-07-02T22:00:00+00:00,487.954482
3x-risk-002,2024-07-03T01:00:00+00:00,476.831445
3x-risk-002,2024-07-03T03:00:00+00:00,466.790437
3x-risk-002,2024-07-03T10:00:00+00:00,483.399348
3x-risk-002,2024-07-04T01:00:00+00:00,529.565922
3x-risk-002,2024-07-04T12:00:00+00:00,591.238662
3x-risk-002,2024-07-08T08:00:00+00:00,580.161266
3x-risk-002,2024-07-11T00:00:00+00:00,568.116223
3x-risk-002,2024-07-11T15:00:00+00:00,559.804059
3x-risk-002,2024-07-12T01:00:00+00:00,546.89703
3x-risk-002,2024-07-12T13:00:00+00:00,537.160399
3x-risk-002,2024-07-12T18:00:00+00:00,566.050941
3x-risk-002,2024-07-12T20:00:00+00:00,554.750376
3x-risk-002,2024-07-13T05:00:00+00:00,549.994203
3x-risk-002,2024-07-14T21:00:00+00:00,570.019819
3x-risk-002,2024-07-15T15:00:00+00:00,624.72771
3x-risk-002,2024-07-16T16:00:00+00:00,673.334288
3x-risk-002,2024-07-21T15:00:00+00:00,739.997723
3x-risk-002,2024-07-23T08:00:00+00:00,734.830618
3x-risk-002,2024-07-23T13:00:00+00:00,727.617312
3x-risk-002,2024-07-24T05:00:00+00:00,800.904702
3x-risk-002,2024-07-25T01:00:00+00:00,880.120785
3x-risk-002,2024-07-25T02:00:00+00:00,907.775832
3x-risk-002,2024-07-25T20:00:00+00:00,997.603188
3x-risk-002,2024-07-27T17:00:00+00:00,976.614967
3x-risk-002,2024-07-27T20:00:00+00:00,955.862361
3x-risk-002,2024-07-29T23:00:00+00:00,1050.422166
3x-risk-002,2024-07-30T19:00:00+00:00,1145.035428
3x-risk-002,2024-07-30T20:00:00+00:00,1248.96868
3x-risk-002,2024-07-31T20:00:00+00:00,1322.137796
3x-risk-002,2024-08-01T01:00:00+00:00,1296.110709
3x-risk-002,2024-08-03T00:00:00+00:00,1424.038877
3x-risk-002,2024-08-13T03:00:00+00:00,1394.348793
3x-risk-002,2024-08-13T14:00:00+00:00,1366.020723
3x-risk-002,2024-08-15T18:00:00+00:00,1336.437136
3x-risk-002,2024-08-15T18:00:00+00:00,1312.06017
3x-risk-002,2024-08-15T19:00:00+00:00,1284.478401
3x-risk-002,2024-08-16T08:00:00+00:00,1256.514685
3x-risk-002,2024-08-16T11:00:00+00:00,1230.373467
3x-risk-002,2024-08-16T19:00:00+00:00,1203.715548
3x-risk-002,2024-08-18T10:00:00+00:00,1192.360198
3x-risk-002,2024-08-18T16:00:00+00:00,1165.720497
3x-risk-002,2024-08-19T00:00:00+00:00,1140.48906
3x-risk-002,2024-08-19T00:00:00+00:00,1122.237318
3x-risk-002,2024-08-19T09:00:00+00:00,1097.798943
3x-risk-002,2024-08-19T13:00:00+00:00,1084.231623
3x-risk-002,2024-08-19T17:00:00+00:00,1061.623735
3x-risk-002,2024-08-19T17:00:00+00:00,1043.41977
3x-risk-002,2024-08-19T20:00:00+00:00,1027.444443
3x-risk-002,2024-08-20T00:00:00+00:00,1004.28278
3x-risk-002,2024-08-20T07:00:00+00:00,1105.20467
3x-risk-002,2024-08-20T14:00:00+00:00,1084.367204
3x-risk-002,2024-08-20T14:00:00+00:00,1062.045634
3x-risk-002,2024-08-20T15:00:00+00:00,1055.237614
3x-risk-002,2024-08-21T01:00:00+00:00,1033.103427
3x-risk-002,2024-08-21T08:00:00+00:00,1012.014511
3x-risk-002,2024-08-21T13:00:00+00:00,1003.295097
3x-risk-002,2024-08-21T15:00:00+00:00,1002.054329
3x-risk-002,2024-08-21T17:00:00+00:00,980.10708
3x-risk-002,2024-08-21T19:00:00+00:00,963.839957
3x-risk-002,2024-08-22T02:00:00+00:00,943.880843
3x-risk-002,2024-08-23T09:00:00+00:00,1043.790281
3x-risk-002,2024-08-23T19:00:00+00:00,1108.291114
3x-risk-002,2024-08-23T21:00:00+00:00,1205.342985
3x-risk-002,2024-08-27T12:00:00+00:00,1187.252221
3x-risk-002,2024-08-31T16:00:00+00:00,1162.635405
3x-risk-002,2024-09-01T05:00:00+00:00,1281.719848
3x-risk-002,2024-09-02T08:00:00+00:00,1254.641624
3x-risk-002,2024-09-02T09:00:00+00:00,1228.295283
3x-risk-002,2024-09-02T14:00:00+00:00,1202.66279
3x-risk-002,2024-09-02T20:00:00+00:00,1178.893907
3x-risk-002,2024-09-03T13:00:00+00:00,1153.962675
3x-risk-002,2024-09-03T15:00:00+00:00,1129.808259
3x-risk-002,2024-09-05T15:00:00+00:00,1106.506293
3x-risk-002,2024-09-06T12:00:00+00:00,1083.740258
3x-risk-002,2024-09-06T12:00:00+00:00,1061.261081
3x-risk-002,2024-09-08T04:00:00+00:00,1038.268432
3x-risk-002,2024-09-08T14:00:00+00:00,1020.279096
3x-risk-002,2024-09-08T21:00:00+00:00,1005.123123
3x-risk-002,2024-09-09T17:00:00+00:00,983.017016
3x-risk-002,2024-09-11T13:00:00+00:00,962.739002
3x-risk-002,2024-09-11T17:00:00+00:00,939.609
3x-risk-002,2024-09-13T21:00:00+00:00,986.278663
3x-risk-002,2024-09-14T05:00:00+00:00,1078.841975
3x-risk-002,2024-09-15T21:00:00+00:00,1064.262713
3x-risk-002,2024-09-15T23:00:00+00:00,1043.984275
3x-risk-002,2024-09-17T14:00:00+00:00,1022.907837
3x-risk-002,2024-09-18T18:00:00+00:00,1019.167891
3x-risk-002,2024-09-19T00:00:00+00:00,997.492405
3x-risk-002,2024-09-19T00:00:00+00:00,1098.510841
3x-risk-002,2024-09-23T14:00:00+00:00,1083.403422
3x-risk-002,2024-09-24T07:00:00+00:00,1165.132689
3x-risk-002,2024-09-26T16:00:00+00:00,1273.967751
3x-risk-002,2024-09-27T09:00:00+00:00,1389.272365
3x-risk-002,2024-09-27T14:00:00+00:00,1360.698428
3x-risk-002,2024-09-28T05:00:00+00:00,1336.986184
3x-risk-002,2024-09-30T10:00:00+00:00,1316.041997
3x-risk-002,2024-10-01T12:00:00+00:00,1289.319274
3x-risk-002,2024-10-01T14:00:00+00:00,1279.203154
3x-risk-002,2024-10-01T15:00:00+00:00,1255.24117
3x-risk-002,2024-10-01T17:00:00+00:00,1383.187107
3x-risk-002,2024-10-04T08:00:00+00:00,1520.15041
3x-risk-002,2024-10-14T15:00:00+00:00,1495.437624
3x-risk-002,2024-10-16T11:00:00+00:00,1463.777253
3x-risk-002,2024-10-20T22:00:00+00:00,1435.482044
3x-risk-002,2024-10-21T13:00:00+00:00,1405.268014
3x-risk-002,2024-10-24T21:00:00+00:00,1377.538624
3x-risk-002,2024-10-25T17:00:00+00:00,1348.166482
3x-risk-002,2024-10-27T17:00:00+00:00,1320.627085
3x-risk-002,2024-11-01T02:00:00+00:00,1291.574008
3x-risk-002,2024-11-03T14:00:00+00:00,1261.3896
3x-risk-002,2024-11-06T01:00:00+00:00,1236.107806
3x-risk-002,2024-11-07T17:00:00+00:00,1360.809609
3x-risk-002,2024-11-12T00:00:00+00:00,1340.177529
3x-risk-002,2024-11-14T14:00:00+00:00,1312.267519
3x-risk-002,2024-11-14T23:00:00+00:00,1284.972485
3x-risk-002,2024-11-15T09:00:00+00:00,1258.101021
3x-risk-002,2024-11-16T11:00:00+00:00,1231.131467
3x-risk-002,2024-11-16T11:00:00+00:00,1204.755694
3x-risk-002,2024-11-16T15:00:00+00:00,1178.87395
3x-risk-002,2024-11-16T22:00:00+00:00,1162.358827
3x-risk-002,2024-11-17T14:00:00+00:00,1136.08756
3x-risk-002,2024-11-18T03:00:00+00:00,1111.761187
3x-risk-002,2024-11-18T03:00:00+00:00,1107.233615
3x-risk-002,2024-11-18T09:00:00+00:00,1102.232557
3x-risk-002,2024-11-18T11:00:00+00:00,1082.941461
3x-risk-002,2024-11-18T15:00:00+00:00,1060.152546
3x-risk-002,2024-11-18T15:00:00+00:00,1169.800252
3x-risk-002,2024-11-18T15:00:00+00:00,1144.083199
3x-risk-002,2024-11-18T19:00:00+00:00,1120.516213
3x-risk-002,2024-11-18T23:00:00+00:00,1181.532411
3x-risk-002,2024-11-21T13:00:00+00:00,1160.56709
3x-risk-002,2024-11-23T00:00:00+00:00,1231.344434
3x-risk-002,2024-11-23T07:00:00+00:00,1346.164175
3x-risk-002,2024-11-26T00:00:00+00:00,1318.589269
3x-risk-002,2024-11-26T01:00:00+00:00,1297.373241
3x-risk-002,2024-11-27T04:00:00+00:00,1270.704501
3x-risk-002,2024-11-30T01:00:00+00:00,1244.354803
3x-risk-002,2024-11-30T22:00:00+00:00,1218.626924
3x-risk-002,2024-12-01T15:00:00+00:00,1344.383762
3x-risk-002,2024-12-02T04:00:00+00:00,1316.038588
3x-risk-002,2024-12-03T01:00:00+00:00,1289.652962
3x-risk-002,2024-12-04T00:00:00+00:00,1264.270007
3x-risk-002,2024-12-04T02:00:00+00:00,1241.863105
3x-risk-002,2024-12-04T16:00:00+00:00,1216.249931
3x-risk-002,2024-12-04T20:00:00+00:00,1339.1094
3x-risk-002,2024-12-05T03:00:00+00:00,1452.163201
3x-risk-002,2024-12-05T20:00:00+00:00,1420.97029
3x-risk-002,2024-12-05T20:00:00+00:00,1389.433301
3x-risk-002,2024-12-08T23:00:00+00:00,1372.544506
3x-risk-002,2024-12-09T17:00:00+00:00,1341.094816
3x-risk-002,2024-12-14T06:00:00+00:00,1335.884591
3x-risk-002,2024-12-15T23:00:00+00:00,1329.967895
3x-risk-002,2024-12-16T00:00:00+00:00,1303.260887
3x-risk-002,2024-12-16T03:00:00+00:00,1285.323827
3x-risk-002,2024-12-17T14:00:00+00:00,1343.561508
3x-risk-002,2024-12-17T15:00:00+00:00,1315.816225
3x-risk-002,2024-12-18T20:00:00+00:00,1285.135865
3x-risk-002,2024-12-19T17:00:00+00:00,1397.77937
3x-risk-002,2024-12-23T20:00:00+00:00,1366.924779
3x-risk-002,2024-12-24T02:00:00+00:00,1338.819306
3x-risk-002,2024-12-24T17:00:00+00:00,1310.940368
3x-risk-002,2024-12-24T23:00:00+00:00,1283.279464
3x-risk-002,2024-12-25T21:00:00+00:00,1264.507107
3x-risk-002,2024-12-26T10:00:00+00:00,1236.793483
3x-risk-002,2024-12-26T20:00:00+00:00,1363.6676
3x-risk-002,2024-12-28T05:00:00+00:00,1335.393301
3x-risk-002,2024-12-28T13:00:00+00:00,1315.158688
3x-risk-002,2024-12-28T22:00:00+00:00,1287.227045
3x-risk-002,2024-12-30T01:00:00+00:00,1260.667274
3x-risk-002,2024-12-30T01:00:00+00:00,1233.852878
3x-risk-002,2024-12-30T01:00:00+00:00,1216.117308
3x-risk-002,2024-12-30T06:00:00+00:00,1190.710438
3x-risk-002,2024-12-30T06:00:00+00:00,1174.194315
3x-risk-002,2024-12-30T06:00:00+00:00,1161.951645
3x-risk-002,2024-12-30T13:00:00+00:00,1140.625909
3x-risk-002,2024-12-30T13:00:00+00:00,1118.886524
3x-risk-002,2024-12-30T13:00:00+00:00,1094.457228
3x-risk-002,2024-12-30T18:00:00+00:00,1071.878646
3x-risk-002,2024-12-30T18:00:00+00:00,1060.949998
3x-risk-002,2024-12-30T18:00:00+00:00,1038.291038
3x-risk-002,2024-12-31T08:00:00+00:00,1016.18957
3x-risk-002,2024-12-31T08:00:00+00:00,1012.917004
3x-risk-002,2024-12-31T22:00:00+00:00,991.888022
3x-risk-002,2024-12-31T23:00:00+00:00,981.292472
3x-risk-002,2025-01-01T08:00:00+00:00,961.901819
3x-risk-002,2025-01-01T19:00:00+00:00,941.904356
3x-risk-002,2025-01-02T00:00:00+00:00,930.429568
3x-risk-002,2025-01-02T15:00:00+00:00,928.471271
3x-risk-002,2025-01-03T12:00:00+00:00,927.228867
3x-risk-002,2025-01-03T15:00:00+00:00,1019.245724
3x-risk-002,2025-01-03T16:00:00+00:00,995.904706
3x-risk-002,2025-01-05T14:00:00+00:00,974.591869
3x-risk-002,2025-01-06T01:00:00+00:00,953.138016
3x-risk-002,2025-01-07T01:00:00+00:00,940.975514
3x-risk-002,2025-01-07T15:00:00+00:00,920.673648
3x-risk-002,2025-01-07T15:00:00+00:00,971.017831
3x-risk-002,2025-01-07T17:00:00+00:00,955.361034
3x-risk-002,2025-01-13T00:00:00+00:00,934.417304
3x-risk-002,2025-01-13T00:00:00+00:00,918.332977
3x-risk-002,2025-01-13T00:00:00+00:00,899.118007
3x-risk-002,2025-01-14T01:00:00+00:00,880.320198
3x-risk-002,2025-01-15T14:00:00+00:00,862.111708
3x-risk-002,2025-01-17T19:00:00+00:00,949.138815
3x-risk-002,2025-01-18T05:00:00+00:00,931.668326
3x-risk-002,2025-01-19T11:00:00+00:00,913.118605
3x-risk-002,2025-01-19T21:00:00+00:00,894.367016
3x-risk-002,2025-01-19T21:00:00+00:00,875.426275
3x-risk-002,2025-01-20T07:00:00+00:00,857.725042
3x-risk-002,2025-01-20T12:00:00+00:00,839.952853
3x-risk-002,2025-01-21T16:00:00+00:00,821.690067
3x-risk-002,2025-01-22T08:00:00+00:00,804.440731
3x-risk-002,2025-01-22T11:00:00+00:00,786.598351
3x-risk-002,2025-01-23T23:00:00+00:00,770.068406
3x-risk-002,2025-01-24T20:00:00+00:00,761.467949
3x-risk-002,2025-01-26T23:00:00+00:00,744.374018
3x-risk-002,2025-01-27T07:00:00+00:00,788.93267
3x-risk-002,2025-01-27T07:00:00+00:00,836.980336
3x-risk-002,2025-01-27T07:00:00+00:00,910.615674
3x-risk-002,2025-01-30T03:00:00+00:00,891.673127
3x-risk-002,2025-01-31T20:00:00+00:00,872.744934
3x-risk-002,2025-02-01T09:00:00+00:00,853.616198
3x-risk-002,2025-02-01T20:00:00+00:00,844.094513
3x-risk-002,2025-02-02T18:00:00+00:00,928.502788
3x-risk-002,2025-02-11T13:00:00+00:00,916.082136
3x-risk-002,2025-02-11T17:00:00+00:00,897.352886
3x-risk-002,2025-02-12T20:00:00+00:00,878.715397
3x-risk-002,2025-02-13T06:00:00+00:00,860.57425
3x-risk-002,2025-02-13T12:00:00+00:00,847.689769
3x-risk-002,2025-02-14T03:00:00+00:00,830.181577
3x-risk-002,2025-02-14T15:00:00+00:00,811.157036
3x-risk-002,2025-02-14T16:00:00+00:00,797.4296
3x-risk-002,2025-02-15T14:00:00+00:00,781.080892
3x-risk-002,2025-02-16T18:00:00+00:00,824.972069
3x-risk-002,2025-02-16T23:00:00+00:00,813.341281
3x-risk-002,2025-02-17T00:00:00+00:00,804.05297
3x-risk-002,2025-02-17T08:00:00+00:00,787.004523
3x-risk-002,2025-02-17T08:00:00+00:00,778.467048
3x-risk-002,2025-02-17T09:00:00+00:00,771.439581
3x-risk-002,2025-02-17T14:00:00+00:00,755.167661
3x-risk-002,2025-02-17T18:00:00+00:00,752.404386
3x-risk-002,2025-02-17T19:00:00+00:00,736.153639
3x-risk-002,2025-02-17T20:00:00+00:00,726.821438
3x-risk-002,2025-02-17T20:00:00+00:00,721.359669
3x-risk-002,2025-02-17T21:00:00+00:00,717.051075
3x-risk-002,2025-02-17T21:00:00+00:00,706.487295
3x-risk-002,2025-02-17T23:00:00+00:00,704.336049
3x-risk-002,2025-02-18T04:00:00+00:00,689.318827
3x-risk-002,2025-02-18T04:00:00+00:00,675.108081
3x-risk-002,2025-02-18T06:00:00+00:00,668.274998
3x-risk-002,2025-02-18T13:00:00+00:00,654.75637
3x-risk-002,2025-02-18T14:00:00+00:00,651.256369
3x-risk-002,2025-02-19T11:00:00+00:00,638.029659
3x-risk-002,2025-02-21T15:00:00+00:00,628.543032
3x-risk-002,2025-02-21T17:00:00+00:00,617.496607
3x-risk-002,2025-02-22T16:00:00+00:00,605.663888
3x-risk-002,2025-02-22T17:00:00+00:00,591.107264
3x-risk-002,2025-02-23T12:00:00+00:00,578.822687
3x-risk-002,2025-02-24T04:00:00+00:00,566.503357
3x-risk-002,2025-02-24T19:00:00+00:00,616.765059
3x-risk-002,2025-02-25T00:00:00+00:00,691.538006
3x-risk-002,2025-02-25T07:00:00+00:00,747.575175
3x-risk-002,2025-03-07T00:00:00+00:00,732.262363
3x-risk-002,2025-03-07T05:00:00+00:00,716.480642
3x-risk-002,2025-03-07T13:00:00+00:00,701.582718
3x-risk-002,2025-03-07T16:00:00+00:00,689.90092
3x-risk-002,2025-03-07T18:00:00+00:00,676.91856
3x-risk-002,2025-03-07T21:00:00+00:00,663.844262
3x-risk-002,2025-03-09T10:00:00+00:00,729.478085
3x-risk-002,2025-03-09T12:00:00+00:00,761.208734
3x-risk-002,2025-03-10T17:00:00+00:00,788.066158
3x-risk-002,2025-03-10T17:00:00+00:00,863.366517
3x-risk-002,2025-03-14T10:00:00+00:00,845.323583
3x-risk-002,2025-03-17T12:00:00+00:00,827.777473
3x-risk-002,2025-03-17T12:00:00+00:00,812.712696
3x-risk-002,2025-03-17T17:00:00+00:00,796.186326
3x-risk-002,2025-03-18T01:00:00+00:00,779.752604
3x-risk-002,2025-03-18T11:00:00+00:00,763.591843
3x-risk-002,2025-03-18T13:00:00+00:00,746.215806
3x-risk-002,2025-03-18T13:00:00+00:00,729.304919
3x-risk-002,2025-03-18T22:00:00+00:00,716.295068
3x-risk-002,2025-03-18T22:00:00+00:00,701.328045
3x-risk-002,2025-03-18T22:00:00+00:00,696.523627
3x-risk-002,2025-03-18T23:00:00+00:00,691.635833
3x-risk-002,2025-03-18T23:00:00+00:00,689.180652
3x-risk-002,2025-03-18T23:00:00+00:00,685.246997
3x-risk-002,2025-03-19T00:00:00+00:00,669.788992
3x-risk-002,2025-03-19T08:00:00+00:00,680.750174
3x-risk-002,2025-03-19T11:00:00+00:00,747.130503
3x-risk-002,2025-03-20T16:00:00+00:00,737.923113
3x-risk-002,2025-03-21T10:00:00+00:00,722.322404
3x-risk-002,2025-03-22T06:00:00+00:00,708.161544
3x-risk-002,2025-03-22T23:00:00+00:00,697.792531
3x-risk-002,2025-03-24T04:00:00+00:00,752.569793
3x-risk-002,2025-03-26T19:00:00+00:00,740.030161
3x-risk-002,2025-03-27T06:00:00+00:00,731.810392
3x-risk-002,2025-03-28T14:00:00+00:00,720.755624
3x-risk-002,2025-03-29T10:00:00+00:00,704.612788
3x-risk-002,2025-03-29T16:00:00+00:00,777.815333
3x-risk-002,2025-04-01T14:00:00+00:00,761.599071
3x-risk-002,2025-04-02T13:00:00+00:00,745.739154
3x-risk-002,2025-04-02T20:00:00+00:00,729.665868
3x-risk-002,2025-04-02T20:00:00+00:00,714.524361
3x-risk-002,2025-04-03T14:00:00+00:00,750.407683
3x-risk-002,2025-04-04T17:00:00+00:00,734.264463
3x-risk-002,2025-04-05T13:00:00+00:00,718.216907
3x-risk-002,2025-04-06T01:00:00+00:00,702.733892
3x-risk-002,2025-04-07T05:00:00+00:00,772.194429
3x-risk-002,2025-04-07T06:00:00+00:00,841.215128
3x-risk-002,2025-04-15T10:00:00+00:00,828.497153
3x-risk-002,2025-04-19T05:00:00+00:00,813.860063
3x-risk-002,2025-04-19T06:00:00+00:00,802.429915
3x-risk-002,2025-04-19T07:00:00+00:00,785.316118
3x-risk-002,2025-04-19T10:00:00+00:00,771.310615
3x-risk-002,2025-04-20T09:00:00+00:00,761.724502
3x-risk-002,2025-04-21T00:00:00+00:00,749.137685
3x-risk-002,2025-04-22T01:00:00+00:00,832.374498
3x-risk-002,2025-04-22T07:00:00+00:00,814.893397
3x-risk-002,2025-04-22T15:00:00+00:00,885.60558
3x-risk-002,2025-04-26T09:00:00+00:00,867.165976
3x-risk-002,2025-04-27T01:00:00+00:00,849.103832
3x-risk-002,2025-04-28T06:00:00+00:00,836.474252
3x-risk-002,2025-04-28T10:00:00+00:00,818.862999
3x-risk-002,2025-04-28T13:00:00+00:00,801.47143
3x-risk-002,2025-04-28T15:00:00+00:00,784.74066
3x-risk-002,2025-04-29T06:00:00+00:00,768.517079
3x-risk-002,2025-04-29T16:00:00+00:00,756.558358
3x-risk-002,2025-04-29T21:00:00+00:00,741.868792
3x-risk-002,2025-04-30T10:00:00+00:00,727.141559
3x-risk-002,2025-04-30T13:00:00+00:00,710.331103
3x-risk-002,2025-05-01T02:00:00+00:00,698.770862
3x-risk-002,2025-05-02T03:00:00+00:00,684.091484
3x-risk-002,2025-05-02T07:00:00+00:00,672.549644
3x-risk-002,2025-05-04T13:00:00+00:00,666.539062
3x-risk-002,2025-05-04T13:00:00+00:00,707.585261
3x-risk-002,2025-05-05T01:00:00+00:00,696.907906
3x-risk-002,2025-05-05T16:00:00+00:00,681.797865
3x-risk-002,2025-05-06T22:00:00+00:00,667.663442
3x-risk-002,2025-05-07T00:00:00+00:00,654.472717
3x-risk-002,2025-05-07T15:00:00+00:00,640.948956
3x-risk-002,2025-05-07T18:00:00+00:00,627.306226
3x-risk-002,2025-05-08T00:00:00+00:00,613.803563
3x-risk-002,2025-05-08T14:00:00+00:00,674.552856
3x-risk-002,2025-05-08T20:00:00+00:00,675.914072
3x-risk-002,2025-05-12T07:00:00+00:00,736.108453
3x-risk-002,2025-05-13T11:00:00+00:00,720.121275
3x-risk-002,2025-05-15T16:00:00+00:00,704.900705
3x-risk-002,2025-05-17T00:00:00+00:00,738.248836
3x-risk-002,2025-05-17T01:00:00+00:00,723.59394
3x-risk-002,2025-05-18T14:00:00+00:00,709.114531
3x-risk-002,2025-05-18T23:00:00+00:00,694.232047
3x-risk-002,2025-05-19T15:00:00+00:00,680.771798
3x-risk-002,2025-05-20T00:00:00+00:00,666.575192
3x-risk-002,2025-05-21T03:00:00+00:00,651.52496
3x-risk-002,2025-05-21T09:00:00+00:00,638.006936
3x-risk-002,2025-05-21T11:00:00+00:00,624.708482
3x-risk-002,2025-05-21T17:00:00+00:00,611.510275
3x-risk-002,2025-05-22T01:00:00+00:00,653.440055
3x-risk-002,2025-05-22T13:00:00+00:00,639.59459
3x-risk-002,2025-05-26T03:00:00+00:00,626.224919
3x-risk-002,2025-05-26T17:00:00+00:00,616.095477
3x-risk-002,2025-05-27T08:00:00+00:00,603.201746
3x-risk-002,2025-05-28T02:00:00+00:00,590.945881
3x-risk-002,2025-05-30T00:00:00+00:00,654.199789
3x-risk-002,2025-05-30T16:00:00+00:00,639.456905
3x-risk-002,2025-05-30T16:00:00+00:00,696.924332
3x-risk-002,2025-06-02T22:00:00+00:00,686.468306
3x-risk-002,2025-06-04T14:00:00+00:00,678.996912
3x-risk-002,2025-06-04T15:00:00+00:00,665.098947
3x-risk-002,2025-06-09T21:00:00+00:00,651.074261
3x-risk-002,2025-06-09T21:00:00+00:00,639.225839
3x-risk-002,2025-06-21T21:00:00+00:00,700.456977
3x-risk-002,2025-06-22T14:00:00+00:00,762.877967
3x-risk-002,2025-06-29T22:00:00+00:00,838.387974
3x-risk-002,2025-06-30T14:00:00+00:00,823.270989
3x-risk-002,2025-06-30T22:00:00+00:00,806.174551
3x-risk-002,2025-07-01T11:00:00+00:00,789.271212
3x-risk-002,2025-07-02T15:00:00+00:00,772.930007
3x-risk-002,2025-07-02T16:00:00+00:00,760.816378
3x-risk-002,2025-07-04T13:00:00+00:00,744.845116
3x-risk-002,2025-07-06T21:00:00+00:00,729.452126
3x-risk-002,2025-07-07T12:00:00+00:00,723.37091
3x-risk-002,2025-07-08T17:00:00+00:00,709.507379
3x-risk-002,2025-07-08T17:00:00+00:00,704.44836
3x-risk-002,2025-07-10T07:00:00+00:00,764.459541
3x-risk-002,2025-07-11T05:00:00+00:00,834.768428
3x-risk-002,2025-07-14T20:00:00+00:00,817.63157
3x-risk-002,2025-07-15T18:00:00+00:00,800.820849
3x-risk-002,2025-07-16T16:00:00+00:00,880.124517
3x-risk-002,2025-07-16T18:00:00+00:00,955.278896
3x-risk-002,2025-07-17T12:00:00+00:00,934.764569
3x-risk-002,2025-07-18T14:00:00+00:00,914.753459
3x-risk-002,2025-07-19T19:00:00+00:00,895.632581
3x-risk-002,2025-07-20T12:00:00+00:00,984.29133
3x-risk-002,2025-07-20T14:00:00+00:00,1072.975175
3x-risk-002,2025-07-21T07:00:00+00:00,1054.557008
3x-risk-002,2025-07-21T12:00:00+00:00,1031.347712
3x-risk-002,2025-07-22T07:00:00+00:00,1012.284312
3x-risk-002,2025-07-22T17:00:00+00:00,990.890651
3x-risk-002,2025-07-23T09:00:00+00:00,983.374381
3x-risk-002,2025-07-23T12:00:00+00:00,962.585487
3x-risk-002,2025-07-23T13:00:00+00:00,940.660122
3x-risk-002,2025-07-24T00:00:00+00:00,919.919896
3x-risk-002,2025-07-24T04:00:00+00:00,899.218075
3x-risk-002,2025-07-24T08:00:00+00:00,879.618028
3x-risk-002,2025-07-25T01:00:00+00:00,861.391794
3x-risk-002,2025-07-25T14:00:00+00:00,844.763882
3x-risk-002,2025-07-25T17:00:00+00:00,843.699152
3x-risk-002,2025-07-25T21:00:00+00:00,826.225141
3x-risk-002,2025-07-27T16:00:00+00:00,808.888219
3x-risk-002,2025-07-28T02:00:00+00:00,817.611247
3x-risk-002,2025-07-28T04:00:00+00:00,897.721463
3x-risk-002,2025-07-28T17:00:00+00:00,890.249663
3x-risk-002,2025-08-01T00:00:00+00:00,871.994605
3x-risk-002,2025-08-01T13:00:00+00:00,960.022441
3x-risk-002,2025-08-05T17:00:00+00:00,939.554084
3x-risk-002,2025-08-07T10:00:00+00:00,918.837053
3x-risk-002,2025-08-08T17:00:00+00:00,1011.678272
3x-risk-002,2025-08-09T09:00:00+00:00,993.530116
3x-risk-002,2025-08-12T11:00:00+00:00,974.508774
3x-risk-002,2025-08-14T12:00:00+00:00,961.897603
3x-risk-002,2025-08-18T02:00:00+00:00,938.347587
3x-risk-002,2025-08-18T02:00:00+00:00,930.115684
3x-risk-002,2025-08-20T21:00:00+00:00,1027.978844
3x-risk-002,2025-08-22T14:00:00+00:00,1007.067242
3x-risk-002,2025-08-22T14:00:00+00:00,985.814308
3x-risk-002,2025-08-22T15:00:00+00:00,967.302312
3x-risk-002,2025-08-24T06:00:00+00:00,947.022166
3x-risk-002,2025-08-24T17:00:00+00:00,927.292749
3x-risk-002,2025-08-24T20:00:00+00:00,907.428313
3x-risk-002,2025-08-25T03:00:00+00:00,888.28117
3x-risk-002,2025-08-28T13:00:00+00:00,869.993266
3x-risk-002,2025-08-28T16:00:00+00:00,860.064874
3x-risk-002,2025-08-28T19:00:00+00:00,842.093452
3x-risk-002,2025-08-29T07:00:00+00:00,830.312535
3x-risk-002,2025-09-08T05:00:00+00:00,814.795345
3x-risk-002,2025-09-09T06:00:00+00:00,855.75098
3x-risk-002,2025-09-11T22:00:00+00:00,840.583533
3x-risk-002,2025-09-12T17:00:00+00:00,823.904475
3x-risk-002,2025-09-15T08:00:00+00:00,806.004925
3x-risk-002,2025-09-16T17:00:00+00:00,876.071814
3x-risk-002,2025-09-17T18:00:00+00:00,857.077053
3x-risk-002,2025-09-18T01:00:00+00:00,941.8599
3x-risk-002,2025-09-19T11:00:00+00:00,922.38883
3x-risk-002,2025-09-19T14:00:00+00:00,902.135807
3x-risk-002,2025-09-22T05:00:00+00:00,974.052492
3x-risk-002,2025-09-22T06:00:00+00:00,974.997989
3x-risk-002,2025-09-24T03:00:00+00:00,956.280366
3x-risk-002,2025-09-24T13:00:00+00:00,936.266153
3x-risk-002,2025-09-25T17:00:00+00:00,1022.574753
3x-risk-002,2025-09-29T11:00:00+00:00,1001.443672
3x-risk-002,2025-09-29T13:00:00+00:00,980.153258
3x-risk-002,2025-09-29T14:00:00+00:00,962.172379
3x-risk-002,2025-09-29T14:00:00+00:00,941.488619
3x-risk-002,2025-09-30T07:00:00+00:00,921.85507
3x-risk-002,2025-09-30T15:00:00+00:00,905.167334
3x-risk-002,2025-09-30T17:00:00+00:00,995.739609
3x-risk-002,2025-09-30T19:00:00+00:00,974.899363
3x-risk-002,2025-09-30T19:00:00+00:00,954.532473
3x-risk-002,2025-10-01T19:00:00+00:00,1049.075455
3x-risk-002,2025-10-02T18:00:00+00:00,1095.476141
3x-risk-002,2025-10-03T03:00:00+00:00,1195.455716
3x-risk-002,2025-10-04T14:00:00+00:00,1171.422316
3x-risk-002,2025-10-05T02:00:00+00:00,1147.109688
3x-risk-002,2025-10-05T11:00:00+00:00,1123.315462
3x-risk-002,2025-10-05T17:00:00+00:00,1099.981664
3x-risk-002,2025-10-05T19:00:00+00:00,1076.257459
3x-risk-002,2025-10-05T19:00:00+00:00,1063.749439
3x-risk-002,2025-10-06T10:00:00+00:00,1041.651008
3x-risk-002,2025-10-06T13:00:00+00:00,1019.763408
3x-risk-002,2025-10-06T18:00:00+00:00,996.994875
3x-risk-002,2025-10-07T04:00:00+00:00,979.787948
3x-risk-002,2025-10-07T12:00:00+00:00,966.216605
3x-risk-002,2025-10-07T14:00:00+00:00,947.410377
3x-risk-002,2025-10-08T17:00:00+00:00,930.026701
3x-risk-002,2025-10-08T17:00:00+00:00,918.286844
3x-risk-002,2025-10-09T02:00:00+00:00,909.619977
3x-risk-002,2025-10-09T08:00:00+00:00,981.921258
3x-risk-002,2025-10-09T12:00:00+00:00,974.038979
3x-risk-002,2025-10-10T15:00:00+00:00,1070.226132
3x-risk-002,2025-10-10T15:00:00+00:00,1055.420956
3x-risk-002,2025-10-10T21:00:00+00:00,1152.37961
3x-risk-002,2025-10-10T21:00:00+00:00,1248.690167
3x-risk-002,2025-10-15T13:00:00+00:00,1222.526011
3x-risk-002,2025-10-21T14:00:00+00:00,1197.282401
3x-risk-002,2025-10-21T14:00:00+00:00,1172.659046
3x-risk-002,2025-10-21T21:00:00+00:00,1148.587609
3x-risk-002,2025-10-22T14:00:00+00:00,1133.299095
3x-risk-002,2025-10-23T06:00:00+00:00,1109.640592
3x-risk-002,2025-10-23T13:00:00+00:00,1085.148292
3x-risk-002,2025-10-23T21:00:00+00:00,1062.936388
3x-risk-002,2025-10-24T04:00:00+00:00,1040.650312
3x-risk-002,2025-10-26T22:00:00+00:00,1134.927076
3x-risk-002,2025-10-28T19:00:00+00:00,1113.769436
3x-risk-002,2025-10-28T20:00:00+00:00,1110.123677
3x-risk-002,2025-10-29T23:00:00+00:00,1087.506926
3x-risk-002,2025-10-30T04:00:00+00:00,1065.515975
3x-risk-002,2025-10-30T10:00:00+00:00,1047.366979
3x-risk-002,2025-10-30T17:00:00+00:00,1154.95971
3x-risk-002,2025-11-03T15:00:00+00:00,1257.00481
3x-risk-002,2025-11-03T15:00:00+00:00,1370.528963
3x-risk-002,2025-11-04T05:00:00+00:00,1480.130759
3x-risk-002,2025-11-12T15:00:00+00:00,1448.65378
3x-risk-002,2025-11-13T19:00:00+00:00,1591.892788
3x-risk-002,2025-11-14T12:00:00+00:00,1737.634085
3x-risk-002,2025-11-21T07:00:00+00:00,1880.935276
3x-risk-002,2025-11-25T14:00:00+00:00,1841.983167
3x-risk-002,2025-11-28T22:00:00+00:00,1804.184879
3x-risk-002,2025-11-30T23:00:00+00:00,1895.892753
3x-risk-002,2025-12-01T00:00:00+00:00,2050.327945
3x-risk-002,2025-12-07T09:00:00+00:00,2007.479097
3x-risk-002,2025-12-07T13:00:00+00:00,1965.260722
3x-risk-002,2025-12-07T17:00:00+00:00,1923.574669
3x-risk-002,2025-12-07T17:00:00+00:00,1882.676631
3x-risk-002,2025-12-07T22:00:00+00:00,1842.920156
3x-risk-002,2025-12-08T15:00:00+00:00,1804.964041
3x-risk-002,2025-12-09T15:00:00+00:00,1767.267787
3x-risk-002,2025-12-09T15:00:00+00:00,1865.058076
3x-risk-002,2025-12-10T20:00:00+00:00,2047.569153
3x-risk-002,2025-12-11T00:00:00+00:00,2008.85535
3x-risk-002,2025-12-11T21:00:00+00:00,1967.135985
3x-risk-002,2025-12-12T15:00:00+00:00,1925.423184
3x-risk-002,2025-12-12T15:00:00+00:00,1886.335014
3x-risk-002,2025-12-13T08:00:00+00:00,1847.317648
3x-risk-002,2025-12-14T04:00:00+00:00,1841.303637
3x-risk-002,2025-12-15T14:00:00+00:00,1800.61413
3x-risk-002,2025-12-15T18:00:00+00:00,1886.183432
3x-risk-002,2026-01-01T00:00:00+00:00,1888.593431
3x-risk-002,2026-01-01T00:00:00+00:00,1946.632542
3x-risk-002,2026-01-01T00:00:00+00:00,2015.678188
3x-risk-005,2021-01-21T10:00:00+00:00,124.457296
3x-risk-005,2021-01-27T11:00:00+00:00,121.461129
3x-risk-005,2021-01-28T02:00:00+00:00,115.340868
3x-risk-005,2021-01-29T19:00:00+00:00,113.611231
3x-risk-005,2021-01-31T03:00:00+00:00,126.122117
3x-risk-005,2021-01-31T09:00:00+00:00,137.885783
3x-risk-005,2021-02-01T10:00:00+00:00,166.444734
3x-risk-005,2021-02-01T15:00:00+00:00,160.842549
3x-risk-005,2021-02-01T17:00:00+00:00,158.325217
3x-risk-005,2021-02-01T22:00:00+00:00,153.481756
3x-risk-005,2021-02-02T04:00:00+00:00,167.160027
3x-risk-005,2021-02-02T20:00:00+00:00,205.011752
3x-risk-005,2021-02-04T08:00:00+00:00,228.690682
3x-risk-005,2021-02-10T12:00:00+00:00,211.495249
3x-risk-005,2021-02-16T06:00:00+00:00,202.481767
3x-risk-005,2021-02-17T07:00:00+00:00,196.515277
3x-risk-005,2021-02-22T10:00:00+00:00,177.935899
3x-risk-005,2021-03-06T22:00:00+00:00,169.362101
3x-risk-005,2021-03-08T07:00:00+00:00,168.448724
3x-risk-005,2021-03-08T23:00:00+00:00,175.371602
3x-risk-005,2021-03-09T00:00:00+00:00,174.162643
3x-risk-005,2021-03-09T03:00:00+00:00,215.710946
3x-risk-005,2021-03-09T08:00:00+00:00,206.012904
3x-risk-005,2021-03-13T11:00:00+00:00,195.557533
3x-risk-005,2021-03-15T04:00:00+00:00,185.405743
3x-risk-005,2021-03-17T13:00:00+00:00,176.493428
3x-risk-005,2021-03-18T14:00:00+00:00,220.851271
3x-risk-005,2021-03-19T09:00:00+00:00,209.541665
3x-risk-005,2021-03-21T00:00:00+00:00,201.969148
3x-risk-005,2021-03-21T04:00:00+00:00,198.434571
3x-risk-005,2021-03-21T21:00:00+00:00,196.225516
3x-risk-005,2021-03-22T03:00:00+00:00,194.956318
3x-risk-005,2021-03-22T19:00:00+00:00,243.951731
3x-risk-005,2021-03-22T20:00:00+00:00,241.486989
3x-risk-005,2021-03-24T19:00:00+00:00,248.919108
3x-risk-005,2021-03-27T16:00:00+00:00,235.775853
3x-risk-005,2021-04-02T03:00:00+00:00,224.717415
3x-risk-005,2021-04-02T13:00:00+00:00,216.435119
3x-risk-005,2021-04-03T16:00:00+00:00,204.043751
3x-risk-005,2021-04-05T15:00:00+00:00,196.789004
3x-risk-005,2021-04-06T14:00:00+00:00,185.981309
3x-risk-005,2021-04-09T11:00:00+00:00,180.975549
3x-risk-005,2021-04-12T19:00:00+00:00,224.551645
3x-risk-005,2021-04-13T17:00:00+00:00,228.10919
3x-risk-005,2021-04-14T00:00:00+00:00,283.693211
3x-risk-005,2021-05-04T15:00:00+00:00,268.15687
3x-risk-005,2021-05-06T18:00:00+00:00,253.259895
3x-risk-005,2021-05-07T17:00:00+00:00,243.437909
3x-risk-005,2021-05-09T04:00:00+00:00,241.323495
3x-risk-005,2021-05-09T12:00:00+00:00,227.484636
3x-risk-005,2021-05-10T11:00:00+00:00,215.738966
3x-risk-005,2021-05-10T19:00:00+00:00,214.349375
3x-risk-005,2021-05-10T20:00:00+00:00,267.681933
3x-risk-005,2021-05-12T14:00:00+00:00,266.813325
3x-risk-005,2021-05-12T23:00:00+00:00,332.84799
3x-risk-005,2021-05-13T00:00:00+00:00,338.656845
3x-risk-005,2021-05-14T15:00:00+00:00,321.54598
3x-risk-005,2021-05-15T22:00:00+00:00,305.513351
3x-risk-005,2021-05-16T16:00:00+00:00,289.917643
3x-risk-005,2021-05-18T16:00:00+00:00,275.987019
3x-risk-005,2021-05-19T01:00:00+00:00,261.925085
3x-risk-005,2021-06-04T12:00:00+00:00,248.050462
3x-risk-005,2021-06-06T20:00:00+00:00,235.183329
3x-risk-005,2021-06-11T23:00:00+00:00,223.328454
3x-risk-005,2021-06-18T05:00:00+00:00,211.962817
3x-risk-005,2021-06-18T06:00:00+00:00,205.942003
3x-risk-005,2021-06-18T14:00:00+00:00,228.48438
3x-risk-005,2021-06-18T15:00:00+00:00,218.060161
3x-risk-005,2021-06-21T10:00:00+00:00,252.431863
3x-risk-005,2021-07-05T15:00:00+00:00,245.749562
3x-risk-005,2021-07-07T03:00:00+00:00,308.031371
3x-risk-005,2021-07-07T03:00:00+00:00,302.18817
3x-risk-005,2021-07-07T21:00:00+00:00,286.341806
3x-risk-005,2021-07-10T17:00:00+00:00,273.104749
3x-risk-005,2021-07-12T12:00:00+00:00,268.974849
3x-risk-005,2021-07-12T14:00:00+00:00,265.263328
3x-risk-005,2021-07-12T17:00:00+00:00,251.747063
3x-risk-005,2021-07-13T10:00:00+00:00,250.715183
3x-risk-005,2021-07-13T12:00:00+00:00,250.006381
3x-risk-005,2021-07-15T09:00:00+00:00,237.012279
3x-risk-005,2021-07-20T02:00:00+00:00,273.734672
3x-risk-005,2021-07-24T11:00:00+00:00,260.480055
3x-risk-005,2021-07-26T05:00:00+00:00,258.552625
3x-risk-005,2021-07-29T06:00:00+00:00,245.38254
3x-risk-005,2021-07-30T09:00:00+00:00,232.79427
3x-risk-005,2021-08-05T09:00:00+00:00,220.765221
3x-risk-005,2021-08-11T06:00:00+00:00,275.204838
3x-risk-005,2021-08-11T07:00:00+00:00,297.811443
3x-risk-005,2021-08-17T09:00:00+00:00,282.493682
3x-risk-005,2021-08-17T09:00:00+00:00,270.002398
3x-risk-005,2021-08-17T14:00:00+00:00,262.077598
3x-risk-005,2021-08-17T14:00:00+00:00,250.391594
3x-risk-005,2021-08-20T00:00:00+00:00,237.898166
3x-risk-005,2021-08-29T00:00:00+00:00,226.57776
3x-risk-005,2021-08-29T03:00:00+00:00,219.243012
3x-risk-005,2021-08-29T20:00:00+00:00,207.989581
3x-risk-005,2021-08-29T22:00:00+00:00,203.497407
3x-risk-005,2021-08-30T03:00:00+00:00,195.538675
3x-risk-005,2021-08-30T12:00:00+00:00,200.141279
3x-risk-005,2021-08-30T16:00:00+00:00,190.526376
3x-risk-005,2021-09-01T16:00:00+00:00,184.337824
3x-risk-005,2021-09-06T11:00:00+00:00,226.949917
3x-risk-005,2021-09-07T09:00:00+00:00,264.468276
3x-risk-005,2021-09-07T15:00:00+00:00,307.947221
3x-risk-005,2021-09-19T11:00:00+00:00,290.73203
3x-risk-005,2021-09-19T16:00:00+00:00,288.974818
3x-risk-005,2021-09-20T12:00:00+00:00,354.424966
3x-risk-005,2021-09-27T20:00:00+00:00,335.92335
3x-risk-005,2021-09-30T03:00:00+00:00,322.357979
3x-risk-005,2021-09-30T08:00:00+00:00,305.560794
3x-risk-005,2021-10-01T10:00:00+00:00,330.564653
3x-risk-005,2021-10-02T14:00:00+00:00,406.115778
3x-risk-005,2021-10-07T07:00:00+00:00,385.148723
3x-risk-005,2021-10-08T02:00:00+00:00,370.276671
3x-risk-005,2021-10-08T12:00:00+00:00,351.01481
3x-risk-005,2021-10-08T20:00:00+00:00,336.047392
3x-risk-005,2021-10-09T10:00:00+00:00,318.716515
3x-risk-005,2021-10-10T21:00:00+00:00,392.481082
3x-risk-005,2021-10-11T19:00:00+00:00,379.345209
3x-risk-005,2021-10-13T20:00:00+00:00,370.207228
3x-risk-005,2021-10-14T07:00:00+00:00,350.75011
3x-risk-005,2021-10-15T18:00:00+00:00,333.809489
3x-risk-005,2021-10-17T19:00:00+00:00,315.186405
3x-risk-005,2021-10-19T12:00:00+00:00,299.610622
3x-risk-005,2021-10-20T16:00:00+00:00,314.849736
3x-risk-005,2021-10-21T00:00:00+00:00,374.289702
3x-risk-005,2021-10-22T07:00:00+00:00,355.051509
3x-risk-005,2021-10-25T14:00:00+00:00,340.730142
3x-risk-005,2021-10-26T14:00:00+00:00,322.390832
3x-risk-005,2021-10-27T04:00:00+00:00,311.698472
3x-risk-005,2021-10-28T20:00:00+00:00,298.046921
3x-risk-005,2021-10-30T02:00:00+00:00,296.185916
3x-risk-005,2021-10-31T12:00:00+00:00,279.160559
3x-risk-005,2021-10-31T15:00:00+00:00,276.997349
3x-risk-005,2021-10-31T22:00:00+00:00,262.837383
3x-risk-005,2021-11-01T07:00:00+00:00,249.501314
3x-risk-005,2021-11-08T03:00:00+00:00,264.717625
3x-risk-005,2021-11-08T10:00:00+00:00,326.46627
3x-risk-005,2021-11-10T15:00:00+00:00,309.91903
3x-risk-005,2021-11-12T09:00:00+00:00,293.578001
3x-risk-005,2021-11-14T17:00:00+00:00,291.107248
3x-risk-005,2021-11-14T23:00:00+00:00,289.984341
3x-risk-005,2021-11-15T01:00:00+00:00,275.379933
3x-risk-005,2021-11-15T15:00:00+00:00,272.306701
3x-risk-005,2021-11-15T18:00:00+00:00,257.926876
3x-risk-005,2021-11-16T00:00:00+00:00,255.810412
3x-risk-005,2021-11-16T01:00:00+00:00,299.909247
3x-risk-005,2021-11-16T10:00:00+00:00,311.094582
3x-risk-005,2021-11-22T20:00:00+00:00,295.325426
3x-risk-005,2021-11-26T08:00:00+00:00,368.21109
3x-risk-005,2021-11-26T08:00:00+00:00,360.31008
3x-risk-005,2021-11-28T10:00:00+00:00,341.820773
3x-risk-005,2021-11-28T21:00:00+00:00,324.362698
3x-risk-005,2021-12-03T10:00:00+00:00,319.616833
3x-risk-005,2021-12-03T19:00:00+00:00,302.7348
3x-risk-005,2021-12-08T11:00:00+00:00,287.088839
3x-risk-005,2021-12-10T12:00:00+00:00,272.096606
3x-risk-005,2021-12-17T15:00:00+00:00,329.019378
3x-risk-005,2021-12-18T05:00:00+00:00,328.672636
3x-risk-005,2021-12-18T22:00:00+00:00,311.468249
3x-risk-005,2021-12-19T01:00:00+00:00,295.281297
3x-risk-005,2021-12-19T10:00:00+00:00,283.380667
3x-risk-005,2021-12-19T19:00:00+00:00,280.960858
3x-risk-005,2021-12-21T09:00:00+00:00,269.773581
3x-risk-005,2021-12-21T15:00:00+00:00,257.732946
3x-risk-005,2021-12-21T19:00:00+00:00,245.995895
3x-risk-005,2021-12-22T23:00:00+00:00,233.179781
3x-risk-005,2021-12-23T07:00:00+00:00,230.117306
3x-risk-005,2021-12-23T16:00:00+00:00,223.948118
3x-risk-005,2021-12-26T03:00:00+00:00,220.125105
3x-risk-005,2021-12-28T01:00:00+00:00,216.235798
3x-risk-005,2021-12-28T19:00:00+00:00,204.834669
3x-risk-005,2022-01-02T16:00:00+00:00,203.509531
3x-risk-005,2022-01-03T16:00:00+00:00,201.983254
3x-risk-005,2022-01-04T10:00:00+00:00,200.246863
3x-risk-005,2022-01-05T20:00:00+00:00,250.526213
3x-risk-005,2022-01-07T15:00:00+00:00,259.823303
3x-risk-005,2022-01-14T12:00:00+00:00,251.180836
3x-risk-005,2022-01-16T11:00:00+00:00,250.100637
3x-risk-005,2022-01-16T21:00:00+00:00,248.287419
3x-risk-005,2022-01-17T03:00:00+00:00,237.639328
3x-risk-005,2022-01-17T18:00:00+00:00,242.610491
3x-risk-005,2022-01-20T15:00:00+00:00,238.684022
3x-risk-005,2022-01-21T02:00:00+00:00,300.079113
3x-risk-005,2022-02-03T10:00:00+00:00,287.114799
3x-risk-005,2022-02-05T04:00:00+00:00,357.992266
3x-risk-005,2022-02-10T20:00:00+00:00,339.729995
3x-risk-005,2022-02-15T04:00:00+00:00,322.018302
3x-risk-005,2022-02-28T14:00:00+00:00,319.720468
3x-risk-005,2022-03-01T00:00:00+00:00,429.462129
3x-risk-005,2022-03-08T15:00:00+00:00,407.30039
3x-risk-005,2022-03-11T11:00:00+00:00,386.792403
3x-risk-005,2022-03-11T11:00:00+00:00,371.283448
3x-risk-005,2022-03-14T22:00:00+00:00,351.635249
3x-risk-005,2022-03-14T22:00:00+00:00,333.415906
3x-risk-005,2022-03-15T15:00:00+00:00,323.947334
3x-risk-005,2022-03-16T03:00:00+00:00,321.497398
3x-risk-005,2022-03-16T09:00:00+00:00,327.008
3x-risk-005,2022-03-16T18:00:00+00:00,323.801739
3x-risk-005,2022-03-18T14:00:00+00:00,403.798002
3x-risk-005,2022-03-22T02:00:00+00:00,382.975691
3x-risk-005,2022-03-24T08:00:00+00:00,457.111631
3x-risk-005,2022-03-25T06:00:00+00:00,434.4331
3x-risk-005,2022-03-25T11:00:00+00:00,448.038439
3x-risk-005,2022-03-26T15:00:00+00:00,426.381287
3x-risk-005,2022-03-27T12:00:00+00:00,417.713968
3x-risk-005,2022-03-27T16:00:00+00:00,414.213928
3x-risk-005,2022-03-27T23:00:00+00:00,428.570814
3x-risk-005,2022-03-31T01:00:00+00:00,500.286869
3x-risk-005,2022-04-03T18:00:00+00:00,492.423753
3x-risk-005,2022-04-03T23:00:00+00:00,487.127608
3x-risk-005,2022-04-04T17:00:00+00:00,460.60429
3x-risk-005,2022-04-04T21:00:00+00:00,455.85566
3x-risk-005,2022-04-04T21:00:00+00:00,442.365514
3x-risk-005,2022-04-05T00:00:00+00:00,419.496489
3x-risk-005,2022-04-05T14:00:00+00:00,416.608471
3x-risk-005,2022-04-06T00:00:00+00:00,400.461742
3x-risk-005,2022-04-07T00:00:00+00:00,411.996829
3x-risk-005,2022-04-10T22:00:00+00:00,408.798667
3x-risk-005,2022-04-11T11:00:00+00:00,497.658034
3x-risk-005,2022-04-19T07:00:00+00:00,474.952994
3x-risk-005,2022-04-21T22:00:00+00:00,456.342633
3x-risk-005,2022-04-25T06:00:00+00:00,478.595468
3x-risk-005,2022-04-26T14:00:00+00:00,469.999221
3x-risk-005,2022-04-26T20:00:00+00:00,582.853987
3x-risk-005,2022-04-28T13:00:00+00:00,558.747836
3x-risk-005,2022-04-28T15:00:00+00:00,534.873929
3x-risk-005,2022-04-28T17:00:00+00:00,506.97368
3x-risk-005,2022-04-28T19:00:00+00:00,503.692451
3x-risk-005,2022-04-29T09:00:00+00:00,477.540923
3x-risk-005,2022-04-30T22:00:00+00:00,525.177212
3x-risk-005,2022-05-04T15:00:00+00:00,508.933708
3x-risk-005,2022-05-04T18:00:00+00:00,491.468989
3x-risk-005,2022-05-05T15:00:00+00:00,469.622645
3x-risk-005,2022-05-17T18:00:00+00:00,445.017069
3x-risk-005,2022-05-18T03:00:00+00:00,427.498372
3x-risk-005,2022-05-19T15:00:00+00:00,405.624037
3x-risk-005,2022-05-20T15:00:00+00:00,385.169123
3x-risk-005,2022-05-23T19:00:00+00:00,369.444258
3x-risk-005,2022-05-24T23:00:00+00:00,364.048726
3x-risk-005,2022-05-25T11:00:00+00:00,359.54478
3x-risk-005,2022-05-26T13:00:00+00:00,450.902243
3x-risk-005,2022-05-26T16:00:00+00:00,438.784269
3x-risk-005,2022-05-30T01:00:00+00:00,416.95293
3x-risk-005,2022-05-30T06:00:00+00:00,408.452602
3x-risk-005,2022-05-30T20:00:00+00:00,470.792358
3x-risk-005,2022-06-08T03:00:00+00:00,446.980994
3x-risk-005,2022-06-09T08:00:00+00:00,425.257495
3x-risk-005,2022-06-09T11:00:00+00:00,418.486455
3x-risk-005,2022-06-09T19:00:00+00:00,399.686459
3x-risk-005,2022-06-10T00:00:00+00:00,399.415223
3x-risk-005,2022-06-10T03:00:00+00:00,392.061169
3x-risk-005,2022-06-10T14:00:00+00:00,391.817154
3x-risk-005,2022-06-10T16:00:00+00:00,471.692842
3x-risk-005,2022-06-11T14:00:00+00:00,543.930663
3x-risk-005,2022-06-27T13:00:00+00:00,518.32241
3x-risk-005,2022-06-30T08:00:00+00:00,646.434558
3x-risk-005,2022-07-03T20:00:00+00:00,612.943529
3x-risk-005,2022-07-04T09:00:00+00:00,585.70244
3x-risk-005,2022-07-07T16:00:00+00:00,729.693088
3x-risk-005,2022-07-13T12:00:00+00:00,910.26544
3x-risk-005,2022-07-18T09:00:00+00:00,1135.506616
3x-risk-005,2022-07-23T08:00:00+00:00,1076.663387
3x-risk-005,2022-07-25T00:00:00+00:00,1020.58911
3x-risk-005,2022-07-25T00:00:00+00:00,1014.781725
3x-risk-005,2022-07-26T19:00:00+00:00,1265.811807
3x-risk-005,2022-08-05T01:00:00+00:00,1257.47493
3x-risk-005,2022-08-05T06:00:00+00:00,1191.625479
3x-risk-005,2022-08-05T18:00:00+00:00,1128.997031
3x-risk-005,2022-08-08T11:00:00+00:00,1364.376635
3x-risk-005,2022-08-10T12:00:00+00:00,1293.319333
3x-risk-005,2022-08-10T12:00:00+00:00,1283.338134
3x-risk-005,2022-08-12T23:00:00+00:00,1276.457235
3x-risk-005,2022-08-13T20:00:00+00:00,1271.501455
3x-risk-005,2022-08-14T12:00:00+00:00,1266.373629
3x-risk-005,2022-08-15T03:00:00+00:00,1262.119747
3x-risk-005,2022-08-18T23:00:00+00:00,1192.506821
3x-risk-005,2022-08-26T11:00:00+00:00,1147.842122
3x-risk-005,2022-08-26T13:00:00+00:00,1125.810259
3x-risk-005,2022-08-26T13:00:00+00:00,1091.791529
3x-risk-005,2022-08-26T23:00:00+00:00,1361.804107
3x-risk-005,2022-08-31T15:00:00+00:00,1300.88612
3x-risk-005,2022-08-31T19:00:00+00:00,1237.951858
3x-risk-005,2022-09-02T03:00:00+00:00,1226.965502
3x-risk-005,2022-09-02T17:00:00+00:00,1219.394515
3x-risk-005,2022-09-02T17:00:00+00:00,1213.563272
3x-risk-005,2022-09-06T00:00:00+00:00,1205.883675
3x-risk-005,2022-09-06T01:00:00+00:00,1137.841098
3x-risk-005,2022-09-06T17:00:00+00:00,1116.198595
3x-risk-005,2022-09-06T17:00:00+00:00,1059.646162
3x-risk-005,2022-09-09T05:00:00+00:00,1322.366235
3x-risk-005,2022-09-15T06:00:00+00:00,1313.834286
3x-risk-005,2022-09-21T18:00:00+00:00,1300.610973
3x-risk-005,2022-09-23T10:00:00+00:00,1291.212048
3x-risk-005,2022-09-23T22:00:00+00:00,1268.044987
3x-risk-005,2022-09-24T02:00:00+00:00,1195.621609
3x-risk-005,2022-09-24T07:00:00+00:00,1183.551841
3x-risk-005,2022-09-25T11:00:00+00:00,1170.055473
3x-risk-005,2022-09-25T16:00:00+00:00,1465.952797
3x-risk-005,2022-09-26T08:00:00+00:00,1452.165095
3x-risk-005,2022-09-26T11:00:00+00:00,1438.716627
3x-risk-005,2022-09-26T14:00:00+00:00,1379.693467
3x-risk-005,2022-09-27T06:00:00+00:00,1631.010538
3x-risk-005,2022-09-27T16:00:00+00:00,1546.345051
3x-risk-005,2022-09-28T17:00:00+00:00,1466.27708
3x-risk-005,2022-09-29T07:00:00+00:00,1449.654291
3x-risk-005,2022-09-29T13:00:00+00:00,1373.302662
3x-risk-005,2022-09-29T16:00:00+00:00,1302.828369
3x-risk-005,2022-09-30T07:00:00+00:00,1284.849948
3x-risk-005,2022-09-30T12:00:00+00:00,1258.12975
3x-risk-005,2022-09-30T12:00:00+00:00,1246.69487
3x-risk-005,2022-09-30T18:00:00+00:00,1215.328869
3x-risk-005,2022-09-30T21:00:00+00:00,1192.560259
3x-risk-005,2022-10-02T23:00:00+00:00,1286.541966
3x-risk-005,2022-10-03T13:00:00+00:00,1246.394012
3x-risk-005,2022-10-08T21:00:00+00:00,1230.190159
3x-risk-005,2022-10-08T21:00:00+00:00,1175.92437
3x-risk-005,2022-10-10T08:00:00+00:00,1121.021265
3x-risk-005,2022-10-13T12:00:00+00:00,1393.573554
3x-risk-005,2022-10-13T17:00:00+00:00,1328.175279
3x-risk-005,2022-10-14T16:00:00+00:00,1262.503944
3x-risk-005,2022-10-16T20:00:00+00:00,1207.528399
3x-risk-005,2022-10-16T21:00:00+00:00,1167.675949
3x-risk-005,2022-10-17T04:00:00+00:00,1118.518614
3x-risk-005,2022-10-18T19:00:00+00:00,1077.208432
3x-risk-005,2022-10-23T18:00:00+00:00,1049.171896
3x-risk-005,2022-10-24T14:00:00+00:00,1006.396144
3x-risk-005,2022-10-25T00:00:00+00:00,964.221013
3x-risk-005,2022-10-25T09:00:00+00:00,914.786173
3x-risk-005,2022-10-25T10:00:00+00:00,896.33806
3x-risk-005,2022-10-30T01:00:00+00:00,1118.155655
3x-risk-005,2022-11-01T22:00:00+00:00,1117.573535
3x-risk-005,2022-11-02T18:00:00+00:00,1059.631141
3x-risk-005,2022-11-02T18:00:00+00:00,1053.098707
3x-risk-005,2022-11-04T06:00:00+00:00,1033.246499
3x-risk-005,2022-11-04T20:00:00+00:00,1293.919509
3x-risk-005,2022-11-08T03:00:00+00:00,1278.077464
3x-risk-005,2022-11-18T00:00:00+00:00,1211.616251
3x-risk-005,2022-11-18T17:00:00+00:00,1148.043502
3x-risk-005,2022-11-20T11:00:00+00:00,1102.702992
3x-risk-005,2022-11-22T13:00:00+00:00,1046.781402
3x-risk-005,2022-11-23T03:00:00+00:00,1017.006615
3x-risk-005,2022-11-27T02:00:00+00:00,1010.702291
3x-risk-005,2022-11-27T12:00:00+00:00,1010.616885
3x-risk-005,2022-11-28T01:00:00+00:00,957.493954
3x-risk-005,2022-11-28T01:00:00+00:00,952.581185
3x-risk-005,2022-11-28T01:00:00+00:00,952.848376
3x-risk-005,2022-11-29T05:00:00+00:00,903.141014
3x-risk-005,2022-11-30T03:00:00+00:00,1001.811384
3x-risk-005,2022-11-30T17:00:00+00:00,955.723046
3x-risk-005,2022-11-30T17:00:00+00:00,941.881983
3x-risk-005,2022-12-01T13:00:00+00:00,892.931013
3x-risk-005,2022-12-02T16:00:00+00:00,889.377476
3x-risk-005,2022-12-05T00:00:00+00:00,835.101291
3x-risk-005,2022-12-05T08:00:00+00:00,831.607679
3x-risk-005,2022-12-05T15:00:00+00:00,800.083975
3x-risk-005,2022-12-05T15:00:00+00:00,796.761815
3x-risk-005,2022-12-06T23:00:00+00:00,768.672806
3x-risk-005,2022-12-07T07:00:00+00:00,728.858237
3x-risk-005,2022-12-08T18:00:00+00:00,691.853022
3x-risk-005,2022-12-08T18:00:00+00:00,661.817932
3x-risk-005,2022-12-09T21:00:00+00:00,627.28489
3x-risk-005,2022-12-11T19:00:00+00:00,594.538261
3x-risk-005,2022-12-11T22:00:00+00:00,574.270483
3x-risk-005,2022-12-12T00:00:00+00:00,572.326056
3x-risk-005,2022-12-12T21:00:00+00:00,569.88899
3x-risk-005,2022-12-13T07:00:00+00:00,711.448678
3x-risk-005,2022-12-13T07:00:00+00:00,699.099066
3x-risk-005,2022-12-13T13:00:00+00:00,707.367217
3x-risk-005,2022-12-13T13:00:00+00:00,672.146663
3x-risk-005,2022-12-13T14:00:00+00:00,665.285252
3x-risk-005,2022-12-13T19:00:00+00:00,662.104886
3x-risk-005,2022-12-14T13:00:00+00:00,656.302761
3x-risk-005,2022-12-14T19:00:00+00:00,621.735351
3x-risk-005,2022-12-16T14:00:00+00:00,658.195055
3x-risk-005,2022-12-16T22:00:00+00:00,811.998282
3x-risk-005,2022-12-21T19:00:00+00:00,805.620232
3x-risk-005,2022-12-22T15:00:00+00:00,762.745368
3x-risk-005,2022-12-23T03:00:00+00:00,751.918244
3x-risk-005,2022-12-23T03:00:00+00:00,712.880973
3x-risk-005,2022-12-25T14:00:00+00:00,675.300137
3x-risk-005,2022-12-25T21:00:00+00:00,643.537279
3x-risk-005,2022-12-26T08:00:00+00:00,625.156946
3x-risk-005,2022-12-27T14:00:00+00:00,609.26114
3x-risk-005,2022-12-27T15:00:00+00:00,607.892136
3x-risk-005,2023-01-02T07:00:00+00:00,594.442626
3x-risk-005,2023-01-03T17:00:00+00:00,587.370653
3x-risk-005,2023-01-08T23:00:00+00:00,734.491452
3x-risk-005,2023-01-09T15:00:00+00:00,916.340492
3x-risk-005,2023-01-12T17:00:00+00:00,940.772369
3x-risk-005,2023-01-18T15:00:00+00:00,892.094787
3x-risk-005,2023-01-20T20:00:00+00:00,845.98154
3x-risk-005,2023-01-21T09:00:00+00:00,941.18251
3x-risk-005,2023-01-25T21:00:00+00:00,891.921553
3x-risk-005,2023-01-27T01:00:00+00:00,844.248505
3x-risk-005,2023-01-27T07:00:00+00:00,800.267119
3x-risk-005,2023-01-27T14:00:00+00:00,759.506106
3x-risk-005,2023-01-27T17:00:00+00:00,757.42111
3x-risk-005,2023-01-27T17:00:00+00:00,724.929093
3x-risk-005,2023-01-28T13:00:00+00:00,690.638866
3x-risk-005,2023-01-29T00:00:00+00:00,655.365137
3x-risk-005,2023-01-29T01:00:00+00:00,625.976021
3x-risk-005,2023-01-30T19:00:00+00:00,624.010037
3x-risk-005,2023-01-30T19:00:00+00:00,601.595458
3x-risk-005,2023-02-01T06:00:00+00:00,586.53549
3x-risk-005,2023-02-01T19:00:00+00:00,565.024777
3x-risk-005,2023-02-03T13:00:00+00:00,542.434214
3x-risk-005,2023-02-03T19:00:00+00:00,514.009439
3x-risk-005,2023-02-04T05:00:00+00:00,495.944571
3x-risk-005,2023-02-04T23:00:00+00:00,470.029929
3x-risk-005,2023-02-07T05:00:00+00:00,539.86754
3x-risk-005,2023-02-07T18:00:00+00:00,535.765274
3x-risk-005,2023-02-08T00:00:00+00:00,541.321177
3x-risk-005,2023-02-08T15:00:00+00:00,536.57422
3x-risk-005,2023-02-09T03:00:00+00:00,631.231034
3x-risk-005,2023-02-09T07:00:00+00:00,618.81609
3x-risk-005,2023-02-09T21:00:00+00:00,634.336133
3x-risk-005,2023-02-09T21:00:00+00:00,706.907129
3x-risk-005,2023-02-14T14:00:00+00:00,670.68601
3x-risk-005,2023-02-15T20:00:00+00:00,815.390842
3x-risk-005,2023-02-18T19:00:00+00:00,790.858185
3x-risk-005,2023-02-19T03:00:00+00:00,758.476539
3x-risk-005,2023-02-19T15:00:00+00:00,719.512081
3x-risk-005,2023-02-21T08:00:00+00:00,691.549463
3x-risk-005,2023-02-22T08:00:00+00:00,751.712167
3x-risk-005,2023-02-23T02:00:00+00:00,712.222749
3x-risk-005,2023-03-03T01:00:00+00:00,845.922313
3x-risk-005,2023-03-08T15:00:00+00:00,801.437512
3x-risk-005,2023-03-09T18:00:00+00:00,820.395728
3x-risk-005,2023-03-09T19:00:00+00:00,896.851366
3x-risk-005,2023-03-18T00:00:00+00:00,1118.921512
3x-risk-005,2023-03-22T09:00:00+00:00,1071.546871
3x-risk-005,2023-03-22T19:00:00+00:00,1065.701181
3x-risk-005,2023-03-23T14:00:00+00:00,1046.600637
3x-risk-005,2023-03-23T18:00:00+00:00,1032.513664
3x-risk-005,2023-03-24T11:00:00+00:00,1016.285855
3x-risk-005,2023-03-24T14:00:00+00:00,997.675425
3x-risk-005,2023-03-29T08:00:00+00:00,986.588343
3x-risk-005,2023-03-31T14:00:00+00:00,971.275837
3x-risk-005,2023-04-02T19:00:00+00:00,947.447814
3x-risk-005,2023-04-03T08:00:00+00:00,939.529915
3x-risk-005,2023-04-03T20:00:00+00:00,929.788323
3x-risk-005,2023-04-04T10:00:00+00:00,918.412826
3x-risk-005,2023-04-05T14:00:00+00:00,908.367798
3x-risk-005,2023-04-09T21:00:00+00:00,899.631885
3x-risk-005,2023-04-10T22:00:00+00:00,922.048812
3x-risk-005,2023-04-12T02:00:00+00:00,909.684593
3x-risk-005,2023-04-12T13:00:00+00:00,898.608093
3x-risk-005,2023-04-12T16:00:00+00:00,885.57507
3x-risk-005,2023-04-14T00:00:00+00:00,938.081011
3x-risk-005,2023-04-14T05:00:00+00:00,867.030452
3x-risk-005,2023-04-18T11:00:00+00:00,830.18172
3x-risk-005,2023-04-19T08:00:00+00:00,787.166986
3x-risk-005,2023-04-19T08:00:00+00:00,764.064908
3x-risk-005,2023-04-26T20:00:00+00:00,739.832841
3x-risk-005,2023-04-27T17:00:00+00:00,707.467693
3x-risk-005,2023-04-28T11:00:00+00:00,703.801648
3x-risk-005,2023-04-29T02:00:00+00:00,700.009808
3x-risk-005,2023-04-29T13:00:00+00:00,696.446949
3x-risk-005,2023-04-29T17:00:00+00:00,693.442255
3x-risk-005,2023-04-29T17:00:00+00:00,691.331897
3x-risk-005,2023-04-30T19:00:00+00:00,689.956495
3x-risk-005,2023-04-30T23:00:00+00:00,652.012639
3x-risk-005,2023-05-01T19:00:00+00:00,750.341287
3x-risk-005,2023-05-05T16:00:00+00:00,747.533823
3x-risk-005,2023-05-05T16:00:00+00:00,714.95607
3x-risk-005,2023-05-06T03:00:00+00:00,706.040927
3x-risk-005,2023-05-06T14:00:00+00:00,668.699399
3x-risk-005,2023-05-07T14:00:00+00:00,666.503319
3x-risk-005,2023-05-07T23:00:00+00:00,664.998874
3x-risk-005,2023-05-08T18:00:00+00:00,830.460985
3x-risk-005,2023-05-10T17:00:00+00:00,835.054428
3x-risk-005,2023-05-14T00:00:00+00:00,825.478024
3x-risk-005,2023-05-15T00:00:00+00:00,816.070377
3x-risk-005,2023-05-16T01:00:00+00:00,810.380163
3x-risk-005,2023-05-17T19:00:00+00:00,804.548879
3x-risk-005,2023-05-18T14:00:00+00:00,800.808709
3x-risk-005,2023-05-18T22:00:00+00:00,793.005695
3x-risk-005,2023-05-24T04:00:00+00:00,836.950059
3x-risk-005,2023-05-28T00:00:00+00:00,820.31633
3x-risk-005,2023-05-29T11:00:00+00:00,774.65554
3x-risk-005,2023-05-30T15:00:00+00:00,744.658654
3x-risk-005,2023-06-02T00:00:00+00:00,736.517088
3x-risk-005,2023-06-05T15:00:00+00:00,902.833219
3x-risk-005,2023-06-05T15:00:00+00:00,892.907954
3x-risk-005,2023-06-07T09:00:00+00:00,891.376095
3x-risk-005,2023-06-07T10:00:00+00:00,844.499582
3x-risk-005,2023-06-08T15:00:00+00:00,800.455585
3x-risk-005,2023-06-10T04:00:00+00:00,998.532456
3x-risk-005,2023-06-14T12:00:00+00:00,972.883502
3x-risk-005,2023-06-14T20:00:00+00:00,979.813417
3x-risk-005,2023-06-17T04:00:00+00:00,972.997069
3x-risk-005,2023-06-17T20:00:00+00:00,967.517814
3x-risk-005,2023-06-21T00:00:00+00:00,1210.079121
3x-risk-005,2023-06-21T01:00:00+00:00,1205.362584
3x-risk-005,2023-06-22T14:00:00+00:00,1142.374242
3x-risk-005,2023-06-23T15:00:00+00:00,1086.65426
3x-risk-005,2023-06-24T08:00:00+00:00,1046.628409
3x-risk-005,2023-06-25T03:00:00+00:00,999.003051
3x-risk-005,2023-06-25T13:00:00+00:00,990.098906
3x-risk-005,2023-06-26T01:00:00+00:00,938.065532
3x-risk-005,2023-06-26T07:00:00+00:00,889.618437
3x-risk-005,2023-06-26T16:00:00+00:00,844.148033
3x-risk-005,2023-06-26T16:00:00+00:00,835.165271
3x-risk-005,2023-06-27T10:00:00+00:00,827.775281
3x-risk-005,2023-06-28T12:00:00+00:00,818.009492
3x-risk-005,2023-06-28T19:00:00+00:00,1024.645958
3x-risk-005,2023-06-29T09:00:00+00:00,987.54049
3x-risk-005,2023-06-30T04:00:00+00:00,981.27327
3x-risk-005,2023-06-30T13:00:00+00:00,939.927018
3x-risk-005,2023-06-30T13:00:00+00:00,933.613947
3x-risk-005,2023-06-30T16:00:00+00:00,898.513926
3x-risk-005,2023-06-30T17:00:00+00:00,873.982074
3x-risk-005,2023-06-30T17:00:00+00:00,861.438706
3x-risk-005,2023-07-01T01:00:00+00:00,842.435306
3x-risk-005,2023-07-01T13:00:00+00:00,800.615515
3x-risk-005,2023-07-02T22:00:00+00:00,769.242784
3x-risk-005,2023-07-04T03:00:00+00:00,959.621893
3x-risk-005,2023-07-05T08:00:00+00:00,954.505115
3x-risk-005,2023-07-05T10:00:00+00:00,912.236168
3x-risk-005,2023-07-06T14:00:00+00:00,924.61281
3x-risk-005,2023-07-08T03:00:00+00:00,903.409251
3x-risk-005,2023-07-10T00:00:00+00:00,888.242843
3x-risk-005,2023-07-10T18:00:00+00:00,875.116976
3x-risk-005,2023-07-10T19:00:00+00:00,869.821261
3x-risk-005,2023-07-10T22:00:00+00:00,853.701969
3x-risk-005,2023-07-10T22:00:00+00:00,849.150148
3x-risk-005,2023-07-11T14:00:00+00:00,841.443949
3x-risk-005,2023-07-11T20:00:00+00:00,824.297648
3x-risk-005,2023-07-12T01:00:00+00:00,809.054413
3x-risk-005,2023-07-12T19:00:00+00:00,796.318821
3x-risk-005,2023-07-13T15:00:00+00:00,786.858592
3x-risk-005,2023-07-13T15:00:00+00:00,810.875873
3x-risk-005,2023-07-13T15:00:00+00:00,838.981998
3x-risk-005,2023-07-13T16:00:00+00:00,788.393419
3x-risk-005,2023-07-17T05:00:00+00:00,784.332527
3x-risk-005,2023-07-17T10:00:00+00:00,781.34909
3x-risk-005,2023-08-07T16:00:00+00:00,791.638157
3x-risk-005,2023-08-07T22:00:00+00:00,786.478248
3x-risk-005,2023-08-08T12:00:00+00:00,783.440944
3x-risk-005,2023-08-08T18:00:00+00:00,786.543402
3x-risk-005,2023-08-09T10:00:00+00:00,786.958907
3x-risk-005,2023-08-09T17:00:00+00:00,786.855613
3x-risk-005,2023-08-12T10:00:00+00:00,786.809208
3x-risk-005,2023-08-13T05:00:00+00:00,786.721726
3x-risk-005,2023-08-13T16:00:00+00:00,786.61656
3x-risk-005,2023-08-13T22:00:00+00:00,783.688723
3x-risk-005,2023-08-13T22:00:00+00:00,783.631861
3x-risk-005,2023-08-14T05:00:00+00:00,782.382711
3x-risk-005,2023-08-15T19:00:00+00:00,788.32463
3x-risk-005,2023-08-17T15:00:00+00:00,795.275308
3x-risk-005,2023-08-17T21:00:00+00:00,990.308986
3x-risk-005,2023-08-24T15:00:00+00:00,984.286039
3x-risk-005,2023-08-25T14:00:00+00:00,977.923322
3x-risk-005,2023-08-29T14:00:00+00:00,973.693877
3x-risk-005,2023-08-29T14:00:00+00:00,968.879377
3x-risk-005,2023-08-29T14:00:00+00:00,963.365679
3x-risk-005,2023-08-30T03:00:00+00:00,959.604267
3x-risk-005,2023-08-31T17:00:00+00:00,913.788449
3x-risk-005,2023-09-10T04:00:00+00:00,936.719142
3x-risk-005,2023-09-10T04:00:00+00:00,1116.402532
3x-risk-005,2023-09-11T14:00:00+00:00,1223.706681
3x-risk-005,2023-09-18T12:00:00+00:00,1416.104562
3x-risk-005,2023-09-18T17:00:00+00:00,1347.509811
3x-risk-005,2023-09-19T00:00:00+00:00,1318.288428
3x-risk-005,2023-09-20T03:00:00+00:00,1268.592446
3x-risk-005,2023-09-20T09:00:00+00:00,1265.368629
3x-risk-005,2023-09-21T03:00:00+00:00,1261.85822
3x-risk-005,2023-09-21T06:00:00+00:00,1260.180018
3x-risk-005,2023-09-21T10:00:00+00:00,1193.922765
3x-risk-005,2023-09-27T11:00:00+00:00,1133.936431
3x-risk-005,2023-09-27T14:00:00+00:00,1076.067215
3x-risk-005,2023-09-27T14:00:00+00:00,1073.751131
3x-risk-005,2023-09-28T10:00:00+00:00,1040.657753
3x-risk-005,2023-09-28T15:00:00+00:00,1023.519286
3x-risk-005,2023-10-04T00:00:00+00:00,1000.469615
3x-risk-005,2023-10-06T21:00:00+00:00,971.483015
3x-risk-005,2023-10-07T06:00:00+00:00,950.591204
3x-risk-005,2023-10-07T08:00:00+00:00,942.551286
3x-risk-005,2023-10-08T04:00:00+00:00,921.112255
3x-risk-005,2023-10-08T13:00:00+00:00,904.474215
3x-risk-005,2023-10-09T11:00:00+00:00,939.288402
3x-risk-005,2023-10-15T13:00:00+00:00,907.780926
3x-risk-005,2023-10-16T02:00:00+00:00,878.705771
3x-risk-005,2023-10-16T12:00:00+00:00,959.233668
3x-risk-005,2023-10-16T13:00:00+00:00,1072.465338
3x-risk-005,2023-10-17T18:00:00+00:00,1017.709946
3x-risk-005,2023-10-18T11:00:00+00:00,965.080764
3x-risk-005,2023-10-19T01:00:00+00:00,961.781638
3x-risk-005,2023-10-19T06:00:00+00:00,958.467778
3x-risk-005,2023-10-19T16:00:00+00:00,955.687993
3x-risk-005,2023-10-19T17:00:00+00:00,953.975235
3x-risk-005,2023-10-20T02:00:00+00:00,951.835657
3x-risk-005,2023-10-20T03:00:00+00:00,901.799116
3x-risk-005,2023-10-20T07:00:00+00:00,901.530702
3x-risk-005,2023-10-20T17:00:00+00:00,894.455305
3x-risk-005,2023-10-21T13:00:00+00:00,1117.879044
3x-risk-005,2023-10-23T22:00:00+00:00,1311.365418
3x-risk-005,2023-10-24T02:00:00+00:00,1346.257066
3x-risk-005,2023-10-27T05:00:00+00:00,1295.66737
3x-risk-005,2023-10-27T17:00:00+00:00,1228.432992
3x-risk-005,2023-11-01T14:00:00+00:00,1160.969983
3x-risk-005,2023-11-01T14:00:00+00:00,1120.836792
3x-risk-005,2023-11-01T18:00:00+00:00,1062.917765
3x-risk-005,2023-11-01T18:00:00+00:00,1061.490162
3x-risk-005,2023-11-05T01:00:00+00:00,1209.629953
3x-risk-005,2023-11-05T17:00:00+00:00,1228.644342
3x-risk-005,2023-11-05T21:00:00+00:00,1213.631872
3x-risk-005,2023-11-06T01:00:00+00:00,1206.229593
3x-risk-005,2023-11-06T05:00:00+00:00,1177.335038
3x-risk-005,2023-11-06T22:00:00+00:00,1476.809038
3x-risk-005,2023-11-07T09:00:00+00:00,1459.976929
3x-risk-005,2023-11-07T09:00:00+00:00,1387.141316
3x-risk-005,2023-11-07T18:00:00+00:00,1337.708308
3x-risk-005,2023-11-08T03:00:00+00:00,1268.526998
3x-risk-005,2023-11-09T14:00:00+00:00,1491.378207
3x-risk-005,2023-11-09T16:00:00+00:00,1414.310169
3x-risk-005,2023-11-10T18:00:00+00:00,1356.760525
3x-risk-005,2023-11-12T00:00:00+00:00,1285.350003
3x-risk-005,2023-11-14T18:00:00+00:00,1509.131882
3x-risk-005,2023-11-16T00:00:00+00:00,1433.597334
3x-risk-005,2023-11-16T14:00:00+00:00,1358.624313
3x-risk-005,2023-11-17T17:00:00+00:00,1288.225175
3x-risk-005,2023-11-18T22:00:00+00:00,1261.757705
3x-risk-005,2023-11-20T02:00:00+00:00,1260.756572
3x-risk-005,2023-11-20T17:00:00+00:00,1210.203513
3x-risk-005,2023-11-21T14:00:00+00:00,1147.065235
3x-risk-005,2023-11-22T18:00:00+00:00,1095.371974
3x-risk-005,2023-11-23T05:00:00+00:00,1078.860317
3x-risk-005,2023-11-23T15:00:00+00:00,1064.863229
3x-risk-005,2023-11-26T16:00:00+00:00,1054.386328
3x-risk-005,2023-12-04T05:00:00+00:00,1325.272953
3x-risk-005,2023-12-04T09:00:00+00:00,1312.971184
3x-risk-005,2023-12-04T11:00:00+00:00,1245.032608
3x-risk-005,2023-12-04T20:00:00+00:00,1180.240688
3x-risk-005,2023-12-05T07:00:00+00:00,1134.479462
3x-risk-005,2023-12-06T05:00:00+00:00,1089.547259
3x-risk-005,2023-12-06T09:00:00+00:00,1036.856718
3x-risk-005,2023-12-06T11:00:00+00:00,983.060373
3x-risk-005,2023-12-07T04:00:00+00:00,952.965299
3x-risk-005,2023-12-07T09:00:00+00:00,910.003398
3x-risk-005,2023-12-07T13:00:00+00:00,903.840409
3x-risk-005,2023-12-07T14:00:00+00:00,856.599189
3x-risk-005,2023-12-07T19:00:00+00:00,855.925591
3x-risk-005,2023-12-08T06:00:00+00:00,1067.972167
3x-risk-005,2023-12-08T14:00:00+00:00,1067.478404
3x-risk-005,2023-12-09T00:00:00+00:00,1067.041296
3x-risk-005,2023-12-09T08:00:00+00:00,1066.360962
3x-risk-005,2023-12-09T23:00:00+00:00,1065.557282
3x-risk-005,2023-12-11T02:00:00+00:00,1004.09163
3x-risk-005,2023-12-11T12:00:00+00:00,951.961936
3x-risk-005,2023-12-18T01:00:00+00:00,912.286226
3x-risk-005,2023-12-18T10:00:00+00:00,998.769535
3x-risk-005,2023-12-19T14:00:00+00:00,946.885193
3x-risk-005,2023-12-20T02:00:00+00:00,942.517792
3x-risk-005,2023-12-20T13:00:00+00:00,893.838632
3x-risk-005,2023-12-20T19:00:00+00:00,891.602897
3x-risk-005,2023-12-20T20:00:00+00:00,889.412437
3x-risk-005,2023-12-21T06:00:00+00:00,887.081644
3x-risk-005,2023-12-21T10:00:00+00:00,903.816239
3x-risk-005,2023-12-22T07:00:00+00:00,944.379091
3x-risk-005,2023-12-26T09:00:00+00:00,888.527133
3x-risk-005,2023-12-26T16:00:00+00:00,871.069597
3x-risk-005,2023-12-26T17:00:00+00:00,995.34483
3x-risk-005,2023-12-27T10:00:00+00:00,984.745199
3x-risk-005,2023-12-28T07:00:00+00:00,948.26826
3x-risk-005,2024-01-01T18:00:00+00:00,944.856309
3x-risk-005,2024-01-02T09:00:00+00:00,913.861057
3x-risk-005,2024-01-02T14:00:00+00:00,866.993946
3x-risk-005,2024-01-03T05:00:00+00:00,821.008968
3x-risk-005,2024-01-03T12:00:00+00:00,814.445922
3x-risk-005,2024-01-03T12:00:00+00:00,819.444985
3x-risk-005,2024-01-03T12:00:00+00:00,785.734817
3x-risk-005,2024-01-03T13:00:00+00:00,756.035667
3x-risk-005,2024-01-04T04:00:00+00:00,733.460412
3x-risk-005,2024-01-05T14:00:00+00:00,703.694416
3x-risk-005,2024-01-05T20:00:00+00:00,701.461087
3x-risk-005,2024-01-06T06:00:00+00:00,696.132546
3x-risk-005,2024-01-06T16:00:00+00:00,681.342926
3x-risk-005,2024-01-06T21:00:00+00:00,697.354887
3x-risk-005,2024-01-07T17:00:00+00:00,694.884126
3x-risk-005,2024-01-08T12:00:00+00:00,689.170261
3x-risk-005,2024-01-10T21:00:00+00:00,721.227287
3x-risk-005,2024-01-12T06:00:00+00:00,717.184182
3x-risk-005,2024-01-14T19:00:00+00:00,709.78901
3x-risk-005,2024-01-14T19:00:00+00:00,704.66254
3x-risk-005,2024-01-15T06:00:00+00:00,654.281246
3x-risk-005,2024-01-16T05:00:00+00:00,626.342492
3x-risk-005,2024-01-16T14:00:00+00:00,628.145327
3x-risk-005,2024-01-16T14:00:00+00:00,599.539223
3x-risk-005,2024-01-18T16:00:00+00:00,617.460668
3x-risk-005,2024-01-18T16:00:00+00:00,710.86005
3x-risk-005,2024-01-18T16:00:00+00:00,677.627159
3x-risk-005,2024-01-18T23:00:00+00:00,654.545919
3x-risk-005,2024-01-19T04:00:00+00:00,644.272414
3x-risk-005,2024-01-19T15:00:00+00:00,621.518045
3x-risk-005,2024-01-19T19:00:00+00:00,614.04739
3x-risk-005,2024-01-22T09:00:00+00:00,581.59163
3x-risk-005,2024-01-22T10:00:00+00:00,578.116537
3x-risk-005,2024-01-25T21:00:00+00:00,569.015041
3x-risk-005,2024-01-26T02:00:00+00:00,565.825468
3x-risk-005,2024-01-26T16:00:00+00:00,537.558782
3x-risk-005,2024-01-26T19:00:00+00:00,553.750057
3x-risk-005,2024-01-28T22:00:00+00:00,525.253605
3x-risk-005,2024-01-30T02:00:00+00:00,520.446366
3x-risk-005,2024-01-30T11:00:00+00:00,650.433176
3x-risk-005,2024-01-31T05:00:00+00:00,689.766892
3x-risk-005,2024-02-01T01:00:00+00:00,825.076658
3x-risk-005,2024-02-01T17:00:00+00:00,782.492862
3x-risk-005,2024-02-02T00:00:00+00:00,771.087102
3x-risk-005,2024-02-02T13:00:00+00:00,767.165404
3x-risk-005,2024-02-03T13:00:00+00:00,757.245135
3x-risk-005,2024-02-04T22:00:00+00:00,725.380192
3x-risk-005,2024-02-05T05:00:00+00:00,700.171068
3x-risk-005,2024-02-05T15:00:00+00:00,680.773632
3x-risk-005,2024-02-06T02:00:00+00:00,671.267121
3x-risk-005,2024-02-07T17:00:00+00:00,726.299602
3x-risk-005,2024-02-07T21:00:00+00:00,719.896509
3x-risk-005,2024-02-09T01:00:00+00:00,682.519629
3x-risk-005,2024-02-09T13:00:00+00:00,647.561919
3x-risk-005,2024-02-10T18:00:00+00:00,618.153478
3x-risk-005,2024-02-11T04:00:00+00:00,655.043172
3x-risk-005,2024-02-11T05:00:00+00:00,740.578877
3x-risk-005,2024-02-12T15:00:00+00:00,704.982402
3x-risk-005,2024-02-13T13:00:00+00:00,666.796692
3x-risk-005,2024-02-15T03:00:00+00:00,821.757942
3x-risk-005,2024-02-16T05:00:00+00:00,781.429503
3x-risk-005,2024-02-20T01:00:00+00:00,737.443855
3x-risk-005,2024-02-20T15:00:00+00:00,726.679859
3x-risk-005,2024-02-20T22:00:00+00:00,720.496246
3x-risk-005,2024-02-21T07:00:00+00:00,716.62073
3x-risk-005,2024-02-21T23:00:00+00:00,712.842332
3x-risk-005,2024-02-22T16:00:00+00:00,710.362666
3x-risk-005,2024-02-23T02:00:00+00:00,862.290093
3x-risk-005,2024-02-25T02:00:00+00:00,860.335148
3x-risk-005,2024-02-26T00:00:00+00:00,1073.818559
3x-risk-005,2024-02-26T09:00:00+00:00,1070.343451
3x-risk-005,2024-02-26T09:00:00+00:00,1020.918505
3x-risk-005,2024-02-26T14:00:00+00:00,1002.175379
3x-risk-005,2024-02-26T15:00:00+00:00,1070.279371
3x-risk-005,2024-02-27T13:00:00+00:00,1034.126622
3x-risk-005,2024-02-28T09:00:00+00:00,982.020986
3x-risk-005,2024-02-28T10:00:00+00:00,977.554662
3x-risk-005,2024-02-28T17:00:00+00:00,925.503715
3x-risk-005,2024-02-28T22:00:00+00:00,877.327104
3x-risk-005,2024-02-29T07:00:00+00:00,831.8812
3x-risk-005,2024-02-29T22:00:00+00:00,789.022165
3x-risk-005,2024-03-02T02:00:00+00:00,777.024387
3x-risk-005,2024-03-02T09:00:00+00:00,730.631827
3x-risk-005,2024-03-02T09:00:00+00:00,714.91449
3x-risk-005,2024-03-03T00:00:00+00:00,773.060184
3x-risk-005,2024-03-03T07:00:00+00:00,924.056693
3x-risk-005,2024-03-03T07:00:00+00:00,911.354737
3x-risk-005,2024-03-03T20:00:00+00:00,908.834761
3x-risk-005,2024-03-05T04:00:00+00:00,906.051101
3x-risk-005,2024-03-05T14:00:00+00:00,903.538041
3x-risk-005,2024-03-05T14:00:00+00:00,902.956776
3x-risk-005,2024-03-05T16:00:00+00:00,844.091388
3x-risk-005,2024-03-05T16:00:00+00:00,801.36639
3x-risk-005,2024-03-07T14:00:00+00:00,867.593451
3x-risk-005,2024-03-08T15:00:00+00:00,820.363576
3x-risk-005,2024-03-08T15:00:00+00:00,802.014878
3x-risk-005,2024-03-09T03:00:00+00:00,787.024034
3x-risk-005,2024-03-09T10:00:00+00:00,764.781877
3x-risk-005,2024-03-09T17:00:00+00:00,760.26975
3x-risk-005,2024-03-10T12:00:00+00:00,716.579752
3x-risk-005,2024-03-10T21:00:00+00:00,680.233231
3x-risk-005,2024-03-11T11:00:00+00:00,644.672246
3x-risk-005,2024-03-12T06:00:00+00:00,611.636559
3x-risk-005,2024-03-12T18:00:00+00:00,581.089385
3x-risk-005,2024-03-14T13:00:00+00:00,547.291125
3x-risk-005,2024-03-15T02:00:00+00:00,518.666688
3x-risk-005,2024-03-15T20:00:00+00:00,491.698454
3x-risk-005,2024-03-16T17:00:00+00:00,613.280253
3x-risk-005,2024-03-20T18:00:00+00:00,581.799763
3x-risk-005,2024-03-22T19:00:00+00:00,551.420287
3x-risk-005,2024-03-22T23:00:00+00:00,522.491366
3x-risk-005,2024-03-23T03:00:00+00:00,498.558385
3x-risk-005,2024-03-24T04:00:00+00:00,472.368816
3x-risk-005,2024-03-24T09:00:00+00:00,465.201628
3x-risk-005,2024-03-24T10:00:00+00:00,461.497097
3x-risk-005,2024-03-24T21:00:00+00:00,438.767901
3x-risk-005,2024-03-26T10:00:00+00:00,512.334058
3x-risk-005,2024-03-27T07:00:00+00:00,496.813882
3x-risk-005,2024-04-01T05:00:00+00:00,474.129884
3x-risk-005,2024-04-02T02:00:00+00:00,456.003658
3x-risk-005,2024-04-05T16:00:00+00:00,433.993617
3x-risk-005,2024-04-08T08:00:00+00:00,423.847478
3x-risk-005,2024-04-09T04:00:00+00:00,416.059379
3x-risk-005,2024-04-10T12:00:00+00:00,455.170827
3x-risk-005,2024-04-10T12:00:00+00:00,448.437951
3x-risk-005,2024-04-12T18:00:00+00:00,565.676924
3x-risk-005,2024-04-12T18:00:00+00:00,558.168593
3x-risk-005,2024-04-12T18:00:00+00:00,545.521798
3x-risk-005,2024-04-28T18:00:00+00:00,672.142062
3x-risk-005,2024-04-28T23:00:00+00:00,646.496986
3x-risk-005,2024-04-29T23:00:00+00:00,615.744044
3x-risk-005,2024-04-30T08:00:00+00:00,589.367777
3x-risk-005,2024-05-07T11:00:00+00:00,571.47155
3x-risk-005,2024-05-07T20:00:00+00:00,541.783875
3x-risk-005,2024-05-13T02:00:00+00:00,558.200906
3x-risk-005,2024-05-13T03:00:00+00:00,692.094012
3x-risk-005,2024-05-13T06:00:00+00:00,670.148725
3x-risk-005,2024-05-14T06:00:00+00:00,640.598266
3x-risk-005,2024-05-14T06:00:00+00:00,607.490927
3x-risk-005,2024-05-14T10:00:00+00:00,576.488563
3x-risk-005,2024-05-15T12:00:00+00:00,574.304294
3x-risk-005,2024-05-15T12:00:00+00:00,564.211554
3x-risk-005,2024-05-15T12:00:00+00:00,542.048584
3x-risk-005,2024-05-16T12:00:00+00:00,533.83629
3x-risk-005,2024-05-17T14:00:00+00:00,541.580664
3x-risk-005,2024-05-20T04:00:00+00:00,535.81773
3x-risk-005,2024-05-20T12:00:00+00:00,527.060357
3x-risk-005,2024-05-20T16:00:00+00:00,527.028526
3x-risk-005,2024-05-20T19:00:00+00:00,661.22334
3x-risk-005,2024-05-20T21:00:00+00:00,726.59475
3x-risk-005,2024-05-22T18:00:00+00:00,689.79502
3x-risk-005,2024-05-23T01:00:00+00:00,654.727115
3x-risk-005,2024-05-24T18:00:00+00:00,622.144382
3x-risk-005,2024-05-24T18:00:00+00:00,612.124165
3x-risk-005,2024-05-26T20:00:00+00:00,600.852729
3x-risk-005,2024-05-30T07:00:00+00:00,600.660226
3x-risk-005,2024-05-30T18:00:00+00:00,600.399319
3x-risk-005,2024-05-31T00:00:00+00:00,600.175828
3x-risk-005,2024-05-31T12:00:00+00:00,600.005129
3x-risk-005,2024-05-31T14:00:00+00:00,646.928513
3x-risk-005,2024-06-05T01:00:00+00:00,631.217952
3x-risk-005,2024-06-06T14:00:00+00:00,701.452555
3x-risk-005,2024-06-07T18:00:00+00:00,785.496309
3x-risk-005,2024-06-11T13:00:00+00:00,947.237349
3x-risk-005,2024-06-17T10:00:00+00:00,912.452981
3x-risk-005,2024-06-17T18:00:00+00:00,887.359604
3x-risk-005,2024-06-19T03:00:00+00:00,845.682774
3x-risk-005,2024-06-21T07:00:00+00:00,818.746805
3x-risk-005,2024-06-21T10:00:00+00:00,803.678315
3x-risk-005,2024-06-21T19:00:00+00:00,794.034082
3x-risk-005,2024-06-22T08:00:00+00:00,770.438789
3x-risk-005,2024-06-24T09:00:00+00:00,830.846795
3x-risk-005,2024-06-24T12:00:00+00:00,788.955919
3x-risk-005,2024-06-24T17:00:00+00:00,776.175199
3x-risk-005,2024-06-24T19:00:00+00:00,935.189895
3x-risk-005,2024-06-24T20:00:00+00:00,937.694727
3x-risk-005,2024-06-26T10:00:00+00:00,887.704626
3x-risk-005,2024-06-26T20:00:00+00:00,841.622123
3x-risk-005,2024-06-27T05:00:00+00:00,798.322833
3x-risk-005,2024-06-27T13:00:00+00:00,758.442126
3x-risk-005,2024-06-28T21:00:00+00:00,722.192387
3x-risk-005,2024-06-30T07:00:00+00:00,687.026018
3x-risk-005,2024-06-30T18:00:00+00:00,665.727185
3x-risk-005,2024-07-03T01:00:00+00:00,637.821158
3x-risk-005,2024-07-03T03:00:00+00:00,608.029156
3x-risk-005,2024-07-04T01:00:00+00:00,751.705777
3x-risk-005,2024-07-04T12:00:00+00:00,757.226317
3x-risk-005,2024-07-08T08:00:00+00:00,719.070843
3x-risk-005,2024-07-12T01:00:00+00:00,688.177244
3x-risk-005,2024-07-12T13:00:00+00:00,664.7567
3x-risk-005,2024-07-12T20:00:00+00:00,634.352801
3x-risk-005,2024-07-15T15:00:00+00:00,790.218679
3x-risk-005,2024-07-21T15:00:00+00:00,912.69117
3x-risk-005,2024-07-24T05:00:00+00:00,1076.12047
3x-risk-005,2024-07-25T01:00:00+00:00,1271.843187
3x-risk-005,2024-07-25T20:00:00+00:00,1586.474789
3x-risk-005,2024-07-27T17:00:00+00:00,1579.78138
3x-risk-005,2024-07-27T20:00:00+00:00,1496.99173
3x-risk-005,2024-07-29T23:00:00+00:00,1867.296672
3x-risk-005,2024-07-30T19:00:00+00:00,1900.060487
3x-risk-005,2024-07-30T20:00:00+00:00,2233.292624
3x-risk-005,2024-08-01T01:00:00+00:00,2116.812656
3x-risk-005,2024-08-03T00:00:00+00:00,2561.904586
3x-risk-005,2024-08-13T03:00:00+00:00,2527.201413
3x-risk-005,2024-08-13T14:00:00+00:00,2465.533618
3x-risk-005,2024-08-15T18:00:00+00:00,2332.317103
3x-risk-005,2024-08-15T18:00:00+00:00,2305.385663
3x-risk-005,2024-08-16T08:00:00+00:00,2231.764623
3x-risk-005,2024-08-16T11:00:00+00:00,2115.687349
3x-risk-005,2024-08-16T19:00:00+00:00,2039.83402
3x-risk-005,2024-08-19T00:00:00+00:00,1933.278116
3x-risk-005,2024-08-19T13:00:00+00:00,1933.116215
3x-risk-005,2024-08-19T17:00:00+00:00,1897.993247
3x-risk-005,2024-08-19T20:00:00+00:00,1885.640012
3x-risk-005,2024-08-20T00:00:00+00:00,1785.88743
3x-risk-005,2024-08-20T07:00:00+00:00,1878.594748
3x-risk-005,2024-08-20T14:00:00+00:00,1800.009373
3x-risk-005,2024-08-20T14:00:00+00:00,1707.375642
3x-risk-005,2024-08-20T15:00:00+00:00,1707.183291
3x-risk-005,2024-08-21T17:00:00+00:00,1631.08935
3x-risk-005,2024-08-23T17:00:00+00:00,1726.621421
3x-risk-005,2024-08-23T21:00:00+00:00,2130.43129
3x-risk-005,2024-08-27T11:00:00+00:00,2077.049345
3x-risk-005,2024-08-31T16:00:00+00:00,2026.609103
3x-risk-005,2024-09-01T05:00:00+00:00,2369.352141
3x-risk-005,2024-09-02T08:00:00+00:00,2279.436385
3x-risk-005,2024-09-02T09:00:00+00:00,2203.92522
3x-risk-005,2024-09-02T14:00:00+00:00,2123.20648
3x-risk-005,2024-09-03T13:00:00+00:00,2054.256043
3x-risk-005,2024-09-03T15:00:00+00:00,1994.578232
3x-risk-005,2024-09-08T04:00:00+00:00,1937.96573
3x-risk-005,2024-09-08T14:00:00+00:00,1902.530756
3x-risk-005,2024-09-08T21:00:00+00:00,1872.673695
3x-risk-005,2024-09-11T17:00:00+00:00,1770.458478
3x-risk-005,2024-09-14T05:00:00+00:00,1952.907233
3x-risk-005,2024-09-15T18:00:00+00:00,1917.982737
3x-risk-005,2024-09-15T23:00:00+00:00,1866.374285
3x-risk-005,2024-09-17T14:00:00+00:00,1771.849656
3x-risk-005,2024-09-18T23:00:00+00:00,1732.889325
3x-risk-005,2024-09-19T00:00:00+00:00,1911.561387
3x-risk-005,2024-09-26T16:00:00+00:00,2045.271937
3x-risk-005,2024-09-30T10:00:00+00:00,2022.060398
3x-risk-005,2024-10-01T15:00:00+00:00,1917.633482
3x-risk-005,2024-10-01T17:00:00+00:00,2019.4608
3x-risk-005,2024-10-04T08:00:00+00:00,2193.105256
3x-risk-005,2024-10-14T15:00:00+00:00,2098.662965
3x-risk-005,2024-10-16T11:00:00+00:00,2067.684462
3x-risk-005,2024-10-20T22:00:00+00:00,2029.002276
3x-risk-005,2024-10-21T13:00:00+00:00,1991.267724
3x-risk-005,2024-10-24T21:00:00+00:00,1952.614635
3x-risk-005,2024-10-25T17:00:00+00:00,1921.284349
3x-risk-005,2024-10-27T17:00:00+00:00,1897.596616
3x-risk-005,2024-11-01T02:00:00+00:00,1864.347574
3x-risk-005,2024-11-03T14:00:00+00:00,1807.683208
3x-risk-005,2024-11-06T01:00:00+00:00,1755.068539
3x-risk-005,2024-11-07T17:00:00+00:00,1964.028317
3x-risk-005,2024-11-12T00:00:00+00:00,1885.743814
3x-risk-005,2024-11-14T14:00:00+00:00,1787.302595
3x-risk-005,2024-11-14T23:00:00+00:00,1700.454759
3x-risk-005,2024-11-15T09:00:00+00:00,1633.258351
3x-risk-005,2024-11-16T11:00:00+00:00,1606.59101
3x-risk-005,2024-11-16T11:00:00+00:00,1549.630566
3x-risk-005,2024-11-16T15:00:00+00:00,1493.09128
3x-risk-005,2024-11-16T22:00:00+00:00,1472.174093
3x-risk-005,2024-11-17T14:00:00+00:00,1437.428225
3x-risk-005,2024-11-18T03:00:00+00:00,1425.700853
3x-risk-005,2024-11-18T15:00:00+00:00,1353.613471
3x-risk-005,2024-11-18T15:00:00+00:00,1423.137444
3x-risk-005,2024-11-18T15:00:00+00:00,1381.178042
3x-risk-005,2024-11-18T19:00:00+00:00,1356.788081
3x-risk-005,2024-11-18T23:00:00+00:00,1382.252836
3x-risk-005,2024-11-20T08:00:00+00:00,1382.138462
3x-risk-005,2024-11-21T13:00:00+00:00,1373.428988
3x-risk-005,2024-11-23T07:00:00+00:00,1436.197113
3x-risk-005,2024-11-26T00:00:00+00:00,1404.374707
3x-risk-005,2024-11-26T01:00:00+00:00,1396.287433
3x-risk-005,2024-11-27T04:00:00+00:00,1373.902272
3x-risk-005,2024-12-01T15:00:00+00:00,1474.372883
3x-risk-005,2024-12-02T04:00:00+00:00,1447.254183
3x-risk-005,2024-12-03T01:00:00+00:00,1422.78984
3x-risk-005,2024-12-04T00:00:00+00:00,1404.97724
3x-risk-005,2024-12-04T20:00:00+00:00,1475.615606
3x-risk-005,2024-12-05T03:00:00+00:00,1816.814014
3x-risk-005,2024-12-05T20:00:00+00:00,1719.145409
3x-risk-005,2024-12-05T20:00:00+00:00,1676.457504
3x-risk-005,2024-12-08T23:00:00+00:00,1671.77677
3x-risk-005,2024-12-09T17:00:00+00:00,1576.981604
3x-risk-005,2024-12-18T20:00:00+00:00,1522.839792
3x-risk-005,2024-12-23T20:00:00+00:00,1438.792255
3x-risk-005,2024-12-24T02:00:00+00:00,1364.780269
3x-risk-005,2024-12-24T17:00:00+00:00,1293.74318
3x-risk-005,2024-12-24T23:00:00+00:00,1283.000608
3x-risk-005,2024-12-26T10:00:00+00:00,1214.456987
3x-risk-005,2024-12-26T20:00:00+00:00,1288.350704
3x-risk-005,2024-12-28T22:00:00+00:00,1256.44908
3x-risk-005,2024-12-30T01:00:00+00:00,1228.600881
3x-risk-005,2024-12-30T01:00:00+00:00,1219.9315
3x-risk-005,2024-12-30T06:00:00+00:00,1194.877242
3x-risk-005,2024-12-30T06:00:00+00:00,1178.614046
3x-risk-005,2024-12-30T06:00:00+00:00,1166.531063
3x-risk-005,2024-12-30T13:00:00+00:00,1145.204214
3x-risk-005,2024-12-30T13:00:00+00:00,1133.688722
3x-risk-005,2024-12-30T18:00:00+00:00,1110.495756
3x-risk-005,2024-12-30T18:00:00+00:00,1105.718562
3x-risk-005,2024-12-30T18:00:00+00:00,1092.679348
3x-risk-005,2024-12-31T08:00:00+00:00,1082.016358
3x-risk-005,2024-12-31T22:00:00+00:00,1067.908727
3x-risk-005,2025-01-01T08:00:00+00:00,1059.538661
3x-risk-005,2025-01-01T19:00:00+00:00,1041.848598
3x-risk-005,2025-01-03T15:00:00+00:00,1083.740964
3x-risk-005,2025-01-03T16:00:00+00:00,1026.449375
3x-risk-005,2025-01-05T14:00:00+00:00,987.466921
3x-risk-005,2025-01-06T01:00:00+00:00,958.838789
3x-risk-005,2025-01-07T15:00:00+00:00,917.610384
3x-risk-005,2025-01-13T00:00:00+00:00,888.244442
3x-risk-005,2025-01-13T00:00:00+00:00,872.92865
3x-risk-005,2025-01-13T00:00:00+00:00,830.126764
3x-risk-005,2025-01-14T01:00:00+00:00,819.745884
3x-risk-005,2025-01-15T14:00:00+00:00,777.696617
3x-risk-005,2025-01-17T19:00:00+00:00,849.366
3x-risk-005,2025-01-19T09:00:00+00:00,816.958179
3x-risk-005,2025-01-19T21:00:00+00:00,774.914256
3x-risk-005,2025-01-19T21:00:00+00:00,740.398453
3x-risk-005,2025-01-20T07:00:00+00:00,702.920149
3x-risk-005,2025-01-20T12:00:00+00:00,666.505297
3x-risk-005,2025-01-21T16:00:00+00:00,650.933594
3x-risk-005,2025-01-22T08:00:00+00:00,616.782691
3x-risk-005,2025-01-22T11:00:00+00:00,599.82632
3x-risk-005,2025-01-23T23:00:00+00:00,581.650099
3x-risk-005,2025-02-02T16:00:00+00:00,706.593458
3x-risk-005,2025-02-07T14:00:00+00:00,670.338602
3x-risk-005,2025-02-07T19:00:00+00:00,636.139551
3x-risk-005,2025-02-10T13:00:00+00:00,608.058836
3x-risk-005,2025-02-11T16:00:00+00:00,590.270121
3x-risk-005,2025-02-12T20:00:00+00:00,589.896125
3x-risk-005,2025-02-13T06:00:00+00:00,589.523558
3x-risk-005,2025-02-14T09:00:00+00:00,589.295206
3x-risk-005,2025-02-14T15:00:00+00:00,558.027856
3x-risk-005,2025-02-16T18:00:00+00:00,557.714782
3x-risk-005,2025-02-16T23:00:00+00:00,548.042885
3x-risk-005,2025-02-17T00:00:00+00:00,547.875276
3x-risk-005,2025-02-20T12:00:00+00:00,528.955027
3x-risk-005,2025-02-21T15:00:00+00:00,503.122841
3x-risk-005,2025-02-21T17:00:00+00:00,491.050033
3x-risk-005,2025-02-22T05:00:00+00:00,489.455697
3x-risk-005,2025-02-22T16:00:00+00:00,486.784631
3x-risk-005,2025-02-23T12:00:00+00:00,483.563386
3x-risk-005,2025-02-24T19:00:00+00:00,495.130954
3x-risk-005,2025-02-25T10:00:00+00:00,615.779804
3x-risk-005,2025-03-07T00:00:00+00:00,584.009295
3x-risk-005,2025-03-07T05:00:00+00:00,562.967002
3x-risk-005,2025-03-07T13:00:00+00:00,533.673331
3x-risk-005,2025-03-07T16:00:00+00:00,510.673984
3x-risk-005,2025-03-07T18:00:00+00:00,485.039324
3x-risk-005,2025-03-07T21:00:00+00:00,483.813609
3x-risk-005,2025-03-09T10:00:00+00:00,492.192395
3x-risk-005,2025-03-09T12:00:00+00:00,554.807542
3x-risk-005,2025-03-10T17:00:00+00:00,692.029313
3x-risk-005,2025-03-14T10:00:00+00:00,660.038294
3x-risk-005,2025-03-17T12:00:00+00:00,649.73703
3x-risk-005,2025-03-17T17:00:00+00:00,637.801318
3x-risk-005,2025-03-18T01:00:00+00:00,626.893981
3x-risk-005,2025-03-18T11:00:00+00:00,617.451738
3x-risk-005,2025-03-18T13:00:00+00:00,583.292029
3x-risk-005,2025-03-18T13:00:00+00:00,583.005796
3x-risk-005,2025-03-18T22:00:00+00:00,577.092228
3x-risk-005,2025-03-18T22:00:00+00:00,547.166131
3x-risk-005,2025-03-18T22:00:00+00:00,546.085137
3x-risk-005,2025-03-19T00:00:00+00:00,529.435358
3x-risk-005,2025-03-19T11:00:00+00:00,606.401453
3x-risk-005,2025-03-21T01:00:00+00:00,606.952893
3x-risk-005,2025-03-21T10:00:00+00:00,575.292316
3x-risk-005,2025-03-22T06:00:00+00:00,554.420526
3x-risk-005,2025-03-22T23:00:00+00:00,539.126752
3x-risk-005,2025-03-24T04:00:00+00:00,619.869669
3x-risk-005,2025-03-26T18:00:00+00:00,619.782918
3x-risk-005,2025-03-29T10:00:00+00:00,606.963607
3x-risk-005,2025-03-29T16:00:00+00:00,723.802209
3x-risk-005,2025-04-01T14:00:00+00:00,686.016743
3x-risk-005,2025-04-02T20:00:00+00:00,651.890083
3x-risk-005,2025-04-02T20:00:00+00:00,618.074816
3x-risk-005,2025-04-03T02:00:00+00:00,596.222329
3x-risk-005,2025-04-06T18:00:00+00:00,712.396751
3x-risk-005,2025-04-19T07:00:00+00:00,706.235784
3x-risk-005,2025-04-20T09:00:00+00:00,702.773506
3x-risk-005,2025-04-21T00:00:00+00:00,698.228408
3x-risk-005,2025-04-22T01:00:00+00:00,874.450489
3x-risk-005,2025-04-22T07:00:00+00:00,832.364327
3x-risk-005,2025-04-26T09:00:00+00:00,789.028154
3x-risk-005,2025-04-27T01:00:00+00:00,748.156928
3x-risk-005,2025-04-28T10:00:00+00:00,714.001549
3x-risk-005,2025-04-28T13:00:00+00:00,710.243099
3x-risk-005,2025-04-28T15:00:00+00:00,707.956907
3x-risk-005,2025-04-29T06:00:00+00:00,705.571087
3x-risk-005,2025-04-29T16:00:00+00:00,704.266499
3x-risk-005,2025-04-29T21:00:00+00:00,702.657913
3x-risk-005,2025-04-30T10:00:00+00:00,701.045221
3x-risk-005,2025-04-30T13:00:00+00:00,664.139509
3x-risk-005,2025-05-01T02:00:00+00:00,642.44916
3x-risk-005,2025-05-02T03:00:00+00:00,640.669841
3x-risk-005,2025-05-02T07:00:00+00:00,639.270908
3x-risk-005,2025-05-04T13:00:00+00:00,637.092072
3x-risk-005,2025-05-04T13:00:00+00:00,641.33823
3x-risk-005,2025-05-05T01:00:00+00:00,621.38383
3x-risk-005,2025-05-05T16:00:00+00:00,617.023214
3x-risk-005,2025-05-06T22:00:00+00:00,612.866031
3x-risk-005,2025-05-07T00:00:00+00:00,595.231478
3x-risk-005,2025-05-09T23:00:00+00:00,732.03108
3x-risk-005,2025-05-13T11:00:00+00:00,709.983403
3x-risk-005,2025-05-15T16:00:00+00:00,706.674584
3x-risk-005,2025-05-17T01:00:00+00:00,703.468825
3x-risk-005,2025-05-18T14:00:00+00:00,667.775745
3x-risk-005,2025-05-18T23:00:00+00:00,636.493792
3x-risk-005,2025-05-19T15:00:00+00:00,625.622053
3x-risk-005,2025-05-20T00:00:00+00:00,593.086688
3x-risk-005,2025-05-21T03:00:00+00:00,589.233829
3x-risk-005,2025-05-21T09:00:00+00:00,584.813243
3x-risk-005,2025-05-21T11:00:00+00:00,581.382622
3x-risk-005,2025-05-21T17:00:00+00:00,578.433465
3x-risk-005,2025-05-22T01:00:00+00:00,586.203201
3x-risk-005,2025-05-22T13:00:00+00:00,574.788934
3x-risk-005,2025-05-30T00:00:00+00:00,633.555074
3x-risk-005,2025-05-30T16:00:00+00:00,600.667102
3x-risk-005,2025-06-04T15:00:00+00:00,574.315117
3x-risk-005,2025-06-09T21:00:00+00:00,545.836585
3x-risk-005,2025-06-22T14:00:00+00:00,603.455961
3x-risk-005,2025-07-02T16:00:00+00:00,584.450094
3x-risk-005,2025-07-04T13:00:00+00:00,564.649658
3x-risk-005,2025-07-06T21:00:00+00:00,544.322435
3x-risk-005,2025-07-07T13:00:00+00:00,536.062037
3x-risk-005,2025-07-08T17:00:00+00:00,518.974429
3x-risk-005,2025-07-08T17:00:00+00:00,512.73952
3x-risk-005,2025-07-10T07:00:00+00:00,586.701073
3x-risk-005,2025-07-14T20:00:00+00:00,556.578821
3x-risk-005,2025-07-15T18:00:00+00:00,535.290668
3x-risk-005,2025-07-16T16:00:00+00:00,578.235545
3x-risk-005,2025-07-16T18:00:00+00:00,669.85231
3x-risk-005,2025-07-17T12:00:00+00:00,640.240325
3x-risk-005,2025-07-18T14:00:00+00:00,610.779524
3x-risk-005,2025-07-21T07:00:00+00:00,580.922707
3x-risk-005,2025-07-21T12:00:00+00:00,564.377466
3x-risk-005,2025-07-22T07:00:00+00:00,553.965917
3x-risk-005,2025-07-22T17:00:00+00:00,530.568254
3x-risk-005,2025-07-23T08:00:00+00:00,528.976119
3x-risk-005,2025-07-23T12:00:00+00:00,501.150023
3x-risk-005,2025-07-24T00:00:00+00:00,489.878161
3x-risk-005,2025-07-24T04:00:00+00:00,477.908387
3x-risk-005,2025-07-24T08:00:00+00:00,464.153969
3x-risk-005,2025-07-25T01:00:00+00:00,440.081585
3x-risk-005,2025-07-27T16:00:00+00:00,425.391521
3x-risk-005,2025-07-28T04:00:00+00:00,525.540865
3x-risk-005,2025-07-28T17:00:00+00:00,503.468533
3x-risk-005,2025-07-30T14:00:00+00:00,500.650863
3x-risk-005,2025-07-30T23:00:00+00:00,497.801651
3x-risk-005,2025-08-01T13:00:00+00:00,622.181062
3x-risk-005,2025-08-01T18:00:00+00:00,633.731136
3x-risk-005,2025-08-05T17:00:00+00:00,628.325511
3x-risk-005,2025-08-06T08:00:00+00:00,595.595513
3x-risk-005,2025-08-07T10:00:00+00:00,585.408497
3x-risk-005,2025-08-09T05:00:00+00:00,586.321736
3x-risk-005,2025-08-13T22:00:00+00:00,677.371417
3x-risk-005,2025-08-20T21:00:00+00:00,678.041713
3x-risk-005,2025-08-22T14:00:00+00:00,677.846732
3x-risk-005,2025-08-24T06:00:00+00:00,677.661469
3x-risk-005,2025-08-24T17:00:00+00:00,677.471641
3x-risk-005,2025-08-24T20:00:00+00:00,677.351511
3x-risk-005,2025-08-25T03:00:00+00:00,677.215269
3x-risk-005,2025-08-25T20:00:00+00:00,797.96471
3x-risk-005,2025-08-29T06:00:00+00:00,757.139758
3x-risk-005,2025-09-01T00:00:00+00:00,868.708998
3x-risk-005,2025-09-01T11:00:00+00:00,841.420332
3x-risk-005,2025-09-01T14:00:00+00:00,797.935406
3x-risk-005,2025-09-03T14:00:00+00:00,795.834154
3x-risk-005,2025-09-03T14:00:00+00:00,772.623464
3x-risk-005,2025-09-04T05:00:00+00:00,733.088023
3x-risk-005,2025-09-04T06:00:00+00:00,714.643636
3x-risk-005,2025-09-05T13:00:00+00:00,694.480097
3x-risk-005,2025-09-05T14:00:00+00:00,658.764354
3x-risk-005,2025-09-10T12:00:00+00:00,727.851309
3x-risk-005,2025-09-11T12:00:00+00:00,868.738396
3x-risk-005,2025-09-18T01:00:00+00:00,1035.810477
3x-risk-005,2025-09-19T11:00:00+00:00,982.074675
3x-risk-005,2025-09-22T05:00:00+00:00,1126.45913
3x-risk-005,2025-09-23T03:00:00+00:00,1115.019068
3x-risk-005,2025-09-24T03:00:00+00:00,1071.073344
3x-risk-005,2025-09-24T13:00:00+00:00,1018.044232
3x-risk-005,2025-09-29T11:00:00+00:00,1015.030039
3x-risk-005,2025-09-29T13:00:00+00:00,962.039872
3x-risk-005,2025-09-29T14:00:00+00:00,927.604731
3x-risk-005,2025-09-30T07:00:00+00:00,879.210817
3x-risk-005,2025-09-30T15:00:00+00:00,874.412551
3x-risk-005,2025-09-30T17:00:00+00:00,1092.043033
3x-risk-005,2025-09-30T19:00:00+00:00,1035.320263
3x-risk-005,2025-09-30T19:00:00+00:00,981.216532
3x-risk-005,2025-10-01T19:00:00+00:00,1199.867834
3x-risk-005,2025-10-02T18:00:00+00:00,1210.451211
3x-risk-005,2025-10-04T14:00:00+00:00,1148.295867
3x-risk-005,2025-10-05T02:00:00+00:00,1088.715241
3x-risk-005,2025-10-05T11:00:00+00:00,1031.495792
3x-risk-005,2025-10-05T17:00:00+00:00,977.928714
3x-risk-005,2025-10-05T19:00:00+00:00,974.590865
3x-risk-005,2025-10-06T10:00:00+00:00,971.02361
3x-risk-005,2025-10-06T18:00:00+00:00,918.871209
3x-risk-005,2025-10-07T02:00:00+00:00,883.459812
3x-risk-005,2025-10-07T12:00:00+00:00,883.280416
3x-risk-005,2025-10-07T14:00:00+00:00,880.245209
3x-risk-005,2025-10-08T17:00:00+00:00,877.473898
3x-risk-005,2025-10-08T17:00:00+00:00,875.58321
3x-risk-005,2025-10-09T02:00:00+00:00,874.304492
3x-risk-005,2025-10-09T08:00:00+00:00,875.253873
3x-risk-005,2025-10-09T12:00:00+00:00,874.051491
3x-risk-005,2025-10-10T15:00:00+00:00,1087.223018
3x-risk-005,2025-10-10T15:00:00+00:00,1057.195196
3x-risk-005,2025-10-10T21:00:00+00:00,1061.504469
3x-risk-005,2025-10-10T21:00:00+00:00,1069.614832
3x-risk-005,2025-10-15T13:00:00+00:00,1013.601426
3x-risk-005,2025-10-21T14:00:00+00:00,961.24431
3x-risk-005,2025-10-21T14:00:00+00:00,911.710168
3x-risk-005,2025-10-21T21:00:00+00:00,864.983261
3x-risk-005,2025-10-23T13:00:00+00:00,825.204985
3x-risk-005,2025-10-23T21:00:00+00:00,782.968045
3x-risk-005,2025-10-24T04:00:00+00:00,741.983745
3x-risk-005,2025-10-28T20:00:00+00:00,741.302141
3x-risk-005,2025-10-28T20:00:00+00:00,730.068771
3x-risk-005,2025-10-30T04:00:00+00:00,690.783428
3x-risk-005,2025-10-30T10:00:00+00:00,670.834532
3x-risk-005,2025-11-03T15:00:00+00:00,834.106691
3x-risk-005,2025-11-03T15:00:00+00:00,872.342012
3x-risk-005,2025-11-04T05:00:00+00:00,961.167643
3x-risk-005,2025-11-12T15:00:00+00:00,910.186524
3x-risk-005,2025-11-13T19:00:00+00:00,1106.911865
3x-risk-005,2025-11-14T12:00:00+00:00,1116.511591
3x-risk-005,2025-11-25T14:00:00+00:00,1079.546835
3x-risk-005,2025-11-28T22:00:00+00:00,1057.594772
3x-risk-005,2025-12-01T03:00:00+00:00,1212.961695
3x-risk-005,2025-12-07T09:00:00+00:00,1176.057305
3x-risk-005,2025-12-07T17:00:00+00:00,1140.04765
3x-risk-005,2025-12-07T22:00:00+00:00,1113.007401
3x-risk-005,2025-12-10T20:00:00+00:00,1283.481206
3x-risk-005,2025-12-11T21:00:00+00:00,1241.761841
3x-risk-005,2025-12-12T15:00:00+00:00,1211.375032
3x-risk-005,2025-12-12T15:00:00+00:00,1193.23406
3x-risk-005,2025-12-13T08:00:00+00:00,1156.658288
3x-risk-005,2025-12-15T14:00:00+00:00,1135.691713
3x-risk-005,2025-12-15T15:00:00+00:00,1133.184328
3x-risk-005,2026-01-01T00:00:00+00:00,1134.181207
3x-risk-005,2026-01-01T00:00:00+00:00,1227.349254
3x-risk-005,2026-01-01T00:00:00+00:00,1336.22462
5x-risk-001,2021-01-21T10:00:00+00:00,105.394992
5x-risk-001,2021-01-27T11:00:00+00:00,104.210617
5x-risk-001,2021-01-28T02:00:00+00:00,103.16208
5x-risk-001,2021-01-29T19:00:00+00:00,101.975952
5x-risk-001,2021-01-30T13:00:00+00:00,100.942196
5x-risk-001,2021-01-31T03:00:00+00:00,105.990967
5x-risk-001,2021-01-31T09:00:00+00:00,110.701233
5x-risk-001,2021-02-01T10:00:00+00:00,115.779497
5x-risk-001,2021-02-01T15:00:00+00:00,114.612375
5x-risk-001,2021-02-01T17:00:00+00:00,113.326347
5x-risk-001,2021-02-01T22:00:00+00:00,112.282055
5x-risk-001,2021-02-02T04:00:00+00:00,117.753364
5x-risk-001,2021-02-02T20:00:00+00:00,123.288286
5x-risk-001,2021-02-03T14:00:00+00:00,129.117073
5x-risk-001,2021-02-04T08:00:00+00:00,135.431454
5x-risk-001,2021-02-10T12:00:00+00:00,133.400813
5x-risk-001,2021-02-16T06:00:00+00:00,131.994084
5x-risk-001,2021-02-17T07:00:00+00:00,130.822095
5x-risk-001,2021-02-22T10:00:00+00:00,128.424756
5x-risk-001,2021-03-06T22:00:00+00:00,127.087558
5x-risk-001,2021-03-08T07:00:00+00:00,125.774579
5x-risk-001,2021-03-08T19:00:00+00:00,124.729784
5x-risk-001,2021-03-08T23:00:00+00:00,130.95161
5x-risk-001,2021-03-09T00:00:00+00:00,129.742651
5x-risk-001,2021-03-09T03:00:00+00:00,135.880469
5x-risk-001,2021-03-09T08:00:00+00:00,134.587397
5x-risk-001,2021-03-13T11:00:00+00:00,133.22602
5x-risk-001,2021-03-15T04:00:00+00:00,131.82683
5x-risk-001,2021-03-17T13:00:00+00:00,130.566003
5x-risk-001,2021-03-18T14:00:00+00:00,135.001787
5x-risk-001,2021-03-19T09:00:00+00:00,133.656407
5x-risk-001,2021-03-21T00:00:00+00:00,131.901799
5x-risk-001,2021-03-21T04:00:00+00:00,130.370149
5x-risk-001,2021-03-21T09:00:00+00:00,128.6572
5x-risk-001,2021-03-21T21:00:00+00:00,127.378274
5x-risk-001,2021-03-22T03:00:00+00:00,126.03655
5x-risk-001,2021-03-22T19:00:00+00:00,132.238501
5x-risk-001,2021-03-22T19:00:00+00:00,130.788011
5x-risk-001,2021-03-22T20:00:00+00:00,129.048193
5x-risk-001,2021-03-24T19:00:00+00:00,135.142531
5x-risk-001,2021-03-27T16:00:00+00:00,133.721639
5x-risk-001,2021-04-02T03:00:00+00:00,132.615795
5x-risk-001,2021-04-02T13:00:00+00:00,131.535495
5x-risk-001,2021-04-03T16:00:00+00:00,129.782
5x-risk-001,2021-04-04T11:00:00+00:00,128.428046
5x-risk-001,2021-04-05T02:00:00+00:00,127.017101
5x-risk-001,2021-04-05T08:00:00+00:00,125.824815
5x-risk-001,2021-04-05T15:00:00+00:00,124.697864
5x-risk-001,2021-04-06T12:00:00+00:00,130.238642
5x-risk-001,2021-04-06T14:00:00+00:00,128.958783
5x-risk-001,2021-04-09T00:00:00+00:00,127.774081
5x-risk-001,2021-04-09T05:00:00+00:00,126.621659
5x-risk-001,2021-04-09T11:00:00+00:00,125.620507
5x-risk-001,2021-04-12T19:00:00+00:00,131.067519
5x-risk-001,2021-04-13T14:00:00+00:00,137.217893
5x-risk-001,2021-04-14T00:00:00+00:00,143.702193
5x-risk-001,2021-04-14T06:00:00+00:00,149.740122
5x-risk-001,2021-05-05T15:00:00+00:00,148.330852
5x-risk-001,2021-05-06T18:00:00+00:00,146.824416
5x-risk-001,2021-05-07T11:00:00+00:00,145.390181
5x-risk-001,2021-05-07T17:00:00+00:00,144.058386
5x-risk-001,2021-05-09T04:00:00+00:00,142.712849
5x-risk-001,2021-05-09T04:00:00+00:00,141.205514
5x-risk-001,2021-05-10T11:00:00+00:00,139.751894
5x-risk-001,2021-05-10T19:00:00+00:00,137.779462
5x-risk-001,2021-05-10T19:00:00+00:00,136.111952
5x-risk-001,2021-05-10T20:00:00+00:00,142.995267
5x-risk-001,2021-05-12T14:00:00+00:00,141.47865
5x-risk-001,2021-05-12T23:00:00+00:00,148.082116
5x-risk-001,2021-05-13T00:00:00+00:00,154.617077
5x-risk-001,2021-05-14T15:00:00+00:00,153.061544
5x-risk-001,2021-05-15T22:00:00+00:00,151.539579
5x-risk-001,2021-05-16T16:00:00+00:00,149.980008
5x-risk-001,2021-05-18T16:00:00+00:00,148.819123
5x-risk-001,2021-05-19T01:00:00+00:00,147.940252
5x-risk-001,2021-06-04T12:00:00+00:00,146.440293
5x-risk-001,2021-06-06T20:00:00+00:00,144.936342
5x-risk-001,2021-06-11T23:00:00+00:00,143.415141
5x-risk-001,2021-06-18T05:00:00+00:00,141.971886
5x-risk-001,2021-06-18T06:00:00+00:00,140.663013
5x-risk-001,2021-06-18T14:00:00+00:00,147.609211
5x-risk-001,2021-06-18T15:00:00+00:00,146.120037
5x-risk-001,2021-06-20T11:00:00+00:00,152.509706
5x-risk-001,2021-06-21T10:00:00+00:00,159.471063
5x-risk-001,2021-07-05T15:00:00+00:00,157.774603
5x-risk-001,2021-07-06T23:00:00+00:00,156.105162
5x-risk-001,2021-07-07T03:00:00+00:00,163.821493
5x-risk-001,2021-07-07T03:00:00+00:00,162.227893
5x-risk-001,2021-07-07T21:00:00+00:00,160.539346
5x-risk-001,2021-07-10T15:00:00+00:00,158.763297
5x-risk-001,2021-07-10T17:00:00+00:00,157.075704
5x-risk-001,2021-07-12T10:00:00+00:00,155.452094
5x-risk-001,2021-07-12T12:00:00+00:00,153.800134
5x-risk-001,2021-07-12T14:00:00+00:00,152.186429
5x-risk-001,2021-07-12T17:00:00+00:00,150.636793
5x-risk-001,2021-07-13T10:00:00+00:00,149.088974
5x-risk-001,2021-07-13T12:00:00+00:00,147.67137
5x-risk-001,2021-07-15T09:00:00+00:00,146.163126
5x-risk-001,2021-07-20T02:00:00+00:00,153.071299
5x-risk-001,2021-07-20T03:00:00+00:00,160.413233
5x-risk-001,2021-07-26T05:00:00+00:00,159.449518
5x-risk-001,2021-07-29T06:00:00+00:00,157.83229
5x-risk-001,2021-07-30T09:00:00+00:00,156.210488
5x-risk-001,2021-08-05T09:00:00+00:00,154.660733
5x-risk-001,2021-08-11T06:00:00+00:00,161.919349
5x-risk-001,2021-08-11T07:00:00+00:00,169.562791
5x-risk-001,2021-08-17T09:00:00+00:00,167.824606
5x-risk-001,2021-08-17T09:00:00+00:00,166.067277
5x-risk-001,2021-08-17T14:00:00+00:00,164.259866
5x-risk-001,2021-08-17T14:00:00+00:00,162.555657
5x-risk-001,2021-08-20T00:00:00+00:00,160.960752
5x-risk-001,2021-08-29T00:00:00+00:00,159.442161
5x-risk-001,2021-08-29T03:00:00+00:00,157.741349
5x-risk-001,2021-08-29T20:00:00+00:00,156.172689
5x-risk-001,2021-08-29T22:00:00+00:00,154.521324
5x-risk-001,2021-08-30T00:00:00+00:00,152.898629
5x-risk-001,2021-08-30T03:00:00+00:00,151.339702
5x-risk-001,2021-08-30T12:00:00+00:00,159.128724
5x-risk-001,2021-08-30T16:00:00+00:00,157.582271
5x-risk-001,2021-08-30T19:00:00+00:00,156.014073
5x-risk-001,2021-09-01T16:00:00+00:00,154.545603
5x-risk-001,2021-09-01T16:00:00+00:00,162.261972
5x-risk-001,2021-09-06T11:00:00+00:00,170.181033
5x-risk-001,2021-09-07T09:00:00+00:00,178.441956
5x-risk-001,2021-09-07T14:00:00+00:00,176.795959
5x-risk-001,2021-09-19T11:00:00+00:00,174.85925
5x-risk-001,2021-09-19T16:00:00+00:00,173.031749
5x-risk-001,2021-09-20T12:00:00+00:00,181.622081
5x-risk-001,2021-09-27T20:00:00+00:00,179.761583
5x-risk-001,2021-09-30T00:00:00+00:00,177.941541
5x-risk-001,2021-09-30T03:00:00+00:00,176.12108
5x-risk-001,2021-09-30T08:00:00+00:00,174.297218
5x-risk-001,2021-10-01T10:00:00+00:00,182.869969
5x-risk-001,2021-10-01T10:00:00+00:00,191.422734
5x-risk-001,2021-10-02T14:00:00+00:00,199.982714
5x-risk-001,2021-10-07T07:00:00+00:00,197.882339
5x-risk-001,2021-10-08T02:00:00+00:00,195.617914
5x-risk-001,2021-10-08T12:00:00+00:00,193.585474
5x-risk-001,2021-10-08T20:00:00+00:00,191.447826
5x-risk-001,2021-10-09T10:00:00+00:00,189.47407
5x-risk-001,2021-10-10T11:00:00+00:00,187.446727
5x-risk-001,2021-10-10T21:00:00+00:00,196.698136
5x-risk-001,2021-10-11T19:00:00+00:00,194.65303
5x-risk-001,2021-10-13T20:00:00+00:00,192.711209
5x-risk-001,2021-10-14T07:00:00+00:00,190.769127
5x-risk-001,2021-10-15T18:00:00+00:00,189.357409
5x-risk-001,2021-10-17T19:00:00+00:00,187.664401
5x-risk-001,2021-10-19T03:00:00+00:00,185.748092
5x-risk-001,2021-10-19T07:00:00+00:00,183.81931
5x-risk-001,2021-10-19T12:00:00+00:00,182.621173
5x-risk-001,2021-10-20T11:00:00+00:00,180.778351
5x-risk-001,2021-10-20T16:00:00+00:00,189.783282
5x-risk-001,2021-10-21T00:00:00+00:00,194.736612
5x-risk-001,2021-10-22T07:00:00+00:00,192.763464
5x-risk-001,2021-10-25T14:00:00+00:00,191.128605
5x-risk-001,2021-10-26T14:00:00+00:00,189.002308
5x-risk-001,2021-10-27T04:00:00+00:00,186.960551
5x-risk-001,2021-10-28T20:00:00+00:00,185.152399
5x-risk-001,2021-10-30T02:00:00+00:00,183.197674
5x-risk-001,2021-10-31T12:00:00+00:00,181.102245
5x-risk-001,2021-10-31T15:00:00+00:00,179.255602
5x-risk-001,2021-10-31T22:00:00+00:00,177.436891
5x-risk-001,2021-11-01T07:00:00+00:00,175.665695
5x-risk-001,2021-11-01T17:00:00+00:00,173.605956
5x-risk-001,2021-11-02T00:00:00+00:00,171.418898
5x-risk-001,2021-11-03T18:00:00+00:00,169.160948
5x-risk-001,2021-11-05T06:00:00+00:00,167.455405
5x-risk-001,2021-11-07T01:00:00+00:00,165.884173
5x-risk-001,2021-11-08T00:00:00+00:00,174.821419
5x-risk-001,2021-11-08T10:00:00+00:00,183.499607
5x-risk-001,2021-11-09T03:00:00+00:00,191.47014
5x-risk-001,2021-11-10T15:00:00+00:00,189.570272
5x-risk-001,2021-11-12T09:00:00+00:00,187.647798
5x-risk-001,2021-11-14T17:00:00+00:00,185.882974
5x-risk-001,2021-11-15T00:00:00+00:00,184.12006
5x-risk-001,2021-11-15T01:00:00+00:00,182.305311
5x-risk-001,2021-11-15T18:00:00+00:00,180.370223
5x-risk-001,2021-11-15T18:00:00+00:00,178.558591
5x-risk-001,2021-11-16T00:00:00+00:00,176.640546
5x-risk-001,2021-11-16T01:00:00+00:00,185.387423
5x-risk-001,2021-11-16T10:00:00+00:00,193.936395
5x-risk-001,2021-11-22T20:00:00+00:00,192.052031
5x-risk-001,2021-11-26T07:00:00+00:00,190.074048
5x-risk-001,2021-11-26T08:00:00+00:00,199.536397
5x-risk-001,2021-11-26T08:00:00+00:00,197.561145
5x-risk-001,2021-11-28T10:00:00+00:00,195.590973
5x-risk-001,2021-11-28T21:00:00+00:00,193.733731
5x-risk-001,2021-12-03T10:00:00+00:00,191.722771
5x-risk-001,2021-12-03T19:00:00+00:00,189.755932
5x-risk-001,2021-12-08T11:00:00+00:00,187.887758
5x-risk-001,2021-12-10T12:00:00+00:00,185.938767
5x-risk-001,2021-12-17T15:00:00+00:00,194.908416
5x-risk-001,2021-12-18T05:00:00+00:00,192.955895
5x-risk-001,2021-12-18T10:00:00+00:00,190.906918
5x-risk-001,2021-12-19T01:00:00+00:00,188.937077
5x-risk-001,2021-12-19T03:00:00+00:00,187.05155
5x-risk-001,2021-12-19T10:00:00+00:00,185.121718
5x-risk-001,2021-12-20T21:00:00+00:00,183.256509
5x-risk-001,2021-12-21T09:00:00+00:00,181.344759
5x-risk-001,2021-12-21T15:00:00+00:00,179.498529
5x-risk-001,2021-12-21T19:00:00+00:00,177.60634
5x-risk-001,2021-12-22T23:00:00+00:00,175.750214
5x-risk-001,2021-12-23T07:00:00+00:00,173.89661
5x-risk-001,2021-12-23T11:00:00+00:00,182.871857
5x-risk-001,2021-12-23T16:00:00+00:00,180.972397
5x-risk-001,2021-12-23T17:00:00+00:00,179.187889
5x-risk-001,2021-12-23T17:00:00+00:00,177.243366
5x-risk-001,2021-12-26T03:00:00+00:00,175.405379
5x-risk-001,2021-12-27T23:00:00+00:00,173.538537
5x-risk-001,2021-12-28T01:00:00+00:00,171.691116
5x-risk-001,2021-12-28T19:00:00+00:00,169.905397
5x-risk-001,2022-01-02T16:00:00+00:00,168.182718
5x-risk-001,2022-01-03T16:00:00+00:00,166.402061
5x-risk-001,2022-01-04T10:00:00+00:00,164.741166
5x-risk-001,2022-01-05T18:00:00+00:00,163.009096
5x-risk-001,2022-01-05T20:00:00+00:00,170.947941
5x-risk-001,2022-01-05T20:00:00+00:00,179.104791
5x-risk-001,2022-01-14T12:00:00+00:00,177.252834
5x-risk-001,2022-01-16T11:00:00+00:00,175.376699
5x-risk-001,2022-01-16T21:00:00+00:00,173.563481
5x-risk-001,2022-01-17T21:00:00+00:00,182.398283
5x-risk-001,2022-01-20T15:00:00+00:00,180.70841
5x-risk-001,2022-01-21T02:00:00+00:00,189.150235
5x-risk-001,2022-02-01T09:00:00+00:00,187.15372
5x-risk-001,2022-02-01T10:00:00+00:00,184.720495
5x-risk-001,2022-02-02T08:00:00+00:00,182.843556
5x-risk-001,2022-02-03T10:00:00+00:00,180.853184
5x-risk-001,2022-02-05T00:00:00+00:00,188.742491
5x-risk-001,2022-02-05T04:00:00+00:00,197.602175
5x-risk-001,2022-02-10T20:00:00+00:00,195.599216
5x-risk-001,2022-02-15T04:00:00+00:00,193.599509
5x-risk-001,2022-02-28T14:00:00+00:00,191.642095
5x-risk-001,2022-03-01T00:00:00+00:00,204.779383
5x-risk-001,2022-03-08T15:00:00+00:00,202.690367
5x-risk-001,2022-03-11T11:00:00+00:00,200.652812
5x-risk-001,2022-03-11T11:00:00+00:00,198.581005
5x-risk-001,2022-03-13T03:00:00+00:00,196.502292
5x-risk-001,2022-03-14T09:00:00+00:00,194.439827
5x-risk-001,2022-03-14T22:00:00+00:00,192.356979
5x-risk-001,2022-03-14T22:00:00+00:00,190.365313
5x-risk-001,2022-03-15T14:00:00+00:00,188.326927
5x-risk-001,2022-03-15T15:00:00+00:00,186.241879
5x-risk-001,2022-03-16T02:00:00+00:00,184.194811
5x-risk-001,2022-03-16T03:00:00+00:00,182.274591
5x-risk-001,2022-03-16T04:00:00+00:00,180.20816
5x-risk-001,2022-03-16T09:00:00+00:00,189.086353
5x-risk-001,2022-03-16T18:00:00+00:00,187.162596
5x-risk-001,2022-03-18T14:00:00+00:00,196.363445
5x-risk-001,2022-03-22T02:00:00+00:00,194.397389
5x-risk-001,2022-03-23T15:00:00+00:00,203.496251
5x-risk-001,2022-03-23T16:00:00+00:00,213.12326
5x-risk-001,2022-03-24T08:00:00+00:00,222.69884
5x-risk-001,2022-03-25T06:00:00+00:00,220.808963
5x-risk-001,2022-03-27T12:00:00+00:00,219.075499
5x-risk-001,2022-03-27T16:00:00+00:00,217.325479
5x-risk-001,2022-03-27T23:00:00+00:00,224.503922
5x-risk-001,2022-03-28T00:00:00+00:00,234.814961
5x-risk-001,2022-03-28T00:00:00+00:00,245.133685
5x-risk-001,2022-04-03T18:00:00+00:00,242.603813
5x-risk-001,2022-04-03T23:00:00+00:00,239.980035
5x-risk-001,2022-04-04T17:00:00+00:00,237.381793
5x-risk-001,2022-04-04T21:00:00+00:00,234.807769
5x-risk-001,2022-04-04T21:00:00+00:00,232.355016
5x-risk-001,2022-04-05T00:00:00+00:00,229.952351
5x-risk-001,2022-04-05T14:00:00+00:00,227.520336
5x-risk-001,2022-04-06T00:00:00+00:00,225.145817
5x-risk-001,2022-04-06T13:00:00+00:00,236.518495
5x-risk-001,2022-04-07T00:00:00+00:00,247.741823
5x-risk-001,2022-04-10T22:00:00+00:00,245.162661
5x-risk-001,2022-04-11T11:00:00+00:00,255.980323
5x-risk-001,2022-04-18T18:00:00+00:00,253.267292
5x-risk-001,2022-04-19T07:00:00+00:00,250.548566
5x-risk-001,2022-04-21T19:00:00+00:00,248.238236
5x-risk-001,2022-04-21T22:00:00+00:00,245.56183
5x-risk-001,2022-04-25T06:00:00+00:00,257.600248
5x-risk-001,2022-04-26T14:00:00+00:00,254.997715
5x-risk-001,2022-04-26T14:00:00+00:00,252.373817
5x-risk-001,2022-04-26T20:00:00+00:00,264.515159
5x-risk-001,2022-04-28T12:00:00+00:00,261.727896
5x-risk-001,2022-04-28T13:00:00+00:00,258.90814
5x-risk-001,2022-04-28T13:00:00+00:00,256.160913
5x-risk-001,2022-04-28T15:00:00+00:00,253.466809
5x-risk-001,2022-04-28T17:00:00+00:00,250.840397
5x-risk-001,2022-04-28T19:00:00+00:00,247.894814
5x-risk-001,2022-04-29T09:00:00+00:00,245.345451
5x-risk-001,2022-04-30T22:00:00+00:00,257.570693
5x-risk-001,2022-05-04T15:00:00+00:00,254.848318
5x-risk-001,2022-05-04T18:00:00+00:00,252.420487
5x-risk-001,2022-05-04T18:00:00+00:00,249.86686
5x-risk-001,2022-05-05T14:00:00+00:00,247.373469
5x-risk-001,2022-05-05T15:00:00+00:00,244.685344
5x-risk-001,2022-05-05T15:00:00+00:00,242.117634
5x-risk-001,2022-05-17T18:00:00+00:00,239.585517
5x-risk-001,2022-05-18T03:00:00+00:00,237.048326
5x-risk-001,2022-05-19T07:00:00+00:00,234.527387
5x-risk-001,2022-05-19T15:00:00+00:00,232.056873
5x-risk-001,2022-05-20T14:00:00+00:00,229.606321
5x-risk-001,2022-05-20T15:00:00+00:00,227.276014
5x-risk-001,2022-05-23T11:00:00+00:00,224.937525
5x-risk-001,2022-05-23T19:00:00+00:00,222.467651
5x-risk-001,2022-05-24T23:00:00+00:00,220.180415
5x-risk-001,2022-05-25T11:00:00+00:00,217.874823
5x-risk-001,2022-05-25T13:00:00+00:00,215.352101
5x-risk-001,2022-05-26T13:00:00+00:00,226.280027
5x-risk-001,2022-05-26T16:00:00+00:00,223.849952
5x-risk-001,2022-05-30T01:00:00+00:00,221.672866
5x-risk-001,2022-05-30T06:00:00+00:00,219.456143
5x-risk-001,2022-05-30T20:00:00+00:00,230.273924
5x-risk-001,2022-06-08T03:00:00+00:00,227.999805
5x-risk-001,2022-06-09T05:00:00+00:00,225.485426
5x-risk-001,2022-06-09T08:00:00+00:00,223.110792
5x-risk-001,2022-06-09T08:00:00+00:00,221.242018
5x-risk-001,2022-06-09T11:00:00+00:00,218.566233
5x-risk-001,2022-06-09T19:00:00+00:00,216.310233
5x-risk-001,2022-06-10T00:00:00+00:00,214.070023
5x-risk-001,2022-06-10T03:00:00+00:00,211.57456
5x-risk-001,2022-06-10T03:00:00+00:00,209.45161
5x-risk-001,2022-06-10T09:00:00+00:00,207.286742
5x-risk-001,2022-06-10T13:00:00+00:00,217.953708
5x-risk-001,2022-06-10T14:00:00+00:00,215.757573
5x-risk-001,2022-06-11T12:00:00+00:00,225.0981
5x-risk-001,2022-06-11T14:00:00+00:00,235.673121
5x-risk-001,2022-06-27T13:00:00+00:00,233.206891
5x-risk-001,2022-06-28T18:00:00+00:00,230.799021
5x-risk-001,2022-06-30T07:00:00+00:00,242.068711
5x-risk-001,2022-06-30T08:00:00+00:00,253.572659
5x-risk-001,2022-07-03T20:00:00+00:00,250.970316
5x-risk-001,2022-07-04T09:00:00+00:00,248.281837
5x-risk-001,2022-07-05T12:00:00+00:00,245.593205
5x-risk-001,2022-07-06T04:00:00+00:00,243.008226
5x-risk-001,2022-07-07T14:00:00+00:00,255.044839
5x-risk-001,2022-07-07T16:00:00+00:00,267.326869
5x-risk-001,2022-07-10T14:00:00+00:00,264.678711
5x-risk-001,2022-07-18T09:00:00+00:00,277.773212
5x-risk-001,2022-07-23T08:00:00+00:00,274.895468
5x-risk-001,2022-07-25T00:00:00+00:00,272.03818
5x-risk-001,2022-07-25T00:00:00+00:00,269.166365
5x-risk-001,2022-07-26T19:00:00+00:00,282.335156
5x-risk-001,2022-08-05T01:00:00+00:00,279.729882
5x-risk-001,2022-08-05T06:00:00+00:00,276.808234
5x-risk-001,2022-08-05T18:00:00+00:00,273.896237
5x-risk-001,2022-08-05T21:00:00+00:00,270.793812
5x-risk-001,2022-08-06T17:00:00+00:00,267.855352
5x-risk-001,2022-08-07T12:00:00+00:00,265.074236
5x-risk-001,2022-08-07T13:00:00+00:00,262.209882
5x-risk-001,2022-08-08T11:00:00+00:00,275.193203
5x-risk-001,2022-08-08T12:00:00+00:00,288.087094
5x-risk-001,2022-08-10T12:00:00+00:00,285.087313
5x-risk-001,2022-08-10T13:00:00+00:00,298.732778
5x-risk-001,2022-08-12T23:00:00+00:00,295.621415
5x-risk-001,2022-08-13T20:00:00+00:00,292.488987
5x-risk-001,2022-08-14T12:00:00+00:00,289.442754
5x-risk-001,2022-08-15T02:00:00+00:00,286.498404
5x-risk-001,2022-08-15T03:00:00+00:00,283.373103
5x-risk-001,2022-08-18T23:00:00+00:00,280.176348
5x-risk-001,2022-08-26T05:00:00+00:00,277.240564
5x-risk-001,2022-08-26T05:00:00+00:00,274.295354
5x-risk-001,2022-08-26T11:00:00+00:00,271.492131
5x-risk-001,2022-08-26T13:00:00+00:00,268.328185
5x-risk-001,2022-08-26T13:00:00+00:00,265.532125
5x-risk-001,2022-08-26T23:00:00+00:00,278.656533
5x-risk-001,2022-08-31T15:00:00+00:00,275.722805
5x-risk-001,2022-08-31T19:00:00+00:00,272.82366
5x-risk-001,2022-09-01T11:00:00+00:00,269.990258
5x-risk-001,2022-09-01T14:00:00+00:00,267.151245
5x-risk-001,2022-09-01T17:00:00+00:00,264.376927
5x-risk-001,2022-09-02T03:00:00+00:00,261.526037
5x-risk-001,2022-09-02T17:00:00+00:00,258.728622
5x-risk-001,2022-09-02T17:00:00+00:00,255.917532
5x-risk-001,2022-09-03T11:00:00+00:00,253.354072
5x-risk-001,2022-09-04T12:00:00+00:00,250.579917
5x-risk-001,2022-09-05T10:00:00+00:00,247.941616
5x-risk-001,2022-09-05T23:00:00+00:00,245.77963
5x-risk-001,2022-09-06T00:00:00+00:00,243.119198
5x-risk-001,2022-09-06T01:00:00+00:00,240.120076
5x-risk-001,2022-09-06T13:00:00+00:00,237.32658
5x-risk-001,2022-09-06T17:00:00+00:00,234.873022
5x-risk-001,2022-09-06T17:00:00+00:00,232.414221
5x-risk-001,2022-09-09T04:00:00+00:00,243.915534
5x-risk-001,2022-09-09T05:00:00+00:00,255.419697
5x-risk-001,2022-09-15T06:00:00+00:00,253.092802
5x-risk-001,2022-09-21T18:00:00+00:00,250.45272
5x-risk-001,2022-09-23T09:00:00+00:00,247.835473
5x-risk-001,2022-09-23T10:00:00+00:00,245.170874
5x-risk-001,2022-09-23T20:00:00+00:00,242.643882
5x-risk-001,2022-09-23T22:00:00+00:00,240.147983
5x-risk-001,2022-09-24T02:00:00+00:00,237.398519
5x-risk-001,2022-09-24T07:00:00+00:00,234.907932
5x-risk-001,2022-09-25T11:00:00+00:00,232.367946
5x-risk-001,2022-09-25T16:00:00+00:00,244.104258
5x-risk-001,2022-09-26T08:00:00+00:00,241.628377
5x-risk-001,2022-09-26T11:00:00+00:00,239.031432
5x-risk-001,2022-09-26T14:00:00+00:00,236.498767
5x-risk-001,2022-09-27T01:00:00+00:00,234.05615
5x-risk-001,2022-09-27T06:00:00+00:00,245.671645
5x-risk-001,2022-09-27T16:00:00+00:00,243.383389
5x-risk-001,2022-09-27T18:00:00+00:00,240.909934
5x-risk-001,2022-09-28T17:00:00+00:00,238.418112
5x-risk-001,2022-09-29T07:00:00+00:00,235.928152
5x-risk-001,2022-09-29T13:00:00+00:00,233.47227
5x-risk-001,2022-09-29T14:00:00+00:00,231.039398
5x-risk-001,2022-09-29T16:00:00+00:00,228.68905
5x-risk-001,2022-09-30T07:00:00+00:00,226.745437
5x-risk-001,2022-09-30T12:00:00+00:00,224.225084
5x-risk-001,2022-09-30T12:00:00+00:00,222.081044
5x-risk-001,2022-09-30T18:00:00+00:00,219.728594
5x-risk-001,2022-09-30T21:00:00+00:00,217.450655
5x-risk-001,2022-10-02T23:00:00+00:00,228.183281
5x-risk-001,2022-10-03T00:00:00+00:00,238.772604
5x-risk-001,2022-10-03T13:00:00+00:00,236.241938
5x-risk-001,2022-10-03T14:00:00+00:00,233.749032
5x-risk-001,2022-10-07T12:00:00+00:00,231.562918
5x-risk-001,2022-10-08T21:00:00+00:00,229.169733
5x-risk-001,2022-10-08T21:00:00+00:00,226.545809
5x-risk-001,2022-10-10T08:00:00+00:00,224.144694
5x-risk-001,2022-10-10T22:00:00+00:00,235.229083
5x-risk-001,2022-10-10T22:00:00+00:00,232.784528
5x-risk-001,2022-10-13T07:00:00+00:00,244.227054
5x-risk-001,2022-10-13T12:00:00+00:00,255.219673
5x-risk-001,2022-10-13T18:00:00+00:00,252.759646
5x-risk-001,2022-10-14T16:00:00+00:00,250.118219
5x-risk-001,2022-10-14T21:00:00+00:00,247.515663
5x-risk-001,2022-10-16T19:00:00+00:00,244.844585
5x-risk-001,2022-10-16T19:00:00+00:00,242.23041
5x-risk-001,2022-10-16T20:00:00+00:00,239.578602
5x-risk-001,2022-10-16T21:00:00+00:00,236.980463
5x-risk-001,2022-10-17T04:00:00+00:00,234.499335
5x-risk-001,2022-10-18T18:00:00+00:00,231.975542
5x-risk-001,2022-10-18T19:00:00+00:00,229.629772
5x-risk-001,2022-10-19T22:00:00+00:00,226.821121
5x-risk-001,2022-10-20T12:00:00+00:00,224.381701
5x-risk-001,2022-10-21T00:00:00+00:00,235.720401
5x-risk-001,2022-10-21T16:00:00+00:00,233.364856
5x-risk-001,2022-10-23T11:00:00+00:00,230.936831
5x-risk-001,2022-10-23T17:00:00+00:00,228.256827
5x-risk-001,2022-10-23T18:00:00+00:00,225.931763
5x-risk-001,2022-10-24T07:00:00+00:00,223.701054
5x-risk-001,2022-10-24T10:00:00+00:00,221.429779
5x-risk-001,2022-10-24T14:00:00+00:00,219.004488
5x-risk-001,2022-10-24T14:00:00+00:00,216.669019
5x-risk-001,2022-10-25T00:00:00+00:00,214.412058
5x-risk-001,2022-10-25T09:00:00+00:00,212.273051
5x-risk-001,2022-10-25T10:00:00+00:00,210.083697
5x-risk-001,2022-10-30T01:00:00+00:00,220.476813
5x-risk-001,2022-11-01T22:00:00+00:00,218.277691
5x-risk-001,2022-11-02T18:00:00+00:00,216.009341
5x-risk-001,2022-11-02T18:00:00+00:00,213.728545
5x-risk-001,2022-11-02T18:00:00+00:00,211.382566
5x-risk-001,2022-11-04T04:00:00+00:00,209.277834
5x-risk-001,2022-11-04T06:00:00+00:00,207.107206
5x-risk-001,2022-11-04T20:00:00+00:00,217.564574
5x-risk-001,2022-11-07T07:00:00+00:00,215.38603
5x-risk-001,2022-11-08T03:00:00+00:00,213.122881
5x-risk-001,2022-11-18T00:00:00+00:00,210.940572
5x-risk-001,2022-11-18T17:00:00+00:00,208.743147
5x-risk-001,2022-11-20T11:00:00+00:00,206.479869
5x-risk-001,2022-11-21T21:00:00+00:00,216.610364
5x-risk-001,2022-11-22T13:00:00+00:00,214.51766
5x-risk-001,2022-11-23T03:00:00+00:00,212.434097
5x-risk-001,2022-11-27T02:00:00+00:00,210.29176
5x-risk-001,2022-11-27T12:00:00+00:00,208.12813
5x-risk-001,2022-11-28T01:00:00+00:00,205.936482
5x-risk-001,2022-11-28T01:00:00+00:00,203.800496
5x-risk-001,2022-11-28T01:00:00+00:00,214.105846
5x-risk-001,2022-11-29T05:00:00+00:00,211.891913
5x-risk-001,2022-11-30T03:00:00+00:00,222.401072
5x-risk-001,2022-11-30T17:00:00+00:00,220.241598
5x-risk-001,2022-11-30T17:00:00+00:00,217.934754
5x-risk-001,2022-11-30T19:00:00+00:00,228.349391
5x-risk-001,2022-12-01T13:00:00+00:00,225.977525
5x-risk-001,2022-12-02T16:00:00+00:00,223.571319
5x-risk-001,2022-12-04T18:00:00+00:00,221.245394
5x-risk-001,2022-12-05T00:00:00+00:00,218.500024
5x-risk-001,2022-12-05T08:00:00+00:00,216.190488
5x-risk-001,2022-12-05T15:00:00+00:00,213.868975
5x-risk-001,2022-12-05T15:00:00+00:00,211.60784
5x-risk-001,2022-12-05T19:00:00+00:00,209.235949
5x-risk-001,2022-12-06T23:00:00+00:00,206.991223
5x-risk-001,2022-12-07T07:00:00+00:00,204.86415
5x-risk-001,2022-12-08T18:00:00+00:00,202.829336
5x-risk-001,2022-12-08T18:00:00+00:00,200.785605
5x-risk-001,2022-12-09T17:00:00+00:00,198.663029
5x-risk-001,2022-12-10T14:00:00+00:00,196.62416
5x-risk-001,2022-12-11T22:00:00+00:00,194.533864
5x-risk-001,2022-12-12T00:00:00+00:00,192.396183
5x-risk-001,2022-12-12T12:00:00+00:00,202.632657
5x-risk-001,2022-12-12T21:00:00+00:00,200.569275
5x-risk-001,2022-12-12T21:00:00+00:00,198.47575
5x-risk-001,2022-12-13T07:00:00+00:00,196.429441
5x-risk-001,2022-12-13T13:00:00+00:00,206.257621
5x-risk-001,2022-12-13T13:00:00+00:00,204.279893
5x-risk-001,2022-12-13T14:00:00+00:00,201.92691
5x-risk-001,2022-12-13T19:00:00+00:00,200.524537
5x-risk-001,2022-12-14T13:00:00+00:00,198.435843
5x-risk-001,2022-12-14T19:00:00+00:00,196.343376
5x-risk-001,2022-12-16T08:00:00+00:00,194.121571
5x-risk-001,2022-12-16T14:00:00+00:00,203.834098
5x-risk-001,2022-12-16T22:00:00+00:00,213.541633
5x-risk-001,2022-12-21T19:00:00+00:00,211.320066
5x-risk-001,2022-12-22T15:00:00+00:00,209.074617
5x-risk-001,2022-12-22T20:00:00+00:00,206.869248
5x-risk-001,2022-12-22T20:00:00+00:00,204.685277
5x-risk-001,2022-12-22T22:00:00+00:00,202.0119
5x-risk-001,2022-12-23T03:00:00+00:00,199.846475
5x-risk-001,2022-12-23T03:00:00+00:00,197.707603
5x-risk-001,2022-12-24T04:00:00+00:00,195.625127
5x-risk-001,2022-12-25T14:00:00+00:00,193.465266
5x-risk-001,2022-12-25T21:00:00+00:00,191.511994
5x-risk-001,2022-12-26T08:00:00+00:00,189.409154
5x-risk-001,2022-12-27T10:00:00+00:00,187.450398
5x-risk-001,2022-12-27T14:00:00+00:00,185.319089
5x-risk-001,2022-12-27T14:00:00+00:00,183.392916
5x-risk-001,2022-12-27T15:00:00+00:00,180.934298
5x-risk-001,2022-12-30T07:00:00+00:00,189.889155
5x-risk-001,2022-12-31T13:00:00+00:00,187.915394
5x-risk-001,2023-01-01T04:00:00+00:00,185.853654
5x-risk-001,2023-01-01T20:00:00+00:00,183.698625
5x-risk-001,2023-01-02T07:00:00+00:00,182.011799
5x-risk-001,2023-01-02T07:00:00+00:00,179.908019
5x-risk-001,2023-01-02T23:00:00+00:00,177.734182
5x-risk-001,2023-01-03T17:00:00+00:00,175.858548
5x-risk-001,2023-01-04T00:00:00+00:00,174.132979
5x-risk-001,2023-01-04T18:00:00+00:00,182.644896
5x-risk-001,2023-01-06T19:00:00+00:00,180.71489
5x-risk-001,2023-01-09T05:00:00+00:00,189.666559
5x-risk-001,2023-01-12T17:00:00+00:00,198.60505
5x-risk-001,2023-01-12T18:00:00+00:00,207.532154
5x-risk-001,2023-01-18T15:00:00+00:00,205.401261
5x-risk-001,2023-01-20T20:00:00+00:00,203.333806
5x-risk-001,2023-01-21T09:00:00+00:00,213.364222
5x-risk-001,2023-01-25T21:00:00+00:00,211.16997
5x-risk-001,2023-01-27T01:00:00+00:00,208.942658
5x-risk-001,2023-01-27T07:00:00+00:00,206.78442
5x-risk-001,2023-01-27T14:00:00+00:00,204.682176
5x-risk-001,2023-01-27T17:00:00+00:00,202.494471
5x-risk-001,2023-01-27T17:00:00+00:00,200.35214
5x-risk-001,2023-01-28T10:00:00+00:00,198.168821
5x-risk-001,2023-01-28T13:00:00+00:00,196.106251
5x-risk-001,2023-01-29T00:00:00+00:00,194.103838
5x-risk-001,2023-01-29T01:00:00+00:00,191.906047
5x-risk-001,2023-01-29T01:00:00+00:00,189.891471
5x-risk-001,2023-01-30T00:00:00+00:00,199.204733
5x-risk-001,2023-01-30T19:00:00+00:00,196.847262
5x-risk-001,2023-01-30T19:00:00+00:00,194.726566
5x-risk-001,2023-01-31T16:00:00+00:00,192.753888
5x-risk-001,2023-02-01T06:00:00+00:00,190.580014
5x-risk-001,2023-02-01T08:00:00+00:00,188.556356
5x-risk-001,2023-02-01T19:00:00+00:00,186.553098
5x-risk-001,2023-02-01T19:00:00+00:00,184.564154
5x-risk-001,2023-02-03T13:00:00+00:00,182.5991
5x-risk-001,2023-02-03T19:00:00+00:00,180.688467
5x-risk-001,2023-02-04T05:00:00+00:00,178.735339
5x-risk-001,2023-02-04T23:00:00+00:00,176.868965
5x-risk-001,2023-02-06T16:00:00+00:00,175.01597
5x-risk-001,2023-02-07T05:00:00+00:00,184.00704
5x-risk-001,2023-02-07T17:00:00+00:00,182.19106
5x-risk-001,2023-02-07T18:00:00+00:00,180.247881
5x-risk-001,2023-02-08T00:00:00+00:00,189.125248
5x-risk-001,2023-02-08T15:00:00+00:00,187.135714
5x-risk-001,2023-02-09T03:00:00+00:00,195.880116
5x-risk-001,2023-02-09T07:00:00+00:00,193.683729
5x-risk-001,2023-02-09T21:00:00+00:00,202.854664
5x-risk-001,2023-02-09T21:00:00+00:00,211.990538
5x-risk-001,2023-02-09T21:00:00+00:00,221.506778
5x-risk-001,2023-02-14T14:00:00+00:00,219.275767
5x-risk-001,2023-02-15T20:00:00+00:00,230.000572
5x-risk-001,2023-02-16T00:00:00+00:00,240.822927
5x-risk-001,2023-02-18T19:00:00+00:00,238.225351
5x-risk-001,2023-02-19T03:00:00+00:00,235.743678
5x-risk-001,2023-02-19T15:00:00+00:00,233.327361
5x-risk-001,2023-02-21T08:00:00+00:00,230.841795
5x-risk-001,2023-02-22T08:00:00+00:00,242.231376
5x-risk-001,2023-02-22T16:00:00+00:00,253.568755
5x-risk-001,2023-02-23T02:00:00+00:00,251.074687
5x-risk-001,2023-02-28T07:00:00+00:00,261.54093
5x-risk-001,2023-02-28T20:00:00+00:00,258.51392
5x-risk-001,2023-03-01T03:00:00+00:00,255.756002
5x-risk-001,2023-03-02T07:00:00+00:00,253.064137
5x-risk-001,2023-03-03T01:00:00+00:00,264.323013
5x-risk-001,2023-03-03T01:00:00+00:00,276.637447
5x-risk-001,2023-03-03T01:00:00+00:00,289.146587
5x-risk-001,2023-03-08T15:00:00+00:00,286.130669
5x-risk-001,2023-03-08T22:00:00+00:00,283.012317
5x-risk-001,2023-03-09T18:00:00+00:00,297.263666
5x-risk-001,2023-03-09T20:00:00+00:00,311.54741
5x-risk-001,2023-03-18T00:00:00+00:00,326.971849
5x-risk-001,2023-03-22T09:00:00+00:00,324.221733
5x-risk-001,2023-03-22T19:00:00+00:00,320.857307
5x-risk-001,2023-03-22T19:00:00+00:00,317.890655
5x-risk-001,2023-03-23T14:00:00+00:00,314.577296
5x-risk-001,2023-03-23T18:00:00+00:00,311.272793
5x-risk-001,2023-03-24T10:00:00+00:00,308.231503
5x-risk-001,2023-03-24T11:00:00+00:00,304.966448
5x-risk-001,2023-03-29T08:00:00+00:00,302.194678
5x-risk-001,2023-03-30T02:00:00+00:00,299.157627
5x-risk-001,2023-03-31T14:00:00+00:00,296.010627
5x-risk-001,2023-04-03T01:00:00+00:00,292.829068
5x-risk-001,2023-04-03T01:00:00+00:00,289.746257
5x-risk-001,2023-04-03T08:00:00+00:00,286.805673
5x-risk-001,2023-04-03T20:00:00+00:00,283.766513
5x-risk-001,2023-04-04T10:00:00+00:00,280.783605
5x-risk-001,2023-04-04T12:00:00+00:00,277.850278
5x-risk-001,2023-04-05T14:00:00+00:00,274.904223
5x-risk-001,2023-04-05T14:00:00+00:00,272.000054
5x-risk-001,2023-04-06T06:00:00+00:00,269.221385
5x-risk-001,2023-04-06T16:00:00+00:00,266.238607
5x-risk-001,2023-04-06T16:00:00+00:00,262.82183
5x-risk-001,2023-04-06T16:00:00+00:00,259.692527
5x-risk-001,2023-04-06T20:00:00+00:00,257.025861
5x-risk-001,2023-04-09T21:00:00+00:00,254.186689
5x-risk-001,2023-04-10T22:00:00+00:00,266.759146
5x-risk-001,2023-04-11T00:00:00+00:00,264.284004
5x-risk-001,2023-04-12T02:00:00+00:00,261.501791
5x-risk-001,2023-04-12T13:00:00+00:00,258.797425
5x-risk-001,2023-04-12T16:00:00+00:00,256.14191
5x-risk-001,2023-04-14T00:00:00+00:00,268.759617
5x-risk-001,2023-04-14T05:00:00+00:00,264.50966
5x-risk-001,2023-04-18T11:00:00+00:00,261.767429
5x-risk-001,2023-04-19T08:00:00+00:00,258.976897
5x-risk-001,2023-04-19T08:00:00+00:00,256.273457
5x-risk-001,2023-04-19T08:00:00+00:00,253.497154
5x-risk-001,2023-04-26T20:00:00+00:00,251.915943
5x-risk-001,2023-04-27T14:00:00+00:00,249.111866
5x-risk-001,2023-04-27T16:00:00+00:00,246.592082
5x-risk-001,2023-04-27T17:00:00+00:00,243.817927
5x-risk-001,2023-04-28T11:00:00+00:00,241.273486
5x-risk-001,2023-04-29T02:00:00+00:00,238.77994
5x-risk-001,2023-04-29T02:00:00+00:00,236.353412
5x-risk-001,2023-04-29T13:00:00+00:00,233.907441
5x-risk-001,2023-04-29T17:00:00+00:00,231.473358
5x-risk-001,2023-04-29T17:00:00+00:00,229.030314
5x-risk-001,2023-04-29T17:00:00+00:00,226.6092
5x-risk-001,2023-04-30T00:00:00+00:00,224.214848
5x-risk-001,2023-04-30T15:00:00+00:00,221.890599
5x-risk-001,2023-04-30T19:00:00+00:00,219.324284
5x-risk-001,2023-04-30T19:00:00+00:00,217.038656
5x-risk-001,2023-04-30T23:00:00+00:00,214.428361
5x-risk-001,2023-05-01T19:00:00+00:00,225.033916
5x-risk-001,2023-05-03T12:00:00+00:00,222.620917
5x-risk-001,2023-05-03T21:00:00+00:00,220.343871
5x-risk-001,2023-05-04T12:00:00+00:00,218.057913
5x-risk-001,2023-05-04T13:00:00+00:00,215.767801
5x-risk-001,2023-05-05T16:00:00+00:00,213.65364
5x-risk-001,2023-05-05T16:00:00+00:00,210.765721
5x-risk-001,2023-05-06T03:00:00+00:00,208.528962
5x-risk-001,2023-05-06T08:00:00+00:00,206.521997
5x-risk-001,2023-05-06T14:00:00+00:00,204.236729
5x-risk-001,2023-05-07T14:00:00+00:00,202.103171
5x-risk-001,2023-05-07T23:00:00+00:00,199.938729
5x-risk-001,2023-05-08T18:00:00+00:00,210.040496
5x-risk-001,2023-05-10T17:00:00+00:00,219.902888
5x-risk-001,2023-05-14T00:00:00+00:00,217.600434
5x-risk-001,2023-05-14T19:00:00+00:00,215.236184
5x-risk-001,2023-05-15T00:00:00+00:00,212.982515
5x-risk-001,2023-05-16T01:00:00+00:00,210.748974
5x-risk-001,2023-05-17T07:00:00+00:00,208.526753
5x-risk-001,2023-05-17T19:00:00+00:00,206.427491
5x-risk-001,2023-05-17T19:00:00+00:00,204.248467
5x-risk-001,2023-05-18T14:00:00+00:00,201.985185
5x-risk-001,2023-05-18T15:00:00+00:00,199.855484
5x-risk-001,2023-05-18T22:00:00+00:00,197.78998
5x-risk-001,2023-05-24T04:00:00+00:00,207.567601
5x-risk-001,2023-05-28T00:00:00+00:00,205.525382
5x-risk-001,2023-05-28T22:00:00+00:00,203.770932
5x-risk-001,2023-05-29T02:00:00+00:00,201.654261
5x-risk-001,2023-05-29T11:00:00+00:00,199.280458
5x-risk-001,2023-05-30T15:00:00+00:00,197.187652
5x-risk-001,2023-06-02T00:00:00+00:00,194.947355
5x-risk-001,2023-06-05T15:00:00+00:00,204.564274
5x-risk-001,2023-06-05T15:00:00+00:00,202.498382
5x-risk-001,2023-06-07T09:00:00+00:00,200.373545
5x-risk-001,2023-06-07T10:00:00+00:00,198.254832
5x-risk-001,2023-06-07T21:00:00+00:00,208.01609
5x-risk-001,2023-06-08T15:00:00+00:00,205.878032
5x-risk-001,2023-06-10T04:00:00+00:00,216.066928
5x-risk-001,2023-06-14T12:00:00+00:00,213.680979
5x-risk-001,2023-06-14T20:00:00+00:00,223.902604
5x-risk-001,2023-06-17T04:00:00+00:00,221.557149
5x-risk-001,2023-06-17T20:00:00+00:00,219.225081
5x-risk-001,2023-06-19T00:00:00+00:00,217.038835
5x-risk-001,2023-06-19T13:00:00+00:00,214.801626
5x-risk-001,2023-06-20T17:00:00+00:00,225.431322
5x-risk-001,2023-06-21T00:00:00+00:00,236.501564
5x-risk-001,2023-06-21T01:00:00+00:00,234.110324
5x-risk-001,2023-06-22T14:00:00+00:00,231.66547
5x-risk-001,2023-06-23T15:00:00+00:00,229.26202
5x-risk-001,2023-06-24T08:00:00+00:00,226.800784
5x-risk-001,2023-06-25T03:00:00+00:00,224.406341
5x-risk-001,2023-06-25T13:00:00+00:00,222.07317
5x-risk-001,2023-06-26T01:00:00+00:00,219.735552
5x-risk-001,2023-06-26T07:00:00+00:00,217.466604
5x-risk-001,2023-06-26T13:00:00+00:00,228.593384
5x-risk-001,2023-06-26T16:00:00+00:00,226.388905
5x-risk-001,2023-06-26T16:00:00+00:00,223.756027
5x-risk-001,2023-06-27T10:00:00+00:00,221.431756
5x-risk-001,2023-06-28T00:00:00+00:00,219.113735
5x-risk-001,2023-06-28T12:00:00+00:00,216.791799
5x-risk-001,2023-06-28T19:00:00+00:00,227.799252
5x-risk-001,2023-06-29T09:00:00+00:00,225.421785
5x-risk-001,2023-06-30T04:00:00+00:00,223.100214
5x-risk-001,2023-06-30T13:00:00+00:00,220.685835
5x-risk-001,2023-06-30T13:00:00+00:00,218.329761
5x-risk-001,2023-06-30T13:00:00+00:00,215.973163
5x-risk-001,2023-06-30T16:00:00+00:00,213.675366
5x-risk-001,2023-06-30T17:00:00+00:00,211.328355
5x-risk-001,2023-06-30T17:00:00+00:00,208.716657
5x-risk-001,2023-07-01T01:00:00+00:00,206.346573
5x-risk-001,2023-07-01T13:00:00+00:00,204.195841
5x-risk-001,2023-07-02T02:00:00+00:00,201.993711
5x-risk-001,2023-07-02T09:00:00+00:00,199.710939
5x-risk-001,2023-07-02T15:00:00+00:00,197.683843
5x-risk-001,2023-07-02T22:00:00+00:00,195.550322
5x-risk-001,2023-07-02T22:00:00+00:00,193.423132
5x-risk-001,2023-07-04T03:00:00+00:00,202.935341
5x-risk-001,2023-07-05T08:00:00+00:00,200.878193
5x-risk-001,2023-07-05T10:00:00+00:00,198.648834
5x-risk-001,2023-07-05T10:00:00+00:00,196.455634
5x-risk-001,2023-07-06T14:00:00+00:00,206.392109
5x-risk-001,2023-07-08T03:00:00+00:00,204.521207
5x-risk-001,2023-07-10T00:00:00+00:00,202.367235
5x-risk-001,2023-07-10T18:00:00+00:00,200.279748
5x-risk-001,2023-07-10T19:00:00+00:00,198.174223
5x-risk-001,2023-07-10T22:00:00+00:00,196.090712
5x-risk-001,2023-07-10T22:00:00+00:00,193.664079
5x-risk-001,2023-07-11T00:00:00+00:00,191.660124
5x-risk-001,2023-07-11T14:00:00+00:00,189.449198
5x-risk-001,2023-07-11T20:00:00+00:00,187.515645
5x-risk-001,2023-07-12T01:00:00+00:00,185.652582
5x-risk-001,2023-07-12T19:00:00+00:00,183.446799
5x-risk-001,2023-07-12T19:00:00+00:00,181.466545
5x-risk-001,2023-07-13T07:00:00+00:00,179.462669
5x-risk-001,2023-07-13T09:00:00+00:00,177.436783
5x-risk-001,2023-07-13T15:00:00+00:00,175.459105
5x-risk-001,2023-07-13T15:00:00+00:00,184.245164
5x-risk-001,2023-07-13T15:00:00+00:00,193.296289
5x-risk-001,2023-07-13T16:00:00+00:00,191.118817
5x-risk-001,2023-07-17T05:00:00+00:00,189.148476
5x-risk-001,2023-07-17T10:00:00+00:00,187.147727
5x-risk-001,2023-07-17T17:00:00+00:00,185.220826
5x-risk-001,2023-07-18T06:00:00+00:00,183.334746
5x-risk-001,2023-08-07T16:00:00+00:00,192.505437
5x-risk-001,2023-08-07T22:00:00+00:00,190.531653
5x-risk-001,2023-08-08T12:00:00+00:00,188.709271
5x-risk-001,2023-08-16T12:00:00+00:00,186.539423
5x-risk-001,2023-08-17T21:00:00+00:00,195.944032
5x-risk-001,2023-08-17T21:00:00+00:00,204.783056
5x-risk-001,2023-08-24T14:00:00+00:00,202.678481
5x-risk-001,2023-08-24T15:00:00+00:00,200.561039
5x-risk-001,2023-08-25T14:00:00+00:00,198.472763
5x-risk-001,2023-08-29T14:00:00+00:00,196.415464
5x-risk-001,2023-08-29T14:00:00+00:00,194.323491
5x-risk-001,2023-08-29T14:00:00+00:00,192.277917
5x-risk-001,2023-08-29T14:00:00+00:00,190.283162
5x-risk-001,2023-08-30T03:00:00+00:00,188.26498
5x-risk-001,2023-08-31T15:00:00+00:00,186.343444
5x-risk-001,2023-08-31T17:00:00+00:00,184.455824
5x-risk-001,2023-09-01T14:00:00+00:00,182.498012
5x-risk-001,2023-09-02T15:00:00+00:00,180.579313
5x-risk-001,2023-09-05T02:00:00+00:00,178.657959
5x-risk-001,2023-09-05T09:00:00+00:00,176.779678
5x-risk-001,2023-09-06T17:00:00+00:00,174.908336
5x-risk-001,2023-09-06T19:00:00+00:00,173.702911
5x-risk-001,2023-09-07T21:00:00+00:00,171.895864
5x-risk-001,2023-09-08T10:00:00+00:00,170.114435
5x-risk-001,2023-09-10T04:00:00+00:00,179.429756
5x-risk-001,2023-09-10T04:00:00+00:00,188.498464
5x-risk-001,2023-09-10T04:00:00+00:00,196.906877
5x-risk-001,2023-09-11T14:00:00+00:00,206.637891
5x-risk-001,2023-09-14T00:00:00+00:00,204.529128
5x-risk-001,2023-09-14T01:00:00+00:00,202.382005
5x-risk-001,2023-09-15T02:00:00+00:00,200.357888
5x-risk-001,2023-09-15T08:00:00+00:00,198.317501
5x-risk-001,2023-09-17T18:00:00+00:00,196.27541
5x-risk-001,2023-09-18T09:00:00+00:00,194.295093
5x-risk-001,2023-09-18T12:00:00+00:00,204.464696
5x-risk-001,2023-09-18T17:00:00+00:00,202.405942
5x-risk-001,2023-09-18T22:00:00+00:00,200.287163
5x-risk-001,2023-09-20T03:00:00+00:00,198.086075
5x-risk-001,2023-09-21T10:00:00+00:00,195.92285
5x-risk-001,2023-09-21T10:00:00+00:00,193.884166
5x-risk-001,2023-09-26T21:00:00+00:00,191.853194
5x-risk-001,2023-09-26T21:00:00+00:00,189.744584
5x-risk-001,2023-09-27T11:00:00+00:00,187.838881
5x-risk-001,2023-09-27T11:00:00+00:00,185.783659
5x-risk-001,2023-09-27T14:00:00+00:00,183.888379
5x-risk-001,2023-09-27T14:00:00+00:00,182.151316
5x-risk-001,2023-09-28T01:00:00+00:00,180.192644
5x-risk-001,2023-09-28T10:00:00+00:00,178.299706
5x-risk-001,2023-09-28T15:00:00+00:00,176.319564
5x-risk-001,2023-10-01T22:00:00+00:00,185.194734
5x-risk-001,2023-10-04T00:00:00+00:00,183.250446
5x-risk-001,2023-10-06T21:00:00+00:00,181.356849
5x-risk-001,2023-10-07T06:00:00+00:00,179.399465
5x-risk-001,2023-10-07T08:00:00+00:00,177.27172
5x-risk-001,2023-10-08T04:00:00+00:00,175.403877
5x-risk-001,2023-10-08T13:00:00+00:00,173.519919
5x-risk-001,2023-10-09T09:00:00+00:00,182.574005
5x-risk-001,2023-10-09T11:00:00+00:00,191.145279
5x-risk-001,2023-10-15T13:00:00+00:00,189.197702
5x-risk-001,2023-10-16T02:00:00+00:00,187.309705
5x-risk-001,2023-10-16T12:00:00+00:00,196.581717
5x-risk-001,2023-10-16T13:00:00+00:00,205.273775
5x-risk-001,2023-10-16T15:00:00+00:00,203.067953
5x-risk-001,2023-10-17T12:00:00+00:00,213.112937
5x-risk-001,2023-10-17T18:00:00+00:00,210.941181
5x-risk-001,2023-10-18T11:00:00+00:00,208.760616
5x-risk-001,2023-10-20T03:00:00+00:00,206.711338
5x-risk-001,2023-10-20T17:00:00+00:00,204.630339
5x-risk-001,2023-10-21T06:00:00+00:00,202.47808
5x-risk-001,2023-10-21T12:00:00+00:00,200.391184
5x-risk-001,2023-10-23T22:00:00+00:00,210.257345
5x-risk-001,2023-10-24T02:00:00+00:00,220.281465
5x-risk-001,2023-10-24T09:00:00+00:00,230.275407
5x-risk-001,2023-10-27T05:00:00+00:00,227.827518
5x-risk-001,2023-10-27T17:00:00+00:00,225.465526
5x-risk-001,2023-10-31T13:00:00+00:00,223.017587
5x-risk-001,2023-11-01T14:00:00+00:00,220.542721
5x-risk-001,2023-11-01T14:00:00+00:00,218.09942
5x-risk-001,2023-11-01T18:00:00+00:00,215.845869
5x-risk-001,2023-11-01T18:00:00+00:00,213.512288
5x-risk-001,2023-11-02T13:00:00+00:00,211.093452
5x-risk-001,2023-11-04T06:00:00+00:00,208.911846
5x-risk-001,2023-11-04T21:00:00+00:00,219.253871
5x-risk-001,2023-11-05T01:00:00+00:00,229.776171
5x-risk-001,2023-11-05T17:00:00+00:00,240.867898
5x-risk-001,2023-11-05T21:00:00+00:00,238.395785
5x-risk-001,2023-11-06T01:00:00+00:00,235.940947
5x-risk-001,2023-11-06T05:00:00+00:00,233.499736
5x-risk-001,2023-11-06T22:00:00+00:00,244.866609
5x-risk-001,2023-11-07T09:00:00+00:00,242.283677
5x-risk-001,2023-11-07T09:00:00+00:00,239.786124
5x-risk-001,2023-11-07T18:00:00+00:00,237.250032
5x-risk-001,2023-11-07T23:00:00+00:00,234.811553
5x-risk-001,2023-11-08T03:00:00+00:00,232.414784
5x-risk-001,2023-11-08T10:00:00+00:00,229.982576
5x-risk-001,2023-11-09T01:00:00+00:00,241.251319
5x-risk-001,2023-11-09T14:00:00+00:00,252.738495
5x-risk-001,2023-11-09T14:00:00+00:00,264.105389
5x-risk-001,2023-11-09T16:00:00+00:00,261.528427
5x-risk-001,2023-11-10T18:00:00+00:00,258.76811
5x-risk-001,2023-11-12T00:00:00+00:00,256.078551
5x-risk-001,2023-11-13T11:00:00+00:00,253.409274
5x-risk-001,2023-11-13T21:00:00+00:00,250.734812
5x-risk-001,2023-11-14T12:00:00+00:00,248.139627
5x-risk-001,2023-11-14T18:00:00+00:00,260.677243
5x-risk-001,2023-11-15T18:00:00+00:00,258.159827
5x-risk-001,2023-11-16T00:00:00+00:00,255.551729
5x-risk-001,2023-11-16T14:00:00+00:00,252.896348
5x-risk-001,2023-11-17T07:00:00+00:00,250.295216
5x-risk-001,2023-11-17T17:00:00+00:00,247.709389
5x-risk-001,2023-11-18T22:00:00+00:00,244.86064
5x-risk-001,2023-11-20T02:00:00+00:00,242.257694
5x-risk-001,2023-11-20T14:00:00+00:00,239.721294
5x-risk-001,2023-11-20T17:00:00+00:00,237.055345
5x-risk-001,2023-11-21T11:00:00+00:00,234.541312
5x-risk-001,2023-11-21T14:00:00+00:00,232.096567
5x-risk-001,2023-11-22T18:00:00+00:00,229.732632
5x-risk-001,2023-11-22T18:00:00+00:00,227.355285
5x-risk-001,2023-11-23T05:00:00+00:00,224.96296
5x-risk-001,2023-11-23T14:00:00+00:00,222.590262
5x-risk-001,2023-11-23T15:00:00+00:00,220.241211
5x-risk-001,2023-11-24T22:00:00+00:00,217.908031
5x-risk-001,2023-11-24T22:00:00+00:00,215.652851
5x-risk-001,2023-11-25T10:00:00+00:00,213.711073
5x-risk-001,2023-11-26T15:00:00+00:00,211.49891
5x-risk-001,2023-11-26T16:00:00+00:00,209.02564
5x-risk-001,2023-12-01T01:00:00+00:00,207.003771
5x-risk-001,2023-12-02T19:00:00+00:00,217.250861
5x-risk-001,2023-12-03T20:00:00+00:00,215.017966
5x-risk-001,2023-12-04T05:00:00+00:00,226.184285
5x-risk-001,2023-12-04T09:00:00+00:00,224.444641
5x-risk-001,2023-12-04T11:00:00+00:00,222.249209
5x-risk-001,2023-12-04T20:00:00+00:00,220.224461
5x-risk-001,2023-12-05T07:00:00+00:00,217.836656
5x-risk-001,2023-12-05T18:00:00+00:00,215.580394
5x-risk-001,2023-12-05T22:00:00+00:00,213.36752
5x-risk-001,2023-12-06T05:00:00+00:00,211.045042
5x-risk-001,2023-12-06T05:00:00+00:00,208.857233
5x-risk-001,2023-12-06T09:00:00+00:00,206.706634
5x-risk-001,2023-12-06T11:00:00+00:00,204.285014
5x-risk-001,2023-12-06T11:00:00+00:00,202.121731
5x-risk-001,2023-12-06T11:00:00+00:00,199.980399
5x-risk-001,2023-12-06T15:00:00+00:00,197.889939
5x-risk-001,2023-12-06T21:00:00+00:00,195.786591
5x-risk-001,2023-12-07T04:00:00+00:00,193.721679
5x-risk-001,2023-12-07T05:00:00+00:00,191.718965
5x-risk-001,2023-12-07T05:00:00+00:00,189.692546
5x-risk-001,2023-12-07T09:00:00+00:00,187.67206
5x-risk-001,2023-12-07T09:00:00+00:00,197.005289
5x-risk-001,2023-12-07T09:00:00+00:00,195.0334
5x-risk-001,2023-12-07T13:00:00+00:00,192.97694
5x-risk-001,2023-12-07T14:00:00+00:00,190.955082
5x-risk-001,2023-12-07T19:00:00+00:00,188.97391
5x-risk-001,2023-12-08T06:00:00+00:00,198.422484
5x-risk-001,2023-12-08T14:00:00+00:00,196.293132
5x-risk-001,2023-12-09T00:00:00+00:00,194.253292
5x-risk-001,2023-12-09T08:00:00+00:00,192.21229
5x-risk-001,2023-12-09T23:00:00+00:00,190.20309
5x-risk-001,2023-12-11T02:00:00+00:00,187.610471
5x-risk-001,2023-12-11T12:00:00+00:00,185.663517
5x-risk-001,2023-12-16T04:00:00+00:00,183.790042
5x-risk-001,2023-12-16T07:00:00+00:00,181.925661
5x-risk-001,2023-12-16T12:00:00+00:00,180.214558
5x-risk-001,2023-12-16T19:00:00+00:00,178.182226
5x-risk-001,2023-12-17T19:00:00+00:00,176.384612
5x-risk-001,2023-12-18T01:00:00+00:00,174.862283
5x-risk-001,2023-12-18T10:00:00+00:00,184.041885
5x-risk-001,2023-12-18T21:00:00+00:00,182.319632
5x-risk-001,2023-12-19T14:00:00+00:00,180.468273
5x-risk-001,2023-12-20T02:00:00+00:00,178.583436
5x-risk-001,2023-12-20T07:00:00+00:00,176.731323
5x-risk-001,2023-12-20T13:00:00+00:00,174.909994
5x-risk-001,2023-12-20T19:00:00+00:00,173.074689
5x-risk-001,2023-12-20T20:00:00+00:00,171.252686
5x-risk-001,2023-12-21T06:00:00+00:00,169.485795
5x-risk-001,2023-12-21T10:00:00+00:00,178.330753
5x-risk-001,2023-12-22T07:00:00+00:00,187.165098
5x-risk-001,2023-12-26T09:00:00+00:00,184.90758
5x-risk-001,2023-12-26T16:00:00+00:00,182.763673
5x-risk-001,2023-12-26T17:00:00+00:00,180.357419
5x-risk-001,2023-12-26T17:00:00+00:00,178.486249
5x-risk-001,2023-12-27T10:00:00+00:00,176.711191
5x-risk-001,2023-12-28T05:00:00+00:00,174.843928
5x-risk-001,2023-12-28T07:00:00+00:00,172.944087
5x-risk-001,2023-12-31T12:00:00+00:00,171.173643
5x-risk-001,2024-01-01T15:00:00+00:00,169.44588
5x-risk-001,2024-01-01T18:00:00+00:00,168.183926
5x-risk-001,2024-01-02T09:00:00+00:00,167.05502
5x-risk-001,2024-01-02T14:00:00+00:00,165.326062
5x-risk-001,2024-01-03T05:00:00+00:00,163.582249
5x-risk-001,2024-01-03T12:00:00+00:00,161.648949
5x-risk-001,2024-01-03T12:00:00+00:00,169.81815
5x-risk-001,2024-01-03T12:00:00+00:00,168.117178
5x-risk-001,2024-01-03T13:00:00+00:00,166.346497
5x-risk-001,2024-01-04T04:00:00+00:00,164.541743
5x-risk-001,2024-01-05T01:00:00+00:00,162.835278
5x-risk-001,2024-01-05T01:00:00+00:00,161.290365
5x-risk-001,2024-01-05T04:00:00+00:00,159.586061
5x-risk-001,2024-01-05T09:00:00+00:00,157.896575
5x-risk-001,2024-01-05T14:00:00+00:00,156.373461
5x-risk-001,2024-01-05T20:00:00+00:00,154.553712
5x-risk-001,2024-01-06T01:00:00+00:00,162.154396
5x-risk-001,2024-01-06T06:00:00+00:00,160.44653
5x-risk-001,2024-01-06T09:00:00+00:00,158.808076
5x-risk-001,2024-01-06T16:00:00+00:00,157.200171
5x-risk-001,2024-01-07T00:00:00+00:00,165.003499
5x-risk-001,2024-01-07T17:00:00+00:00,163.117918
5x-risk-001,2024-01-08T06:00:00+00:00,161.506004
5x-risk-001,2024-01-08T12:00:00+00:00,159.834601
5x-risk-001,2024-01-10T21:00:00+00:00,167.556367
5x-risk-001,2024-01-10T21:00:00+00:00,175.461919
5x-risk-001,2024-01-12T06:00:00+00:00,173.5385
5x-risk-001,2024-01-14T19:00:00+00:00,171.771512
5x-risk-001,2024-01-14T19:00:00+00:00,170.233571
5x-risk-001,2024-01-15T06:00:00+00:00,168.050988
5x-risk-001,2024-01-16T05:00:00+00:00,166.307929
5x-risk-001,2024-01-16T14:00:00+00:00,174.64604
5x-risk-001,2024-01-16T14:00:00+00:00,172.91457
5x-risk-001,2024-01-18T00:00:00+00:00,181.422319
5x-risk-001,2024-01-18T16:00:00+00:00,189.387405
5x-risk-001,2024-01-18T16:00:00+00:00,197.796928
5x-risk-001,2024-01-18T16:00:00+00:00,195.812875
5x-risk-001,2024-01-18T23:00:00+00:00,193.717809
5x-risk-001,2024-01-19T04:00:00+00:00,191.370986
5x-risk-001,2024-01-19T15:00:00+00:00,189.312613
5x-risk-001,2024-01-19T16:00:00+00:00,198.268585
5x-risk-001,2024-01-19T19:00:00+00:00,195.668999
5x-risk-001,2024-01-22T09:00:00+00:00,193.603245
5x-risk-001,2024-01-22T10:00:00+00:00,192.060643
5x-risk-001,2024-01-23T09:00:00+00:00,201.730554
5x-risk-001,2024-01-25T21:00:00+00:00,199.654449
5x-risk-001,2024-01-26T02:00:00+00:00,197.429493
5x-risk-001,2024-01-26T16:00:00+00:00,195.574492
5x-risk-001,2024-01-26T19:00:00+00:00,205.333617
5x-risk-001,2024-01-28T22:00:00+00:00,203.237326
5x-risk-001,2024-01-30T02:00:00+00:00,201.038194
5x-risk-001,2024-01-30T11:00:00+00:00,210.848519
5x-risk-001,2024-01-31T05:00:00+00:00,220.790516
5x-risk-001,2024-02-01T01:00:00+00:00,231.702008
5x-risk-001,2024-02-01T17:00:00+00:00,229.387671
5x-risk-001,2024-02-02T12:00:00+00:00,227.14504
5x-risk-001,2024-02-02T13:00:00+00:00,224.587411
5x-risk-001,2024-02-03T13:00:00+00:00,222.234526
5x-risk-001,2024-02-04T22:00:00+00:00,219.736799
5x-risk-001,2024-02-05T05:00:00+00:00,217.44506
5x-risk-001,2024-02-05T15:00:00+00:00,215.141935
5x-risk-001,2024-02-06T02:00:00+00:00,212.649687
5x-risk-001,2024-02-07T17:00:00+00:00,223.147687
5x-risk-001,2024-02-07T21:00:00+00:00,220.979823
5x-risk-001,2024-02-08T16:00:00+00:00,218.918273
5x-risk-001,2024-02-09T01:00:00+00:00,216.645334
5x-risk-001,2024-02-09T13:00:00+00:00,214.426259
5x-risk-001,2024-02-09T15:00:00+00:00,225.146584
5x-risk-001,2024-02-10T18:00:00+00:00,222.839255
5x-risk-001,2024-02-11T04:00:00+00:00,233.540426
5x-risk-001,2024-02-11T05:00:00+00:00,244.562554
5x-risk-001,2024-02-12T15:00:00+00:00,241.997966
5x-risk-001,2024-02-13T13:00:00+00:00,239.350113
5x-risk-001,2024-02-14T15:00:00+00:00,236.958879
5x-risk-001,2024-02-14T23:00:00+00:00,234.48896
5x-risk-001,2024-02-15T03:00:00+00:00,246.29279
5x-risk-001,2024-02-16T05:00:00+00:00,243.933147
5x-risk-001,2024-02-20T01:00:00+00:00,241.188618
5x-risk-001,2024-02-20T01:00:00+00:00,238.720954
5x-risk-001,2024-02-20T15:00:00+00:00,235.960955
5x-risk-001,2024-02-20T22:00:00+00:00,233.536009
5x-risk-001,2024-02-21T07:00:00+00:00,231.031829
5x-risk-001,2024-02-21T23:00:00+00:00,228.572871
5x-risk-001,2024-02-22T16:00:00+00:00,226.052555
5x-risk-001,2024-02-23T02:00:00+00:00,237.863051
5x-risk-001,2024-02-23T15:00:00+00:00,249.662355
5x-risk-001,2024-02-25T02:00:00+00:00,247.31642
5x-risk-001,2024-02-26T00:00:00+00:00,259.678545
5x-risk-001,2024-02-26T09:00:00+00:00,256.802593
5x-risk-001,2024-02-26T09:00:00+00:00,254.087241
5x-risk-001,2024-02-26T14:00:00+00:00,251.28245
5x-risk-001,2024-02-26T15:00:00+00:00,263.63825
5x-risk-001,2024-02-26T15:00:00+00:00,261.008596
5x-risk-001,2024-02-27T13:00:00+00:00,257.964016
5x-risk-001,2024-02-28T09:00:00+00:00,255.367085
5x-risk-001,2024-02-28T10:00:00+00:00,252.748894
5x-risk-001,2024-02-28T17:00:00+00:00,250.058299
5x-risk-001,2024-02-28T22:00:00+00:00,247.461864
5x-risk-001,2024-02-29T07:00:00+00:00,244.971678
5x-risk-001,2024-02-29T22:00:00+00:00,242.448133
5x-risk-001,2024-03-01T23:00:00+00:00,240.076399
5x-risk-001,2024-03-02T01:00:00+00:00,237.422402
5x-risk-001,2024-03-02T02:00:00+00:00,235.170031
5x-risk-001,2024-03-02T09:00:00+00:00,232.31949
5x-risk-001,2024-03-02T09:00:00+00:00,229.801664
5x-risk-001,2024-03-02T16:00:00+00:00,227.601235
5x-risk-001,2024-03-03T00:00:00+00:00,239.230373
5x-risk-001,2024-03-03T01:00:00+00:00,237.040277
5x-risk-001,2024-03-03T07:00:00+00:00,248.405606
5x-risk-001,2024-03-03T07:00:00+00:00,245.949426
5x-risk-001,2024-03-03T20:00:00+00:00,243.200361
5x-risk-001,2024-03-05T04:00:00+00:00,240.83557
5x-risk-001,2024-03-05T14:00:00+00:00,239.160197
5x-risk-001,2024-03-05T14:00:00+00:00,236.645253
5x-risk-001,2024-03-05T16:00:00+00:00,233.481479
5x-risk-001,2024-03-05T16:00:00+00:00,231.539433
5x-risk-001,2024-03-07T11:00:00+00:00,229.009832
5x-risk-001,2024-03-07T14:00:00+00:00,240.439884
5x-risk-001,2024-03-08T15:00:00+00:00,237.711766
5x-risk-001,2024-03-08T15:00:00+00:00,235.151483
5x-risk-001,2024-03-09T03:00:00+00:00,232.61706
5x-risk-001,2024-03-09T10:00:00+00:00,229.868414
5x-risk-001,2024-03-09T17:00:00+00:00,227.270855
5x-risk-001,2024-03-10T12:00:00+00:00,225.329077
5x-risk-001,2024-03-10T21:00:00+00:00,223.044141
5x-risk-001,2024-03-11T11:00:00+00:00,220.715592
5x-risk-001,2024-03-12T06:00:00+00:00,218.454661
5x-risk-001,2024-03-12T18:00:00+00:00,216.274094
5x-risk-001,2024-03-13T13:00:00+00:00,213.837089
5x-risk-001,2024-03-14T00:00:00+00:00,211.765088
5x-risk-001,2024-03-14T04:00:00+00:00,209.578883
5x-risk-001,2024-03-14T08:00:00+00:00,207.454141
5x-risk-001,2024-03-14T13:00:00+00:00,204.67599
5x-risk-001,2024-03-15T02:00:00+00:00,202.540663
5x-risk-001,2024-03-15T03:00:00+00:00,212.796917
5x-risk-001,2024-03-15T20:00:00+00:00,210.603073
5x-risk-001,2024-03-16T17:00:00+00:00,220.940897
5x-risk-001,2024-03-20T18:00:00+00:00,218.672813
5x-risk-001,2024-03-22T19:00:00+00:00,216.390707
5x-risk-001,2024-03-22T23:00:00+00:00,214.122832
5x-risk-001,2024-03-23T03:00:00+00:00,211.862714
5x-risk-001,2024-03-24T04:00:00+00:00,209.640472
5x-risk-001,2024-03-24T09:00:00+00:00,207.464314
5x-risk-001,2024-03-24T10:00:00+00:00,205.224365
5x-risk-001,2024-03-24T21:00:00+00:00,203.328363
5x-risk-001,2024-03-25T14:00:00+00:00,213.136485
5x-risk-001,2024-03-26T10:00:00+00:00,223.280787
5x-risk-001,2024-03-27T07:00:00+00:00,221.063619
5x-risk-001,2024-03-28T14:00:00+00:00,218.784786
5x-risk-001,2024-03-29T10:00:00+00:00,229.443855
5x-risk-001,2024-03-30T02:00:00+00:00,227.201496
5x-risk-001,2024-03-30T16:00:00+00:00,238.452822
5x-risk-001,2024-03-31T05:00:00+00:00,236.046727
5x-risk-001,2024-03-31T09:00:00+00:00,233.440268
5x-risk-001,2024-04-01T05:00:00+00:00,231.077351
5x-risk-001,2024-04-01T05:00:00+00:00,228.385006
5x-risk-001,2024-04-02T02:00:00+00:00,225.496761
5x-risk-001,2024-04-05T16:00:00+00:00,223.420342
5x-risk-001,2024-04-08T08:00:00+00:00,221.316874
5x-risk-001,2024-04-09T04:00:00+00:00,218.946583
5x-risk-001,2024-04-10T12:00:00+00:00,229.758963
5x-risk-001,2024-04-10T12:00:00+00:00,227.265305
5x-risk-001,2024-04-12T18:00:00+00:00,238.554333
5x-risk-001,2024-04-12T18:00:00+00:00,235.935148
5x-risk-001,2024-04-12T18:00:00+00:00,233.503072
5x-risk-001,2024-04-24T01:00:00+00:00,231.059693
5x-risk-001,2024-04-24T05:00:00+00:00,228.575626
5x-risk-001,2024-04-24T13:00:00+00:00,226.230996
5x-risk-001,2024-04-28T14:00:00+00:00,223.724949
5x-risk-001,2024-04-28T18:00:00+00:00,235.103825
5x-risk-001,2024-04-28T23:00:00+00:00,232.61703
5x-risk-001,2024-04-29T23:00:00+00:00,230.205805
5x-risk-001,2024-04-30T04:00:00+00:00,227.748406
5x-risk-001,2024-04-30T06:00:00+00:00,225.146116
5x-risk-001,2024-05-01T07:00:00+00:00,236.3304
5x-risk-001,2024-05-01T07:00:00+00:00,247.356437
5x-risk-001,2024-05-07T08:00:00+00:00,244.807888
5x-risk-001,2024-05-07T08:00:00+00:00,242.203362
5x-risk-001,2024-05-07T11:00:00+00:00,239.487081
5x-risk-001,2024-05-07T20:00:00+00:00,237.053665
5x-risk-001,2024-05-09T11:00:00+00:00,248.855062
5x-risk-001,2024-05-10T14:00:00+00:00,246.293189
5x-risk-001,2024-05-12T15:00:00+00:00,243.702509
5x-risk-001,2024-05-13T02:00:00+00:00,255.457914
5x-risk-001,2024-05-13T03:00:00+00:00,267.146995
5x-risk-001,2024-05-13T06:00:00+00:00,264.278766
5x-risk-001,2024-05-13T09:00:00+00:00,261.748649
5x-risk-001,2024-05-14T06:00:00+00:00,258.98561
5x-risk-001,2024-05-14T06:00:00+00:00,256.120565
5x-risk-001,2024-05-14T10:00:00+00:00,253.506904
5x-risk-001,2024-05-14T14:00:00+00:00,266.233211
5x-risk-001,2024-05-15T09:00:00+00:00,263.480143
5x-risk-001,2024-05-15T12:00:00+00:00,260.820041
5x-risk-001,2024-05-15T12:00:00+00:00,258.092291
5x-risk-001,2024-05-16T12:00:00+00:00,255.361834
5x-risk-001,2024-05-17T14:00:00+00:00,267.838881
5x-risk-001,2024-05-20T04:00:00+00:00,264.928885
5x-risk-001,2024-05-20T12:00:00+00:00,262.176567
5x-risk-001,2024-05-20T16:00:00+00:00,258.898042
5x-risk-001,2024-05-20T19:00:00+00:00,271.309123
5x-risk-001,2024-05-20T21:00:00+00:00,284.127658
5x-risk-001,2024-05-22T18:00:00+00:00,281.384821
5x-risk-001,2024-05-23T01:00:00+00:00,278.776465
5x-risk-001,2024-05-24T18:00:00+00:00,276.2701
5x-risk-001,2024-05-24T18:00:00+00:00,273.375698
5x-risk-001,2024-05-26T20:00:00+00:00,270.518151
5x-risk-001,2024-05-30T07:00:00+00:00,267.438097
5x-risk-001,2024-05-30T18:00:00+00:00,264.698581
5x-risk-001,2024-05-31T09:00:00+00:00,261.786944
5x-risk-001,2024-05-31T14:00:00+00:00,275.093575
5x-risk-001,2024-06-02T14:00:00+00:00,272.291115
5x-risk-001,2024-06-02T17:00:00+00:00,269.416819
5x-risk-001,2024-06-05T01:00:00+00:00,267.009592
5x-risk-001,2024-06-06T14:00:00+00:00,280.036978
5x-risk-001,2024-06-07T18:00:00+00:00,293.36653
5x-risk-001,2024-06-07T18:00:00+00:00,307.207465
5x-risk-001,2024-06-11T13:00:00+00:00,320.929584
5x-risk-001,2024-06-11T15:00:00+00:00,336.130712
5x-risk-001,2024-06-17T10:00:00+00:00,332.544695
5x-risk-001,2024-06-17T18:00:00+00:00,329.053443
5x-risk-001,2024-06-19T03:00:00+00:00,325.782839
5x-risk-001,2024-06-21T07:00:00+00:00,322.374069
5x-risk-001,2024-06-21T10:00:00+00:00,318.90079
5x-risk-001,2024-06-21T19:00:00+00:00,315.329817
5x-risk-001,2024-06-22T08:00:00+00:00,312.014311
5x-risk-001,2024-06-24T09:00:00+00:00,328.105731
5x-risk-001,2024-06-24T09:00:00+00:00,343.383337
5x-risk-001,2024-06-24T12:00:00+00:00,340.088549
5x-risk-001,2024-06-24T17:00:00+00:00,336.414092
5x-risk-001,2024-06-24T19:00:00+00:00,351.606579
5x-risk-001,2024-06-24T20:00:00+00:00,353.176843
5x-risk-001,2024-06-26T10:00:00+00:00,349.420362
5x-risk-001,2024-06-26T20:00:00+00:00,345.796304
5x-risk-001,2024-06-27T05:00:00+00:00,342.241204
5x-risk-001,2024-06-27T12:00:00+00:00,338.717546
5x-risk-001,2024-06-27T13:00:00+00:00,335.127312
5x-risk-001,2024-06-28T13:00:00+00:00,331.617078
5x-risk-001,2024-06-28T15:00:00+00:00,328.136656
5x-risk-001,2024-06-28T21:00:00+00:00,324.516937
5x-risk-001,2024-06-29T03:00:00+00:00,321.151864
5x-risk-001,2024-06-30T07:00:00+00:00,317.766588
5x-risk-001,2024-06-30T18:00:00+00:00,314.52625
5x-risk-001,2024-06-30T18:00:00+00:00,311.067004
5x-risk-001,2024-07-02T14:00:00+00:00,307.66289
5x-risk-001,2024-07-02T22:00:00+00:00,304.402759
5x-risk-001,2024-07-03T01:00:00+00:00,300.95757
5x-risk-001,2024-07-03T03:00:00+00:00,297.794469
5x-risk-001,2024-07-03T10:00:00+00:00,312.474062
5x-risk-001,2024-07-04T01:00:00+00:00,327.196306
5x-risk-001,2024-07-04T12:00:00+00:00,344.661024
5x-risk-001,2024-07-08T08:00:00+00:00,342.19938
5x-risk-001,2024-07-11T00:00:00+00:00,338.757939
5x-risk-001,2024-07-11T15:00:00+00:00,335.186804
5x-risk-001,2024-07-12T01:00:00+00:00,331.439602
5x-risk-001,2024-07-12T13:00:00+00:00,327.887048
5x-risk-001,2024-07-12T18:00:00+00:00,344.463588
5x-risk-001,2024-07-12T20:00:00+00:00,341.055481
5x-risk-001,2024-07-13T05:00:00+00:00,337.529674
5x-risk-001,2024-07-14T21:00:00+00:00,354.136283
5x-risk-001,2024-07-15T15:00:00+00:00,370.909928
5x-risk-001,2024-07-16T16:00:00+00:00,386.259374
5x-risk-001,2024-07-21T15:00:00+00:00,405.379613
5x-risk-001,2024-07-23T08:00:00+00:00,400.937163
5x-risk-001,2024-07-23T13:00:00+00:00,396.645703
5x-risk-001,2024-07-24T05:00:00+00:00,416.717397
5x-risk-001,2024-07-25T01:00:00+00:00,437.153461
5x-risk-001,2024-07-25T02:00:00+00:00,456.511994
5x-risk-001,2024-07-25T20:00:00+00:00,479.098379
5x-risk-001,2024-07-27T17:00:00+00:00,474.058778
5x-risk-001,2024-07-27T20:00:00+00:00,469.091399
5x-risk-001,2024-07-29T23:00:00+00:00,492.289265
5x-risk-001,2024-07-30T19:00:00+00:00,515.504463
5x-risk-001,2024-07-30T20:00:00+00:00,539.859055
5x-risk-001,2024-07-31T20:00:00+00:00,559.881685
5x-risk-001,2024-08-01T01:00:00+00:00,554.279442
5x-risk-001,2024-08-03T00:00:00+00:00,581.663427
5x-risk-001,2024-08-13T03:00:00+00:00,575.601514
5x-risk-001,2024-08-13T14:00:00+00:00,569.76477
5x-risk-001,2024-08-15T18:00:00+00:00,563.7396
5x-risk-001,2024-08-15T18:00:00+00:00,557.900806
5x-risk-001,2024-08-15T19:00:00+00:00,551.873678
5x-risk-001,2024-08-16T08:00:00+00:00,545.901388
5x-risk-001,2024-08-16T11:00:00+00:00,540.255178
5x-risk-001,2024-08-16T19:00:00+00:00,534.449121
5x-risk-001,2024-08-18T10:00:00+00:00,528.979165
5x-risk-001,2024-08-18T16:00:00+00:00,523.257649
5x-risk-001,2024-08-19T00:00:00+00:00,517.731756
5x-risk-001,2024-08-19T00:00:00+00:00,512.251814
5x-risk-001,2024-08-19T09:00:00+00:00,506.842081
5x-risk-001,2024-08-19T13:00:00+00:00,501.35363
5x-risk-001,2024-08-19T17:00:00+00:00,496.105371
5x-risk-001,2024-08-19T17:00:00+00:00,490.838233
5x-risk-001,2024-08-19T20:00:00+00:00,485.214461
5x-risk-001,2024-08-20T00:00:00+00:00,479.929522
5x-risk-001,2024-08-20T07:00:00+00:00,503.399729
5x-risk-001,2024-08-20T14:00:00+00:00,498.46303
5x-risk-001,2024-08-20T14:00:00+00:00,493.333406
5x-risk-001,2024-08-20T15:00:00+00:00,488.451339
5x-risk-001,2024-08-21T01:00:00+00:00,483.35669
5x-risk-001,2024-08-21T08:00:00+00:00,478.305983
5x-risk-001,2024-08-21T13:00:00+00:00,473.253439
5x-risk-001,2024-08-21T15:00:00+00:00,469.37604
5x-risk-001,2024-08-21T17:00:00+00:00,464.297045
5x-risk-001,2024-08-21T19:00:00+00:00,459.500841
5x-risk-001,2024-08-22T02:00:00+00:00,454.756936
5x-risk-001,2024-08-23T09:00:00+00:00,478.011719
5x-risk-001,2024-08-23T19:00:00+00:00,500.474696
5x-risk-001,2024-08-23T21:00:00+00:00,523.454469
5x-risk-001,2024-08-27T12:00:00+00:00,518.274635
5x-risk-001,2024-08-31T16:00:00+00:00,512.901801
5x-risk-001,2024-09-01T05:00:00+00:00,538.419896
5x-risk-001,2024-09-02T08:00:00+00:00,532.738116
5x-risk-001,2024-09-02T09:00:00+00:00,527.146086
5x-risk-001,2024-09-02T14:00:00+00:00,521.650342
5x-risk-001,2024-09-02T20:00:00+00:00,516.456627
5x-risk-001,2024-09-03T13:00:00+00:00,511.00292
5x-risk-001,2024-09-03T15:00:00+00:00,505.745783
5x-risk-001,2024-09-05T15:00:00+00:00,500.530379
5x-risk-001,2024-09-06T12:00:00+00:00,495.388662
5x-risk-001,2024-09-06T12:00:00+00:00,490.270327
5x-risk-001,2024-09-08T04:00:00+00:00,485.200153
5x-risk-001,2024-09-08T14:00:00+00:00,480.141391
5x-risk-001,2024-09-08T21:00:00+00:00,475.075615
5x-risk-001,2024-09-09T17:00:00+00:00,469.983422
5x-risk-001,2024-09-11T13:00:00+00:00,465.150033
5x-risk-001,2024-09-11T17:00:00+00:00,460.025422
5x-risk-001,2024-09-13T21:00:00+00:00,482.789514
5x-risk-001,2024-09-14T05:00:00+00:00,506.284022
5x-risk-001,2024-09-15T21:00:00+00:00,501.156238
5x-risk-001,2024-09-15T23:00:00+00:00,496.198521
5x-risk-001,2024-09-17T14:00:00+00:00,491.301975
5x-risk-001,2024-09-18T18:00:00+00:00,485.987315
5x-risk-001,2024-09-19T00:00:00+00:00,480.906079
5x-risk-001,2024-09-19T00:00:00+00:00,504.958087
5x-risk-001,2024-09-23T14:00:00+00:00,499.50122
5x-risk-001,2024-09-24T07:00:00+00:00,524.237653
5x-risk-001,2024-09-26T16:00:00+00:00,549.241167
5x-risk-001,2024-09-27T09:00:00+00:00,575.16236
5x-risk-001,2024-09-27T14:00:00+00:00,569.262137
5x-risk-001,2024-09-28T05:00:00+00:00,563.165416
5x-risk-001,2024-09-30T10:00:00+00:00,556.978235
5x-risk-001,2024-10-01T12:00:00+00:00,551.383025
5x-risk-001,2024-10-01T14:00:00+00:00,545.408219
5x-risk-001,2024-10-01T15:00:00+00:00,539.935421
5x-risk-001,2024-10-01T17:00:00+00:00,567.465857
5x-risk-001,2024-10-04T08:00:00+00:00,595.529607
5x-risk-001,2024-10-14T15:00:00+00:00,590.250585
5x-risk-001,2024-10-16T11:00:00+00:00,584.005294
5x-risk-001,2024-10-20T22:00:00+00:00,578.364351
5x-risk-001,2024-10-21T13:00:00+00:00,572.295158
5x-risk-001,2024-10-24T21:00:00+00:00,566.693261
5x-risk-001,2024-10-25T17:00:00+00:00,560.696448
5x-risk-001,2024-10-27T17:00:00+00:00,555.015244
5x-risk-001,2024-11-01T02:00:00+00:00,548.907193
5x-risk-001,2024-11-03T14:00:00+00:00,543.007513
5x-risk-001,2024-11-06T01:00:00+00:00,537.656869
5x-risk-001,2024-11-07T17:00:00+00:00,563.945357
5x-risk-001,2024-11-12T00:00:00+00:00,559.511166
5x-risk-001,2024-11-14T14:00:00+00:00,553.736681
5x-risk-001,2024-11-14T23:00:00+00:00,547.990358
5x-risk-001,2024-11-15T09:00:00+00:00,542.275291
5x-risk-001,2024-11-16T11:00:00+00:00,536.646056
5x-risk-001,2024-11-16T11:00:00+00:00,531.03419
5x-risk-001,2024-11-16T15:00:00+00:00,525.334044
5x-risk-001,2024-11-16T22:00:00+00:00,518.775265
5x-risk-001,2024-11-17T14:00:00+00:00,512.942744
5x-risk-001,2024-11-18T03:00:00+00:00,507.475253
5x-risk-001,2024-11-18T03:00:00+00:00,501.910639
5x-risk-001,2024-11-18T09:00:00+00:00,495.969532
5x-risk-001,2024-11-18T11:00:00+00:00,490.872737
5x-risk-001,2024-11-18T15:00:00+00:00,485.756858
5x-risk-001,2024-11-18T15:00:00+00:00,510.599615
5x-risk-001,2024-11-18T15:00:00+00:00,505.000926
5x-risk-001,2024-11-18T19:00:00+00:00,499.838634
5x-risk-001,2024-11-18T23:00:00+00:00,524.559289
5x-risk-001,2024-11-19T09:00:00+00:00,519.158158
5x-risk-001,2024-11-19T18:00:00+00:00,513.739031
5x-risk-001,2024-11-19T18:00:00+00:00,508.258608
5x-risk-001,2024-11-20T01:00:00+00:00,502.823508
5x-risk-001,2024-11-20T09:00:00+00:00,497.746735
5x-risk-001,2024-11-20T14:00:00+00:00,492.754744
5x-risk-001,2024-11-20T14:00:00+00:00,487.498937
5x-risk-001,2024-11-20T17:00:00+00:00,482.385672
5x-risk-001,2024-11-21T04:00:00+00:00,477.416516
5x-risk-001,2024-11-21T13:00:00+00:00,472.305567
5x-risk-001,2024-11-22T04:00:00+00:00,495.856275
5x-risk-001,2024-11-22T07:00:00+00:00,490.512219
5x-risk-001,2024-11-23T07:00:00+00:00,513.858899
5x-risk-001,2024-11-26T00:00:00+00:00,508.596061
5x-risk-001,2024-11-26T01:00:00+00:00,502.789569
5x-risk-001,2024-11-27T04:00:00+00:00,497.676909
5x-risk-001,2024-11-30T01:00:00+00:00,492.554937
5x-risk-001,2024-11-30T22:00:00+00:00,487.373936
5x-risk-001,2024-12-01T15:00:00+00:00,511.985864
5x-risk-001,2024-12-02T04:00:00+00:00,506.671144
5x-risk-001,2024-12-03T01:00:00+00:00,501.675807
5x-risk-001,2024-12-04T00:00:00+00:00,496.49902
5x-risk-001,2024-12-04T02:00:00+00:00,492.044909
5x-risk-001,2024-12-04T16:00:00+00:00,486.970785
5x-risk-001,2024-12-04T20:00:00+00:00,511.216297
5x-risk-001,2024-12-05T03:00:00+00:00,535.660362
5x-risk-001,2024-12-05T20:00:00+00:00,529.922331
5x-risk-001,2024-12-05T20:00:00+00:00,524.10633
5x-risk-001,2024-12-08T23:00:00+00:00,517.928933
5x-risk-001,2024-12-09T17:00:00+00:00,512.1297
5x-risk-001,2024-12-14T06:00:00+00:00,506.788401
5x-risk-001,2024-12-15T23:00:00+00:00,501.582884
5x-risk-001,2024-12-16T00:00:00+00:00,496.481259
5x-risk-001,2024-12-16T03:00:00+00:00,491.241219
5x-risk-001,2024-12-16T09:00:00+00:00,485.67858
5x-risk-001,2024-12-16T17:00:00+00:00,480.719996
5x-risk-001,2024-12-17T14:00:00+00:00,505.000359
5x-risk-001,2024-12-17T15:00:00+00:00,499.810594
5x-risk-001,2024-12-17T22:00:00+00:00,494.893815
5x-risk-001,2024-12-18T20:00:00+00:00,489.069469
5x-risk-001,2024-12-19T17:00:00+00:00,513.472308
5x-risk-001,2024-12-23T20:00:00+00:00,507.805993
5x-risk-001,2024-12-24T02:00:00+00:00,502.599257
5x-risk-001,2024-12-24T17:00:00+00:00,497.383461
5x-risk-001,2024-12-24T23:00:00+00:00,492.150317
5x-risk-001,2024-12-25T21:00:00+00:00,486.888966
5x-risk-001,2024-12-26T10:00:00+00:00,481.81166
5x-risk-001,2024-12-26T20:00:00+00:00,506.094344
5x-risk-001,2024-12-28T05:00:00+00:00,500.85063
5x-risk-001,2024-12-28T13:00:00+00:00,495.519168
5x-risk-001,2024-12-28T22:00:00+00:00,490.344016
5x-risk-001,2024-12-30T01:00:00+00:00,485.288296
5x-risk-001,2024-12-30T01:00:00+00:00,480.215302
5x-risk-001,2024-12-30T01:00:00+00:00,474.65137
5x-risk-001,2024-12-30T06:00:00+00:00,469.693219
5x-risk-001,2024-12-30T06:00:00+00:00,464.685268
5x-risk-001,2024-12-30T06:00:00+00:00,459.681742
5x-risk-001,2024-12-30T13:00:00+00:00,454.689457
5x-risk-001,2024-12-30T13:00:00+00:00,449.857678
5x-risk-001,2024-12-30T13:00:00+00:00,444.963593
5x-risk-001,2024-12-30T18:00:00+00:00,440.355719
5x-risk-001,2024-12-30T18:00:00+00:00,434.877372
5x-risk-001,2024-12-30T18:00:00+00:00,430.235243
5x-risk-001,2024-12-31T08:00:00+00:00,425.659851
5x-risk-001,2024-12-31T08:00:00+00:00,421.11154
5x-risk-001,2024-12-31T22:00:00+00:00,416.740161
5x-risk-001,2024-12-31T23:00:00+00:00,412.255271
5x-risk-001,2025-01-01T04:00:00+00:00,407.792423
5x-risk-001,2025-01-01T08:00:00+00:00,403.258637
5x-risk-001,2025-01-01T19:00:00+00:00,399.089126
5x-risk-001,2025-01-02T00:00:00+00:00,394.788328
5x-risk-001,2025-01-02T15:00:00+00:00,390.749341
5x-risk-001,2025-01-03T12:00:00+00:00,386.525169
5x-risk-001,2025-01-03T15:00:00+00:00,405.916395
5x-risk-001,2025-01-03T16:00:00+00:00,401.436806
5x-risk-001,2025-01-05T14:00:00+00:00,397.156022
5x-risk-001,2025-01-06T01:00:00+00:00,392.810065
5x-risk-001,2025-01-07T01:00:00+00:00,388.654846
5x-risk-001,2025-01-07T15:00:00+00:00,384.49036
5x-risk-001,2025-01-07T15:00:00+00:00,403.718274
5x-risk-001,2025-01-07T17:00:00+00:00,399.528428
5x-risk-001,2025-01-13T00:00:00+00:00,395.205522
5x-risk-001,2025-01-13T00:00:00+00:00,390.539421
5x-risk-001,2025-01-13T00:00:00+00:00,386.491323
5x-risk-001,2025-01-14T01:00:00+00:00,382.563423
5x-risk-001,2025-01-15T14:00:00+00:00,378.705692
5x-risk-001,2025-01-17T19:00:00+00:00,397.134961
5x-risk-001,2025-01-18T05:00:00+00:00,393.297182
5x-risk-001,2025-01-19T11:00:00+00:00,389.33138
5x-risk-001,2025-01-19T21:00:00+00:00,385.379251
5x-risk-001,2025-01-19T21:00:00+00:00,381.309456
5x-risk-001,2025-01-20T07:00:00+00:00,377.459721
5x-risk-001,2025-01-20T12:00:00+00:00,373.615125
5x-risk-001,2025-01-21T16:00:00+00:00,369.565437
5x-risk-001,2025-01-22T08:00:00+00:00,365.739979
5x-risk-001,2025-01-22T11:00:00+00:00,361.707113
5x-risk-001,2025-01-23T20:00:00+00:00,357.995823
5x-risk-001,2025-01-23T23:00:00+00:00,354.199311
5x-risk-001,2025-01-24T20:00:00+00:00,350.522138
5x-risk-001,2025-01-26T23:00:00+00:00,346.672153
5x-risk-001,2025-01-27T07:00:00+00:00,364.238545
5x-risk-001,2025-01-27T07:00:00+00:00,381.541884
5x-risk-001,2025-01-27T07:00:00+00:00,398.683225
5x-risk-001,2025-01-30T03:00:00+00:00,394.624108
5x-risk-001,2025-01-31T20:00:00+00:00,390.625194
5x-risk-001,2025-02-01T09:00:00+00:00,386.432594
5x-risk-001,2025-02-01T20:00:00+00:00,382.289571
5x-risk-001,2025-02-02T18:00:00+00:00,401.217487
5x-risk-001,2025-02-11T13:00:00+00:00,396.904311
5x-risk-001,2025-02-11T17:00:00+00:00,392.862546
5x-risk-001,2025-02-12T20:00:00+00:00,388.783647
5x-risk-001,2025-02-13T06:00:00+00:00,384.771387
5x-risk-001,2025-02-13T12:00:00+00:00,380.689175
5x-risk-001,2025-02-14T03:00:00+00:00,376.760682
5x-risk-001,2025-02-14T15:00:00+00:00,372.620257
5x-risk-001,2025-02-14T16:00:00+00:00,368.646303
5x-risk-001,2025-02-15T14:00:00+00:00,364.860725
5x-risk-001,2025-02-16T18:00:00+00:00,382.909433
5x-risk-001,2025-02-16T23:00:00+00:00,378.845143
5x-risk-001,2025-02-17T00:00:00+00:00,374.606041
5x-risk-001,2025-02-17T08:00:00+00:00,370.643025
5x-risk-001,2025-02-17T08:00:00+00:00,366.704979
5x-risk-001,2025-02-17T09:00:00+00:00,362.043697
5x-risk-001,2025-02-17T14:00:00+00:00,358.248497
5x-risk-001,2025-02-17T18:00:00+00:00,354.383206
5x-risk-001,2025-02-17T19:00:00+00:00,350.54576
5x-risk-001,2025-02-17T20:00:00+00:00,346.526246
5x-risk-001,2025-02-17T20:00:00+00:00,342.12808
5x-risk-001,2025-02-17T21:00:00+00:00,338.477744
5x-risk-001,2025-02-17T21:00:00+00:00,334.662952
5x-risk-001,2025-02-17T23:00:00+00:00,330.645851
5x-risk-001,2025-02-18T04:00:00+00:00,327.083815
5x-risk-001,2025-02-18T04:00:00+00:00,323.721043
5x-risk-001,2025-02-18T06:00:00+00:00,320.27717
5x-risk-001,2025-02-18T13:00:00+00:00,317.022685
5x-risk-001,2025-02-18T14:00:00+00:00,313.086835
5x-risk-001,2025-02-19T11:00:00+00:00,310.004883
5x-risk-001,2025-02-21T15:00:00+00:00,306.649857
5x-risk-001,2025-02-21T17:00:00+00:00,303.418308
5x-risk-001,2025-02-22T16:00:00+00:00,300.29046
5x-risk-001,2025-02-22T17:00:00+00:00,296.95822
5x-risk-001,2025-02-23T12:00:00+00:00,293.872457
5x-risk-001,2025-02-24T04:00:00+00:00,290.779647
5x-risk-001,2025-02-24T19:00:00+00:00,305.319128
5x-risk-001,2025-02-25T00:00:00+00:00,324.291368
5x-risk-001,2025-02-25T07:00:00+00:00,338.657261
5x-risk-001,2025-03-07T00:00:00+00:00,335.222611
5x-risk-001,2025-03-07T05:00:00+00:00,331.619479
5x-risk-001,2025-03-07T11:00:00+00:00,327.913126
5x-risk-001,2025-03-07T13:00:00+00:00,324.565278
5x-risk-001,2025-03-07T16:00:00+00:00,321.132944
5x-risk-001,2025-03-07T18:00:00+00:00,317.832344
5x-risk-001,2025-03-07T20:00:00+00:00,314.375015
5x-risk-001,2025-03-07T21:00:00+00:00,310.756236
5x-risk-001,2025-03-09T10:00:00+00:00,326.117343
5x-risk-001,2025-03-09T12:00:00+00:00,341.77113
5x-risk-001,2025-03-10T17:00:00+00:00,356.908951
5x-risk-001,2025-03-10T17:00:00+00:00,373.790241
5x-risk-001,2025-03-14T10:00:00+00:00,369.951319
5x-risk-001,2025-03-17T12:00:00+00:00,366.140228
5x-risk-001,2025-03-17T12:00:00+00:00,362.374034
5x-risk-001,2025-03-17T17:00:00+00:00,358.701507
5x-risk-001,2025-03-18T01:00:00+00:00,355.017251
5x-risk-001,2025-03-18T11:00:00+00:00,351.340224
5x-risk-001,2025-03-18T13:00:00+00:00,347.58858
5x-risk-001,2025-03-18T13:00:00+00:00,343.819146
5x-risk-001,2025-03-18T22:00:00+00:00,340.123166
5x-risk-001,2025-03-18T22:00:00+00:00,336.594032
5x-risk-001,2025-03-18T22:00:00+00:00,332.630387
5x-risk-001,2025-03-18T23:00:00+00:00,328.909066
5x-risk-001,2025-03-18T23:00:00+00:00,324.75578
5x-risk-001,2025-03-18T23:00:00+00:00,321.037613
5x-risk-001,2025-03-19T00:00:00+00:00,317.347788
5x-risk-001,2025-03-19T08:00:00+00:00,333.035264
5x-risk-001,2025-03-19T11:00:00+00:00,348.760619
5x-risk-001,2025-03-20T16:00:00+00:00,345.340731
5x-risk-001,2025-03-21T08:00:00+00:00,342.041959
5x-risk-001,2025-03-21T10:00:00+00:00,338.400725
5x-risk-001,2025-03-22T06:00:00+00:00,334.885477
5x-risk-001,2025-03-22T23:00:00+00:00,331.373727
5x-risk-001,2025-03-24T00:00:00+00:00,327.893215
5x-risk-001,2025-03-24T04:00:00+00:00,344.29412
5x-risk-001,2025-03-26T19:00:00+00:00,341.359312
5x-risk-001,2025-03-27T06:00:00+00:00,337.752679
5x-risk-001,2025-03-28T13:00:00+00:00,334.470128
5x-risk-001,2025-03-28T14:00:00+00:00,331.105634
5x-risk-001,2025-03-29T16:00:00+00:00,347.825992
5x-risk-001,2025-04-01T14:00:00+00:00,344.204885
5x-risk-001,2025-04-02T13:00:00+00:00,340.628387
5x-risk-001,2025-04-02T20:00:00+00:00,336.958122
5x-risk-001,2025-04-02T20:00:00+00:00,333.471894
5x-risk-001,2025-04-03T14:00:00+00:00,349.782495
5x-risk-001,2025-04-04T17:00:00+00:00,346.07905
5x-risk-001,2025-04-05T13:00:00+00:00,342.314809
5x-risk-001,2025-04-06T01:00:00+00:00,338.642555
5x-risk-001,2025-04-07T05:00:00+00:00,355.331126
5x-risk-001,2025-04-07T06:00:00+00:00,371.867335
5x-risk-001,2025-04-15T10:00:00+00:00,367.884938
5x-risk-001,2025-04-19T05:00:00+00:00,364.139853
5x-risk-001,2025-04-19T06:00:00+00:00,360.228617
5x-risk-001,2025-04-19T07:00:00+00:00,356.463582
5x-risk-001,2025-04-19T10:00:00+00:00,352.632445
5x-risk-001,2025-04-20T09:00:00+00:00,348.891982
5x-risk-001,2025-04-21T00:00:00+00:00,345.293567
5x-risk-001,2025-04-22T01:00:00+00:00,363.290716
5x-risk-001,2025-04-22T07:00:00+00:00,359.482137
5x-risk-001,2025-04-22T15:00:00+00:00,376.944304
5x-risk-001,2025-04-26T09:00:00+00:00,373.024004
5x-risk-001,2025-04-27T01:00:00+00:00,369.143233
5x-risk-001,2025-04-28T06:00:00+00:00,365.192928
5x-risk-001,2025-04-28T10:00:00+00:00,361.365995
5x-risk-001,2025-04-28T13:00:00+00:00,357.596238
5x-risk-001,2025-04-28T15:00:00+00:00,353.889835
5x-risk-001,2025-04-29T06:00:00+00:00,350.549686
5x-risk-001,2025-04-29T16:00:00+00:00,346.780877
5x-risk-001,2025-04-29T21:00:00+00:00,343.09215
5x-risk-001,2025-04-30T10:00:00+00:00,339.469806
5x-risk-001,2025-04-30T13:00:00+00:00,335.798557
5x-risk-001,2025-05-01T02:00:00+00:00,332.223225
5x-risk-001,2025-05-02T03:00:00+00:00,329.109417
5x-risk-001,2025-05-02T07:00:00+00:00,325.661955
5x-risk-001,2025-05-04T13:00:00+00:00,322.431266
5x-risk-001,2025-05-04T13:00:00+00:00,338.000514
5x-risk-001,2025-05-05T01:00:00+00:00,334.390343
5x-risk-001,2025-05-05T16:00:00+00:00,330.841005
5x-risk-001,2025-05-06T22:00:00+00:00,327.515258
5x-risk-001,2025-05-07T00:00:00+00:00,323.91596
5x-risk-001,2025-05-07T00:00:00+00:00,320.452783
5x-risk-001,2025-05-07T15:00:00+00:00,317.141632
5x-risk-001,2025-05-07T18:00:00+00:00,313.814882
5x-risk-001,2025-05-08T00:00:00+00:00,310.449932
5x-risk-001,2025-05-08T14:00:00+00:00,325.822467
5x-risk-001,2025-05-09T23:00:00+00:00,341.282696
5x-risk-001,2025-05-12T07:00:00+00:00,356.543243
5x-risk-001,2025-05-13T11:00:00+00:00,352.677063
5x-risk-001,2025-05-15T16:00:00+00:00,348.990093
5x-risk-001,2025-05-17T00:00:00+00:00,366.391648
5x-risk-001,2025-05-17T01:00:00+00:00,362.727924
5x-risk-001,2025-05-18T14:00:00+00:00,359.182401
5x-risk-001,2025-05-18T23:00:00+00:00,355.41333
5x-risk-001,2025-05-19T15:00:00+00:00,351.789417
5x-risk-001,2025-05-20T00:00:00+00:00,348.166509
5x-risk-001,2025-05-21T03:00:00+00:00,344.434052
5x-risk-001,2025-05-21T09:00:00+00:00,340.910396
5x-risk-001,2025-05-21T11:00:00+00:00,337.357318
5x-risk-001,2025-05-21T17:00:00+00:00,333.79497
5x-risk-001,2025-05-22T01:00:00+00:00,350.272168
5x-risk-001,2025-05-22T13:00:00+00:00,346.659711
5x-risk-001,2025-05-26T03:00:00+00:00,343.069706
5x-risk-001,2025-05-26T17:00:00+00:00,339.378087
5x-risk-001,2025-05-27T08:00:00+00:00,335.840577
5x-risk-001,2025-05-28T02:00:00+00:00,332.283387
5x-risk-001,2025-05-30T00:00:00+00:00,349.431384
5x-risk-001,2025-05-30T16:00:00+00:00,345.745663
5x-risk-001,2025-05-30T16:00:00+00:00,362.10289
5x-risk-001,2025-06-02T22:00:00+00:00,358.378826
5x-risk-001,2025-06-04T14:00:00+00:00,354.429661
5x-risk-001,2025-06-04T15:00:00+00:00,350.8198
5x-risk-001,2025-06-09T21:00:00+00:00,347.161186
5x-risk-001,2025-06-09T21:00:00+00:00,343.49039
5x-risk-001,2025-06-21T21:00:00+00:00,360.288313
5x-risk-001,2025-06-22T14:00:00+00:00,377.093964
5x-risk-001,2025-06-29T22:00:00+00:00,395.758461
5x-risk-001,2025-06-30T14:00:00+00:00,391.497089
5x-risk-001,2025-06-30T22:00:00+00:00,387.439534
5x-risk-001,2025-07-01T11:00:00+00:00,383.378956
5x-risk-001,2025-07-02T15:00:00+00:00,379.411796
5x-risk-001,2025-07-02T16:00:00+00:00,376.278961
5x-risk-001,2025-07-04T13:00:00+00:00,372.351602
5x-risk-001,2025-07-06T21:00:00+00:00,368.507138
5x-risk-001,2025-07-07T12:00:00+00:00,364.421064
5x-risk-001,2025-07-08T17:00:00+00:00,360.659641
5x-risk-001,2025-07-08T17:00:00+00:00,356.654005
5x-risk-001,2025-07-10T07:00:00+00:00,374.291699
5x-risk-001,2025-07-11T05:00:00+00:00,392.319619
5x-risk-001,2025-07-14T20:00:00+00:00,388.288837
5x-risk-001,2025-07-15T18:00:00+00:00,384.299852
5x-risk-001,2025-07-16T16:00:00+00:00,403.246121
5x-risk-001,2025-07-16T18:00:00+00:00,421.855777
5x-risk-001,2025-07-17T12:00:00+00:00,417.396141
5x-risk-001,2025-07-18T14:00:00+00:00,412.949227
5x-risk-001,2025-07-19T19:00:00+00:00,408.649652
5x-risk-001,2025-07-20T12:00:00+00:00,428.684226
5x-risk-001,2025-07-20T14:00:00+00:00,448.908142
5x-risk-001,2025-07-21T07:00:00+00:00,444.836758
5x-risk-001,2025-07-21T12:00:00+00:00,440.011063
5x-risk-001,2025-07-22T07:00:00+00:00,434.878609
5x-risk-001,2025-07-22T17:00:00+00:00,430.288311
5x-risk-001,2025-07-23T09:00:00+00:00,425.769557
5x-risk-001,2025-07-23T12:00:00+00:00,421.262
5x-risk-001,2025-07-23T13:00:00+00:00,416.62737
5x-risk-001,2025-07-24T00:00:00+00:00,412.02845
5x-risk-001,2025-07-24T04:00:00+00:00,407.417144
5x-risk-001,2025-07-24T08:00:00+00:00,403.061578
5x-risk-001,2025-07-25T01:00:00+00:00,398.934884
5x-risk-001,2025-07-25T14:00:00+00:00,394.76279
5x-risk-001,2025-07-25T17:00:00+00:00,390.610341
5x-risk-001,2025-07-25T21:00:00+00:00,386.561485
5x-risk-001,2025-07-27T16:00:00+00:00,382.591197
5x-risk-001,2025-07-28T02:00:00+00:00,401.379257
5x-risk-001,2025-07-28T04:00:00+00:00,420.32471
5x-risk-001,2025-07-28T17:00:00+00:00,415.991066
5x-risk-001,2025-08-01T00:00:00+00:00,411.720387
5x-risk-001,2025-08-01T13:00:00+00:00,432.212697
5x-risk-001,2025-08-05T17:00:00+00:00,427.607906
5x-risk-001,2025-08-07T10:00:00+00:00,422.897411
5x-risk-001,2025-08-08T17:00:00+00:00,443.962225
5x-risk-001,2025-08-09T09:00:00+00:00,439.702964
5x-risk-001,2025-08-12T11:00:00+00:00,435.325795
5x-risk-001,2025-08-14T12:00:00+00:00,430.806002
5x-risk-001,2025-08-18T02:00:00+00:00,425.667817
5x-risk-001,2025-08-18T02:00:00+00:00,421.277469
5x-risk-001,2025-08-20T21:00:00+00:00,442.726928
5x-risk-001,2025-08-22T14:00:00+00:00,438.338074
5x-risk-001,2025-08-22T14:00:00+00:00,433.853509
5x-risk-001,2025-08-22T15:00:00+00:00,430.15111
5x-risk-001,2025-08-24T06:00:00+00:00,425.643039
5x-risk-001,2025-08-24T17:00:00+00:00,421.213728
5x-risk-001,2025-08-24T20:00:00+00:00,416.708834
5x-risk-001,2025-08-25T03:00:00+00:00,412.317672
5x-risk-001,2025-08-28T13:00:00+00:00,408.084361
5x-risk-001,2025-08-28T16:00:00+00:00,403.809637
5x-risk-001,2025-08-28T19:00:00+00:00,399.595004
5x-risk-001,2025-08-29T07:00:00+00:00,395.395866
5x-risk-001,2025-09-08T05:00:00+00:00,391.703476
5x-risk-001,2025-09-09T06:00:00+00:00,411.097174
5x-risk-001,2025-09-11T22:00:00+00:00,407.573424
5x-risk-001,2025-09-12T17:00:00+00:00,403.631101
5x-risk-001,2025-09-15T08:00:00+00:00,399.296054
5x-risk-001,2025-09-16T17:00:00+00:00,419.315165
5x-risk-001,2025-09-17T18:00:00+00:00,414.785645
5x-risk-001,2025-09-18T01:00:00+00:00,434.73455
5x-risk-001,2025-09-19T11:00:00+00:00,430.274696
5x-risk-001,2025-09-19T14:00:00+00:00,425.706345
5x-risk-001,2025-09-22T05:00:00+00:00,446.923145
5x-risk-001,2025-09-22T06:00:00+00:00,467.913181
5x-risk-001,2025-09-24T03:00:00+00:00,463.030323
5x-risk-001,2025-09-24T13:00:00+00:00,458.240597
5x-risk-001,2025-09-25T17:00:00+00:00,478.981423
5x-risk-001,2025-09-29T11:00:00+00:00,474.0318
5x-risk-001,2025-09-29T13:00:00+00:00,469.045454
5x-risk-001,2025-09-29T14:00:00+00:00,464.129331
5x-risk-001,2025-09-29T14:00:00+00:00,459.140609
5x-risk-001,2025-09-30T07:00:00+00:00,454.371424
5x-risk-001,2025-09-30T15:00:00+00:00,449.564489
5x-risk-001,2025-09-30T17:00:00+00:00,472.025966
5x-risk-001,2025-09-30T19:00:00+00:00,467.091033
5x-risk-001,2025-09-30T19:00:00+00:00,462.211001
5x-risk-001,2025-10-01T19:00:00+00:00,485.090454
5x-risk-001,2025-10-02T18:00:00+00:00,507.936593
5x-risk-001,2025-10-03T03:00:00+00:00,531.388592
5x-risk-001,2025-10-04T14:00:00+00:00,526.416164
5x-risk-001,2025-10-05T02:00:00+00:00,520.955759
5x-risk-001,2025-10-05T11:00:00+00:00,515.856996
5x-risk-001,2025-10-05T17:00:00+00:00,510.499294
5x-risk-001,2025-10-05T19:00:00+00:00,505.051966
5x-risk-001,2025-10-05T19:00:00+00:00,499.615893
5x-risk-001,2025-10-06T10:00:00+00:00,494.426465
5x-risk-001,2025-10-06T13:00:00+00:00,489.251284
5x-risk-001,2025-10-06T18:00:00+00:00,483.904644
5x-risk-001,2025-10-07T04:00:00+00:00,479.31613
5x-risk-001,2025-10-07T12:00:00+00:00,474.284059
5x-risk-001,2025-10-07T14:00:00+00:00,469.096081
5x-risk-001,2025-10-08T17:00:00+00:00,464.309271
5x-risk-001,2025-10-08T17:00:00+00:00,459.428657
5x-risk-001,2025-10-09T02:00:00+00:00,454.455864
5x-risk-001,2025-10-09T08:00:00+00:00,477.893703
5x-risk-001,2025-10-09T12:00:00+00:00,473.084176
5x-risk-001,2025-10-10T15:00:00+00:00,496.481051
5x-risk-001,2025-10-10T15:00:00+00:00,491.015187
5x-risk-001,2025-10-10T21:00:00+00:00,514.285264
5x-risk-001,2025-10-10T21:00:00+00:00,537.602557
5x-risk-001,2025-10-15T13:00:00+00:00,532.001216
5x-risk-001,2025-10-21T14:00:00+00:00,526.531768
5x-risk-001,2025-10-21T14:00:00+00:00,521.166367
5x-risk-001,2025-10-21T21:00:00+00:00,515.829261
5x-risk-001,2025-10-22T14:00:00+00:00,510.502185
5x-risk-001,2025-10-23T06:00:00+00:00,505.219218
5x-risk-001,2025-10-23T13:00:00+00:00,499.718583
5x-risk-001,2025-10-23T14:00:00+00:00,494.573729
5x-risk-001,2025-10-23T21:00:00+00:00,489.513534
5x-risk-001,2025-10-24T04:00:00+00:00,484.407746
5x-risk-001,2025-10-26T22:00:00+00:00,509.185613
5x-risk-001,2025-10-28T19:00:00+00:00,503.550664
5x-risk-001,2025-10-28T20:00:00+00:00,498.060258
5x-risk-001,2025-10-29T23:00:00+00:00,492.999167
5x-risk-001,2025-10-30T04:00:00+00:00,487.915832
5x-risk-001,2025-10-30T10:00:00+00:00,482.816114
5x-risk-001,2025-10-30T17:00:00+00:00,507.201126
5x-risk-001,2025-11-03T15:00:00+00:00,530.52572
5x-risk-001,2025-11-03T15:00:00+00:00,555.23846
5x-risk-001,2025-11-04T05:00:00+00:00,579.627871
5x-risk-001,2025-11-12T15:00:00+00:00,573.641452
5x-risk-001,2025-11-13T19:00:00+00:00,601.819617
5x-risk-001,2025-11-14T12:00:00+00:00,629.746093
5x-risk-001,2025-11-21T07:00:00+00:00,658.096869
5x-risk-001,2025-11-25T14:00:00+00:00,651.33987
5x-risk-001,2025-11-28T22:00:00+00:00,644.657572
5x-risk-001,2025-11-30T23:00:00+00:00,676.41113
5x-risk-001,2025-12-01T00:00:00+00:00,708.503675
5x-risk-001,2025-12-07T09:00:00+00:00,701.101901
5x-risk-001,2025-12-07T13:00:00+00:00,693.807688
5x-risk-001,2025-12-07T17:00:00+00:00,686.534802
5x-risk-001,2025-12-07T17:00:00+00:00,679.34593
5x-risk-001,2025-12-07T22:00:00+00:00,672.183918
5x-risk-001,2025-12-08T15:00:00+00:00,665.436164
5x-risk-001,2025-12-09T15:00:00+00:00,658.489865
5x-risk-001,2025-12-09T15:00:00+00:00,691.086628
5x-risk-001,2025-12-10T20:00:00+00:00,724.27046
5x-risk-001,2025-12-11T00:00:00+00:00,717.099675
5x-risk-001,2025-12-11T21:00:00+00:00,709.675042
5x-risk-001,2025-12-12T15:00:00+00:00,702.216462
5x-risk-001,2025-12-12T15:00:00+00:00,694.984659
5x-risk-001,2025-12-13T08:00:00+00:00,687.798939
5x-risk-001,2025-12-14T04:00:00+00:00,679.670575
5x-risk-001,2025-12-15T14:00:00+00:00,672.097097
5x-risk-001,2025-12-15T18:00:00+00:00,705.707809
5x-risk-001,2026-01-01T00:00:00+00:00,706.159028
5x-risk-001,2026-01-01T00:00:00+00:00,716.341328
5x-risk-001,2026-01-01T00:00:00+00:00,729.219729
5x-risk-002,2021-01-21T10:00:00+00:00,109.710985
5x-risk-002,2021-01-27T11:00:00+00:00,107.24158
5x-risk-002,2021-01-28T02:00:00+00:00,105.087522
5x-risk-002,2021-01-29T19:00:00+00:00,102.671145
5x-risk-002,2021-01-30T13:00:00+00:00,100.592146
5x-risk-002,2021-01-31T03:00:00+00:00,110.758783
5x-risk-002,2021-01-31T09:00:00+00:00,120.179313
5x-risk-002,2021-02-01T10:00:00+00:00,130.587241
5x-risk-002,2021-02-01T15:00:00+00:00,127.844504
5x-risk-002,2021-02-01T17:00:00+00:00,124.971462
5x-risk-002,2021-02-01T22:00:00+00:00,122.703493
5x-risk-002,2021-02-02T04:00:00+00:00,134.740371
5x-risk-002,2021-02-02T20:00:00+00:00,146.881491
5x-risk-002,2021-02-03T14:00:00+00:00,160.212313
5x-risk-002,2021-02-04T08:00:00+00:00,173.235724
5x-risk-002,2021-02-10T12:00:00+00:00,168.024078
5x-risk-002,2021-02-16T06:00:00+00:00,164.455156
5x-risk-002,2021-02-17T07:00:00+00:00,161.525183
5x-risk-002,2021-02-22T10:00:00+00:00,155.446216
5x-risk-002,2021-03-06T22:00:00+00:00,152.221209
5x-risk-002,2021-03-08T07:00:00+00:00,149.02439
5x-risk-002,2021-03-08T19:00:00+00:00,145.890004
5x-risk-002,2021-03-08T23:00:00+00:00,160.641284
5x-risk-002,2021-03-09T00:00:00+00:00,157.417393
5x-risk-002,2021-03-09T03:00:00+00:00,172.053727
5x-risk-002,2021-03-09T08:00:00+00:00,168.821046
5x-risk-002,2021-03-13T11:00:00+00:00,165.396428
5x-risk-002,2021-03-15T04:00:00+00:00,161.923985
5x-risk-002,2021-03-17T13:00:00+00:00,158.821362
5x-risk-002,2021-03-18T14:00:00+00:00,172.128715
5x-risk-002,2021-03-19T09:00:00+00:00,168.639134
5x-risk-002,2021-03-21T00:00:00+00:00,164.206441
5x-risk-002,2021-03-21T04:00:00+00:00,160.200587
5x-risk-002,2021-03-21T09:00:00+00:00,155.815438
5x-risk-002,2021-03-21T21:00:00+00:00,152.676254
5x-risk-002,2021-03-22T03:00:00+00:00,149.448866
5x-risk-002,2021-03-22T19:00:00+00:00,164.333549
5x-risk-002,2021-03-22T19:00:00+00:00,160.81093
5x-risk-002,2021-03-22T20:00:00+00:00,158.408324
5x-risk-002,2021-03-24T19:00:00+00:00,173.12392
5x-risk-002,2021-03-27T16:00:00+00:00,169.482883
5x-risk-002,2021-04-02T03:00:00+00:00,166.718274
5x-risk-002,2021-04-02T13:00:00+00:00,163.477375
5x-risk-002,2021-04-03T16:00:00+00:00,159.152086
5x-risk-002,2021-04-04T11:00:00+00:00,155.767202
5x-risk-002,2021-04-05T02:00:00+00:00,152.29023
5x-risk-002,2021-04-05T08:00:00+00:00,149.375753
5x-risk-002,2021-04-05T15:00:00+00:00,146.487941
5x-risk-002,2021-04-06T12:00:00+00:00,161.032484
5x-risk-002,2021-04-06T14:00:00+00:00,157.903941
5x-risk-002,2021-04-09T00:00:00+00:00,154.823713
5x-risk-002,2021-04-09T05:00:00+00:00,151.750589
5x-risk-002,2021-04-09T11:00:00+00:00,149.221362
5x-risk-002,2021-04-12T19:00:00+00:00,162.838892
5x-risk-002,2021-04-13T14:00:00+00:00,177.775516
5x-risk-002,2021-04-14T00:00:00+00:00,193.880707
5x-risk-002,2021-04-14T06:00:00+00:00,208.152175
5x-risk-002,2021-05-04T15:00:00+00:00,203.675603
5x-risk-002,2021-05-06T18:00:00+00:00,199.156295
5x-risk-002,2021-05-07T11:00:00+00:00,195.140437
5x-risk-002,2021-05-07T17:00:00+00:00,191.561239
5x-risk-002,2021-05-09T04:00:00+00:00,187.716849
5x-risk-002,2021-05-09T04:00:00+00:00,183.708971
5x-risk-002,2021-05-10T11:00:00+00:00,179.921072
5x-risk-002,2021-05-10T19:00:00+00:00,174.529757
5x-risk-002,2021-05-10T19:00:00+00:00,170.222022
5x-risk-002,2021-05-10T20:00:00+00:00,187.982027
5x-risk-002,2021-05-12T14:00:00+00:00,183.983672
5x-risk-002,2021-05-12T23:00:00+00:00,202.270195
5x-risk-002,2021-05-13T00:00:00+00:00,220.422865
5x-risk-002,2021-05-14T15:00:00+00:00,215.978484
5x-risk-002,2021-05-15T22:00:00+00:00,211.677278
5x-risk-002,2021-05-16T16:00:00+00:00,207.778351
5x-risk-002,2021-05-18T16:00:00+00:00,204.295695
5x-risk-002,2021-05-19T01:00:00+00:00,200.780211
5x-risk-002,2021-06-04T12:00:00+00:00,196.561576
5x-risk-002,2021-06-06T20:00:00+00:00,192.495339
5x-risk-002,2021-06-11T23:00:00+00:00,188.456289
5x-risk-002,2021-06-18T05:00:00+00:00,184.667743
5x-risk-002,2021-06-18T06:00:00+00:00,181.0029
5x-risk-002,2021-06-18T14:00:00+00:00,198.905742
5x-risk-002,2021-06-18T15:00:00+00:00,194.851878
5x-risk-002,2021-06-20T11:00:00+00:00,212.423469
5x-risk-002,2021-06-21T10:00:00+00:00,230.697031
5x-risk-002,2021-07-05T15:00:00+00:00,225.782872
5x-risk-002,2021-07-06T23:00:00+00:00,221.00083
5x-risk-002,2021-07-07T03:00:00+00:00,243.598655
5x-risk-002,2021-07-07T03:00:00+00:00,238.89374
5x-risk-002,2021-07-07T21:00:00+00:00,233.893043
5x-risk-002,2021-07-10T15:00:00+00:00,228.708126
5x-risk-002,2021-07-10T17:00:00+00:00,223.750822
5x-risk-002,2021-07-12T10:00:00+00:00,219.042353
5x-risk-002,2021-07-12T12:00:00+00:00,214.270025
5x-risk-002,2021-07-12T14:00:00+00:00,209.751651
5x-risk-002,2021-07-12T17:00:00+00:00,205.361017
5x-risk-002,2021-07-13T10:00:00+00:00,201.233499
5x-risk-002,2021-07-13T12:00:00+00:00,196.980687
5x-risk-002,2021-07-15T09:00:00+00:00,192.804011
5x-risk-002,2021-07-20T02:00:00+00:00,211.710589
5x-risk-002,2021-07-24T11:00:00+00:00,207.459108
5x-risk-002,2021-07-26T05:00:00+00:00,204.086106
5x-risk-002,2021-07-29T06:00:00+00:00,199.931206
5x-risk-002,2021-07-30T09:00:00+00:00,195.838088
5x-risk-002,2021-08-05T09:00:00+00:00,191.853004
5x-risk-002,2021-08-11T06:00:00+00:00,210.518016
5x-risk-002,2021-08-11T07:00:00+00:00,229.509722
5x-risk-002,2021-08-17T09:00:00+00:00,224.838348
5x-risk-002,2021-08-17T09:00:00+00:00,220.08881
5x-risk-002,2021-08-17T14:00:00+00:00,215.269049
5x-risk-002,2021-08-17T14:00:00+00:00,210.740723
5x-risk-002,2021-08-20T00:00:00+00:00,206.554095
5x-risk-002,2021-08-29T00:00:00+00:00,202.688591
5x-risk-002,2021-08-29T03:00:00+00:00,198.277111
5x-risk-002,2021-08-29T20:00:00+00:00,194.253157
5x-risk-002,2021-08-29T22:00:00+00:00,190.093333
5x-risk-002,2021-08-30T00:00:00+00:00,187.371392
5x-risk-002,2021-08-30T03:00:00+00:00,183.351002
5x-risk-002,2021-08-30T12:00:00+00:00,202.823556
5x-risk-002,2021-08-30T16:00:00+00:00,199.058279
5x-risk-002,2021-08-30T19:00:00+00:00,196.086958
5x-risk-002,2021-09-01T16:00:00+00:00,192.415783
5x-risk-002,2021-09-01T16:00:00+00:00,211.831161
5x-risk-002,2021-09-06T11:00:00+00:00,232.57156
5x-risk-002,2021-09-07T09:00:00+00:00,255.289099
5x-risk-002,2021-09-07T14:00:00+00:00,251.174105
5x-risk-002,2021-09-07T15:00:00+00:00,265.667086
5x-risk-002,2021-09-19T11:00:00+00:00,259.785229
5x-risk-002,2021-09-19T16:00:00+00:00,254.302727
5x-risk-002,2021-09-20T12:00:00+00:00,279.664659
5x-risk-002,2021-09-27T20:00:00+00:00,273.876444
5x-risk-002,2021-09-30T00:00:00+00:00,268.302566
5x-risk-002,2021-09-30T03:00:00+00:00,262.66501
5x-risk-002,2021-09-30T08:00:00+00:00,257.193422
5x-risk-002,2021-10-01T10:00:00+00:00,282.554479
5x-risk-002,2021-10-01T10:00:00+00:00,308.018392
5x-risk-002,2021-10-02T14:00:00+00:00,333.326158
5x-risk-002,2021-10-07T07:00:00+00:00,326.323382
5x-risk-002,2021-10-08T02:00:00+00:00,318.847293
5x-risk-002,2021-10-08T12:00:00+00:00,312.215982
5x-risk-002,2021-10-08T20:00:00+00:00,305.31809
5x-risk-002,2021-10-09T10:00:00+00:00,299.019761
5x-risk-002,2021-10-10T11:00:00+00:00,292.621782
5x-risk-002,2021-10-10T21:00:00+00:00,322.102938
5x-risk-002,2021-10-11T19:00:00+00:00,315.338357
5x-risk-002,2021-10-13T20:00:00+00:00,308.94177
5x-risk-002,2021-10-14T07:00:00+00:00,302.561941
5x-risk-002,2021-10-15T18:00:00+00:00,296.915067
5x-risk-002,2021-10-17T19:00:00+00:00,291.836045
5x-risk-002,2021-10-19T03:00:00+00:00,285.767733
5x-risk-002,2021-10-19T07:00:00+00:00,279.74029
5x-risk-002,2021-10-19T12:00:00+00:00,274.947741
5x-risk-002,2021-10-20T11:00:00+00:00,269.35346
5x-risk-002,2021-10-20T16:00:00+00:00,298.09997
5x-risk-002,2021-10-21T00:00:00+00:00,322.866622
5x-risk-002,2021-10-22T07:00:00+00:00,316.330569
5x-risk-002,2021-10-25T14:00:00+00:00,310.902837
5x-risk-002,2021-10-26T14:00:00+00:00,303.903776
5x-risk-002,2021-10-27T04:00:00+00:00,297.348661
5x-risk-002,2021-10-28T20:00:00+00:00,291.472166
5x-risk-002,2021-10-30T02:00:00+00:00,285.30675
5x-risk-002,2021-10-31T12:00:00+00:00,278.758535
5x-risk-002,2021-10-31T15:00:00+00:00,273.007562
5x-risk-002,2021-10-31T22:00:00+00:00,267.42152
5x-risk-002,2021-11-01T07:00:00+00:00,261.899554
5x-risk-002,2021-11-01T17:00:00+00:00,255.780918
5x-risk-002,2021-11-02T00:00:00+00:00,252.453797
5x-risk-002,2021-11-03T18:00:00+00:00,245.763577
5x-risk-002,2021-11-05T06:00:00+00:00,240.795256
5x-risk-002,2021-11-07T01:00:00+00:00,236.34343
5x-risk-002,2021-11-08T00:00:00+00:00,262.46769
5x-risk-002,2021-11-08T10:00:00+00:00,288.402121
5x-risk-002,2021-11-09T03:00:00+00:00,311.782351
5x-risk-002,2021-11-10T15:00:00+00:00,305.469886
5x-risk-002,2021-11-12T09:00:00+00:00,299.003382
5x-risk-002,2021-11-14T17:00:00+00:00,293.002982
5x-risk-002,2021-11-15T00:00:00+00:00,287.307412
5x-risk-002,2021-11-15T01:00:00+00:00,281.344666
5x-risk-002,2021-11-15T18:00:00+00:00,275.216886
5x-risk-002,2021-11-15T18:00:00+00:00,269.329084
5x-risk-002,2021-11-16T00:00:00+00:00,263.376531
5x-risk-002,2021-11-16T01:00:00+00:00,289.981613
5x-risk-002,2021-11-16T10:00:00+00:00,316.198462
5x-risk-002,2021-11-22T20:00:00+00:00,309.851129
5x-risk-002,2021-11-26T07:00:00+00:00,303.335421
5x-risk-002,2021-11-26T08:00:00+00:00,333.768383
5x-risk-002,2021-11-26T08:00:00+00:00,327.124352
5x-risk-002,2021-11-28T10:00:00+00:00,320.456077
5x-risk-002,2021-11-28T21:00:00+00:00,313.95573
5x-risk-002,2021-12-03T10:00:00+00:00,307.359781
5x-risk-002,2021-12-03T19:00:00+00:00,300.803652
5x-risk-002,2021-12-08T11:00:00+00:00,294.615324
5x-risk-002,2021-12-10T12:00:00+00:00,288.468509
5x-risk-002,2021-12-17T15:00:00+00:00,316.757402
5x-risk-002,2021-12-18T05:00:00+00:00,310.700057
5x-risk-002,2021-12-18T10:00:00+00:00,304.016488
5x-risk-002,2021-12-19T01:00:00+00:00,297.764385
5x-risk-002,2021-12-19T03:00:00+00:00,291.81009
5x-risk-002,2021-12-19T10:00:00+00:00,285.698956
5x-risk-002,2021-12-20T21:00:00+00:00,279.823547
5x-risk-002,2021-12-21T09:00:00+00:00,273.734269
5x-risk-002,2021-12-21T15:00:00+00:00,267.954765
5x-risk-002,2021-12-21T19:00:00+00:00,262.250777
5x-risk-002,2021-12-22T23:00:00+00:00,256.770784
5x-risk-002,2021-12-23T07:00:00+00:00,251.290565
5x-risk-002,2021-12-23T11:00:00+00:00,278.39989
5x-risk-002,2021-12-23T16:00:00+00:00,272.880091
5x-risk-002,2021-12-23T17:00:00+00:00,267.607681
5x-risk-002,2021-12-23T17:00:00+00:00,261.828128
5x-risk-002,2021-12-26T03:00:00+00:00,256.314167
5x-risk-002,2021-12-27T23:00:00+00:00,250.823455
5x-risk-002,2021-12-28T01:00:00+00:00,245.378425
5x-risk-002,2021-12-28T19:00:00+00:00,240.021268
5x-risk-002,2022-01-02T16:00:00+00:00,234.985745
5x-risk-002,2022-01-03T16:00:00+00:00,230.025343
5x-risk-002,2022-01-04T10:00:00+00:00,225.344639
5x-risk-002,2022-01-05T18:00:00+00:00,220.519586
5x-risk-002,2022-01-05T20:00:00+00:00,243.806864
5x-risk-002,2022-01-05T20:00:00+00:00,266.820835
5x-risk-002,2022-01-14T12:00:00+00:00,261.342129
5x-risk-002,2022-01-17T03:00:00+00:00,256.018083
5x-risk-002,2022-01-17T21:00:00+00:00,282.403901
5x-risk-002,2022-01-20T15:00:00+00:00,277.334283
5x-risk-002,2022-01-21T02:00:00+00:00,303.427196
5x-risk-002,2022-02-01T09:00:00+00:00,296.867219
5x-risk-002,2022-02-01T10:00:00+00:00,292.671465
5x-risk-002,2022-02-02T08:00:00+00:00,286.587595
5x-risk-002,2022-02-03T10:00:00+00:00,280.078541
5x-risk-002,2022-02-05T00:00:00+00:00,303.746463
5x-risk-002,2022-02-05T04:00:00+00:00,331.347784
5x-risk-002,2022-02-10T20:00:00+00:00,324.631981
5x-risk-002,2022-02-15T04:00:00+00:00,317.871066
5x-risk-002,2022-02-28T14:00:00+00:00,311.317984
5x-risk-002,2022-03-01T00:00:00+00:00,354.580435
5x-risk-002,2022-03-08T15:00:00+00:00,347.314291
5x-risk-002,2022-03-11T11:00:00+00:00,340.320385
5x-risk-002,2022-03-11T11:00:00+00:00,333.157852
5x-risk-002,2022-03-13T03:00:00+00:00,326.178484
5x-risk-002,2022-03-14T09:00:00+00:00,319.158172
5x-risk-002,2022-03-14T22:00:00+00:00,312.145917
5x-risk-002,2022-03-14T22:00:00+00:00,305.678504
5x-risk-002,2022-03-15T14:00:00+00:00,299.359507
5x-risk-002,2022-03-15T15:00:00+00:00,292.613762
5x-risk-002,2022-03-16T02:00:00+00:00,285.685225
5x-risk-002,2022-03-16T03:00:00+00:00,279.527278
5x-risk-002,2022-03-16T04:00:00+00:00,276.772037
5x-risk-002,2022-03-16T09:00:00+00:00,304.32505
5x-risk-002,2022-03-16T18:00:00+00:00,298.126278
5x-risk-002,2022-03-18T14:00:00+00:00,327.006718
5x-risk-002,2022-03-22T02:00:00+00:00,320.304258
5x-risk-002,2022-03-23T15:00:00+00:00,350.40049
5x-risk-002,2022-03-23T16:00:00+00:00,381.68827
5x-risk-002,2022-03-24T08:00:00+00:00,413.407381
5x-risk-002,2022-03-25T06:00:00+00:00,405.847871
5x-risk-002,2022-03-26T15:00:00+00:00,398.62882
5x-risk-002,2022-03-27T12:00:00+00:00,391.694965
5x-risk-002,2022-03-27T16:00:00+00:00,383.819875
5x-risk-002,2022-03-27T23:00:00+00:00,419.71209
5x-risk-002,2022-03-28T00:00:00+00:00,457.369797
5x-risk-002,2022-03-28T00:00:00+00:00,495.106847
5x-risk-002,2022-04-03T18:00:00+00:00,484.850608
5x-risk-002,2022-04-03T23:00:00+00:00,474.25832
5x-risk-002,2022-04-04T17:00:00+00:00,463.759104
5x-risk-002,2022-04-04T21:00:00+00:00,453.551767
5x-risk-002,2022-04-04T21:00:00+00:00,443.808884
5x-risk-002,2022-04-05T00:00:00+00:00,434.631897
5x-risk-002,2022-04-05T14:00:00+00:00,425.207838
5x-risk-002,2022-04-06T00:00:00+00:00,416.048979
5x-risk-002,2022-04-06T13:00:00+00:00,459.04402
5x-risk-002,2022-04-07T00:00:00+00:00,500.819741
5x-risk-002,2022-04-10T22:00:00+00:00,490.245174
5x-risk-002,2022-04-11T11:00:00+00:00,531.197752
5x-risk-002,2022-04-18T18:00:00+00:00,519.883838
5x-risk-002,2022-04-19T07:00:00+00:00,508.568057
5x-risk-002,2022-04-21T19:00:00+00:00,498.171573
5x-risk-002,2022-04-21T22:00:00+00:00,487.279222
5x-risk-002,2022-04-25T06:00:00+00:00,535.432896
5x-risk-002,2022-04-26T14:00:00+00:00,524.391845
5x-risk-002,2022-04-26T14:00:00+00:00,513.322277
5x-risk-002,2022-04-26T20:00:00+00:00,561.518001
5x-risk-002,2022-04-28T12:00:00+00:00,549.639299
5x-risk-002,2022-04-28T13:00:00+00:00,537.696802
5x-risk-002,2022-04-28T13:00:00+00:00,525.930379
5x-risk-002,2022-04-28T15:00:00+00:00,514.739485
5x-risk-002,2022-04-28T17:00:00+00:00,503.997028
5x-risk-002,2022-04-28T19:00:00+00:00,492.156826
5x-risk-002,2022-04-29T09:00:00+00:00,481.7949
5x-risk-002,2022-04-30T22:00:00+00:00,530.442933
5x-risk-002,2022-05-04T15:00:00+00:00,519.008958
5x-risk-002,2022-05-04T18:00:00+00:00,509.454268
5x-risk-002,2022-05-04T18:00:00+00:00,499.389972
5x-risk-002,2022-05-05T14:00:00+00:00,489.153945
5x-risk-002,2022-05-05T15:00:00+00:00,478.444116
5x-risk-002,2022-05-05T15:00:00+00:00,467.980698
5x-risk-002,2022-05-17T18:00:00+00:00,458.182504
5x-risk-002,2022-05-18T03:00:00+00:00,448.436471
5x-risk-002,2022-05-19T07:00:00+00:00,438.904167
5x-risk-002,2022-05-19T15:00:00+00:00,429.536805
5x-risk-002,2022-05-20T14:00:00+00:00,420.336486
5x-risk-002,2022-05-20T15:00:00+00:00,411.636674
5x-risk-002,2022-05-23T11:00:00+00:00,402.646481
5x-risk-002,2022-05-23T19:00:00+00:00,393.672605
5x-risk-002,2022-05-24T23:00:00+00:00,385.520661
5x-risk-002,2022-05-25T11:00:00+00:00,377.42428
5x-risk-002,2022-05-25T13:00:00+00:00,368.704006
5x-risk-002,2022-05-26T13:00:00+00:00,407.607424
5x-risk-002,2022-05-26T16:00:00+00:00,398.76195
5x-risk-002,2022-05-30T01:00:00+00:00,390.839774
5x-risk-002,2022-05-30T06:00:00+00:00,383.159263
5x-risk-002,2022-05-30T20:00:00+00:00,421.846582
5x-risk-002,2022-06-08T03:00:00+00:00,413.285193
5x-risk-002,2022-06-09T05:00:00+00:00,404.131723
5x-risk-002,2022-06-09T08:00:00+00:00,395.512683
5x-risk-002,2022-06-09T08:00:00+00:00,388.037584
5x-risk-002,2022-06-09T11:00:00+00:00,378.607074
5x-risk-002,2022-06-09T19:00:00+00:00,371.087076
5x-risk-002,2022-06-10T00:00:00+00:00,363.311636
5x-risk-002,2022-06-10T03:00:00+00:00,354.747661
5x-risk-002,2022-06-10T03:00:00+00:00,347.529631
5x-risk-002,2022-06-10T09:00:00+00:00,340.337458
5x-risk-002,2022-06-10T13:00:00+00:00,347.587662
5x-risk-002,2022-06-10T14:00:00+00:00,341.792306
5x-risk-002,2022-06-11T12:00:00+00:00,372.927395
5x-risk-002,2022-06-11T14:00:00+00:00,406.737674
5x-risk-002,2022-06-27T13:00:00+00:00,398.156544
5x-risk-002,2022-06-28T18:00:00+00:00,389.921629
5x-risk-002,2022-06-30T07:00:00+00:00,428.498644
5x-risk-002,2022-06-30T08:00:00+00:00,467.890951
5x-risk-002,2022-07-03T20:00:00+00:00,458.217022
5x-risk-002,2022-07-04T09:00:00+00:00,448.337673
5x-risk-002,2022-07-05T12:00:00+00:00,438.627323
5x-risk-002,2022-07-06T04:00:00+00:00,429.392321
5x-risk-002,2022-07-07T14:00:00+00:00,471.940346
5x-risk-002,2022-07-07T16:00:00+00:00,516.220299
5x-risk-002,2022-07-10T14:00:00+00:00,506.858363
5x-risk-002,2022-07-18T09:00:00+00:00,557.022192
5x-risk-002,2022-07-23T08:00:00+00:00,545.476695
5x-risk-002,2022-07-25T00:00:00+00:00,534.149589
5x-risk-002,2022-07-25T00:00:00+00:00,522.751586
5x-risk-002,2022-07-26T19:00:00+00:00,574.439092
5x-risk-002,2022-08-05T01:00:00+00:00,562.975886
5x-risk-002,2022-08-05T06:00:00+00:00,551.019603
5x-risk-002,2022-08-05T18:00:00+00:00,539.412628
5x-risk-002,2022-08-05T21:00:00+00:00,527.163401
5x-risk-002,2022-08-06T17:00:00+00:00,515.739724
5x-risk-002,2022-08-07T12:00:00+00:00,505.023826
5x-risk-002,2022-08-07T13:00:00+00:00,493.906729
5x-risk-002,2022-08-08T11:00:00+00:00,542.793488
5x-risk-002,2022-08-08T12:00:00+00:00,591.633983
5x-risk-002,2022-08-10T12:00:00+00:00,579.30676
5x-risk-002,2022-08-10T13:00:00+00:00,633.701694
5x-risk-002,2022-08-12T23:00:00+00:00,620.478402
5x-risk-002,2022-08-13T20:00:00+00:00,607.340907
5x-risk-002,2022-08-14T12:00:00+00:00,594.546729
5x-risk-002,2022-08-15T02:00:00+00:00,582.769329
5x-risk-002,2022-08-15T03:00:00+00:00,569.87746
5x-risk-002,2022-08-18T23:00:00+00:00,556.136184
5x-risk-002,2022-08-26T05:00:00+00:00,544.393051
5x-risk-002,2022-08-26T05:00:00+00:00,532.701123
5x-risk-002,2022-08-26T11:00:00+00:00,521.488228
5x-risk-002,2022-08-26T13:00:00+00:00,509.314755
5x-risk-002,2022-08-26T13:00:00+00:00,498.36352
5x-risk-002,2022-08-26T23:00:00+00:00,547.653732
5x-risk-002,2022-08-31T15:00:00+00:00,536.091395
5x-risk-002,2022-08-31T19:00:00+00:00,524.787984
5x-risk-002,2022-09-01T11:00:00+00:00,513.883495
5x-risk-002,2022-09-01T14:00:00+00:00,503.075322
5x-risk-002,2022-09-01T17:00:00+00:00,492.622752
5x-risk-002,2022-09-02T03:00:00+00:00,481.636397
5x-risk-002,2022-09-02T17:00:00+00:00,471.267993
5x-risk-002,2022-09-02T17:00:00+00:00,461.027135
5x-risk-002,2022-09-03T11:00:00+00:00,451.786086
5x-risk-002,2022-09-04T12:00:00+00:00,441.843928
5x-risk-002,2022-09-05T10:00:00+00:00,432.536589
5x-risk-002,2022-09-05T23:00:00+00:00,423.888643
5x-risk-002,2022-09-06T00:00:00+00:00,414.289147
5x-risk-002,2022-09-06T01:00:00+00:00,402.792513
5x-risk-002,2022-09-06T13:00:00+00:00,393.782504
5x-risk-002,2022-09-06T17:00:00+00:00,385.412395
5x-risk-002,2022-09-06T17:00:00+00:00,377.086
5x-risk-002,2022-09-09T04:00:00+00:00,414.430715
5x-risk-002,2022-09-09T05:00:00+00:00,451.819246
5x-risk-002,2022-09-15T06:00:00+00:00,444.229135
5x-risk-002,2022-09-21T18:00:00+00:00,434.96308
5x-risk-002,2022-09-23T09:00:00+00:00,425.818871
5x-risk-002,2022-09-23T10:00:00+00:00,416.561316
5x-risk-002,2022-09-23T20:00:00+00:00,407.969543
5x-risk-002,2022-09-23T22:00:00+00:00,399.521886
5x-risk-002,2022-09-24T02:00:00+00:00,389.773786
5x-risk-002,2022-09-24T07:00:00+00:00,381.459057
5x-risk-002,2022-09-25T11:00:00+00:00,373.214865
5x-risk-002,2022-09-25T16:00:00+00:00,411.782678
5x-risk-002,2022-09-26T08:00:00+00:00,403.76446
5x-risk-002,2022-09-26T11:00:00+00:00,395.069329
5x-risk-002,2022-09-26T14:00:00+00:00,386.506509
5x-risk-002,2022-09-27T01:00:00+00:00,378.201612
5x-risk-002,2022-09-27T06:00:00+00:00,416.450616
5x-risk-002,2022-09-27T16:00:00+00:00,407.951378
5x-risk-002,2022-09-27T18:00:00+00:00,399.874791
5x-risk-002,2022-09-28T17:00:00+00:00,391.594277
5x-risk-002,2022-09-29T07:00:00+00:00,383.386631
5x-risk-002,2022-09-29T13:00:00+00:00,375.229593
5x-risk-002,2022-09-29T14:00:00+00:00,367.219963
5x-risk-002,2022-09-29T16:00:00+00:00,359.698848
5x-risk-002,2022-09-30T07:00:00+00:00,352.410299
5x-risk-002,2022-09-30T12:00:00+00:00,344.470073
5x-risk-002,2022-09-30T12:00:00+00:00,337.323273
5x-risk-002,2022-09-30T18:00:00+00:00,330.069885
5x-risk-002,2022-09-30T21:00:00+00:00,323.107128
5x-risk-002,2022-10-02T23:00:00+00:00,355.067557
5x-risk-002,2022-10-03T00:00:00+00:00,367.286006
5x-risk-002,2022-10-03T13:00:00+00:00,359.509482
5x-risk-002,2022-10-03T14:00:00+00:00,351.859682
5x-risk-002,2022-10-07T12:00:00+00:00,344.75481
5x-risk-002,2022-10-08T21:00:00+00:00,336.877245
5x-risk-002,2022-10-08T21:00:00+00:00,328.967445
5x-risk-002,2022-10-10T08:00:00+00:00,321.993979
5x-risk-002,2022-10-10T22:00:00+00:00,353.844185
5x-risk-002,2022-10-10T22:00:00+00:00,346.485625
5x-risk-002,2022-10-13T07:00:00+00:00,380.618711
5x-risk-002,2022-10-13T12:00:00+00:00,412.411089
5x-risk-002,2022-10-13T18:00:00+00:00,404.679578
5x-risk-002,2022-10-14T16:00:00+00:00,396.208795
5x-risk-002,2022-10-14T21:00:00+00:00,387.836716
5x-risk-002,2022-10-16T19:00:00+00:00,379.447552
5x-risk-002,2022-10-16T19:00:00+00:00,371.243065
5x-risk-002,2022-10-16T20:00:00+00:00,362.773111
5x-risk-002,2022-10-16T21:00:00+00:00,354.892804
5x-risk-002,2022-10-17T04:00:00+00:00,347.371887
5x-risk-002,2022-10-18T18:00:00+00:00,341.808012
5x-risk-002,2022-10-18T19:00:00+00:00,335.197206
5x-risk-002,2022-10-19T22:00:00+00:00,326.783103
5x-risk-002,2022-10-20T12:00:00+00:00,319.705773
5x-risk-002,2022-10-21T16:00:00+00:00,313.00007
5x-risk-002,2022-10-23T11:00:00+00:00,306.488547
5x-risk-002,2022-10-23T17:00:00+00:00,301.540848
5x-risk-002,2022-10-23T18:00:00+00:00,295.057823
5x-risk-002,2022-10-24T07:00:00+00:00,289.057985
5x-risk-002,2022-10-24T10:00:00+00:00,283.183608
5x-risk-002,2022-10-24T14:00:00+00:00,276.840537
5x-risk-002,2022-10-24T14:00:00+00:00,270.73969
5x-risk-002,2022-10-25T00:00:00+00:00,265.098617
5x-risk-002,2022-10-25T09:00:00+00:00,259.711487
5x-risk-002,2022-10-25T10:00:00+00:00,254.294239
5x-risk-002,2022-10-30T01:00:00+00:00,279.462822
5x-risk-002,2022-11-01T22:00:00+00:00,274.029697
5x-risk-002,2022-11-02T18:00:00+00:00,268.259335
5x-risk-002,2022-11-02T18:00:00+00:00,262.533952
5x-risk-002,2022-11-02T18:00:00+00:00,256.631165
5x-risk-002,2022-11-04T04:00:00+00:00,251.218998
5x-risk-002,2022-11-04T06:00:00+00:00,245.928091
5x-risk-002,2022-11-04T20:00:00+00:00,271.337502
5x-risk-002,2022-11-07T07:00:00+00:00,266.123282
5x-risk-002,2022-11-08T03:00:00+00:00,260.763192
5x-risk-002,2022-11-18T00:00:00+00:00,255.366938
5x-risk-002,2022-11-18T17:00:00+00:00,250.025973
5x-risk-002,2022-11-20T11:00:00+00:00,244.604746
5x-risk-002,2022-11-21T21:00:00+00:00,268.73916
5x-risk-002,2022-11-22T13:00:00+00:00,263.778557
5x-risk-002,2022-11-23T03:00:00+00:00,258.737679
5x-risk-002,2022-11-27T02:00:00+00:00,253.512389
5x-risk-002,2022-11-27T12:00:00+00:00,248.302596
5x-risk-002,2022-11-28T01:00:00+00:00,242.905254
5x-risk-002,2022-11-28T01:00:00+00:00,237.565288
5x-risk-002,2022-11-28T01:00:00+00:00,262.155079
5x-risk-002,2022-11-29T05:00:00+00:00,256.696065
5x-risk-002,2022-11-30T03:00:00+00:00,282.175644
5x-risk-002,2022-11-30T17:00:00+00:00,276.941267
5x-risk-002,2022-11-30T17:00:00+00:00,270.943472
5x-risk-002,2022-11-30T19:00:00+00:00,296.334528
5x-risk-002,2022-12-01T13:00:00+00:00,290.174343
5x-risk-002,2022-12-02T16:00:00+00:00,283.991508
5x-risk-002,2022-12-04T18:00:00+00:00,278.062681
5x-risk-002,2022-12-05T00:00:00+00:00,271.007472
5x-risk-002,2022-12-05T08:00:00+00:00,265.136913
5x-risk-002,2022-12-05T15:00:00+00:00,259.394222
5x-risk-002,2022-12-05T15:00:00+00:00,253.849342
5x-risk-002,2022-12-05T19:00:00+00:00,247.868052
5x-risk-002,2022-12-06T23:00:00+00:00,242.540569
5x-risk-002,2022-12-07T07:00:00+00:00,237.519282
5x-risk-002,2022-12-08T18:00:00+00:00,232.692515
5x-risk-002,2022-12-08T18:00:00+00:00,227.947687
5x-risk-002,2022-12-09T17:00:00+00:00,223.125676
5x-risk-002,2022-12-10T14:00:00+00:00,218.546061
5x-risk-002,2022-12-11T22:00:00+00:00,213.903014
5x-risk-002,2022-12-12T00:00:00+00:00,209.047892
5x-risk-002,2022-12-12T12:00:00+00:00,233.493204
5x-risk-002,2022-12-12T21:00:00+00:00,228.992756
5x-risk-002,2022-12-12T21:00:00+00:00,226.544079
5x-risk-002,2022-12-13T07:00:00+00:00,221.867269
5x-risk-002,2022-12-13T13:00:00+00:00,244.253679
5x-risk-002,2022-12-13T13:00:00+00:00,239.784477
5x-risk-002,2022-12-13T14:00:00+00:00,236.708497
5x-risk-002,2022-12-13T19:00:00+00:00,235.292653
5x-risk-002,2022-12-14T13:00:00+00:00,230.391983
5x-risk-002,2022-12-14T19:00:00+00:00,225.479526
5x-risk-002,2022-12-16T08:00:00+00:00,220.419969
5x-risk-002,2022-12-16T14:00:00+00:00,242.724374
5x-risk-002,2022-12-16T22:00:00+00:00,265.036188
5x-risk-002,2022-12-21T19:00:00+00:00,259.553931
5x-risk-002,2022-12-22T15:00:00+00:00,253.979935
5x-risk-002,2022-12-22T20:00:00+00:00,248.576782
5x-risk-002,2022-12-22T20:00:00+00:00,243.310592
5x-risk-002,2022-12-22T22:00:00+00:00,240.230697
5x-risk-002,2022-12-23T03:00:00+00:00,234.84807
5x-risk-002,2022-12-23T03:00:00+00:00,229.648594
5x-risk-002,2022-12-24T04:00:00+00:00,224.809103
5x-risk-002,2022-12-25T14:00:00+00:00,219.636804
5x-risk-002,2022-12-25T21:00:00+00:00,215.175355
5x-risk-002,2022-12-26T08:00:00+00:00,212.260515
5x-risk-002,2022-12-27T10:00:00+00:00,208.433566
5x-risk-002,2022-12-27T14:00:00+00:00,205.965936
5x-risk-002,2022-12-27T14:00:00+00:00,202.462137
5x-risk-002,2022-12-27T15:00:00+00:00,196.734672
5x-risk-002,2022-12-30T07:00:00+00:00,216.208763
5x-risk-002,2022-12-31T13:00:00+00:00,211.714991
5x-risk-002,2023-01-01T04:00:00+00:00,207.661798
5x-risk-002,2023-01-01T20:00:00+00:00,204.914548
5x-risk-002,2023-01-02T07:00:00+00:00,201.25224
5x-risk-002,2023-01-02T07:00:00+00:00,198.458696
5x-risk-002,2023-01-02T23:00:00+00:00,194.800288
5x-risk-002,2023-01-03T17:00:00+00:00,190.661515
5x-risk-002,2023-01-04T00:00:00+00:00,186.908968
5x-risk-002,2023-01-04T18:00:00+00:00,206.06078
5x-risk-002,2023-01-06T19:00:00+00:00,201.705915
5x-risk-002,2023-01-09T05:00:00+00:00,221.688822
5x-risk-002,2023-01-12T17:00:00+00:00,242.098377
5x-risk-002,2023-01-12T18:00:00+00:00,262.019722
5x-risk-002,2023-01-18T15:00:00+00:00,256.6259
5x-risk-002,2023-01-20T20:00:00+00:00,251.322427
5x-risk-002,2023-01-21T09:00:00+00:00,276.662426
5x-risk-002,2023-01-25T21:00:00+00:00,270.902515
5x-risk-002,2023-01-27T01:00:00+00:00,265.12007
5x-risk-002,2023-01-27T07:00:00+00:00,259.636979
5x-risk-002,2023-01-27T14:00:00+00:00,254.351337
5x-risk-002,2023-01-27T17:00:00+00:00,248.794772
5x-risk-002,2023-01-27T17:00:00+00:00,243.464448
5x-risk-002,2023-01-28T10:00:00+00:00,238.145088
5x-risk-002,2023-01-28T13:00:00+00:00,233.040227
5x-risk-002,2023-01-29T00:00:00+00:00,228.283746
5x-risk-002,2023-01-29T01:00:00+00:00,224.006325
5x-risk-002,2023-01-29T01:00:00+00:00,219.305646
5x-risk-002,2023-01-30T00:00:00+00:00,235.666783
5x-risk-002,2023-01-30T19:00:00+00:00,229.616509
5x-risk-002,2023-01-30T19:00:00+00:00,224.697673
5x-risk-002,2023-01-31T16:00:00+00:00,220.083613
5x-risk-002,2023-02-01T06:00:00+00:00,215.054893
5x-risk-002,2023-02-01T08:00:00+00:00,210.483172
5x-risk-002,2023-02-01T19:00:00+00:00,205.932081
5x-risk-002,2023-02-01T19:00:00+00:00,201.37961
5x-risk-002,2023-02-03T13:00:00+00:00,197.090502
5x-risk-002,2023-02-03T19:00:00+00:00,192.959403
5x-risk-002,2023-02-04T05:00:00+00:00,188.78624
5x-risk-002,2023-02-04T23:00:00+00:00,184.843901
5x-risk-002,2023-02-06T16:00:00+00:00,180.950529
5x-risk-002,2023-02-07T05:00:00+00:00,200.396331
5x-risk-002,2023-02-07T17:00:00+00:00,196.630842
5x-risk-002,2023-02-07T18:00:00+00:00,192.355849
5x-risk-002,2023-02-08T00:00:00+00:00,205.279362
5x-risk-002,2023-02-08T15:00:00+00:00,200.91635
5x-risk-002,2023-02-09T03:00:00+00:00,219.206576
5x-risk-002,2023-02-09T07:00:00+00:00,215.867372
5x-risk-002,2023-02-09T21:00:00+00:00,235.737729
5x-risk-002,2023-02-09T21:00:00+00:00,255.414998
5x-risk-002,2023-02-09T21:00:00+00:00,274.602213
5x-risk-002,2023-02-14T14:00:00+00:00,269.002812
5x-risk-002,2023-02-15T20:00:00+00:00,295.574718
5x-risk-002,2023-02-16T00:00:00+00:00,322.097109
5x-risk-002,2023-02-18T19:00:00+00:00,315.148039
5x-risk-002,2023-02-19T03:00:00+00:00,308.578198
5x-risk-002,2023-02-19T15:00:00+00:00,302.23943
5x-risk-002,2023-02-21T08:00:00+00:00,295.818385
5x-risk-002,2023-02-22T08:00:00+00:00,325.027148
5x-risk-002,2023-02-22T16:00:00+00:00,348.54798
5x-risk-002,2023-02-23T02:00:00+00:00,341.718983
5x-risk-002,2023-02-28T07:00:00+00:00,373.117714
5x-risk-002,2023-02-28T20:00:00+00:00,365.693197
5x-risk-002,2023-03-01T03:00:00+00:00,357.871913
5x-risk-002,2023-03-02T07:00:00+00:00,350.339263
5x-risk-002,2023-03-03T01:00:00+00:00,383.959621
5x-risk-002,2023-03-03T01:00:00+00:00,418.601544
5x-risk-002,2023-03-08T15:00:00+00:00,409.84378
5x-risk-002,2023-03-08T22:00:00+00:00,400.908503
5x-risk-002,2023-03-09T18:00:00+00:00,434.659146
5x-risk-002,2023-03-09T20:00:00+00:00,476.064997
5x-risk-002,2023-03-18T00:00:00+00:00,523.208769
5x-risk-002,2023-03-22T09:00:00+00:00,514.387642
5x-risk-002,2023-03-22T19:00:00+00:00,503.537367
5x-risk-002,2023-03-22T19:00:00+00:00,493.154087
5x-risk-002,2023-03-23T14:00:00+00:00,482.889169
5x-risk-002,2023-03-23T18:00:00+00:00,472.730882
5x-risk-002,2023-03-24T10:00:00+00:00,462.738073
5x-risk-002,2023-03-24T11:00:00+00:00,452.699249
5x-risk-002,2023-03-29T08:00:00+00:00,443.921976
5x-risk-002,2023-03-30T02:00:00+00:00,434.698339
5x-risk-002,2023-03-31T14:00:00+00:00,425.545583
5x-risk-002,2023-04-03T01:00:00+00:00,416.303912
5x-risk-002,2023-04-03T01:00:00+00:00,407.440831
5x-risk-002,2023-04-03T08:00:00+00:00,399.093366
5x-risk-002,2023-04-03T20:00:00+00:00,390.65427
5x-risk-002,2023-04-04T10:00:00+00:00,382.463913
5x-risk-002,2023-04-04T12:00:00+00:00,374.354127
5x-risk-002,2023-04-05T14:00:00+00:00,366.415761
5x-risk-002,2023-04-05T14:00:00+00:00,358.570171
5x-risk-002,2023-04-06T06:00:00+00:00,351.216521
5x-risk-002,2023-04-06T16:00:00+00:00,343.514469
5x-risk-002,2023-04-06T16:00:00+00:00,340.614757
5x-risk-002,2023-04-06T16:00:00+00:00,335.900155
5x-risk-002,2023-04-06T20:00:00+00:00,328.97262
5x-risk-002,2023-04-09T21:00:00+00:00,321.416055
5x-risk-002,2023-04-10T22:00:00+00:00,353.20302
5x-risk-002,2023-04-11T00:00:00+00:00,346.85829
5x-risk-002,2023-04-12T02:00:00+00:00,339.554419
5x-risk-002,2023-04-12T13:00:00+00:00,332.528133
5x-risk-002,2023-04-12T16:00:00+00:00,325.703778
5x-risk-002,2023-04-14T00:00:00+00:00,357.858579
5x-risk-002,2023-04-14T05:00:00+00:00,344.236922
5x-risk-002,2023-04-18T11:00:00+00:00,337.038565
5x-risk-002,2023-04-19T08:00:00+00:00,329.788655
5x-risk-002,2023-04-19T08:00:00+00:00,322.819787
5x-risk-002,2023-04-19T08:00:00+00:00,315.695689
5x-risk-002,2023-04-26T20:00:00+00:00,311.70313
5x-risk-002,2023-04-27T14:00:00+00:00,304.761238
5x-risk-002,2023-04-27T16:00:00+00:00,298.58198
5x-risk-002,2023-04-27T17:00:00+00:00,291.622257
5x-risk-002,2023-04-28T11:00:00+00:00,285.520727
5x-risk-002,2023-04-29T02:00:00+00:00,279.626889
5x-risk-002,2023-04-29T02:00:00+00:00,273.853428
5x-risk-002,2023-04-29T13:00:00+00:00,268.185829
5x-risk-002,2023-04-29T17:00:00+00:00,262.529156
5x-risk-002,2023-04-29T17:00:00+00:00,256.927163
5x-risk-002,2023-04-29T17:00:00+00:00,251.491251
5x-risk-002,2023-04-30T00:00:00+00:00,248.211593
5x-risk-002,2023-04-30T15:00:00+00:00,243.061269
5x-risk-002,2023-04-30T19:00:00+00:00,237.364592
5x-risk-002,2023-04-30T19:00:00+00:00,232.353583
5x-risk-002,2023-04-30T23:00:00+00:00,226.111573
5x-risk-002,2023-05-01T19:00:00+00:00,248.481719
5x-risk-002,2023-05-03T12:00:00+00:00,243.148662
5x-risk-002,2023-05-03T21:00:00+00:00,238.127483
5x-risk-002,2023-05-04T12:00:00+00:00,233.181948
5x-risk-002,2023-05-04T13:00:00+00:00,228.281478
5x-risk-002,2023-05-05T16:00:00+00:00,223.75583
5x-risk-002,2023-05-05T16:00:00+00:00,217.321344
5x-risk-002,2023-05-06T03:00:00+00:00,212.709623
5x-risk-002,2023-05-06T08:00:00+00:00,208.361199
5x-risk-002,2023-05-06T14:00:00+00:00,203.497681
5x-risk-002,2023-05-07T14:00:00+00:00,199.23838
5x-risk-002,2023-05-07T23:00:00+00:00,194.97002
5x-risk-002,2023-05-08T18:00:00+00:00,215.111618
5x-risk-002,2023-05-10T17:00:00+00:00,234.295996
5x-risk-002,2023-05-14T00:00:00+00:00,229.387948
5x-risk-002,2023-05-14T19:00:00+00:00,224.403442
5x-risk-002,2023-05-15T00:00:00+00:00,219.645171
5x-risk-002,2023-05-16T01:00:00+00:00,214.991959
5x-risk-002,2023-05-17T07:00:00+00:00,210.39248
5x-risk-002,2023-05-17T19:00:00+00:00,205.960704
5x-risk-002,2023-05-17T19:00:00+00:00,201.562117
5x-risk-002,2023-05-18T14:00:00+00:00,197.093093
5x-risk-002,2023-05-18T15:00:00+00:00,192.888936
5x-risk-002,2023-05-18T22:00:00+00:00,188.891804
5x-risk-002,2023-05-24T04:00:00+00:00,207.583853
5x-risk-002,2023-05-28T00:00:00+00:00,203.499414
5x-risk-002,2023-05-28T22:00:00+00:00,199.990514
5x-risk-002,2023-05-29T02:00:00+00:00,195.835707
5x-risk-002,2023-05-29T11:00:00+00:00,190.739014
5x-risk-002,2023-05-30T15:00:00+00:00,186.785936
5x-risk-002,2023-06-02T00:00:00+00:00,182.305342
5x-risk-002,2023-06-05T15:00:00+00:00,200.690629
5x-risk-002,2023-06-05T15:00:00+00:00,196.805853
5x-risk-002,2023-06-07T09:00:00+00:00,192.704422
5x-risk-002,2023-06-07T10:00:00+00:00,188.731837
5x-risk-002,2023-06-07T21:00:00+00:00,207.223543
5x-risk-002,2023-06-08T15:00:00+00:00,202.947427
5x-risk-002,2023-06-10T04:00:00+00:00,223.035335
5x-risk-002,2023-06-14T12:00:00+00:00,218.102844
5x-risk-002,2023-06-14T20:00:00+00:00,238.546095
5x-risk-002,2023-06-17T04:00:00+00:00,233.547993
5x-risk-002,2023-06-17T20:00:00+00:00,228.63162
5x-risk-002,2023-06-19T00:00:00+00:00,223.957579
5x-risk-002,2023-06-19T13:00:00+00:00,219.341697
5x-risk-002,2023-06-20T17:00:00+00:00,241.052119
5x-risk-002,2023-06-21T00:00:00+00:00,264.668636
5x-risk-002,2023-06-21T01:00:00+00:00,259.68126
5x-risk-002,2023-06-22T14:00:00+00:00,254.258128
5x-risk-002,2023-06-23T15:00:00+00:00,248.930481
5x-risk-002,2023-06-24T08:00:00+00:00,243.577293
5x-risk-002,2023-06-25T03:00:00+00:00,238.432823
5x-risk-002,2023-06-25T13:00:00+00:00,233.472504
5x-risk-002,2023-06-26T01:00:00+00:00,228.505066
5x-risk-002,2023-06-26T07:00:00+00:00,223.787839
5x-risk-002,2023-06-26T13:00:00+00:00,247.558686
5x-risk-002,2023-06-26T16:00:00+00:00,243.004378
5x-risk-002,2023-06-26T16:00:00+00:00,237.302155
5x-risk-002,2023-06-27T10:00:00+00:00,232.325831
5x-risk-002,2023-06-28T00:00:00+00:00,227.454628
5x-risk-002,2023-06-28T12:00:00+00:00,222.605879
5x-risk-002,2023-06-28T19:00:00+00:00,246.063142
5x-risk-002,2023-06-29T09:00:00+00:00,240.88366
5x-risk-002,2023-06-30T04:00:00+00:00,236.050572
5x-risk-002,2023-06-30T13:00:00+00:00,230.920015
5x-risk-002,2023-06-30T13:00:00+00:00,225.905806
5x-risk-002,2023-06-30T13:00:00+00:00,220.938823
5x-risk-002,2023-06-30T16:00:00+00:00,216.249441
5x-risk-002,2023-06-30T17:00:00+00:00,211.471598
5x-risk-002,2023-06-30T17:00:00+00:00,206.413617
5x-risk-002,2023-07-01T01:00:00+00:00,201.725588
5x-risk-002,2023-07-01T13:00:00+00:00,197.519712
5x-risk-002,2023-07-02T02:00:00+00:00,193.261047
5x-risk-002,2023-07-02T09:00:00+00:00,190.978275
5x-risk-002,2023-07-02T15:00:00+00:00,187.080013
5x-risk-002,2023-07-02T22:00:00+00:00,182.953493
5x-risk-002,2023-07-02T22:00:00+00:00,178.8382
5x-risk-002,2023-07-04T03:00:00+00:00,196.513369
5x-risk-002,2023-07-05T08:00:00+00:00,192.70943
5x-risk-002,2023-07-05T10:00:00+00:00,188.622273
5x-risk-002,2023-07-05T10:00:00+00:00,184.385409
5x-risk-002,2023-07-06T14:00:00+00:00,203.45669
5x-risk-002,2023-07-08T03:00:00+00:00,199.714885
5x-risk-002,2023-07-10T00:00:00+00:00,195.508206
5x-risk-002,2023-07-10T18:00:00+00:00,191.428117
5x-risk-002,2023-07-10T19:00:00+00:00,187.280871
5x-risk-002,2023-07-10T22:00:00+00:00,183.340936
5x-risk-002,2023-07-10T22:00:00+00:00,180.416918
5x-risk-002,2023-07-11T00:00:00+00:00,176.622544
5x-risk-002,2023-07-11T14:00:00+00:00,172.489073
5x-risk-002,2023-07-11T20:00:00+00:00,168.957542
5x-risk-002,2023-07-12T01:00:00+00:00,165.570157
5x-risk-002,2023-07-12T19:00:00+00:00,163.311221
5x-risk-002,2023-07-12T19:00:00+00:00,159.779736
5x-risk-002,2023-07-13T07:00:00+00:00,156.568684
5x-risk-002,2023-07-13T09:00:00+00:00,154.296738
5x-risk-002,2023-07-13T15:00:00+00:00,150.810317
5x-risk-002,2023-07-13T15:00:00+00:00,163.873907
5x-risk-002,2023-07-13T15:00:00+00:00,179.927745
5x-risk-002,2023-07-13T16:00:00+00:00,175.83783
5x-risk-002,2023-07-17T05:00:00+00:00,172.212182
5x-risk-002,2023-07-17T10:00:00+00:00,168.568829
5x-risk-002,2023-07-17T17:00:00+00:00,165.096214
5x-risk-002,2023-07-18T06:00:00+00:00,161.707164
5x-risk-002,2023-08-07T16:00:00+00:00,178.37098
5x-risk-002,2023-08-07T22:00:00+00:00,174.711146
5x-risk-002,2023-08-08T12:00:00+00:00,171.066382
5x-risk-002,2023-08-16T12:00:00+00:00,167.129076
5x-risk-002,2023-08-17T21:00:00+00:00,184.370859
5x-risk-002,2023-08-17T21:00:00+00:00,200.349095
5x-risk-002,2023-08-24T14:00:00+00:00,196.241985
5x-risk-002,2023-08-24T15:00:00+00:00,192.054155
5x-risk-002,2023-08-25T14:00:00+00:00,188.040749
5x-risk-002,2023-08-29T14:00:00+00:00,184.05888
5x-risk-002,2023-08-29T14:00:00+00:00,180.077383
5x-risk-002,2023-08-29T14:00:00+00:00,176.28567
5x-risk-002,2023-08-29T14:00:00+00:00,172.626119
5x-risk-002,2023-08-30T03:00:00+00:00,168.963802
5x-risk-002,2023-08-31T15:00:00+00:00,165.519818
5x-risk-002,2023-08-31T17:00:00+00:00,161.826649
5x-risk-002,2023-09-01T14:00:00+00:00,158.391484
5x-risk-002,2023-09-02T15:00:00+00:00,155.06028
5x-risk-002,2023-09-05T02:00:00+00:00,151.760132
5x-risk-002,2023-09-05T09:00:00+00:00,148.568057
5x-risk-002,2023-09-06T17:00:00+00:00,145.42836
5x-risk-002,2023-09-06T19:00:00+00:00,144.829692
5x-risk-002,2023-09-07T21:00:00+00:00,141.814036
5x-risk-002,2023-09-08T10:00:00+00:00,138.877614
5x-risk-002,2023-09-10T04:00:00+00:00,155.598093
5x-risk-002,2023-09-10T04:00:00+00:00,171.583613
5x-risk-002,2023-09-10T04:00:00+00:00,185.322849
5x-risk-002,2023-09-11T14:00:00+00:00,203.627675
5x-risk-002,2023-09-14T00:00:00+00:00,199.628297
5x-risk-002,2023-09-14T01:00:00+00:00,195.392876
5x-risk-002,2023-09-18T03:00:00+00:00,214.765641
5x-risk-002,2023-09-18T03:00:00+00:00,212.069727
5x-risk-002,2023-09-18T12:00:00+00:00,232.134077
5x-risk-002,2023-09-18T17:00:00+00:00,227.45178
5x-risk-002,2023-09-18T22:00:00+00:00,222.689602
5x-risk-002,2023-09-20T03:00:00+00:00,217.794509
5x-risk-002,2023-09-21T10:00:00+00:00,213.62712
5x-risk-002,2023-09-21T10:00:00+00:00,209.091047
5x-risk-002,2023-09-27T11:00:00+00:00,204.889838
5x-risk-002,2023-09-27T14:00:00+00:00,200.708376
5x-risk-002,2023-09-27T14:00:00+00:00,196.548493
5x-risk-002,2023-09-28T10:00:00+00:00,192.462545
5x-risk-002,2023-09-28T15:00:00+00:00,188.160859
5x-risk-002,2023-10-04T00:00:00+00:00,183.962324
5x-risk-002,2023-10-06T21:00:00+00:00,180.138715
5x-risk-002,2023-10-08T01:00:00+00:00,176.374029
5x-risk-002,2023-10-09T09:00:00+00:00,193.832681
5x-risk-002,2023-10-16T13:00:00+00:00,212.391399
5x-risk-002,2023-10-17T18:00:00+00:00,207.885005
5x-risk-002,2023-10-19T01:00:00+00:00,203.537921
5x-risk-002,2023-10-20T05:00:00+00:00,199.313641
5x-risk-002,2023-10-20T17:00:00+00:00,195.359743
5x-risk-002,2023-10-21T12:00:00+00:00,190.916094
5x-risk-002,2023-10-21T16:00:00+00:00,211.918804
5x-risk-002,2023-10-23T22:00:00+00:00,232.884395
5x-risk-002,2023-10-24T02:00:00+00:00,252.161549
5x-risk-002,2023-10-27T05:00:00+00:00,246.759312
5x-risk-002,2023-10-27T17:00:00+00:00,241.650818
5x-risk-002,2023-10-31T13:00:00+00:00,236.402896
5x-risk-002,2023-11-01T14:00:00+00:00,231.132348
5x-risk-002,2023-11-01T14:00:00+00:00,225.955861
5x-risk-002,2023-11-01T18:00:00+00:00,221.28554
5x-risk-002,2023-11-01T18:00:00+00:00,216.4262
5x-risk-002,2023-11-02T13:00:00+00:00,213.369379
5x-risk-002,2023-11-04T06:00:00+00:00,210.138925
5x-risk-002,2023-11-04T21:00:00+00:00,230.947968
5x-risk-002,2023-11-05T01:00:00+00:00,252.347252
5x-risk-002,2023-11-05T17:00:00+00:00,276.228418
5x-risk-002,2023-11-05T21:00:00+00:00,270.744822
5x-risk-002,2023-11-06T01:00:00+00:00,265.042045
5x-risk-002,2023-11-06T05:00:00+00:00,259.552769
5x-risk-002,2023-11-06T22:00:00+00:00,284.530618
5x-risk-002,2023-11-07T09:00:00+00:00,278.805118
5x-risk-002,2023-11-07T09:00:00+00:00,272.88069
5x-risk-002,2023-11-07T18:00:00+00:00,267.060151
5x-risk-002,2023-11-07T23:00:00+00:00,261.473818
5x-risk-002,2023-11-08T03:00:00+00:00,256.070932
5x-risk-002,2023-11-08T10:00:00+00:00,250.504917
5x-risk-002,2023-11-09T01:00:00+00:00,275.217074
5x-risk-002,2023-11-09T14:00:00+00:00,300.48886
5x-risk-002,2023-11-09T14:00:00+00:00,325.268691
5x-risk-002,2023-11-09T16:00:00+00:00,319.352196
5x-risk-002,2023-11-10T18:00:00+00:00,312.590411
5x-risk-002,2023-11-12T00:00:00+00:00,306.058626
5x-risk-002,2023-11-13T11:00:00+00:00,299.679507
5x-risk-002,2023-11-13T21:00:00+00:00,293.353866
5x-risk-002,2023-11-14T12:00:00+00:00,287.16081
5x-risk-002,2023-11-14T18:00:00+00:00,317.338562
5x-risk-002,2023-11-15T18:00:00+00:00,311.464591
5x-risk-002,2023-11-16T00:00:00+00:00,305.144968
5x-risk-002,2023-11-16T14:00:00+00:00,298.796948
5x-risk-002,2023-11-17T07:00:00+00:00,292.641473
5x-risk-002,2023-11-17T17:00:00+00:00,286.500134
5x-risk-002,2023-11-18T22:00:00+00:00,279.896216
5x-risk-002,2023-11-20T02:00:00+00:00,273.689191
5x-risk-002,2023-11-20T14:00:00+00:00,267.948918
5x-risk-002,2023-11-20T17:00:00+00:00,261.917208
5x-risk-002,2023-11-21T11:00:00+00:00,256.362121
5x-risk-002,2023-11-21T14:00:00+00:00,250.739207
5x-risk-002,2023-11-22T18:00:00+00:00,245.641084
5x-risk-002,2023-11-22T18:00:00+00:00,240.448456
5x-risk-002,2023-11-23T05:00:00+00:00,235.162592
5x-risk-002,2023-11-23T14:00:00+00:00,230.200881
5x-risk-002,2023-11-23T15:00:00+00:00,225.235841
5x-risk-002,2023-11-24T22:00:00+00:00,220.462369
5x-risk-002,2023-11-24T22:00:00+00:00,215.952009
5x-risk-002,2023-11-25T10:00:00+00:00,212.068453
5x-risk-002,2023-11-26T15:00:00+00:00,207.644128
5x-risk-002,2023-11-26T16:00:00+00:00,202.580823
5x-risk-002,2023-12-01T01:00:00+00:00,198.641665
5x-risk-002,2023-12-02T19:00:00+00:00,218.316078
5x-risk-002,2023-12-03T20:00:00+00:00,213.827174
5x-risk-002,2023-12-04T05:00:00+00:00,237.400514
5x-risk-002,2023-12-04T09:00:00+00:00,233.962646
5x-risk-002,2023-12-04T11:00:00+00:00,229.571781
5x-risk-002,2023-12-04T20:00:00+00:00,225.117336
5x-risk-002,2023-12-05T07:00:00+00:00,220.25105
5x-risk-002,2023-12-05T18:00:00+00:00,215.610813
5x-risk-002,2023-12-05T22:00:00+00:00,211.133602
5x-risk-002,2023-12-06T05:00:00+00:00,206.45768
5x-risk-002,2023-12-06T05:00:00+00:00,202.126894
5x-risk-002,2023-12-06T09:00:00+00:00,197.96546
5x-risk-002,2023-12-06T11:00:00+00:00,193.013333
5x-risk-002,2023-12-06T11:00:00+00:00,188.890851
5x-risk-002,2023-12-06T11:00:00+00:00,184.78663
5x-risk-002,2023-12-06T15:00:00+00:00,180.95412
5x-risk-002,2023-12-06T21:00:00+00:00,177.097983
5x-risk-002,2023-12-07T04:00:00+00:00,173.281394
5x-risk-002,2023-12-07T05:00:00+00:00,169.655178
5x-risk-002,2023-12-07T05:00:00+00:00,165.989955
5x-risk-002,2023-12-07T09:00:00+00:00,162.409796
5x-risk-002,2023-12-07T09:00:00+00:00,178.816629
5x-risk-002,2023-12-07T09:00:00+00:00,175.357742
5x-risk-002,2023-12-07T13:00:00+00:00,171.660131
5x-risk-002,2023-12-07T14:00:00+00:00,168.021503
5x-risk-002,2023-12-07T19:00:00+00:00,164.495016
5x-risk-002,2023-12-08T06:00:00+00:00,181.078228
5x-risk-002,2023-12-08T14:00:00+00:00,177.344147
5x-risk-002,2023-12-09T00:00:00+00:00,173.643295
5x-risk-002,2023-12-09T08:00:00+00:00,169.924137
5x-risk-002,2023-12-09T23:00:00+00:00,166.422387
5x-risk-002,2023-12-11T02:00:00+00:00,161.903822
5x-risk-002,2023-12-11T12:00:00+00:00,158.545326
5x-risk-002,2023-12-16T04:00:00+00:00,155.339173
5x-risk-002,2023-12-16T07:00:00+00:00,152.178821
5x-risk-002,2023-12-16T12:00:00+00:00,151.080621
5x-risk-002,2023-12-16T19:00:00+00:00,147.676094
5x-risk-002,2023-12-17T19:00:00+00:00,144.703118
5x-risk-002,2023-12-18T01:00:00+00:00,142.086615
5x-risk-002,2023-12-18T10:00:00+00:00,157.765593
5x-risk-002,2023-12-18T21:00:00+00:00,154.864957
5x-risk-002,2023-12-19T14:00:00+00:00,151.671362
5x-risk-002,2023-12-20T02:00:00+00:00,148.503402
5x-risk-002,2023-12-20T07:00:00+00:00,145.423483
5x-risk-002,2023-12-20T13:00:00+00:00,142.318945
5x-risk-002,2023-12-20T19:00:00+00:00,139.315719
5x-risk-002,2023-12-20T20:00:00+00:00,136.381584
5x-risk-002,2023-12-21T06:00:00+00:00,133.562077
5x-risk-002,2023-12-21T10:00:00+00:00,148.270731
5x-risk-002,2023-12-22T07:00:00+00:00,162.956692
5x-risk-002,2023-12-26T09:00:00+00:00,159.164063
5x-risk-002,2023-12-26T16:00:00+00:00,155.412224
5x-risk-002,2023-12-26T17:00:00+00:00,151.408936
5x-risk-002,2023-12-26T17:00:00+00:00,148.214257
5x-risk-002,2023-12-27T10:00:00+00:00,145.1713
5x-risk-002,2023-12-28T05:00:00+00:00,142.099351
5x-risk-002,2023-12-28T07:00:00+00:00,139.005325
5x-risk-002,2023-12-31T12:00:00+00:00,136.16438
5x-risk-002,2024-01-01T15:00:00+00:00,133.428755
5x-risk-002,2024-01-01T18:00:00+00:00,131.372237
5x-risk-002,2024-01-02T09:00:00+00:00,129.556955
5x-risk-002,2024-01-02T14:00:00+00:00,126.90177
5x-risk-002,2024-01-03T05:00:00+00:00,124.253759
5x-risk-002,2024-01-03T12:00:00+00:00,121.201179
5x-risk-002,2024-01-03T12:00:00+00:00,133.747609
5x-risk-002,2024-01-03T12:00:00+00:00,131.170379
5x-risk-002,2024-01-03T13:00:00+00:00,128.39363
5x-risk-002,2024-01-04T04:00:00+00:00,125.57568
5x-risk-002,2024-01-05T01:00:00+00:00,122.94488
5x-risk-002,2024-01-05T01:00:00+00:00,120.449251
5x-risk-002,2024-01-05T04:00:00+00:00,117.90259
5x-risk-002,2024-01-05T09:00:00+00:00,115.342762
5x-risk-002,2024-01-05T14:00:00+00:00,112.992815
5x-risk-002,2024-01-05T20:00:00+00:00,110.95249
5x-risk-002,2024-01-06T01:00:00+00:00,122.353516
5x-risk-002,2024-01-06T06:00:00+00:00,119.825875
5x-risk-002,2024-01-06T09:00:00+00:00,117.368193
5x-risk-002,2024-01-06T16:00:00+00:00,114.987406
5x-risk-002,2024-01-07T00:00:00+00:00,126.536332
5x-risk-002,2024-01-07T17:00:00+00:00,123.61043
5x-risk-002,2024-01-08T06:00:00+00:00,121.130563
5x-risk-002,2024-01-08T12:00:00+00:00,118.565155
5x-risk-002,2024-01-10T21:00:00+00:00,130.264799
5x-risk-002,2024-01-10T21:00:00+00:00,141.995396
5x-risk-002,2024-01-12T06:00:00+00:00,138.894374
5x-risk-002,2024-01-14T19:00:00+00:00,136.014838
5x-risk-002,2024-01-14T19:00:00+00:00,133.451603
5x-risk-002,2024-01-15T06:00:00+00:00,130.268669
5x-risk-002,2024-01-16T05:00:00+00:00,127.579377
5x-risk-002,2024-01-16T14:00:00+00:00,140.64993
5x-risk-002,2024-01-16T14:00:00+00:00,137.997465
5x-risk-002,2024-01-18T00:00:00+00:00,151.633172
5x-risk-002,2024-01-18T16:00:00+00:00,163.580802
5x-risk-002,2024-01-18T16:00:00+00:00,177.17918
5x-risk-002,2024-01-18T16:00:00+00:00,173.607884
5x-risk-002,2024-01-18T23:00:00+00:00,169.879376
5x-risk-002,2024-01-19T04:00:00+00:00,166.071943
5x-risk-002,2024-01-19T15:00:00+00:00,162.516572
5x-risk-002,2024-01-19T16:00:00+00:00,177.471356
5x-risk-002,2024-01-19T19:00:00+00:00,173.912699
5x-risk-002,2024-01-22T09:00:00+00:00,170.236935
5x-risk-002,2024-01-22T10:00:00+00:00,167.490764
5x-risk-002,2024-01-23T09:00:00+00:00,184.654856
5x-risk-002,2024-01-25T21:00:00+00:00,180.854843
5x-risk-002,2024-01-26T02:00:00+00:00,176.827391
5x-risk-002,2024-01-26T16:00:00+00:00,173.559055
5x-risk-002,2024-01-26T19:00:00+00:00,191.044154
5x-risk-002,2024-01-28T22:00:00+00:00,187.113609
5x-risk-002,2024-01-30T02:00:00+00:00,183.064274
5x-risk-002,2024-01-30T11:00:00+00:00,201.594888
5x-risk-002,2024-01-31T05:00:00+00:00,219.701212
5x-risk-002,2024-02-01T01:00:00+00:00,241.427312
5x-risk-002,2024-02-01T17:00:00+00:00,236.520918
5x-risk-002,2024-02-02T12:00:00+00:00,232.035655
5x-risk-002,2024-02-02T13:00:00+00:00,226.806725
5x-risk-002,2024-02-03T13:00:00+00:00,222.058561
5x-risk-002,2024-02-04T22:00:00+00:00,216.91173
5x-risk-002,2024-02-05T05:00:00+00:00,212.328253
5x-risk-002,2024-02-05T15:00:00+00:00,207.773182
5x-risk-002,2024-02-06T02:00:00+00:00,204.433056
5x-risk-002,2024-02-07T17:00:00+00:00,223.542696
5x-risk-002,2024-02-07T21:00:00+00:00,219.192613
5x-risk-002,2024-02-08T16:00:00+00:00,215.12523
5x-risk-002,2024-02-09T01:00:00+00:00,210.658676
5x-risk-002,2024-02-09T13:00:00+00:00,206.346499
5x-risk-002,2024-02-09T15:00:00+00:00,227.201812
5x-risk-002,2024-02-10T18:00:00+00:00,222.542697
5x-risk-002,2024-02-11T04:00:00+00:00,243.403209
5x-risk-002,2024-02-11T05:00:00+00:00,265.433186
5x-risk-002,2024-02-12T15:00:00+00:00,259.842386
5x-risk-002,2024-02-13T13:00:00+00:00,254.147003
5x-risk-002,2024-02-14T15:00:00+00:00,248.965996
5x-risk-002,2024-02-14T23:00:00+00:00,243.820332
5x-risk-002,2024-02-15T03:00:00+00:00,268.939457
5x-risk-002,2024-02-16T05:00:00+00:00,263.683889
5x-risk-002,2024-02-20T01:00:00+00:00,257.751133
5x-risk-002,2024-02-20T01:00:00+00:00,251.993249
5x-risk-002,2024-02-20T15:00:00+00:00,246.013251
5x-risk-002,2024-02-20T22:00:00+00:00,240.860241
5x-risk-002,2024-02-21T07:00:00+00:00,235.673011
5x-risk-002,2024-02-21T23:00:00+00:00,230.575172
5x-risk-002,2024-02-22T16:00:00+00:00,226.062993
5x-risk-002,2024-02-23T02:00:00+00:00,250.994418
5x-risk-002,2024-02-23T15:00:00+00:00,275.915362
5x-risk-002,2024-02-25T02:00:00+00:00,272.429043
5x-risk-002,2024-02-26T00:00:00+00:00,299.753095
5x-risk-002,2024-02-26T09:00:00+00:00,293.402035
5x-risk-002,2024-02-26T09:00:00+00:00,287.132291
5x-risk-002,2024-02-26T14:00:00+00:00,280.721341
5x-risk-002,2024-02-26T15:00:00+00:00,308.007065
5x-risk-002,2024-02-26T15:00:00+00:00,302.042242
5x-risk-002,2024-02-27T13:00:00+00:00,294.992823
5x-risk-002,2024-02-28T09:00:00+00:00,289.049028
5x-risk-002,2024-02-28T10:00:00+00:00,282.88858
5x-risk-002,2024-02-28T17:00:00+00:00,276.86443
5x-risk-002,2024-02-28T22:00:00+00:00,271.101247
5x-risk-002,2024-02-29T07:00:00+00:00,265.498327
5x-risk-002,2024-02-29T22:00:00+00:00,260.030646
5x-risk-002,2024-03-01T23:00:00+00:00,254.990713
5x-risk-002,2024-03-02T01:00:00+00:00,249.3958
5x-risk-002,2024-03-02T02:00:00+00:00,244.563981
5x-risk-002,2024-03-02T09:00:00+00:00,238.448679
5x-risk-002,2024-03-02T09:00:00+00:00,233.260432
5x-risk-002,2024-03-02T16:00:00+00:00,228.627949
5x-risk-002,2024-03-03T00:00:00+00:00,252.82913
5x-risk-002,2024-03-03T01:00:00+00:00,248.448936
5x-risk-002,2024-03-03T07:00:00+00:00,271.179594
5x-risk-002,2024-03-03T07:00:00+00:00,265.986529
5x-risk-002,2024-03-03T20:00:00+00:00,259.915677
5x-risk-002,2024-03-05T04:00:00+00:00,254.856276
5x-risk-002,2024-03-05T14:00:00+00:00,249.830157
5x-risk-002,2024-03-05T14:00:00+00:00,244.505763
5x-risk-002,2024-03-05T16:00:00+00:00,237.698853
5x-risk-002,2024-03-05T16:00:00+00:00,233.814763
5x-risk-002,2024-03-07T11:00:00+00:00,228.755561
5x-risk-002,2024-03-07T14:00:00+00:00,251.783752
5x-risk-002,2024-03-08T15:00:00+00:00,246.275255
5x-risk-002,2024-03-08T15:00:00+00:00,240.727974
5x-risk-002,2024-03-09T03:00:00+00:00,235.53874
5x-risk-002,2024-03-09T10:00:00+00:00,229.969165
5x-risk-002,2024-03-09T17:00:00+00:00,224.771305
5x-risk-002,2024-03-10T12:00:00+00:00,219.916861
5x-risk-002,2024-03-10T21:00:00+00:00,215.455084
5x-risk-002,2024-03-11T11:00:00+00:00,210.949849
5x-risk-002,2024-03-12T06:00:00+00:00,206.627991
5x-risk-002,2024-03-12T18:00:00+00:00,202.504155
5x-risk-002,2024-03-13T13:00:00+00:00,197.952394
5x-risk-002,2024-03-14T00:00:00+00:00,194.094185
5x-risk-002,2024-03-14T04:00:00+00:00,190.048449
5x-risk-002,2024-03-14T08:00:00+00:00,186.195711
5x-risk-002,2024-03-14T13:00:00+00:00,180.99479
5x-risk-002,2024-03-15T02:00:00+00:00,177.208879
5x-risk-002,2024-03-15T03:00:00+00:00,195.625807
5x-risk-002,2024-03-15T20:00:00+00:00,191.559169
5x-risk-002,2024-03-16T17:00:00+00:00,210.436934
5x-risk-002,2024-03-20T18:00:00+00:00,206.117186
5x-risk-002,2024-03-22T19:00:00+00:00,201.814077
5x-risk-002,2024-03-22T23:00:00+00:00,197.580499
5x-risk-002,2024-03-23T03:00:00+00:00,193.407323
5x-risk-002,2024-03-24T04:00:00+00:00,189.343908
5x-risk-002,2024-03-24T09:00:00+00:00,185.409868
5x-risk-002,2024-03-24T10:00:00+00:00,181.36073
5x-risk-002,2024-03-24T21:00:00+00:00,177.568725
5x-risk-002,2024-03-25T14:00:00+00:00,195.223345
5x-risk-002,2024-03-26T10:00:00+00:00,213.175564
5x-risk-002,2024-03-27T07:00:00+00:00,208.741228
5x-risk-002,2024-03-28T14:00:00+00:00,204.390729
5x-risk-002,2024-03-29T10:00:00+00:00,223.770854
5x-risk-002,2024-03-30T02:00:00+00:00,219.396942
5x-risk-002,2024-03-30T16:00:00+00:00,241.127738
5x-risk-002,2024-03-31T05:00:00+00:00,236.26053
5x-risk-002,2024-03-31T09:00:00+00:00,231.043034
5x-risk-002,2024-04-01T05:00:00+00:00,226.632256
5x-risk-002,2024-04-01T05:00:00+00:00,221.351117
5x-risk-002,2024-04-02T02:00:00+00:00,216.27179
5x-risk-002,2024-04-05T16:00:00+00:00,212.118952
5x-risk-002,2024-04-08T08:00:00+00:00,208.097617
5x-risk-002,2024-04-09T04:00:00+00:00,203.695647
5x-risk-002,2024-04-10T12:00:00+00:00,223.718573
5x-risk-002,2024-04-10T12:00:00+00:00,218.85594
5x-risk-002,2024-04-12T18:00:00+00:00,240.731177
5x-risk-002,2024-04-12T18:00:00+00:00,235.842031
5x-risk-002,2024-04-12T18:00:00+00:00,231.099483
5x-risk-002,2024-04-24T01:00:00+00:00,226.212725
5x-risk-002,2024-04-24T05:00:00+00:00,221.33575
5x-risk-002,2024-04-24T13:00:00+00:00,216.758138
5x-risk-002,2024-04-28T14:00:00+00:00,211.88527
5x-risk-002,2024-04-28T18:00:00+00:00,234.643023
5x-risk-002,2024-04-28T23:00:00+00:00,229.669432
5x-risk-002,2024-04-29T23:00:00+00:00,224.907262
5x-risk-002,2024-04-30T04:00:00+00:00,220.097781
5x-risk-002,2024-04-30T06:00:00+00:00,215.037772
5x-risk-002,2024-05-01T07:00:00+00:00,235.915104
5x-risk-002,2024-05-01T07:00:00+00:00,257.048342
5x-risk-002,2024-05-07T08:00:00+00:00,251.714169
5x-risk-002,2024-05-07T08:00:00+00:00,246.357518
5x-risk-002,2024-05-07T11:00:00+00:00,240.711139
5x-risk-002,2024-05-07T20:00:00+00:00,235.722636
5x-risk-002,2024-05-09T11:00:00+00:00,259.325429
5x-risk-002,2024-05-10T14:00:00+00:00,253.91703
5x-risk-002,2024-05-12T15:00:00+00:00,248.536388
5x-risk-002,2024-05-13T02:00:00+00:00,272.249877
5x-risk-002,2024-05-13T03:00:00+00:00,295.531434
5x-risk-002,2024-05-13T06:00:00+00:00,289.127946
5x-risk-002,2024-05-13T09:00:00+00:00,283.929706
5x-risk-002,2024-05-14T06:00:00+00:00,277.888487
5x-risk-002,2024-05-14T06:00:00+00:00,271.673309
5x-risk-002,2024-05-14T10:00:00+00:00,266.136066
5x-risk-002,2024-05-14T14:00:00+00:00,284.576226
5x-risk-002,2024-05-15T09:00:00+00:00,278.662227
5x-risk-002,2024-05-15T12:00:00+00:00,273.02907
5x-risk-002,2024-05-15T12:00:00+00:00,267.194716
5x-risk-002,2024-05-16T12:00:00+00:00,261.540263
5x-risk-002,2024-05-17T14:00:00+00:00,287.785087
5x-risk-002,2024-05-20T04:00:00+00:00,281.508624
5x-risk-002,2024-05-20T12:00:00+00:00,275.628673
5x-risk-002,2024-05-20T16:00:00+00:00,271.108765
5x-risk-002,2024-05-20T19:00:00+00:00,297.482312
5x-risk-002,2024-05-20T21:00:00+00:00,324.304551
5x-risk-002,2024-05-22T18:00:00+00:00,317.904598
5x-risk-002,2024-05-23T01:00:00+00:00,311.528615
5x-risk-002,2024-05-24T18:00:00+00:00,305.680432
5x-risk-002,2024-05-24T18:00:00+00:00,299.274546
5x-risk-002,2024-05-26T20:00:00+00:00,292.924441
5x-risk-002,2024-05-30T07:00:00+00:00,286.162761
5x-risk-002,2024-05-30T18:00:00+00:00,280.29237
5x-risk-002,2024-05-31T09:00:00+00:00,274.085985
5x-risk-002,2024-05-31T14:00:00+00:00,302.800295
5x-risk-002,2024-06-02T14:00:00+00:00,296.618398
5x-risk-002,2024-06-02T17:00:00+00:00,290.35457
5x-risk-002,2024-06-05T01:00:00+00:00,285.304926
5x-risk-002,2024-06-06T14:00:00+00:00,313.342126
5x-risk-002,2024-06-07T18:00:00+00:00,342.071036
5x-risk-002,2024-06-07T18:00:00+00:00,373.046782
5x-risk-002,2024-06-11T13:00:00+00:00,403.865312
5x-risk-002,2024-06-11T15:00:00+00:00,440.785244
5x-risk-002,2024-06-17T10:00:00+00:00,431.318158
5x-risk-002,2024-06-17T18:00:00+00:00,422.262722
5x-risk-002,2024-06-19T03:00:00+00:00,413.665708
5x-risk-002,2024-06-21T07:00:00+00:00,404.909847
5x-risk-002,2024-06-21T10:00:00+00:00,396.184215
5x-risk-002,2024-06-21T19:00:00+00:00,387.869321
5x-risk-002,2024-06-22T08:00:00+00:00,379.712764
5x-risk-002,2024-06-24T09:00:00+00:00,422.333282
5x-risk-002,2024-06-24T09:00:00+00:00,459.737077
5x-risk-002,2024-06-24T12:00:00+00:00,450.558739
5x-risk-002,2024-06-24T17:00:00+00:00,440.760187
5x-risk-002,2024-06-24T19:00:00+00:00,477.222155
5x-risk-002,2024-06-24T20:00:00+00:00,479.352211
5x-risk-002,2024-06-26T10:00:00+00:00,469.138099
5x-risk-002,2024-06-26T20:00:00+00:00,459.405261
5x-risk-002,2024-06-27T05:00:00+00:00,449.952343
5x-risk-002,2024-06-27T12:00:00+00:00,440.684218
5x-risk-002,2024-06-27T13:00:00+00:00,431.271983
5x-risk-002,2024-06-28T13:00:00+00:00,422.16209
5x-risk-002,2024-06-28T15:00:00+00:00,413.299141
5x-risk-002,2024-06-28T21:00:00+00:00,403.981282
5x-risk-002,2024-06-29T03:00:00+00:00,395.600832
5x-risk-002,2024-06-30T07:00:00+00:00,387.175257
5x-risk-002,2024-06-30T18:00:00+00:00,378.894392
5x-risk-002,2024-06-30T18:00:00+00:00,370.464922
5x-risk-002,2024-07-02T14:00:00+00:00,362.352992
5x-risk-002,2024-07-02T22:00:00+00:00,354.647227
5x-risk-002,2024-07-03T01:00:00+00:00,346.378775
5x-risk-002,2024-07-03T03:00:00+00:00,339.096285
5x-risk-002,2024-07-03T10:00:00+00:00,372.565757
5x-risk-002,2024-07-04T01:00:00+00:00,406.109213
5x-risk-002,2024-07-04T12:00:00+00:00,453.550902
5x-risk-002,2024-07-08T08:00:00+00:00,444.93515
5x-risk-002,2024-07-11T00:00:00+00:00,435.757974
5x-risk-002,2024-07-11T15:00:00+00:00,426.570452
5x-risk-002,2024-07-12T01:00:00+00:00,416.661184
5x-risk-002,2024-07-12T13:00:00+00:00,408.569255
5x-risk-002,2024-07-12T18:00:00+00:00,452.61549
5x-risk-002,2024-07-12T20:00:00+00:00,444.005536
5x-risk-002,2024-07-13T05:00:00+00:00,435.028834
5x-risk-002,2024-07-14T21:00:00+00:00,478.010644
5x-risk-002,2024-07-15T15:00:00+00:00,521.880179
5x-risk-002,2024-07-16T16:00:00+00:00,565.370275
5x-risk-002,2024-07-21T15:00:00+00:00,621.346098
5x-risk-002,2024-07-23T08:00:00+00:00,607.703682
5x-risk-002,2024-07-23T13:00:00+00:00,594.692339
5x-risk-002,2024-07-24T05:00:00+00:00,656.22585
5x-risk-002,2024-07-25T01:00:00+00:00,721.115621
5x-risk-002,2024-07-25T02:00:00+00:00,779.805776
5x-risk-002,2024-07-25T20:00:00+00:00,856.968955
5x-risk-002,2024-07-27T17:00:00+00:00,838.939478
5x-risk-002,2024-07-27T20:00:00+00:00,821.056914
5x-risk-002,2024-07-29T23:00:00+00:00,902.284344
5x-risk-002,2024-07-30T19:00:00+00:00,983.557529
5x-risk-002,2024-07-30T20:00:00+00:00,1072.832869
5x-risk-002,2024-07-31T20:00:00+00:00,1134.136723
5x-risk-002,2024-08-01T01:00:00+00:00,1111.844464
5x-risk-002,2024-08-03T00:00:00+00:00,1221.789119
5x-risk-002,2024-08-13T03:00:00+00:00,1196.314774
5x-risk-002,2024-08-13T14:00:00+00:00,1172.020474
5x-risk-002,2024-08-15T18:00:00+00:00,1146.654507
5x-risk-002,2024-08-15T18:00:00+00:00,1122.496495
5x-risk-002,2024-08-15T19:00:00+00:00,1097.059975
5x-risk-002,2024-08-16T08:00:00+00:00,1073.170813
5x-risk-002,2024-08-16T11:00:00+00:00,1050.842619
5x-risk-002,2024-08-16T19:00:00+00:00,1028.055405
5x-risk-002,2024-08-18T10:00:00+00:00,1006.729504
5x-risk-002,2024-08-18T16:00:00+00:00,983.978258
5x-risk-002,2024-08-19T00:00:00+00:00,962.395996
5x-risk-002,2024-08-19T00:00:00+00:00,941.757828
5x-risk-002,2024-08-19T09:00:00+00:00,921.140314
5x-risk-002,2024-08-19T13:00:00+00:00,901.145515
5x-risk-002,2024-08-19T17:00:00+00:00,882.171038
5x-risk-002,2024-08-19T17:00:00+00:00,863.135419
5x-risk-002,2024-08-19T20:00:00+00:00,843.347366
5x-risk-002,2024-08-20T00:00:00+00:00,823.91161
5x-risk-002,2024-08-20T07:00:00+00:00,907.230845
5x-risk-002,2024-08-20T14:00:00+00:00,890.124606
5x-risk-002,2024-08-20T14:00:00+00:00,871.801163
5x-risk-002,2024-08-20T15:00:00+00:00,855.005061
5x-risk-002,2024-08-21T01:00:00+00:00,837.070517
5x-risk-002,2024-08-21T08:00:00+00:00,819.573214
5x-risk-002,2024-08-21T13:00:00+00:00,802.072575
5x-risk-002,2024-08-21T15:00:00+00:00,797.678189
5x-risk-002,2024-08-21T17:00:00+00:00,779.895265
5x-risk-002,2024-08-21T19:00:00+00:00,763.548205
5x-risk-002,2024-08-22T02:00:00+00:00,747.754471
5x-risk-002,2024-08-23T09:00:00+00:00,828.715567
5x-risk-002,2024-08-23T19:00:00+00:00,902.522491
5x-risk-002,2024-08-23T21:00:00+00:00,979.749598
5x-risk-002,2024-08-27T12:00:00+00:00,961.736145
5x-risk-002,2024-08-31T16:00:00+00:00,941.796167
5x-risk-002,2024-09-01T05:00:00+00:00,1038.364643
5x-risk-002,2024-09-02T08:00:00+00:00,1016.440153
5x-risk-002,2024-09-02T09:00:00+00:00,995.104121
5x-risk-002,2024-09-02T14:00:00+00:00,974.344807
5x-risk-002,2024-09-02T20:00:00+00:00,955.097511
5x-risk-002,2024-09-03T13:00:00+00:00,934.840885
5x-risk-002,2024-09-03T15:00:00+00:00,915.233183
5x-risk-002,2024-09-05T15:00:00+00:00,896.356471
5x-risk-002,2024-09-06T12:00:00+00:00,877.926825
5x-risk-002,2024-09-06T12:00:00+00:00,859.735982
5x-risk-002,2024-09-08T04:00:00+00:00,841.113649
5x-risk-002,2024-09-08T14:00:00+00:00,823.526177
5x-risk-002,2024-09-08T21:00:00+00:00,806.157804
5x-risk-002,2024-09-09T17:00:00+00:00,788.245267
5x-risk-002,2024-09-11T13:00:00+00:00,771.9673
5x-risk-002,2024-09-11T17:00:00+00:00,753.269394
5x-risk-002,2024-09-13T21:00:00+00:00,827.839806
5x-risk-002,2024-09-14T05:00:00+00:00,907.67061
5x-risk-002,2024-09-15T21:00:00+00:00,890.076006
5x-risk-002,2024-09-15T23:00:00+00:00,873.825713
5x-risk-002,2024-09-17T14:00:00+00:00,856.155568
5x-risk-002,2024-09-18T18:00:00+00:00,837.652678
5x-risk-002,2024-09-19T00:00:00+00:00,819.413713
5x-risk-002,2024-09-19T00:00:00+00:00,903.939342
5x-risk-002,2024-09-23T14:00:00+00:00,884.400631
5x-risk-002,2024-09-24T07:00:00+00:00,972.026106
5x-risk-002,2024-09-26T16:00:00+00:00,1061.580423
5x-risk-002,2024-09-27T09:00:00+00:00,1157.731447
5x-risk-002,2024-09-27T14:00:00+00:00,1133.919833
5x-risk-002,2024-09-28T05:00:00+00:00,1109.557938
5x-risk-002,2024-09-30T10:00:00+00:00,1085.577805
5x-risk-002,2024-10-01T12:00:00+00:00,1063.420773
5x-risk-002,2024-10-01T14:00:00+00:00,1040.360762
5x-risk-002,2024-10-01T15:00:00+00:00,1020.688269
5x-risk-002,2024-10-01T17:00:00+00:00,1127.986379
5x-risk-002,2024-10-04T08:00:00+00:00,1239.707559
5x-risk-002,2024-10-14T15:00:00+00:00,1219.635672
5x-risk-002,2024-10-16T11:00:00+00:00,1193.809921
5x-risk-002,2024-10-20T22:00:00+00:00,1170.733338
5x-risk-002,2024-10-21T13:00:00+00:00,1146.060746
5x-risk-002,2024-10-24T21:00:00+00:00,1123.373063
5x-risk-002,2024-10-25T17:00:00+00:00,1099.508198
5x-risk-002,2024-10-27T17:00:00+00:00,1077.072255
5x-risk-002,2024-11-01T02:00:00+00:00,1053.383641
5x-risk-002,2024-11-03T14:00:00+00:00,1028.687307
5x-risk-002,2024-11-06T01:00:00+00:00,1008.042738
5x-risk-002,2024-11-07T17:00:00+00:00,1109.826372
5x-risk-002,2024-11-12T00:00:00+00:00,1093.049421
5x-risk-002,2024-11-14T14:00:00+00:00,1070.226457
5x-risk-002,2024-11-14T23:00:00+00:00,1048.024754
5x-risk-002,2024-11-15T09:00:00+00:00,1026.122914
5x-risk-002,2024-11-16T11:00:00+00:00,1004.125783
5x-risk-002,2024-11-16T11:00:00+00:00,982.613629
5x-risk-002,2024-11-16T15:00:00+00:00,961.507683
5x-risk-002,2024-11-16T22:00:00+00:00,939.054205
5x-risk-002,2024-11-17T14:00:00+00:00,917.817849
5x-risk-002,2024-11-18T03:00:00+00:00,898.166577
5x-risk-002,2024-11-18T03:00:00+00:00,878.235141
5x-risk-002,2024-11-18T09:00:00+00:00,863.946403
5x-risk-002,2024-11-18T11:00:00+00:00,846.135022
5x-risk-002,2024-11-18T15:00:00+00:00,827.731146
5x-risk-002,2024-11-18T15:00:00+00:00,914.680794
5x-risk-002,2024-11-18T15:00:00+00:00,894.56243
5x-risk-002,2024-11-18T19:00:00+00:00,876.08292
5x-risk-002,2024-11-18T23:00:00+00:00,962.811905
5x-risk-002,2024-11-19T09:00:00+00:00,958.244773
5x-risk-002,2024-11-19T18:00:00+00:00,938.243267
5x-risk-002,2024-11-19T18:00:00+00:00,918.231895
5x-risk-002,2024-11-20T01:00:00+00:00,901.792395
5x-risk-002,2024-11-20T09:00:00+00:00,883.468417
5x-risk-002,2024-11-20T14:00:00+00:00,879.37023
5x-risk-002,2024-11-20T14:00:00+00:00,862.048037
5x-risk-002,2024-11-20T17:00:00+00:00,843.958443
5x-risk-002,2024-11-21T04:00:00+00:00,826.448082
5x-risk-002,2024-11-21T13:00:00+00:00,807.568863
5x-risk-002,2024-11-22T04:00:00+00:00,889.193476
5x-risk-002,2024-11-22T07:00:00+00:00,870.006729
5x-risk-002,2024-11-23T07:00:00+00:00,949.997815
5x-risk-002,2024-11-26T00:00:00+00:00,930.545619
5x-risk-002,2024-11-26T01:00:00+00:00,909.291578
5x-risk-002,2024-11-27T04:00:00+00:00,890.568187
5x-risk-002,2024-11-30T01:00:00+00:00,872.072179
5x-risk-002,2024-11-30T22:00:00+00:00,853.606559
5x-risk-002,2024-12-01T15:00:00+00:00,941.60263
5x-risk-002,2024-12-02T04:00:00+00:00,921.706499
5x-risk-002,2024-12-03T01:00:00+00:00,903.262178
5x-risk-002,2024-12-04T00:00:00+00:00,884.558947
5x-risk-002,2024-12-04T02:00:00+00:00,868.878661
5x-risk-002,2024-12-04T16:00:00+00:00,850.958691
5x-risk-002,2024-12-04T20:00:00+00:00,936.983632
5x-risk-002,2024-12-05T03:00:00+00:00,1024.574865
5x-risk-002,2024-12-05T20:00:00+00:00,1002.599429
5x-risk-002,2024-12-05T20:00:00+00:00,980.349142
5x-risk-002,2024-12-08T23:00:00+00:00,957.209585
5x-risk-002,2024-12-09T17:00:00+00:00,935.127887
5x-risk-002,2024-12-14T06:00:00+00:00,915.56497
5x-risk-002,2024-12-15T23:00:00+00:00,896.755564
5x-risk-002,2024-12-16T00:00:00+00:00,878.134632
5x-risk-002,2024-12-16T03:00:00+00:00,859.693722
5x-risk-002,2024-12-16T09:00:00+00:00,854.173791
5x-risk-002,2024-12-16T17:00:00+00:00,836.722381
5x-risk-002,2024-12-17T14:00:00+00:00,921.791622
5x-risk-002,2024-12-17T15:00:00+00:00,902.762483
5x-risk-002,2024-12-17T22:00:00+00:00,885.628254
5x-risk-002,2024-12-18T20:00:00+00:00,864.217629
5x-risk-002,2024-12-19T17:00:00+00:00,951.677403
5x-risk-002,2024-12-23T20:00:00+00:00,930.671806
5x-risk-002,2024-12-24T02:00:00+00:00,911.535005
5x-risk-002,2024-12-24T17:00:00+00:00,892.5536
5x-risk-002,2024-12-24T23:00:00+00:00,873.717532
5x-risk-002,2024-12-25T21:00:00+00:00,855.036097
5x-risk-002,2024-12-26T10:00:00+00:00,836.207757
5x-risk-002,2024-12-26T20:00:00+00:00,922.649463
5x-risk-002,2024-12-28T05:00:00+00:00,903.517536
5x-risk-002,2024-12-28T13:00:00+00:00,884.265034
5x-risk-002,2024-12-28T22:00:00+00:00,865.40763
5x-risk-002,2024-12-30T01:00:00+00:00,847.551102
5x-risk-002,2024-12-30T01:00:00+00:00,829.554052
5x-risk-002,2024-12-30T01:00:00+00:00,810.308889
5x-risk-002,2024-12-30T06:00:00+00:00,793.380026
5x-risk-002,2024-12-30T06:00:00+00:00,776.408634
5x-risk-002,2024-12-30T06:00:00+00:00,759.641499
5x-risk-002,2024-12-30T13:00:00+00:00,742.439824
5x-risk-002,2024-12-30T13:00:00+00:00,726.469728
5x-risk-002,2024-12-30T13:00:00+00:00,710.615362
5x-risk-002,2024-12-30T18:00:00+00:00,696.023761
5x-risk-002,2024-12-30T18:00:00+00:00,682.28115
5x-risk-002,2024-12-30T18:00:00+00:00,667.708641
5x-risk-002,2024-12-31T08:00:00+00:00,653.517171
5x-risk-002,2024-12-31T08:00:00+00:00,639.373032
5x-risk-002,2024-12-31T22:00:00+00:00,626.099936
5x-risk-002,2024-12-31T23:00:00+00:00,612.449054
5x-risk-002,2025-01-01T04:00:00+00:00,600.367454
5x-risk-002,2025-01-01T08:00:00+00:00,586.905598
5x-risk-002,2025-01-01T19:00:00+00:00,574.72091
5x-risk-002,2025-01-02T00:00:00+00:00,563.931839
5x-risk-002,2025-01-02T15:00:00+00:00,552.182059
5x-risk-002,2025-01-03T12:00:00+00:00,540.254985
5x-risk-002,2025-01-03T15:00:00+00:00,596.050495
5x-risk-002,2025-01-03T16:00:00+00:00,580.489816
5x-risk-002,2025-01-05T14:00:00+00:00,568.102868
5x-risk-002,2025-01-06T01:00:00+00:00,555.616864
5x-risk-002,2025-01-07T01:00:00+00:00,543.861825
5x-risk-002,2025-01-07T15:00:00+00:00,531.993041
5x-risk-002,2025-01-07T15:00:00+00:00,585.807024
5x-risk-002,2025-01-07T17:00:00+00:00,573.899038
5x-risk-002,2025-01-13T00:00:00+00:00,561.302987
5x-risk-002,2025-01-13T00:00:00+00:00,548.073216
5x-risk-002,2025-01-13T00:00:00+00:00,536.630593
5x-risk-002,2025-01-14T01:00:00+00:00,525.408021
5x-risk-002,2025-01-15T14:00:00+00:00,514.529219
5x-risk-002,2025-01-17T19:00:00+00:00,565.721635
5x-risk-002,2025-01-18T05:00:00+00:00,555.296623
5x-risk-002,2025-01-19T11:00:00+00:00,544.294719
5x-risk-002,2025-01-19T21:00:00+00:00,533.111036
5x-risk-002,2025-01-19T21:00:00+00:00,521.817003
5x-risk-002,2025-01-20T07:00:00+00:00,511.249102
5x-risk-002,2025-01-20T12:00:00+00:00,500.658329
5x-risk-002,2025-01-21T16:00:00+00:00,489.789489
5x-risk-002,2025-01-22T08:00:00+00:00,479.565084
5x-risk-002,2025-01-22T11:00:00+00:00,468.932981
5x-risk-002,2025-01-23T20:00:00+00:00,459.325528
5x-risk-002,2025-01-23T23:00:00+00:00,449.481475
5x-risk-002,2025-01-24T20:00:00+00:00,440.147113
5x-risk-002,2025-01-26T23:00:00+00:00,430.137154
5x-risk-002,2025-01-27T07:00:00+00:00,476.4096
5x-risk-002,2025-01-27T07:00:00+00:00,519.822442
5x-risk-002,2025-01-27T07:00:00+00:00,562.313654
5x-risk-002,2025-01-30T03:00:00+00:00,550.628317
5x-risk-002,2025-01-31T20:00:00+00:00,538.898169
5x-risk-002,2025-02-01T09:00:00+00:00,527.106482
5x-risk-002,2025-02-01T20:00:00+00:00,515.404259
5x-risk-002,2025-02-02T18:00:00+00:00,567.072354
5x-risk-002,2025-02-11T13:00:00+00:00,554.846282
5x-risk-002,2025-02-11T17:00:00+00:00,543.406644
5x-risk-002,2025-02-12T20:00:00+00:00,532.120522
5x-risk-002,2025-02-13T06:00:00+00:00,521.144125
5x-risk-002,2025-02-13T12:00:00+00:00,510.088135
5x-risk-002,2025-02-14T03:00:00+00:00,499.555478
5x-risk-002,2025-02-14T15:00:00+00:00,488.062229
5x-risk-002,2025-02-14T16:00:00+00:00,477.642202
5x-risk-002,2025-02-15T14:00:00+00:00,467.866257
5x-risk-002,2025-02-16T18:00:00+00:00,514.130722
5x-risk-002,2025-02-16T23:00:00+00:00,503.32144
5x-risk-002,2025-02-17T00:00:00+00:00,491.931037
5x-risk-002,2025-02-17T08:00:00+00:00,481.500079
5x-risk-002,2025-02-17T08:00:00+00:00,471.156616
5x-risk-002,2025-02-17T09:00:00+00:00,463.16101
5x-risk-002,2025-02-17T14:00:00+00:00,453.38837
5x-risk-002,2025-02-17T18:00:00+00:00,443.604552
5x-risk-002,2025-02-17T19:00:00+00:00,433.860777
5x-risk-002,2025-02-17T20:00:00+00:00,425.153162
5x-risk-002,2025-02-17T20:00:00+00:00,420.131791
5x-risk-002,2025-02-17T21:00:00+00:00,410.916187
5x-risk-002,2025-02-17T21:00:00+00:00,401.649772
5x-risk-002,2025-02-17T23:00:00+00:00,396.624017
5x-risk-002,2025-02-18T04:00:00+00:00,388.083225
5x-risk-002,2025-02-18T04:00:00+00:00,380.091579
5x-risk-002,2025-02-18T06:00:00+00:00,371.837215
5x-risk-002,2025-02-18T13:00:00+00:00,364.326866
5x-risk-002,2025-02-18T14:00:00+00:00,359.334412
5x-risk-002,2025-02-19T11:00:00+00:00,352.014777
5x-risk-002,2025-02-21T15:00:00+00:00,344.379199
5x-risk-002,2025-02-21T17:00:00+00:00,337.120937
5x-risk-002,2025-02-22T16:00:00+00:00,330.169854
5x-risk-002,2025-02-22T17:00:00+00:00,322.102327
5x-risk-002,2025-02-23T12:00:00+00:00,315.408364
5x-risk-002,2025-02-24T04:00:00+00:00,308.695437
5x-risk-002,2025-02-24T19:00:00+00:00,339.905531
5x-risk-002,2025-02-25T00:00:00+00:00,392.358194
5x-risk-002,2025-02-25T07:00:00+00:00,422.87298
5x-risk-002,2025-03-07T00:00:00+00:00,414.286356
5x-risk-002,2025-03-07T05:00:00+00:00,405.42265
5x-risk-002,2025-03-07T11:00:00+00:00,401.092121
5x-risk-002,2025-03-07T13:00:00+00:00,392.722501
5x-risk-002,2025-03-07T16:00:00+00:00,384.416304
5x-risk-002,2025-03-07T18:00:00+00:00,376.439854
5x-risk-002,2025-03-07T20:00:00+00:00,374.592701
5x-risk-002,2025-03-07T21:00:00+00:00,365.662489
5x-risk-002,2025-03-09T10:00:00+00:00,401.771066
5x-risk-002,2025-03-09T12:00:00+00:00,439.001694
5x-risk-002,2025-03-10T17:00:00+00:00,475.137138
5x-risk-002,2025-03-10T17:00:00+00:00,518.566182
5x-risk-002,2025-03-14T10:00:00+00:00,507.8172
5x-risk-002,2025-03-17T12:00:00+00:00,497.289534
5x-risk-002,2025-03-17T12:00:00+00:00,486.61865
5x-risk-002,2025-03-17T17:00:00+00:00,476.519202
5x-risk-002,2025-03-18T01:00:00+00:00,466.67836
5x-risk-002,2025-03-18T11:00:00+00:00,457.005898
5x-risk-002,2025-03-18T13:00:00+00:00,446.540785
5x-risk-002,2025-03-18T13:00:00+00:00,436.415299
5x-risk-002,2025-03-18T22:00:00+00:00,426.776182
5x-risk-002,2025-03-18T22:00:00+00:00,417.818224
5x-risk-002,2025-03-18T22:00:00+00:00,410.251266
5x-risk-002,2025-03-18T23:00:00+00:00,401.07178
5x-risk-002,2025-03-18T23:00:00+00:00,396.15369
5x-risk-002,2025-03-18T23:00:00+00:00,388.344242
5x-risk-002,2025-03-19T00:00:00+00:00,379.240026
5x-risk-002,2025-03-19T08:00:00+00:00,398.448352
5x-risk-002,2025-03-19T11:00:00+00:00,436.030801
5x-risk-002,2025-03-20T16:00:00+00:00,427.612615
5x-risk-002,2025-03-21T10:00:00+00:00,418.514871
5x-risk-002,2025-03-22T06:00:00+00:00,409.786668
5x-risk-002,2025-03-22T23:00:00+00:00,401.16314
5x-risk-002,2025-03-24T04:00:00+00:00,440.859785
5x-risk-002,2025-03-26T19:00:00+00:00,433.656167
5x-risk-002,2025-03-27T06:00:00+00:00,424.429895
5x-risk-002,2025-03-28T14:00:00+00:00,415.898498
5x-risk-002,2025-03-29T10:00:00+00:00,406.560975
5x-risk-002,2025-03-29T16:00:00+00:00,449.381405
5x-risk-002,2025-04-01T14:00:00+00:00,440.092478
5x-risk-002,2025-04-02T13:00:00+00:00,430.916912
5x-risk-002,2025-04-02T20:00:00+00:00,421.630125
5x-risk-002,2025-04-02T20:00:00+00:00,412.885789
5x-risk-002,2025-04-03T14:00:00+00:00,453.662292
5x-risk-002,2025-04-04T17:00:00+00:00,443.97636
5x-risk-002,2025-04-05T13:00:00+00:00,434.26858
5x-risk-002,2025-04-06T01:00:00+00:00,424.93907
5x-risk-002,2025-04-07T05:00:00+00:00,466.886018
5x-risk-002,2025-04-07T06:00:00+00:00,508.586024
5x-risk-002,2025-04-15T10:00:00+00:00,497.698666
5x-risk-002,2025-04-19T05:00:00+00:00,487.562198
5x-risk-002,2025-04-19T06:00:00+00:00,477.089427
5x-risk-002,2025-04-19T07:00:00+00:00,466.752694
5x-risk-002,2025-04-19T10:00:00+00:00,456.604702
5x-risk-002,2025-04-20T09:00:00+00:00,446.804311
5x-risk-002,2025-04-21T00:00:00+00:00,437.586873
5x-risk-002,2025-04-22T01:00:00+00:00,487.828913
5x-risk-002,2025-04-22T07:00:00+00:00,477.581371
5x-risk-002,2025-04-22T15:00:00+00:00,522.803907
5x-risk-002,2025-04-26T09:00:00+00:00,511.921081
5x-risk-002,2025-04-27T01:00:00+00:00,501.263822
5x-risk-002,2025-04-28T06:00:00+00:00,490.514435
5x-risk-002,2025-04-28T10:00:00+00:00,480.122839
5x-risk-002,2025-04-28T13:00:00+00:00,469.922319
5x-risk-002,2025-04-28T15:00:00+00:00,460.119405
5x-risk-002,2025-04-29T06:00:00+00:00,451.053286
5x-risk-002,2025-04-29T16:00:00+00:00,441.341355
5x-risk-002,2025-04-29T21:00:00+00:00,431.952046
5x-risk-002,2025-04-30T10:00:00+00:00,422.830801
5x-risk-002,2025-04-30T13:00:00+00:00,412.976396
5x-risk-002,2025-05-01T02:00:00+00:00,404.157243
5x-risk-002,2025-05-02T03:00:00+00:00,395.70548
5x-risk-002,2025-05-02T07:00:00+00:00,387.411621
5x-risk-002,2025-05-04T13:00:00+00:00,379.222202
5x-risk-002,2025-05-04T13:00:00+00:00,414.606856
5x-risk-002,2025-05-05T01:00:00+00:00,405.789287
5x-risk-002,2025-05-05T16:00:00+00:00,396.966645
5x-risk-002,2025-05-06T22:00:00+00:00,388.818566
5x-risk-002,2025-05-07T00:00:00+00:00,380.071668
5x-risk-002,2025-05-07T00:00:00+00:00,371.635724
5x-risk-002,2025-05-07T15:00:00+00:00,363.958818
5x-risk-002,2025-05-07T18:00:00+00:00,356.206573
5x-risk-002,2025-05-08T00:00:00+00:00,348.555065
5x-risk-002,2025-05-08T14:00:00+00:00,383.004359
5x-risk-002,2025-05-09T23:00:00+00:00,419.546718
5x-risk-002,2025-05-12T07:00:00+00:00,453.459046
5x-risk-002,2025-05-13T11:00:00+00:00,443.636858
5x-risk-002,2025-05-15T16:00:00+00:00,434.277626
5x-risk-002,2025-05-17T00:00:00+00:00,478.159808
5x-risk-002,2025-05-17T01:00:00+00:00,468.847843
5x-risk-002,2025-05-18T14:00:00+00:00,459.928289
5x-risk-002,2025-05-18T23:00:00+00:00,450.278398
5x-risk-002,2025-05-19T15:00:00+00:00,440.959764
5x-risk-002,2025-05-20T00:00:00+00:00,431.754982
5x-risk-002,2025-05-21T03:00:00+00:00,422.002432
5x-risk-002,2025-05-21T09:00:00+00:00,413.289393
5x-risk-002,2025-05-21T11:00:00+00:00,404.675372
5x-risk-002,2025-05-21T17:00:00+00:00,396.149097
5x-risk-002,2025-05-22T01:00:00+00:00,435.399657
5x-risk-002,2025-05-22T13:00:00+00:00,426.430324
5x-risk-002,2025-05-26T03:00:00+00:00,417.51721
5x-risk-002,2025-05-26T17:00:00+00:00,408.490751
5x-risk-002,2025-05-27T08:00:00+00:00,399.961052
5x-risk-002,2025-05-28T02:00:00+00:00,391.441731
5x-risk-002,2025-05-30T00:00:00+00:00,433.62675
5x-risk-002,2025-05-30T16:00:00+00:00,423.987172
5x-risk-002,2025-05-30T16:00:00+00:00,462.63655
5x-risk-002,2025-06-02T22:00:00+00:00,452.89669
5x-risk-002,2025-06-04T14:00:00+00:00,442.863675
5x-risk-002,2025-06-04T15:00:00+00:00,433.658529
5x-risk-002,2025-06-09T21:00:00+00:00,424.511995
5x-risk-002,2025-06-09T21:00:00+00:00,415.437432
5x-risk-002,2025-06-21T21:00:00+00:00,456.348502
5x-risk-002,2025-06-22T14:00:00+00:00,498.962832
5x-risk-002,2025-06-29T22:00:00+00:00,548.353193
5x-risk-002,2025-06-30T14:00:00+00:00,536.502223
5x-risk-002,2025-06-30T22:00:00+00:00,525.378141
5x-risk-002,2025-07-01T11:00:00+00:00,514.376806
5x-risk-002,2025-07-02T15:00:00+00:00,503.727481
5x-risk-002,2025-07-02T16:00:00+00:00,495.790965
5x-risk-002,2025-07-04T13:00:00+00:00,485.383463
5x-risk-002,2025-07-06T21:00:00+00:00,475.356073
5x-risk-002,2025-07-07T12:00:00+00:00,464.813838
5x-risk-002,2025-07-08T17:00:00+00:00,455.211146
5x-risk-002,2025-07-08T17:00:00+00:00,445.099141
5x-risk-002,2025-07-10T07:00:00+00:00,489.16265
5x-risk-002,2025-07-11T05:00:00+00:00,537.838034
5x-risk-002,2025-07-14T20:00:00+00:00,526.80769
5x-risk-002,2025-07-15T18:00:00+00:00,515.980446
5x-risk-002,2025-07-16T16:00:00+00:00,567.045152
5x-risk-002,2025-07-16T18:00:00+00:00,616.432314
5x-risk-002,2025-07-17T12:00:00+00:00,603.231791
5x-risk-002,2025-07-18T14:00:00+00:00,590.446915
5x-risk-002,2025-07-19T19:00:00+00:00,578.107482
5x-risk-002,2025-07-20T12:00:00+00:00,635.217533
5x-risk-002,2025-07-20T14:00:00+00:00,692.452907
5x-risk-002,2025-07-21T07:00:00+00:00,680.626505
5x-risk-002,2025-07-21T12:00:00+00:00,665.689829
5x-risk-002,2025-07-22T07:00:00+00:00,649.999185
5x-risk-002,2025-07-22T17:00:00+00:00,636.258541
5x-risk-002,2025-07-23T09:00:00+00:00,622.889622
5x-risk-002,2025-07-23T12:00:00+00:00,609.543923
5x-risk-002,2025-07-23T13:00:00+00:00,595.461778
5x-risk-002,2025-07-24T00:00:00+00:00,582.296242
5x-risk-002,2025-07-24T04:00:00+00:00,569.247227
5x-risk-002,2025-07-24T08:00:00+00:00,556.868251
5x-risk-002,2025-07-25T01:00:00+00:00,545.347895
5x-risk-002,2025-07-25T14:00:00+00:00,533.85952
5x-risk-002,2025-07-25T17:00:00+00:00,522.573377
5x-risk-002,2025-07-25T21:00:00+00:00,511.492297
5x-risk-002,2025-07-27T16:00:00+00:00,500.507835
5x-risk-002,2025-07-28T02:00:00+00:00,550.832995
5x-risk-002,2025-07-28T04:00:00+00:00,600.401336
5x-risk-002,2025-07-28T17:00:00+00:00,588.446457
5x-risk-002,2025-08-01T00:00:00+00:00,577.225458
5x-risk-002,2025-08-01T13:00:00+00:00,635.316701
5x-risk-002,2025-08-05T17:00:00+00:00,621.773197
5x-risk-002,2025-08-07T10:00:00+00:00,608.064743
5x-risk-002,2025-08-08T17:00:00+00:00,669.30874
5x-risk-002,2025-08-09T09:00:00+00:00,657.271697
5x-risk-002,2025-08-12T11:00:00+00:00,644.683533
5x-risk-002,2025-08-14T12:00:00+00:00,631.282189
5x-risk-002,2025-08-18T02:00:00+00:00,615.653542
5x-risk-002,2025-08-18T02:00:00+00:00,602.482498
5x-risk-002,2025-08-20T21:00:00+00:00,667.501172
5x-risk-002,2025-08-22T14:00:00+00:00,654.07644
5x-risk-002,2025-08-22T14:00:00+00:00,640.427767
5x-risk-002,2025-08-22T15:00:00+00:00,628.580089
5x-risk-002,2025-08-24T06:00:00+00:00,615.401699
5x-risk-002,2025-08-24T17:00:00+00:00,602.582008
5x-risk-002,2025-08-24T20:00:00+00:00,589.67656
5x-risk-002,2025-08-25T03:00:00+00:00,577.236682
5x-risk-002,2025-08-28T13:00:00+00:00,565.38341
5x-risk-002,2025-08-28T16:00:00+00:00,553.541735
5x-risk-002,2025-08-28T19:00:00+00:00,541.859951
5x-risk-002,2025-08-29T07:00:00+00:00,530.312319
5x-risk-002,2025-09-08T05:00:00+00:00,520.410002
5x-risk-002,2025-09-09T06:00:00+00:00,571.948711
5x-risk-002,2025-09-11T22:00:00+00:00,562.143493
5x-risk-002,2025-09-12T17:00:00+00:00,551.37792
5x-risk-002,2025-09-15T08:00:00+00:00,539.491499
5x-risk-002,2025-09-16T17:00:00+00:00,595.54501
5x-risk-002,2025-09-17T18:00:00+00:00,582.687018
5x-risk-002,2025-09-18T01:00:00+00:00,640.040121
5x-risk-002,2025-09-19T11:00:00+00:00,626.769335
5x-risk-002,2025-09-19T14:00:00+00:00,613.064283
5x-risk-002,2025-09-22T05:00:00+00:00,675.061425
5x-risk-002,2025-09-22T06:00:00+00:00,735.636274
5x-risk-002,2025-09-24T03:00:00+00:00,719.90262
5x-risk-002,2025-09-24T13:00:00+00:00,704.849195
5x-risk-002,2025-09-25T17:00:00+00:00,765.064497
5x-risk-002,2025-09-29T11:00:00+00:00,749.263779
5x-risk-002,2025-09-29T13:00:00+00:00,733.337879
5x-risk-002,2025-09-29T14:00:00+00:00,717.796923
5x-risk-002,2025-09-29T14:00:00+00:00,702.377236
5x-risk-002,2025-09-30T07:00:00+00:00,687.730754
5x-risk-002,2025-09-30T15:00:00+00:00,673.015205
5x-risk-002,2025-09-30T17:00:00+00:00,741.070129
5x-risk-002,2025-09-30T19:00:00+00:00,725.564476
5x-risk-002,2025-09-30T19:00:00+00:00,710.411866
5x-risk-002,2025-10-01T19:00:00+00:00,780.778894
5x-risk-002,2025-10-02T18:00:00+00:00,851.088329
5x-risk-002,2025-10-03T03:00:00+00:00,926.793028
5x-risk-002,2025-10-04T14:00:00+00:00,907.732056
5x-risk-002,2025-10-05T02:00:00+00:00,888.892793
5x-risk-002,2025-10-05T11:00:00+00:00,870.763859
5x-risk-002,2025-10-05T17:00:00+00:00,852.675919
5x-risk-002,2025-10-05T19:00:00+00:00,834.285491
5x-risk-002,2025-10-05T19:00:00+00:00,815.933401
5x-risk-002,2025-10-06T10:00:00+00:00,798.983166
5x-risk-002,2025-10-06T13:00:00+00:00,782.068929
5x-risk-002,2025-10-06T18:00:00+00:00,764.613054
5x-risk-002,2025-10-07T04:00:00+00:00,748.553255
5x-risk-002,2025-10-07T12:00:00+00:00,732.838124
5x-risk-002,2025-10-07T14:00:00+00:00,716.070306
5x-risk-002,2025-10-08T17:00:00+00:00,701.457941
5x-risk-002,2025-10-08T17:00:00+00:00,686.640219
5x-risk-002,2025-10-09T02:00:00+00:00,671.863921
5x-risk-002,2025-10-09T08:00:00+00:00,744.313543
5x-risk-002,2025-10-09T12:00:00+00:00,729.751366
5x-risk-002,2025-10-10T15:00:00+00:00,802.541644
5x-risk-002,2025-10-10T15:00:00+00:00,784.870118
5x-risk-002,2025-10-10T21:00:00+00:00,858.127767
5x-risk-002,2025-10-10T21:00:00+00:00,930.107237
5x-risk-002,2025-10-15T13:00:00+00:00,910.649948
5x-risk-002,2025-10-21T14:00:00+00:00,891.857483
5x-risk-002,2025-10-21T14:00:00+00:00,873.461825
5x-risk-002,2025-10-21T21:00:00+00:00,855.598858
5x-risk-002,2025-10-22T14:00:00+00:00,837.91999
5x-risk-002,2025-10-23T06:00:00+00:00,820.46323
5x-risk-002,2025-10-23T13:00:00+00:00,802.224283
5x-risk-002,2025-10-23T14:00:00+00:00,785.206689
5x-risk-002,2025-10-23T21:00:00+00:00,769.133704
5x-risk-002,2025-10-24T04:00:00+00:00,753.057371
5x-risk-002,2025-10-26T22:00:00+00:00,834.038694
5x-risk-002,2025-10-28T19:00:00+00:00,815.645369
5x-risk-002,2025-10-28T20:00:00+00:00,798.391736
5x-risk-002,2025-10-29T23:00:00+00:00,782.127709
5x-risk-002,2025-10-30T04:00:00+00:00,766.214659
5x-risk-002,2025-10-30T10:00:00+00:00,749.865564
5x-risk-002,2025-10-30T17:00:00+00:00,827.244701
5x-risk-002,2025-11-03T15:00:00+00:00,900.134058
5x-risk-002,2025-11-03T15:00:00+00:00,981.222738
5x-risk-002,2025-11-04T05:00:00+00:00,1060.111943
5x-risk-002,2025-11-12T15:00:00+00:00,1037.711148
5x-risk-002,2025-11-13T19:00:00+00:00,1140.248362
5x-risk-002,2025-11-14T12:00:00+00:00,1244.972647
5x-risk-002,2025-11-21T07:00:00+00:00,1347.644381
5x-risk-002,2025-11-25T14:00:00+00:00,1319.821446
5x-risk-002,2025-11-28T22:00:00+00:00,1292.738102
5x-risk-002,2025-11-30T23:00:00+00:00,1420.110874
5x-risk-002,2025-12-01T00:00:00+00:00,1550.273024
5x-risk-002,2025-12-07T09:00:00+00:00,1517.874527
5x-risk-002,2025-12-07T13:00:00+00:00,1485.952672
5x-risk-002,2025-12-07T17:00:00+00:00,1454.555091
5x-risk-002,2025-12-07T17:00:00+00:00,1423.624817
5x-risk-002,2025-12-07T22:00:00+00:00,1393.563856
5x-risk-002,2025-12-08T15:00:00+00:00,1364.885902
5x-risk-002,2025-12-09T15:00:00+00:00,1336.382211
5x-risk-002,2025-12-09T15:00:00+00:00,1468.734
5x-risk-002,2025-12-10T20:00:00+00:00,1606.674636
5x-risk-002,2025-12-11T00:00:00+00:00,1576.186145
5x-risk-002,2025-12-11T21:00:00+00:00,1543.482405
5x-risk-002,2025-12-12T15:00:00+00:00,1510.747525
5x-risk-002,2025-12-12T15:00:00+00:00,1479.289635
5x-risk-002,2025-12-13T08:00:00+00:00,1448.693495
5x-risk-002,2025-12-14T04:00:00+00:00,1426.778124
5x-risk-002,2025-12-15T14:00:00+00:00,1394.873853
5x-risk-002,2025-12-15T18:00:00+00:00,1536.020287
5x-risk-002,2026-01-01T00:00:00+00:00,1537.982565
5x-risk-002,2026-01-01T00:00:00+00:00,1579.729996
5x-risk-002,2026-01-01T00:00:00+00:00,1633.209576
5x-risk-005,2021-01-21T10:00:00+00:00,124.457296
5x-risk-005,2021-01-27T11:00:00+00:00,119.461448
5x-risk-005,2021-01-28T02:00:00+00:00,113.432364
5x-risk-005,2021-01-29T19:00:00+00:00,107.939727
5x-risk-005,2021-01-30T13:00:00+00:00,105.636747
5x-risk-005,2021-01-31T03:00:00+00:00,132.361184
5x-risk-005,2021-01-31T09:00:00+00:00,139.426582
5x-risk-005,2021-02-01T10:00:00+00:00,167.482735
5x-risk-005,2021-02-01T15:00:00+00:00,158.72932
5x-risk-005,2021-02-01T17:00:00+00:00,154.21454
5x-risk-005,2021-02-01T22:00:00+00:00,147.622052
5x-risk-005,2021-02-02T04:00:00+00:00,184.097442
5x-risk-005,2021-02-02T20:00:00+00:00,220.520799
5x-risk-005,2021-02-03T14:00:00+00:00,239.533309
5x-risk-005,2021-02-04T08:00:00+00:00,284.917926
5x-risk-005,2021-02-10T12:00:00+00:00,263.491156
5x-risk-005,2021-02-16T06:00:00+00:00,249.502024
5x-risk-005,2021-02-17T07:00:00+00:00,238.35037
5x-risk-005,2021-02-22T10:00:00+00:00,215.832507
5x-risk-005,2021-03-06T22:00:00+00:00,204.584312
5x-risk-005,2021-03-08T07:00:00+00:00,198.019416
5x-risk-005,2021-03-08T23:00:00+00:00,244.434828
5x-risk-005,2021-03-09T00:00:00+00:00,233.957183
5x-risk-005,2021-03-09T03:00:00+00:00,284.476143
5x-risk-005,2021-03-09T08:00:00+00:00,270.898884
5x-risk-005,2021-03-13T11:00:00+00:00,257.145956
5x-risk-005,2021-03-15T04:00:00+00:00,243.641727
5x-risk-005,2021-03-17T13:00:00+00:00,231.935816
5x-risk-005,2021-03-18T14:00:00+00:00,289.601011
5x-risk-005,2021-03-19T09:00:00+00:00,274.759781
5x-risk-005,2021-03-21T00:00:00+00:00,265.340308
5x-risk-005,2021-03-21T04:00:00+00:00,249.081255
5x-risk-005,2021-03-21T21:00:00+00:00,236.408256
5x-risk-005,2021-03-22T03:00:00+00:00,228.720544
5x-risk-005,2021-03-22T19:00:00+00:00,290.119859
5x-risk-005,2021-03-22T20:00:00+00:00,286.557374
5x-risk-005,2021-03-24T19:00:00+00:00,329.812308
5x-risk-005,2021-03-27T16:00:00+00:00,312.406376
5x-risk-005,2021-04-02T03:00:00+00:00,297.477485
5x-risk-005,2021-04-02T13:00:00+00:00,281.633091
5x-risk-005,2021-04-03T16:00:00+00:00,262.812241
5x-risk-005,2021-04-04T11:00:00+00:00,259.427356
5x-risk-005,2021-04-05T02:00:00+00:00,256.958202
5x-risk-005,2021-04-05T08:00:00+00:00,250.599343
5x-risk-005,2021-04-05T15:00:00+00:00,238.695924
5x-risk-005,2021-04-06T12:00:00+00:00,267.092412
5x-risk-005,2021-04-06T14:00:00+00:00,254.009413
5x-risk-005,2021-04-09T00:00:00+00:00,253.06165
5x-risk-005,2021-04-09T05:00:00+00:00,251.909229
5x-risk-005,2021-04-09T11:00:00+00:00,241.634247
5x-risk-005,2021-04-12T19:00:00+00:00,298.827873
5x-risk-005,2021-04-13T14:00:00+00:00,306.735497
5x-risk-005,2021-04-14T00:00:00+00:00,380.716833
5x-risk-005,2021-04-14T06:00:00+00:00,420.786725
5x-risk-005,2021-05-04T15:00:00+00:00,397.613878
5x-risk-005,2021-05-06T18:00:00+00:00,375.519488
5x-risk-005,2021-05-07T11:00:00+00:00,366.053535
5x-risk-005,2021-05-07T17:00:00+00:00,348.906679
5x-risk-005,2021-05-09T04:00:00+00:00,330.838046
5x-risk-005,2021-05-09T04:00:00+00:00,314.806536
5x-risk-005,2021-05-10T11:00:00+00:00,310.49873
5x-risk-005,2021-05-10T19:00:00+00:00,298.927125
5x-risk-005,2021-05-10T19:00:00+00:00,280.167637
5x-risk-005,2021-05-10T20:00:00+00:00,299.714151
5x-risk-005,2021-05-12T14:00:00+00:00,290.180143
5x-risk-005,2021-05-12T23:00:00+00:00,363.834193
5x-risk-005,2021-05-13T00:00:00+00:00,432.814338
5x-risk-005,2021-05-14T15:00:00+00:00,410.933172
5x-risk-005,2021-05-15T22:00:00+00:00,390.438632
5x-risk-005,2021-05-16T16:00:00+00:00,370.164211
5x-risk-005,2021-05-18T16:00:00+00:00,351.590047
5x-risk-005,2021-05-19T01:00:00+00:00,334.012629
5x-risk-005,2021-06-04T12:00:00+00:00,316.29436
5x-risk-005,2021-06-06T20:00:00+00:00,299.862307
5x-risk-005,2021-06-11T23:00:00+00:00,284.125747
5x-risk-005,2021-06-18T05:00:00+00:00,269.693192
5x-risk-005,2021-06-18T06:00:00+00:00,256.342693
5x-risk-005,2021-06-18T14:00:00+00:00,303.786533
5x-risk-005,2021-06-18T15:00:00+00:00,288.232936
5x-risk-005,2021-06-21T10:00:00+00:00,358.281593
5x-risk-005,2021-07-05T15:00:00+00:00,339.190443
5x-risk-005,2021-07-06T23:00:00+00:00,335.806306
5x-risk-005,2021-07-07T03:00:00+00:00,424.268521
5x-risk-005,2021-07-07T03:00:00+00:00,406.587148
5x-risk-005,2021-07-07T21:00:00+00:00,385.220535
5x-risk-005,2021-07-10T15:00:00+00:00,379.777804
5x-risk-005,2021-07-10T17:00:00+00:00,359.315739
5x-risk-005,2021-07-12T12:00:00+00:00,344.26455
5x-risk-005,2021-07-12T14:00:00+00:00,330.709428
5x-risk-005,2021-07-12T17:00:00+00:00,312.974711
5x-risk-005,2021-07-13T10:00:00+00:00,298.528397
5x-risk-005,2021-07-13T12:00:00+00:00,289.668372
5x-risk-005,2021-07-15T09:00:00+00:00,273.541763
5x-risk-005,2021-07-20T02:00:00+00:00,341.169139
5x-risk-005,2021-07-24T11:00:00+00:00,324.66339
5x-risk-005,2021-07-26T05:00:00+00:00,311.171379
5x-risk-005,2021-07-29T06:00:00+00:00,295.325987
5x-risk-005,2021-07-30T09:00:00+00:00,280.111943
5x-risk-005,2021-08-05T09:00:00+00:00,265.647564
5x-risk-005,2021-08-11T06:00:00+00:00,330.975105
5x-risk-005,2021-08-11T07:00:00+00:00,396.744678
5x-risk-005,2021-08-17T09:00:00+00:00,376.429633
5x-risk-005,2021-08-17T09:00:00+00:00,356.481576
5x-risk-005,2021-08-17T14:00:00+00:00,338.963596
5x-risk-005,2021-08-17T14:00:00+00:00,321.045058
5x-risk-005,2021-08-20T00:00:00+00:00,305.029546
5x-risk-005,2021-08-29T00:00:00+00:00,290.395851
5x-risk-005,2021-08-29T03:00:00+00:00,274.769648
5x-risk-005,2021-08-29T20:00:00+00:00,260.651707
5x-risk-005,2021-08-29T22:00:00+00:00,255.274249
5x-risk-005,2021-08-30T03:00:00+00:00,245.920688
5x-risk-005,2021-08-30T12:00:00+00:00,271.589055
5x-risk-005,2021-08-30T16:00:00+00:00,260.629411
5x-risk-005,2021-09-01T16:00:00+00:00,248.357196
5x-risk-005,2021-09-01T16:00:00+00:00,271.755216
5x-risk-005,2021-09-06T11:00:00+00:00,338.878691
5x-risk-005,2021-09-07T09:00:00+00:00,422.520538
5x-risk-005,2021-09-07T14:00:00+00:00,406.06056
5x-risk-005,2021-09-07T15:00:00+00:00,478.525468
5x-risk-005,2021-09-19T11:00:00+00:00,451.770192
5x-risk-005,2021-09-19T16:00:00+00:00,432.72201
5x-risk-005,2021-09-20T12:00:00+00:00,529.670041
5x-risk-005,2021-09-27T20:00:00+00:00,501.969297
5x-risk-005,2021-09-30T00:00:00+00:00,485.702674
5x-risk-005,2021-09-30T03:00:00+00:00,459.6877
5x-risk-005,2021-09-30T08:00:00+00:00,435.712734
5x-risk-005,2021-10-01T10:00:00+00:00,543.586523
5x-risk-005,2021-10-02T14:00:00+00:00,651.144529
5x-risk-005,2021-10-07T07:00:00+00:00,616.942365
5x-risk-005,2021-10-08T02:00:00+00:00,581.592936
5x-risk-005,2021-10-08T12:00:00+00:00,551.335195
5x-risk-005,2021-10-08T20:00:00+00:00,520.880495
5x-risk-005,2021-10-09T10:00:00+00:00,494.020661
5x-risk-005,2021-10-10T11:00:00+00:00,479.846812
5x-risk-005,2021-10-10T21:00:00+00:00,601.965409
5x-risk-005,2021-10-11T19:00:00+00:00,570.266268
5x-risk-005,2021-10-13T20:00:00+00:00,541.310289
5x-risk-005,2021-10-14T07:00:00+00:00,511.471202
5x-risk-005,2021-10-15T18:00:00+00:00,486.06027
5x-risk-005,2021-10-17T19:00:00+00:00,458.972148
5x-risk-005,2021-10-19T12:00:00+00:00,437.40568
5x-risk-005,2021-10-20T11:00:00+00:00,436.253916
5x-risk-005,2021-10-20T16:00:00+00:00,529.073972
5x-risk-005,2021-10-21T00:00:00+00:00,603.373929
5x-risk-005,2021-10-22T07:00:00+00:00,572.42017
5x-risk-005,2021-10-25T14:00:00+00:00,547.701098
5x-risk-005,2021-10-26T14:00:00+00:00,516.692602
5x-risk-005,2021-10-27T04:00:00+00:00,488.645307
5x-risk-005,2021-10-28T20:00:00+00:00,464.325658
5x-risk-005,2021-10-30T02:00:00+00:00,442.59608
5x-risk-005,2021-10-31T12:00:00+00:00,416.141295
5x-risk-005,2021-10-31T15:00:00+00:00,393.823295
5x-risk-005,2021-10-31T22:00:00+00:00,372.778209
5x-risk-005,2021-11-01T07:00:00+00:00,353.190857
5x-risk-005,2021-11-01T17:00:00+00:00,344.346096
5x-risk-005,2021-11-02T00:00:00+00:00,341.088775
5x-risk-005,2021-11-03T18:00:00+00:00,329.715401
5x-risk-005,2021-11-05T06:00:00+00:00,320.297836
5x-risk-005,2021-11-07T01:00:00+00:00,305.109255
5x-risk-005,2021-11-08T00:00:00+00:00,313.359021
5x-risk-005,2021-11-08T10:00:00+00:00,400.808453
5x-risk-005,2021-11-09T03:00:00+00:00,457.133555
5x-risk-005,2021-11-10T15:00:00+00:00,433.906133
5x-risk-005,2021-11-12T09:00:00+00:00,411.011215
5x-risk-005,2021-11-14T17:00:00+00:00,409.952321
5x-risk-005,2021-11-15T00:00:00+00:00,391.102698
5x-risk-005,2021-11-15T01:00:00+00:00,370.621961
5x-risk-005,2021-11-15T18:00:00+00:00,369.976931
5x-risk-005,2021-11-15T18:00:00+00:00,350.615119
5x-risk-005,2021-11-16T00:00:00+00:00,330.244162
5x-risk-005,2021-11-16T01:00:00+00:00,408.966048
5x-risk-005,2021-11-22T20:00:00+00:00,388.138861
5x-risk-005,2021-11-26T07:00:00+00:00,379.761523
5x-risk-005,2021-11-26T08:00:00+00:00,475.663712
5x-risk-005,2021-11-26T08:00:00+00:00,454.833776
5x-risk-005,2021-11-28T10:00:00+00:00,431.494814
5x-risk-005,2021-11-28T21:00:00+00:00,409.579359
5x-risk-005,2021-12-03T10:00:00+00:00,391.96335
5x-risk-005,2021-12-03T19:00:00+00:00,370.65593
5x-risk-005,2021-12-08T11:00:00+00:00,351.390382
5x-risk-005,2021-12-10T12:00:00+00:00,333.099857
5x-risk-005,2021-12-17T15:00:00+00:00,415.206644
5x-risk-005,2021-12-18T05:00:00+00:00,393.837065
5x-risk-005,2021-12-18T10:00:00+00:00,385.933866
5x-risk-005,2021-12-19T01:00:00+00:00,365.892879
5x-risk-005,2021-12-19T03:00:00+00:00,356.76296
5x-risk-005,2021-12-19T10:00:00+00:00,337.947099
5x-risk-005,2021-12-20T21:00:00+00:00,331.418867
5x-risk-005,2021-12-21T09:00:00+00:00,313.363452
5x-risk-005,2021-12-21T15:00:00+00:00,296.827646
5x-risk-005,2021-12-21T19:00:00+00:00,281.333642
5x-risk-005,2021-12-22T23:00:00+00:00,266.661401
5x-risk-005,2021-12-23T07:00:00+00:00,261.664731
5x-risk-005,2021-12-23T11:00:00+00:00,310.233056
5x-risk-005,2021-12-23T16:00:00+00:00,302.683918
5x-risk-005,2021-12-23T17:00:00+00:00,293.123349
5x-risk-005,2021-12-26T03:00:00+00:00,277.684258
5x-risk-005,2021-12-28T01:00:00+00:00,262.904892
5x-risk-005,2021-12-28T19:00:00+00:00,247.932325
5x-risk-005,2022-01-02T16:00:00+00:00,239.385186
5x-risk-005,2022-01-03T16:00:00+00:00,229.909547
5x-risk-005,2022-01-04T10:00:00+00:00,219.415711
5x-risk-005,2022-01-05T20:00:00+00:00,280.280186
5x-risk-005,2022-01-07T15:00:00+00:00,332.447195
5x-risk-005,2022-01-14T12:00:00+00:00,315.239426
5x-risk-005,2022-01-17T03:00:00+00:00,299.267289
5x-risk-005,2022-01-17T21:00:00+00:00,340.862011
5x-risk-005,2022-01-20T15:00:00+00:00,331.716818
5x-risk-005,2022-01-21T02:00:00+00:00,400.786295
5x-risk-005,2022-02-01T09:00:00+00:00,393.256582
5x-risk-005,2022-02-01T10:00:00+00:00,391.353674
5x-risk-005,2022-02-02T08:00:00+00:00,383.716476
5x-risk-005,2022-02-03T10:00:00+00:00,362.091356
5x-risk-005,2022-02-05T00:00:00+00:00,448.873734
5x-risk-005,2022-02-05T04:00:00+00:00,538.492838
5x-risk-005,2022-02-10T20:00:00+00:00,510.922701
5x-risk-005,2022-02-15T04:00:00+00:00,484.259937
5x-risk-005,2022-02-28T14:00:00+00:00,459.239079
5x-risk-005,2022-03-01T00:00:00+00:00,624.361207
5x-risk-005,2022-03-08T15:00:00+00:00,592.20852
5x-risk-005,2022-03-11T11:00:00+00:00,562.394003
5x-risk-005,2022-03-11T11:00:00+00:00,531.672065
5x-risk-005,2022-03-14T09:00:00+00:00,515.410326
5x-risk-005,2022-03-14T22:00:00+00:00,487.291878
5x-risk-005,2022-03-14T22:00:00+00:00,462.043935
5x-risk-005,2022-03-15T15:00:00+00:00,440.138663
5x-risk-005,2022-03-16T03:00:00+00:00,422.128323
5x-risk-005,2022-03-16T09:00:00+00:00,460.549469
5x-risk-005,2022-03-16T18:00:00+00:00,437.250637
5x-risk-005,2022-03-18T14:00:00+00:00,546.127339
5x-risk-005,2022-03-22T02:00:00+00:00,517.977005
5x-risk-005,2022-03-23T15:00:00+00:00,522.876392
5x-risk-005,2022-03-23T16:00:00+00:00,591.869958
5x-risk-005,2022-03-24T08:00:00+00:00,720.092967
5x-risk-005,2022-03-25T06:00:00+00:00,684.185292
5x-risk-005,2022-03-26T15:00:00+00:00,651.699564
5x-risk-005,2022-03-27T12:00:00+00:00,641.298781
5x-risk-005,2022-03-27T16:00:00+00:00,636.048721
5x-risk-005,2022-03-27T23:00:00+00:00,653.994829
5x-risk-005,2022-03-28T00:00:00+00:00,799.694293
5x-risk-005,2022-03-31T01:00:00+00:00,907.80357
5x-risk-005,2022-04-03T18:00:00+00:00,866.846991
5x-risk-005,2022-04-03T23:00:00+00:00,840.220505
5x-risk-005,2022-04-04T17:00:00+00:00,792.095074
5x-risk-005,2022-04-04T21:00:00+00:00,768.706959
5x-risk-005,2022-04-04T21:00:00+00:00,745.610194
5x-risk-005,2022-04-05T00:00:00+00:00,707.062649
5x-risk-005,2022-04-05T14:00:00+00:00,678.106471
5x-risk-005,2022-04-06T00:00:00+00:00,652.054605
5x-risk-005,2022-04-07T00:00:00+00:00,763.040848
5x-risk-005,2022-04-10T22:00:00+00:00,728.737986
5x-risk-005,2022-04-11T11:00:00+00:00,867.435867
5x-risk-005,2022-04-18T18:00:00+00:00,865.877318
5x-risk-005,2022-04-19T07:00:00+00:00,819.658967
5x-risk-005,2022-04-21T22:00:00+00:00,781.753584
5x-risk-005,2022-04-25T06:00:00+00:00,961.965064
5x-risk-005,2022-04-26T14:00:00+00:00,912.359197
5x-risk-005,2022-04-26T14:00:00+00:00,892.023991
5x-risk-005,2022-04-26T20:00:00+00:00,1085.347135
5x-risk-005,2022-04-28T13:00:00+00:00,1027.514488
5x-risk-005,2022-04-28T13:00:00+00:00,1005.95135
5x-risk-005,2022-04-28T15:00:00+00:00,952.442298
5x-risk-005,2022-04-28T17:00:00+00:00,902.755744
5x-risk-005,2022-04-28T19:00:00+00:00,886.471126
5x-risk-005,2022-04-29T09:00:00+00:00,839.842458
5x-risk-005,2022-04-30T22:00:00+00:00,1059.138011
5x-risk-005,2022-05-03T16:00:00+00:00,1034.619513
5x-risk-005,2022-05-04T07:00:00+00:00,1016.58933
5x-risk-005,2022-05-04T15:00:00+00:00,959.419455
5x-risk-005,2022-05-04T18:00:00+00:00,926.839531
5x-risk-005,2022-05-05T14:00:00+00:00,906.236244
5x-risk-005,2022-05-05T15:00:00+00:00,893.889336
5x-risk-005,2022-05-05T15:00:00+00:00,845.167038
5x-risk-005,2022-05-17T18:00:00+00:00,800.854983
5x-risk-005,2022-05-18T03:00:00+00:00,758.286565
5x-risk-005,2022-05-19T15:00:00+00:00,718.501009
5x-risk-005,2022-05-20T15:00:00+00:00,682.66607
5x-risk-005,2022-05-23T11:00:00+00:00,645.614003
5x-risk-005,2022-05-23T19:00:00+00:00,619.062857
5x-risk-005,2022-05-24T23:00:00+00:00,586.86561
5x-risk-005,2022-05-25T11:00:00+00:00,559.627454
5x-risk-005,2022-05-25T13:00:00+00:00,555.73412
5x-risk-005,2022-05-26T13:00:00+00:00,708.725088
5x-risk-005,2022-05-26T16:00:00+00:00,678.916166
5x-risk-005,2022-05-30T01:00:00+00:00,645.110852
5x-risk-005,2022-05-30T06:00:00+00:00,616.635251
5x-risk-005,2022-05-30T20:00:00+00:00,766.067312
5x-risk-005,2022-06-08T03:00:00+00:00,727.273516
5x-risk-005,2022-06-09T05:00:00+00:00,723.968097
5x-risk-005,2022-06-09T08:00:00+00:00,686.003278
5x-risk-005,2022-06-09T08:00:00+00:00,649.562169
5x-risk-005,2022-06-09T11:00:00+00:00,632.332726
5x-risk-005,2022-06-09T19:00:00+00:00,599.620734
5x-risk-005,2022-06-10T00:00:00+00:00,575.03869
5x-risk-005,2022-06-10T03:00:00+00:00,562.636995
5x-risk-005,2022-06-10T03:00:00+00:00,533.340285
5x-risk-005,2022-06-10T09:00:00+00:00,505.742227
5x-risk-005,2022-06-10T16:00:00+00:00,561.920664
5x-risk-005,2022-06-11T12:00:00+00:00,686.46102
5x-risk-005,2022-06-11T14:00:00+00:00,745.591772
5x-risk-005,2022-06-12T02:00:00+00:00,788.359827
5x-risk-005,2022-06-27T13:00:00+00:00,746.771754
5x-risk-005,2022-06-28T18:00:00+00:00,716.817851
5x-risk-005,2022-06-30T07:00:00+00:00,841.21789
5x-risk-005,2022-06-30T08:00:00+00:00,1025.803965
5x-risk-005,2022-07-03T20:00:00+00:00,972.682215
5x-risk-005,2022-07-04T09:00:00+00:00,920.240688
5x-risk-005,2022-07-05T12:00:00+00:00,895.784897
5x-risk-005,2022-07-06T04:00:00+00:00,867.342093
5x-risk-005,2022-07-07T14:00:00+00:00,994.381894
5x-risk-005,2022-07-07T16:00:00+00:00,1222.245883
5x-risk-005,2022-07-13T12:00:00+00:00,1524.712652
5x-risk-005,2022-07-18T09:00:00+00:00,1901.995893
5x-risk-005,2022-07-23T08:00:00+00:00,1803.431793
5x-risk-005,2022-07-25T00:00:00+00:00,1709.447427
5x-risk-005,2022-07-25T00:00:00+00:00,1627.879095
5x-risk-005,2022-07-26T19:00:00+00:00,2030.514886
5x-risk-005,2022-08-05T01:00:00+00:00,1927.867087
5x-risk-005,2022-08-05T06:00:00+00:00,1822.193326
5x-risk-005,2022-08-05T18:00:00+00:00,1726.179445
5x-risk-005,2022-08-05T21:00:00+00:00,1687.666591
5x-risk-005,2022-08-06T17:00:00+00:00,1620.214071
5x-risk-005,2022-08-07T13:00:00+00:00,1565.394305
5x-risk-005,2022-08-08T11:00:00+00:00,1858.43014
5x-risk-005,2022-08-10T12:00:00+00:00,1761.640346
5x-risk-005,2022-08-10T13:00:00+00:00,2166.891948
5x-risk-005,2022-08-12T23:00:00+00:00,2075.166579
5x-risk-005,2022-08-13T20:00:00+00:00,2011.48947
5x-risk-005,2022-08-14T12:00:00+00:00,1947.620118
5x-risk-005,2022-08-15T03:00:00+00:00,1896.226272
5x-risk-005,2022-08-18T23:00:00+00:00,1778.70973
5x-risk-005,2022-08-26T05:00:00+00:00,1751.226556
5x-risk-005,2022-08-26T11:00:00+00:00,1661.448642
5x-risk-005,2022-08-26T13:00:00+00:00,1608.298217
5x-risk-005,2022-08-26T13:00:00+00:00,1527.445482
5x-risk-005,2022-08-26T23:00:00+00:00,1905.209966
5x-risk-005,2022-08-31T15:00:00+00:00,1804.470944
5x-risk-005,2022-08-31T19:00:00+00:00,1709.287759
5x-risk-005,2022-09-02T03:00:00+00:00,1635.060325
5x-risk-005,2022-09-02T17:00:00+00:00,1585.810408
5x-risk-005,2022-09-02T17:00:00+00:00,1548.931739
5x-risk-005,2022-09-06T00:00:00+00:00,1501.235957
5x-risk-005,2022-09-06T01:00:00+00:00,1407.263472
5x-risk-005,2022-09-06T13:00:00+00:00,1397.991163
5x-risk-005,2022-09-06T17:00:00+00:00,1322.148221
5x-risk-005,2022-09-06T17:00:00+00:00,1248.942997
5x-risk-005,2022-09-09T05:00:00+00:00,1558.617562
5x-risk-005,2022-09-15T06:00:00+00:00,1499.004723
5x-risk-005,2022-09-21T18:00:00+00:00,1431.078469
5x-risk-005,2022-09-23T10:00:00+00:00,1384.610766
5x-risk-005,2022-09-23T20:00:00+00:00,1353.814071
5x-risk-005,2022-09-23T22:00:00+00:00,1283.096938
5x-risk-005,2022-09-24T02:00:00+00:00,1200.488046
5x-risk-005,2022-09-24T07:00:00+00:00,1145.886714
5x-risk-005,2022-09-25T11:00:00+00:00,1108.002174
5x-risk-005,2022-09-25T16:00:00+00:00,1405.104742
5x-risk-005,2022-09-26T08:00:00+00:00,1367.285098
5x-risk-005,2022-09-26T11:00:00+00:00,1331.298851
5x-risk-005,2022-09-26T14:00:00+00:00,1261.204326
5x-risk-005,2022-09-27T06:00:00+00:00,1573.414749
5x-risk-005,2022-09-27T16:00:00+00:00,1491.691306
5x-risk-005,2022-09-27T18:00:00+00:00,1469.834043
5x-risk-005,2022-09-28T17:00:00+00:00,1393.722317
5x-risk-005,2022-09-29T07:00:00+00:00,1330.320559
5x-risk-005,2022-09-29T13:00:00+00:00,1257.740463
5x-risk-005,2022-09-29T16:00:00+00:00,1193.19628
5x-risk-005,2022-09-30T07:00:00+00:00,1177.647376
5x-risk-005,2022-09-30T12:00:00+00:00,1154.67425
5x-risk-005,2022-09-30T12:00:00+00:00,1145.38341
5x-risk-005,2022-09-30T18:00:00+00:00,1119.50646
5x-risk-005,2022-09-30T21:00:00+00:00,1101.094298
5x-risk-005,2022-10-02T23:00:00+00:00,1175.795271
5x-risk-005,2022-10-03T13:00:00+00:00,1141.842175
5x-risk-005,2022-10-08T21:00:00+00:00,1082.211996
5x-risk-005,2022-10-08T21:00:00+00:00,1037.643317
5x-risk-005,2022-10-10T08:00:00+00:00,982.645131
5x-risk-005,2022-10-10T22:00:00+00:00,1094.857158
5x-risk-005,2022-10-10T22:00:00+00:00,1045.181817
5x-risk-005,2022-10-13T12:00:00+00:00,1288.204914
5x-risk-005,2022-10-13T18:00:00+00:00,1234.845772
5x-risk-005,2022-10-14T16:00:00+00:00,1170.039731
5x-risk-005,2022-10-14T21:00:00+00:00,1117.298766
5x-risk-005,2022-10-16T19:00:00+00:00,1096.978786
5x-risk-005,2022-10-16T20:00:00+00:00,1044.61547
5x-risk-005,2022-10-16T21:00:00+00:00,987.842907
5x-risk-005,2022-10-17T04:00:00+00:00,935.390325
5x-risk-005,2022-10-18T19:00:00+00:00,889.114687
5x-risk-005,2022-10-19T22:00:00+00:00,878.200055
5x-risk-005,2022-10-20T12:00:00+00:00,865.551209
5x-risk-005,2022-10-21T16:00:00+00:00,849.651285
5x-risk-005,2022-10-23T11:00:00+00:00,830.834087
5x-risk-005,2022-10-23T18:00:00+00:00,802.695723
5x-risk-005,2022-10-24T07:00:00+00:00,781.080922
5x-risk-005,2022-10-24T10:00:00+00:00,766.596829
5x-risk-005,2022-10-24T14:00:00+00:00,723.447955
5x-risk-005,2022-10-25T00:00:00+00:00,685.757504
5x-risk-005,2022-10-25T09:00:00+00:00,650.582714
5x-risk-005,2022-10-25T10:00:00+00:00,615.528492
5x-risk-005,2022-10-30T01:00:00+00:00,767.851104
5x-risk-005,2022-11-01T22:00:00+00:00,741.720359
5x-risk-005,2022-11-02T18:00:00+00:00,701.924759
5x-risk-005,2022-11-02T18:00:00+00:00,672.151599
5x-risk-005,2022-11-04T04:00:00+00:00,666.438756
5x-risk-005,2022-11-04T06:00:00+00:00,631.799139
5x-risk-005,2022-11-04T20:00:00+00:00,798.174598
5x-risk-005,2022-11-08T03:00:00+00:00,765.537604
5x-risk-005,2022-11-18T00:00:00+00:00,725.740233
5x-risk-005,2022-11-18T17:00:00+00:00,687.682039
5x-risk-005,2022-11-20T11:00:00+00:00,650.39841
5x-risk-005,2022-11-21T21:00:00+00:00,689.331292
5x-risk-005,2022-11-22T13:00:00+00:00,656.348009
5x-risk-005,2022-11-23T03:00:00+00:00,622.674943
5x-risk-005,2022-11-27T02:00:00+00:00,594.626366
5x-risk-005,2022-11-28T01:00:00+00:00,562.111469
5x-risk-005,2022-11-28T01:00:00+00:00,540.751604
5x-risk-005,2022-11-29T05:00:00+00:00,512.546695
5x-risk-005,2022-11-30T03:00:00+00:00,639.73926
5x-risk-005,2022-11-30T17:00:00+00:00,613.579111
5x-risk-005,2022-11-30T17:00:00+00:00,592.663726
5x-risk-005,2022-11-30T19:00:00+00:00,621.239423
5x-risk-005,2022-12-01T13:00:00+00:00,588.952613
5x-risk-005,2022-12-02T16:00:00+00:00,566.571704
5x-risk-005,2022-12-05T00:00:00+00:00,530.773161
5x-risk-005,2022-12-05T08:00:00+00:00,509.588738
5x-risk-005,2022-12-05T15:00:00+00:00,489.754056
5x-risk-005,2022-12-05T15:00:00+00:00,470.617198
5x-risk-005,2022-12-06T23:00:00+00:00,445.31165
5x-risk-005,2022-12-07T07:00:00+00:00,422.251943
5x-risk-005,2022-12-08T18:00:00+00:00,400.815418
5x-risk-005,2022-12-08T18:00:00+00:00,379.729168
5x-risk-005,2022-12-09T17:00:00+00:00,370.586279
5x-risk-005,2022-12-10T14:00:00+00:00,360.893806
5x-risk-005,2022-12-11T22:00:00+00:00,353.99398
5x-risk-005,2022-12-12T00:00:00+00:00,333.770747
5x-risk-005,2022-12-12T12:00:00+00:00,344.160005
5x-risk-005,2022-12-12T21:00:00+00:00,326.17446
5x-risk-005,2022-12-12T21:00:00+00:00,325.482849
5x-risk-005,2022-12-13T13:00:00+00:00,398.72619
5x-risk-005,2022-12-13T14:00:00+00:00,391.942102
5x-risk-005,2022-12-13T19:00:00+00:00,388.81932
5x-risk-005,2022-12-14T13:00:00+00:00,377.17626
5x-risk-005,2022-12-14T19:00:00+00:00,356.877334
5x-risk-005,2022-12-16T14:00:00+00:00,441.127018
5x-risk-005,2022-12-16T22:00:00+00:00,529.408691
5x-risk-005,2022-12-21T19:00:00+00:00,510.202879
5x-risk-005,2022-12-22T15:00:00+00:00,482.253645
5x-risk-005,2022-12-22T20:00:00+00:00,479.695417
5x-risk-005,2022-12-22T20:00:00+00:00,477.035903
5x-risk-005,2022-12-22T22:00:00+00:00,476.346889
5x-risk-005,2022-12-23T03:00:00+00:00,449.804967
5x-risk-005,2022-12-23T03:00:00+00:00,425.123624
5x-risk-005,2022-12-25T14:00:00+00:00,422.565894
5x-risk-005,2022-12-25T21:00:00+00:00,420.013323
5x-risk-005,2022-12-26T08:00:00+00:00,418.579261
5x-risk-005,2022-12-27T14:00:00+00:00,417.364892
5x-risk-005,2022-12-27T15:00:00+00:00,395.26526
5x-risk-005,2023-01-02T07:00:00+00:00,380.688193
5x-risk-005,2023-01-02T23:00:00+00:00,380.131479
5x-risk-005,2023-01-03T17:00:00+00:00,360.28259
5x-risk-005,2023-01-04T18:00:00+00:00,369.858497
5x-risk-005,2023-01-08T23:00:00+00:00,464.074233
5x-risk-005,2023-01-09T15:00:00+00:00,578.982699
5x-risk-005,2023-01-12T17:00:00+00:00,657.343473
5x-risk-005,2023-01-18T15:00:00+00:00,623.315779
5x-risk-005,2023-01-20T20:00:00+00:00,591.135385
5x-risk-005,2023-01-21T09:00:00+00:00,745.46302
5x-risk-005,2023-01-25T21:00:00+00:00,706.405335
5x-risk-005,2023-01-27T01:00:00+00:00,668.626693
5x-risk-005,2023-01-27T07:00:00+00:00,633.803235
5x-risk-005,2023-01-27T14:00:00+00:00,601.51877
5x-risk-005,2023-01-27T17:00:00+00:00,600.912786
5x-risk-005,2023-01-27T17:00:00+00:00,577.347147
5x-risk-005,2023-01-28T13:00:00+00:00,554.246363
5x-risk-005,2023-01-29T00:00:00+00:00,525.935978
5x-risk-005,2023-01-29T01:00:00+00:00,508.002297
5x-risk-005,2023-01-30T19:00:00+00:00,478.081201
5x-risk-005,2023-01-30T19:00:00+00:00,464.856305
5x-risk-005,2023-02-01T06:00:00+00:00,445.448589
5x-risk-005,2023-02-01T19:00:00+00:00,421.876272
5x-risk-005,2023-02-01T19:00:00+00:00,417.633192
5x-risk-005,2023-02-03T13:00:00+00:00,395.394071
5x-risk-005,2023-02-03T19:00:00+00:00,374.672856
5x-risk-005,2023-02-04T05:00:00+00:00,354.413072
5x-risk-005,2023-02-04T23:00:00+00:00,335.89406
5x-risk-005,2023-02-06T16:00:00+00:00,331.06378
5x-risk-005,2023-02-07T05:00:00+00:00,428.920074
5x-risk-005,2023-02-07T17:00:00+00:00,423.071548
5x-risk-005,2023-02-07T18:00:00+00:00,414.780652
5x-risk-005,2023-02-08T00:00:00+00:00,431.750312
5x-risk-005,2023-02-08T15:00:00+00:00,416.706647
5x-risk-005,2023-02-09T03:00:00+00:00,499.805178
5x-risk-005,2023-02-09T07:00:00+00:00,487.607459
5x-risk-005,2023-02-09T21:00:00+00:00,535.225771
5x-risk-005,2023-02-09T21:00:00+00:00,605.398366
5x-risk-005,2023-02-14T14:00:00+00:00,574.382939
5x-risk-005,2023-02-15T20:00:00+00:00,716.526624
5x-risk-005,2023-02-16T00:00:00+00:00,804.02003
5x-risk-005,2023-02-18T19:00:00+00:00,763.702106
5x-risk-005,2023-02-19T03:00:00+00:00,723.881434
5x-risk-005,2023-02-19T15:00:00+00:00,686.693998
5x-risk-005,2023-02-21T08:00:00+00:00,650.114751
5x-risk-005,2023-02-22T08:00:00+00:00,744.354345
5x-risk-005,2023-02-23T02:00:00+00:00,705.280605
5x-risk-005,2023-02-27T11:00:00+00:00,705.034674
5x-risk-005,2023-02-27T16:00:00+00:00,704.770615
5x-risk-005,2023-02-28T07:00:00+00:00,798.966807
5x-risk-005,2023-02-28T20:00:00+00:00,790.23138
5x-risk-005,2023-03-01T03:00:00+00:00,778.132211
5x-risk-005,2023-03-02T07:00:00+00:00,757.163096
5x-risk-005,2023-03-03T01:00:00+00:00,931.519837
5x-risk-005,2023-03-03T01:00:00+00:00,1003.375656
5x-risk-005,2023-03-08T15:00:00+00:00,950.655077
5x-risk-005,2023-03-09T18:00:00+00:00,1089.769165
5x-risk-005,2023-03-09T19:00:00+00:00,1176.550374
5x-risk-005,2023-03-18T00:00:00+00:00,1467.891225
5x-risk-005,2023-03-22T09:00:00+00:00,1405.780113
5x-risk-005,2023-03-22T19:00:00+00:00,1329.74408
5x-risk-005,2023-03-23T14:00:00+00:00,1260.455885
5x-risk-005,2023-03-23T18:00:00+00:00,1211.188193
5x-risk-005,2023-03-24T10:00:00+00:00,1210.319253
5x-risk-005,2023-03-24T11:00:00+00:00,1155.203181
5x-risk-005,2023-03-29T08:00:00+00:00,1116.398396
5x-risk-005,2023-03-30T02:00:00+00:00,1115.498529
5x-risk-005,2023-03-31T14:00:00+00:00,1063.109067
5x-risk-005,2023-04-02T19:00:00+00:00,1007.955912
5x-risk-005,2023-04-03T01:00:00+00:00,988.380064
5x-risk-005,2023-04-03T08:00:00+00:00,967.425554
5x-risk-005,2023-04-03T20:00:00+00:00,937.820882
5x-risk-005,2023-04-04T10:00:00+00:00,904.4022
5x-risk-005,2023-04-05T14:00:00+00:00,876.008825
5x-risk-005,2023-04-09T21:00:00+00:00,852.116103
5x-risk-005,2023-04-10T22:00:00+00:00,911.420142
5x-risk-005,2023-04-12T02:00:00+00:00,876.382924
5x-risk-005,2023-04-12T13:00:00+00:00,846.356148
5x-risk-005,2023-04-12T16:00:00+00:00,812.476042
5x-risk-005,2023-04-14T00:00:00+00:00,941.909291
5x-risk-005,2023-04-14T05:00:00+00:00,848.628189
5x-risk-005,2023-04-18T11:00:00+00:00,804.195475
5x-risk-005,2023-04-19T08:00:00+00:00,780.339164
5x-risk-005,2023-04-19T08:00:00+00:00,738.706188
5x-risk-005,2023-04-19T08:00:00+00:00,714.295675
5x-risk-005,2023-04-26T20:00:00+00:00,691.64482
5x-risk-005,2023-04-27T14:00:00+00:00,684.62704
5x-risk-005,2023-04-27T16:00:00+00:00,664.183846
5x-risk-005,2023-04-27T17:00:00+00:00,625.491677
5x-risk-005,2023-04-28T11:00:00+00:00,599.130761
5x-risk-005,2023-04-29T02:00:00+00:00,572.958823
5x-risk-005,2023-04-29T13:00:00+00:00,549.419577
5x-risk-005,2023-04-29T17:00:00+00:00,530.426327
5x-risk-005,2023-04-29T17:00:00+00:00,517.601842
5x-risk-005,2023-04-30T19:00:00+00:00,509.476391
5x-risk-005,2023-04-30T23:00:00+00:00,475.920858
5x-risk-005,2023-05-01T19:00:00+00:00,559.227494
5x-risk-005,2023-05-05T16:00:00+00:00,542.956809
5x-risk-005,2023-05-05T16:00:00+00:00,512.810987
5x-risk-005,2023-05-06T03:00:00+00:00,490.283933
5x-risk-005,2023-05-06T14:00:00+00:00,463.541223
5x-risk-005,2023-05-07T14:00:00+00:00,445.652159
5x-risk-005,2023-05-07T23:00:00+00:00,433.852923
5x-risk-005,2023-05-08T18:00:00+00:00,548.552262
5x-risk-005,2023-05-10T17:00:00+00:00,584.489196
5x-risk-005,2023-05-14T00:00:00+00:00,553.876286
5x-risk-005,2023-05-14T19:00:00+00:00,553.401986
5x-risk-005,2023-05-15T00:00:00+00:00,524.667708
5x-risk-005,2023-05-16T01:00:00+00:00,507.517299
5x-risk-005,2023-05-17T19:00:00+00:00,490.48995
5x-risk-005,2023-05-18T14:00:00+00:00,479.921572
5x-risk-005,2023-05-18T22:00:00+00:00,458.348533
5x-risk-005,2023-05-24T04:00:00+00:00,571.740686
5x-risk-005,2023-05-28T00:00:00+00:00,543.504783
5x-risk-005,2023-05-28T22:00:00+00:00,543.254147
5x-risk-005,2023-05-29T02:00:00+00:00,542.915045
5x-risk-005,2023-05-29T11:00:00+00:00,511.008347
5x-risk-005,2023-05-30T15:00:00+00:00,490.777889
5x-risk-005,2023-06-02T00:00:00+00:00,465.478927
5x-risk-005,2023-06-05T03:00:00+00:00,461.547931
5x-risk-005,2023-06-05T15:00:00+00:00,569.596846
5x-risk-005,2023-06-05T15:00:00+00:00,544.693864
5x-risk-005,2023-06-07T09:00:00+00:00,526.85511
5x-risk-005,2023-06-07T10:00:00+00:00,498.252492
5x-risk-005,2023-06-07T21:00:00+00:00,509.791479
5x-risk-005,2023-06-08T15:00:00+00:00,483.232046
5x-risk-005,2023-06-10T04:00:00+00:00,602.803953
5x-risk-005,2023-06-14T12:00:00+00:00,585.689355
5x-risk-005,2023-06-14T20:00:00+00:00,685.306889
5x-risk-005,2023-06-17T04:00:00+00:00,654.180839
5x-risk-005,2023-06-17T20:00:00+00:00,630.181329
5x-risk-005,2023-06-21T00:00:00+00:00,799.679037
5x-risk-005,2023-06-21T01:00:00+00:00,779.731889
5x-risk-005,2023-06-22T14:00:00+00:00,739.013948
5x-risk-005,2023-06-23T15:00:00+00:00,700.118116
5x-risk-005,2023-06-24T08:00:00+00:00,662.461205
5x-risk-005,2023-06-25T03:00:00+00:00,627.473182
5x-risk-005,2023-06-25T13:00:00+00:00,598.756745
5x-risk-005,2023-06-26T01:00:00+00:00,566.076422
5x-risk-005,2023-06-26T07:00:00+00:00,536.841308
5x-risk-005,2023-06-26T16:00:00+00:00,509.41856
5x-risk-005,2023-06-26T16:00:00+00:00,496.042974
5x-risk-005,2023-06-27T10:00:00+00:00,475.929091
5x-risk-005,2023-06-28T00:00:00+00:00,475.357984
5x-risk-005,2023-06-28T12:00:00+00:00,450.363027
5x-risk-005,2023-06-28T19:00:00+00:00,573.039195
5x-risk-005,2023-06-29T09:00:00+00:00,542.72649
5x-risk-005,2023-06-30T04:00:00+00:00,542.388807
5x-risk-005,2023-06-30T13:00:00+00:00,513.265351
5x-risk-005,2023-06-30T13:00:00+00:00,498.675815
5x-risk-005,2023-06-30T16:00:00+00:00,472.110468
5x-risk-005,2023-06-30T17:00:00+00:00,450.624143
5x-risk-005,2023-06-30T17:00:00+00:00,439.845405
5x-risk-005,2023-07-01T01:00:00+00:00,423.674481
5x-risk-005,2023-07-01T13:00:00+00:00,401.569735
5x-risk-005,2023-07-02T02:00:00+00:00,396.619492
5x-risk-005,2023-07-02T09:00:00+00:00,394.073323
5x-risk-005,2023-07-02T15:00:00+00:00,389.8632
5x-risk-005,2023-07-02T22:00:00+00:00,368.884584
5x-risk-005,2023-07-04T03:00:00+00:00,460.161315
5x-risk-005,2023-07-05T08:00:00+00:00,448.441887
5x-risk-005,2023-07-05T10:00:00+00:00,443.61161
5x-risk-005,2023-07-05T10:00:00+00:00,420.483318
5x-risk-005,2023-07-06T14:00:00+00:00,447.472838
5x-risk-005,2023-07-08T03:00:00+00:00,439.989229
5x-risk-005,2023-07-10T00:00:00+00:00,433.35854
5x-risk-005,2023-07-10T18:00:00+00:00,427.855164
5x-risk-005,2023-07-10T19:00:00+00:00,405.013408
5x-risk-005,2023-07-10T22:00:00+00:00,383.983389
5x-risk-005,2023-07-10T22:00:00+00:00,378.24086
5x-risk-005,2023-07-11T14:00:00+00:00,368.628138
5x-risk-005,2023-07-11T20:00:00+00:00,349.740042
5x-risk-005,2023-07-12T01:00:00+00:00,333.64996
5x-risk-005,2023-07-12T16:00:00+00:00,331.918304
5x-risk-005,2023-07-12T16:00:00+00:00,331.643926
5x-risk-005,2023-07-12T16:00:00+00:00,331.401535
5x-risk-005,2023-07-12T19:00:00+00:00,318.461364
5x-risk-005,2023-07-13T15:00:00+00:00,316.260354
5x-risk-005,2023-07-13T15:00:00+00:00,306.973427
5x-risk-005,2023-07-13T15:00:00+00:00,332.825414
5x-risk-005,2023-07-13T15:00:00+00:00,364.885452
5x-risk-005,2023-07-13T16:00:00+00:00,341.567212
5x-risk-005,2023-07-17T05:00:00+00:00,325.94266
5x-risk-005,2023-07-17T10:00:00+00:00,314.95733
5x-risk-005,2023-08-07T16:00:00+00:00,351.863767
5x-risk-005,2023-08-07T18:00:00+00:00,351.22076
5x-risk-005,2023-08-07T22:00:00+00:00,333.170729
5x-risk-005,2023-08-08T00:00:00+00:00,331.852209
5x-risk-005,2023-08-08T12:00:00+00:00,321.525375
5x-risk-005,2023-08-08T18:00:00+00:00,331.769951
5x-risk-005,2023-08-09T10:00:00+00:00,337.202286
5x-risk-005,2023-08-09T17:00:00+00:00,335.720836
5x-risk-005,2023-08-12T10:00:00+00:00,335.024759
5x-risk-005,2023-08-13T05:00:00+00:00,333.765027
5x-risk-005,2023-08-13T16:00:00+00:00,332.281006
5x-risk-005,2023-08-13T22:00:00+00:00,322.348829
5x-risk-005,2023-08-13T22:00:00+00:00,321.614879
5x-risk-005,2023-08-14T05:00:00+00:00,317.105449
5x-risk-005,2023-08-15T19:00:00+00:00,338.240853
5x-risk-005,2023-08-17T15:00:00+00:00,364.694926
5x-risk-005,2023-08-17T21:00:00+00:00,449.112488
5x-risk-005,2023-08-24T15:00:00+00:00,430.573107
5x-risk-005,2023-08-25T14:00:00+00:00,411.680732
5x-risk-005,2023-08-29T14:00:00+00:00,399.612228
5x-risk-005,2023-08-29T14:00:00+00:00,386.359738
5x-risk-005,2023-08-29T14:00:00+00:00,371.71216
5x-risk-005,2023-08-30T03:00:00+00:00,362.137658
5x-risk-005,2023-08-31T17:00:00+00:00,341.373839
5x-risk-005,2023-09-10T04:00:00+00:00,397.989711
5x-risk-005,2023-09-10T04:00:00+00:00,476.38024
5x-risk-005,2023-09-11T14:00:00+00:00,552.702946
5x-risk-005,2023-09-14T01:00:00+00:00,550.585235
5x-risk-005,2023-09-18T03:00:00+00:00,560.579725
5x-risk-005,2023-09-18T03:00:00+00:00,559.482004
5x-risk-005,2023-09-18T12:00:00+00:00,696.221927
5x-risk-005,2023-09-18T17:00:00+00:00,661.059146
5x-risk-005,2023-09-19T00:00:00+00:00,638.524113
5x-risk-005,2023-09-19T08:00:00+00:00,634.53436
5x-risk-005,2023-09-19T09:00:00+00:00,633.545802
5x-risk-005,2023-09-20T03:00:00+00:00,598.455596
5x-risk-005,2023-09-20T09:00:00+00:00,566.454005
5x-risk-005,2023-09-21T03:00:00+00:00,536.393149
5x-risk-005,2023-09-21T06:00:00+00:00,518.79236
5x-risk-005,2023-09-21T12:00:00+00:00,513.865902
5x-risk-005,2023-09-27T11:00:00+00:00,487.835732
5x-risk-005,2023-09-27T14:00:00+00:00,462.940439
5x-risk-005,2023-09-27T14:00:00+00:00,450.620786
5x-risk-005,2023-09-28T10:00:00+00:00,439.092909
5x-risk-005,2023-09-28T15:00:00+00:00,421.203354
5x-risk-005,2023-10-04T00:00:00+00:00,413.48256
5x-risk-005,2023-10-06T21:00:00+00:00,401.866071
5x-risk-005,2023-10-08T01:00:00+00:00,389.764666
5x-risk-005,2023-10-09T09:00:00+00:00,434.130918
5x-risk-005,2023-10-16T13:00:00+00:00,538.20069
5x-risk-005,2023-10-17T18:00:00+00:00,509.614955
5x-risk-005,2023-10-19T01:00:00+00:00,482.989065
5x-risk-005,2023-10-20T05:00:00+00:00,457.926848
5x-risk-005,2023-10-20T17:00:00+00:00,434.20346
5x-risk-005,2023-10-21T12:00:00+00:00,409.25066
5x-risk-005,2023-10-21T16:00:00+00:00,476.478403
5x-risk-005,2023-10-23T22:00:00+00:00,569.93287
5x-risk-005,2023-10-24T02:00:00+00:00,677.306617
5x-risk-005,2023-10-27T05:00:00+00:00,640.954065
5x-risk-005,2023-10-27T17:00:00+00:00,607.721386
5x-risk-005,2023-11-01T14:00:00+00:00,574.356529
5x-risk-005,2023-11-01T14:00:00+00:00,555.371631
5x-risk-005,2023-11-01T18:00:00+00:00,527.579697
5x-risk-005,2023-11-05T01:00:00+00:00,592.959828
5x-risk-005,2023-11-05T17:00:00+00:00,678.298216
5x-risk-005,2023-11-05T21:00:00+00:00,671.331351
5x-risk-005,2023-11-06T01:00:00+00:00,636.283823
5x-risk-005,2023-11-06T05:00:00+00:00,603.320585
5x-risk-005,2023-11-06T22:00:00+00:00,750.114231
5x-risk-005,2023-11-07T09:00:00+00:00,726.308205
5x-risk-005,2023-11-07T09:00:00+00:00,687.27668
5x-risk-005,2023-11-07T18:00:00+00:00,650.524132
5x-risk-005,2023-11-08T03:00:00+00:00,616.888122
5x-risk-005,2023-11-08T10:00:00+00:00,610.05923
5x-risk-005,2023-11-09T01:00:00+00:00,646.830919
5x-risk-005,2023-11-09T14:00:00+00:00,799.505928
5x-risk-005,2023-11-09T16:00:00+00:00,790.618038
5x-risk-005,2023-11-10T18:00:00+00:00,748.76646
5x-risk-005,2023-11-12T00:00:00+00:00,709.356195
5x-risk-005,2023-11-13T11:00:00+00:00,699.652867
5x-risk-005,2023-11-14T12:00:00+00:00,686.323052
5x-risk-005,2023-11-14T18:00:00+00:00,861.7039
5x-risk-005,2023-11-15T18:00:00+00:00,856.852714
5x-risk-005,2023-11-16T00:00:00+00:00,813.718775
5x-risk-005,2023-11-16T14:00:00+00:00,771.1497
5x-risk-005,2023-11-17T17:00:00+00:00,731.198674
5x-risk-005,2023-11-18T22:00:00+00:00,716.747746
5x-risk-005,2023-11-20T02:00:00+00:00,695.356869
5x-risk-005,2023-11-20T14:00:00+00:00,684.744039
5x-risk-005,2023-11-20T17:00:00+00:00,646.287724
5x-risk-005,2023-11-21T11:00:00+00:00,631.290571
5x-risk-005,2023-11-21T14:00:00+00:00,619.555795
5x-risk-005,2023-11-22T18:00:00+00:00,590.319909
5x-risk-005,2023-11-23T05:00:00+00:00,557.698277
5x-risk-005,2023-11-23T14:00:00+00:00,535.291711
5x-risk-005,2023-11-23T15:00:00+00:00,535.078161
5x-risk-005,2023-11-26T16:00:00+00:00,515.684747
5x-risk-005,2023-11-27T02:00:00+00:00,515.488045
5x-risk-005,2023-12-02T18:00:00+00:00,515.30396
5x-risk-005,2023-12-03T20:00:00+00:00,515.125205
5x-risk-005,2023-12-04T05:00:00+00:00,661.114485
5x-risk-005,2023-12-04T09:00:00+00:00,639.161834
5x-risk-005,2023-12-04T11:00:00+00:00,638.962249
5x-risk-005,2023-12-04T20:00:00+00:00,605.75639
5x-risk-005,2023-12-05T07:00:00+00:00,572.840951
5x-risk-005,2023-12-05T22:00:00+00:00,572.274867
5x-risk-005,2023-12-06T05:00:00+00:00,541.215597
5x-risk-005,2023-12-06T05:00:00+00:00,540.516216
5x-risk-005,2023-12-06T09:00:00+00:00,512.687713
5x-risk-005,2023-12-06T11:00:00+00:00,501.588618
5x-risk-005,2023-12-06T11:00:00+00:00,474.772079
5x-risk-005,2023-12-06T11:00:00+00:00,463.624356
5x-risk-005,2023-12-07T04:00:00+00:00,439.969499
5x-risk-005,2023-12-07T09:00:00+00:00,416.184486
5x-risk-005,2023-12-07T09:00:00+00:00,440.647369
5x-risk-005,2023-12-07T13:00:00+00:00,424.888481
5x-risk-005,2023-12-07T14:00:00+00:00,402.013522
5x-risk-005,2023-12-07T19:00:00+00:00,388.224561
5x-risk-005,2023-12-08T06:00:00+00:00,487.723833
5x-risk-005,2023-12-08T14:00:00+00:00,478.342339
5x-risk-005,2023-12-09T00:00:00+00:00,468.609391
5x-risk-005,2023-12-09T08:00:00+00:00,454.549157
5x-risk-005,2023-12-09T23:00:00+00:00,438.418147
5x-risk-005,2023-12-11T02:00:00+00:00,408.123373
5x-risk-005,2023-12-11T12:00:00+00:00,386.950248
5x-risk-005,2023-12-16T04:00:00+00:00,382.276218
5x-risk-005,2023-12-16T07:00:00+00:00,377.569794
5x-risk-005,2023-12-16T12:00:00+00:00,377.217906
5x-risk-005,2023-12-16T19:00:00+00:00,375.882797
5x-risk-005,2023-12-17T19:00:00+00:00,373.877767
5x-risk-005,2023-12-18T01:00:00+00:00,357.75059
5x-risk-005,2023-12-18T10:00:00+00:00,453.447601
5x-risk-005,2023-12-18T21:00:00+00:00,450.546964
5x-risk-005,2023-12-19T14:00:00+00:00,427.12727
5x-risk-005,2023-12-20T02:00:00+00:00,409.314968
5x-risk-005,2023-12-20T13:00:00+00:00,387.376231
5x-risk-005,2023-12-20T19:00:00+00:00,386.441894
5x-risk-005,2023-12-20T20:00:00+00:00,385.532583
5x-risk-005,2023-12-21T06:00:00+00:00,384.592747
5x-risk-005,2023-12-21T10:00:00+00:00,450.164027
5x-risk-005,2023-12-22T07:00:00+00:00,561.663485
5x-risk-005,2023-12-26T09:00:00+00:00,537.471488
5x-risk-005,2023-12-26T16:00:00+00:00,504.930029
5x-risk-005,2023-12-26T17:00:00+00:00,500.883926
5x-risk-005,2023-12-26T17:00:00+00:00,473.637871
5x-risk-005,2023-12-27T10:00:00+00:00,448.787063
5x-risk-005,2023-12-28T05:00:00+00:00,444.851755
5x-risk-005,2023-12-28T07:00:00+00:00,420.75092
5x-risk-005,2024-01-01T18:00:00+00:00,410.094417
5x-risk-005,2024-01-02T09:00:00+00:00,396.348853
5x-risk-005,2024-01-02T14:00:00+00:00,376.095345
5x-risk-005,2024-01-03T05:00:00+00:00,356.46131
5x-risk-005,2024-01-03T05:00:00+00:00,346.386502
5x-risk-005,2024-01-03T12:00:00+00:00,326.442983
5x-risk-005,2024-01-03T12:00:00+00:00,313.505288
5x-risk-005,2024-01-03T13:00:00+00:00,296.724061
5x-risk-005,2024-01-04T04:00:00+00:00,281.969406
5x-risk-005,2024-01-05T01:00:00+00:00,275.143546
5x-risk-005,2024-01-05T01:00:00+00:00,263.259596
5x-risk-005,2024-01-05T09:00:00+00:00,259.368658
5x-risk-005,2024-01-05T14:00:00+00:00,246.095809
5x-risk-005,2024-01-05T20:00:00+00:00,242.235735
5x-risk-005,2024-01-06T06:00:00+00:00,233.081574
5x-risk-005,2024-01-06T09:00:00+00:00,230.823918
5x-risk-005,2024-01-06T16:00:00+00:00,219.001544
5x-risk-005,2024-01-07T00:00:00+00:00,241.787262
5x-risk-005,2024-01-07T17:00:00+00:00,237.43092
5x-risk-005,2024-01-08T12:00:00+00:00,227.480243
5x-risk-005,2024-01-10T21:00:00+00:00,281.298608
5x-risk-005,2024-01-12T06:00:00+00:00,273.447918
5x-risk-005,2024-01-14T19:00:00+00:00,259.377458
5x-risk-005,2024-01-14T19:00:00+00:00,250.149812
5x-risk-005,2024-01-15T06:00:00+00:00,232.598207
5x-risk-005,2024-01-16T05:00:00+00:00,223.434694
5x-risk-005,2024-01-16T14:00:00+00:00,224.110757
5x-risk-005,2024-01-16T14:00:00+00:00,215.085006
5x-risk-005,2024-01-18T16:00:00+00:00,248.936624
5x-risk-005,2024-01-18T16:00:00+00:00,277.385862
5x-risk-005,2024-01-18T16:00:00+00:00,263.249483
5x-risk-005,2024-01-18T23:00:00+00:00,249.010133
5x-risk-005,2024-01-19T04:00:00+00:00,242.494827
5x-risk-005,2024-01-19T15:00:00+00:00,229.43352
5x-risk-005,2024-01-19T19:00:00+00:00,224.840076
5x-risk-005,2024-01-22T09:00:00+00:00,212.956668
5x-risk-005,2024-01-22T10:00:00+00:00,209.278155
5x-risk-005,2024-01-25T21:00:00+00:00,198.489824
5x-risk-005,2024-01-26T02:00:00+00:00,194.194814
5x-risk-005,2024-01-26T16:00:00+00:00,184.036474
5x-risk-005,2024-01-26T19:00:00+00:00,205.513942
5x-risk-005,2024-01-28T22:00:00+00:00,194.96698
5x-risk-005,2024-01-30T02:00:00+00:00,188.811467
5x-risk-005,2024-01-30T11:00:00+00:00,237.045566
5x-risk-005,2024-01-31T05:00:00+00:00,283.732651
5x-risk-005,2024-02-01T01:00:00+00:00,353.912558
5x-risk-005,2024-02-01T17:00:00+00:00,335.675584
5x-risk-005,2024-02-02T00:00:00+00:00,322.698364
5x-risk-005,2024-02-02T13:00:00+00:00,318.47354
5x-risk-005,2024-02-03T13:00:00+00:00,307.959749
5x-risk-005,2024-02-04T22:00:00+00:00,294.941293
5x-risk-005,2024-02-05T05:00:00+00:00,285.055362
5x-risk-005,2024-02-05T15:00:00+00:00,277.68536
5x-risk-005,2024-02-06T02:00:00+00:00,274.139688
5x-risk-005,2024-02-07T17:00:00+00:00,294.397547
5x-risk-005,2024-02-07T21:00:00+00:00,287.92267
5x-risk-005,2024-02-08T16:00:00+00:00,279.899341
5x-risk-005,2024-02-09T01:00:00+00:00,265.367786
5x-risk-005,2024-02-09T13:00:00+00:00,251.777158
5x-risk-005,2024-02-10T18:00:00+00:00,241.000732
5x-risk-005,2024-02-11T04:00:00+00:00,282.27023
5x-risk-005,2024-02-11T05:00:00+00:00,311.98143
5x-risk-005,2024-02-12T15:00:00+00:00,295.56807
5x-risk-005,2024-02-13T13:00:00+00:00,279.347887
5x-risk-005,2024-02-14T15:00:00+00:00,265.498656
5x-risk-005,2024-02-14T23:00:00+00:00,256.991159
5x-risk-005,2024-02-15T03:00:00+00:00,326.086746
5x-risk-005,2024-02-16T05:00:00+00:00,310.10553
5x-risk-005,2024-02-20T01:00:00+00:00,292.650327
5x-risk-005,2024-02-20T01:00:00+00:00,290.182662
5x-risk-005,2024-02-20T15:00:00+00:00,272.426668
5x-risk-005,2024-02-20T22:00:00+00:00,262.787507
5x-risk-005,2024-02-21T07:00:00+00:00,257.004045
5x-risk-005,2024-02-21T23:00:00+00:00,251.426409
5x-risk-005,2024-02-22T16:00:00+00:00,247.889837
5x-risk-005,2024-02-23T02:00:00+00:00,314.788331
5x-risk-005,2024-02-25T02:00:00+00:00,312.051408
5x-risk-005,2024-02-26T00:00:00+00:00,389.985862
5x-risk-005,2024-02-26T09:00:00+00:00,385.132694
5x-risk-005,2024-02-26T09:00:00+00:00,364.732975
5x-risk-005,2024-02-26T14:00:00+00:00,354.448741
5x-risk-005,2024-02-26T15:00:00+00:00,402.989384
5x-risk-005,2024-02-27T13:00:00+00:00,380.302833
5x-risk-005,2024-02-28T09:00:00+00:00,361.14187
5x-risk-005,2024-02-28T10:00:00+00:00,352.671255
5x-risk-005,2024-02-28T17:00:00+00:00,333.894418
5x-risk-005,2024-02-28T22:00:00+00:00,316.514818
5x-risk-005,2024-02-29T07:00:00+00:00,300.328606
5x-risk-005,2024-02-29T22:00:00+00:00,284.857459
5x-risk-005,2024-03-01T23:00:00+00:00,283.078659
5x-risk-005,2024-03-02T01:00:00+00:00,282.146174
5x-risk-005,2024-03-02T02:00:00+00:00,268.899557
5x-risk-005,2024-03-02T09:00:00+00:00,252.152626
5x-risk-005,2024-03-02T09:00:00+00:00,246.353997
5x-risk-005,2024-03-02T16:00:00+00:00,246.122373
5x-risk-005,2024-03-03T00:00:00+00:00,312.675619
5x-risk-005,2024-03-03T01:00:00+00:00,312.560351
5x-risk-005,2024-03-03T07:00:00+00:00,366.139757
5x-risk-005,2024-03-03T07:00:00+00:00,349.788621
5x-risk-005,2024-03-03T20:00:00+00:00,338.677816
5x-risk-005,2024-03-05T04:00:00+00:00,326.989084
5x-risk-005,2024-03-05T14:00:00+00:00,314.423786
5x-risk-005,2024-03-05T16:00:00+00:00,291.893874
5x-risk-005,2024-03-05T16:00:00+00:00,278.299556
5x-risk-005,2024-03-07T11:00:00+00:00,275.769956
5x-risk-005,2024-03-07T14:00:00+00:00,344.518352
5x-risk-005,2024-03-08T15:00:00+00:00,328.118291
5x-risk-005,2024-03-08T15:00:00+00:00,308.916165
5x-risk-005,2024-03-09T03:00:00+00:00,299.29263
5x-risk-005,2024-03-09T10:00:00+00:00,285.195596
5x-risk-005,2024-03-09T17:00:00+00:00,275.938193
5x-risk-005,2024-03-10T12:00:00+00:00,259.433083
5x-risk-005,2024-03-10T21:00:00+00:00,246.275128
5x-risk-005,2024-03-11T11:00:00+00:00,233.400617
5x-risk-005,2024-03-12T06:00:00+00:00,221.443768
5x-risk-005,2024-03-12T18:00:00+00:00,210.387012
5x-risk-005,2024-03-13T13:00:00+00:00,205.069911
5x-risk-005,2024-03-14T00:00:00+00:00,196.174596
5x-risk-005,2024-03-14T04:00:00+00:00,190.922677
5x-risk-005,2024-03-14T08:00:00+00:00,187.949473
5x-risk-005,2024-03-14T13:00:00+00:00,174.435731
5x-risk-005,2024-03-15T02:00:00+00:00,165.3115
5x-risk-005,2024-03-15T03:00:00+00:00,188.745732
5x-risk-005,2024-03-15T20:00:00+00:00,178.953695
5x-risk-005,2024-03-16T17:00:00+00:00,223.001815
5x-risk-005,2024-03-20T18:00:00+00:00,211.557512
5x-risk-005,2024-03-22T19:00:00+00:00,200.513204
5x-risk-005,2024-03-22T23:00:00+00:00,189.994464
5x-risk-005,2024-03-23T03:00:00+00:00,179.957961
5x-risk-005,2024-03-24T04:00:00+00:00,170.507414
5x-risk-005,2024-03-24T09:00:00+00:00,167.545579
5x-risk-005,2024-03-24T10:00:00+00:00,161.514947
5x-risk-005,2024-03-24T21:00:00+00:00,154.521348
5x-risk-005,2024-03-25T14:00:00+00:00,167.46807
5x-risk-005,2024-03-26T10:00:00+00:00,207.446204
5x-risk-005,2024-03-27T07:00:00+00:00,196.606716
5x-risk-005,2024-03-28T14:00:00+00:00,190.598885
5x-risk-005,2024-03-29T10:00:00+00:00,215.793047
5x-risk-005,2024-03-30T02:00:00+00:00,207.060799
5x-risk-005,2024-03-30T16:00:00+00:00,253.347952
5x-risk-005,2024-03-31T05:00:00+00:00,240.558235
5x-risk-005,2024-03-31T09:00:00+00:00,234.850883
5x-risk-005,2024-04-01T05:00:00+00:00,224.454051
5x-risk-005,2024-04-01T05:00:00+00:00,215.755704
5x-risk-005,2024-04-02T02:00:00+00:00,210.576782
5x-risk-005,2024-04-05T16:00:00+00:00,200.194687
5x-risk-005,2024-04-08T08:00:00+00:00,190.296015
5x-risk-005,2024-04-09T04:00:00+00:00,183.015835
5x-risk-005,2024-04-10T12:00:00+00:00,218.656643
5x-risk-005,2024-04-10T12:00:00+00:00,211.736742
5x-risk-005,2024-04-12T18:00:00+00:00,265.063124
5x-risk-005,2024-04-12T18:00:00+00:00,258.951692
5x-risk-005,2024-04-12T18:00:00+00:00,247.520935
5x-risk-005,2024-04-24T01:00:00+00:00,240.546198
5x-risk-005,2024-04-24T05:00:00+00:00,235.862935
5x-risk-005,2024-04-24T13:00:00+00:00,228.438272
5x-risk-005,2024-04-28T18:00:00+00:00,289.690521
5x-risk-005,2024-04-28T23:00:00+00:00,275.702298
5x-risk-005,2024-04-29T23:00:00+00:00,268.34806
5x-risk-005,2024-04-30T04:00:00+00:00,263.796021
5x-risk-005,2024-04-30T06:00:00+00:00,248.326852
5x-risk-005,2024-05-01T07:00:00+00:00,287.844658
5x-risk-005,2024-05-01T07:00:00+00:00,349.10042
5x-risk-005,2024-05-07T11:00:00+00:00,331.432718
5x-risk-005,2024-05-07T20:00:00+00:00,314.277135
5x-risk-005,2024-05-08T19:00:00+00:00,314.114243
5x-risk-005,2024-05-10T14:00:00+00:00,313.59534
5x-risk-005,2024-05-12T15:00:00+00:00,313.097132
5x-risk-005,2024-05-13T02:00:00+00:00,365.996454
5x-risk-005,2024-05-13T03:00:00+00:00,443.666048
5x-risk-005,2024-05-13T06:00:00+00:00,419.652968
5x-risk-005,2024-05-13T09:00:00+00:00,419.215948
5x-risk-005,2024-05-14T06:00:00+00:00,396.783824
5x-risk-005,2024-05-14T06:00:00+00:00,390.007764
5x-risk-005,2024-05-14T10:00:00+00:00,370.110878
5x-risk-005,2024-05-15T12:00:00+00:00,352.272547
5x-risk-005,2024-05-15T12:00:00+00:00,339.050536
5x-risk-005,2024-05-17T14:00:00+00:00,422.947924
5x-risk-005,2024-05-20T04:00:00+00:00,406.68618
5x-risk-005,2024-05-20T12:00:00+00:00,385.418273
5x-risk-005,2024-05-20T16:00:00+00:00,384.304211
5x-risk-005,2024-05-20T19:00:00+00:00,444.032539
5x-risk-005,2024-05-20T21:00:00+00:00,539.157921
5x-risk-005,2024-05-22T18:00:00+00:00,511.95812
5x-risk-005,2024-05-23T01:00:00+00:00,486.164372
5x-risk-005,2024-05-24T18:00:00+00:00,461.936186
5x-risk-005,2024-05-24T18:00:00+00:00,439.324582
5x-risk-005,2024-05-26T20:00:00+00:00,415.829195
5x-risk-005,2024-05-30T07:00:00+00:00,414.000413
5x-risk-005,2024-05-30T18:00:00+00:00,412.695882
5x-risk-005,2024-05-31T00:00:00+00:00,411.517471
5x-risk-005,2024-05-31T12:00:00+00:00,410.695013
5x-risk-005,2024-05-31T14:00:00+00:00,505.24213
5x-risk-005,2024-06-02T14:00:00+00:00,498.565682
5x-risk-005,2024-06-02T17:00:00+00:00,489.975534
5x-risk-005,2024-06-05T01:00:00+00:00,466.146799
5x-risk-005,2024-06-06T14:00:00+00:00,567.533846
5x-risk-005,2024-06-07T18:00:00+00:00,598.427182
5x-risk-005,2024-06-07T18:00:00+00:00,738.799549
5x-risk-005,2024-06-11T13:00:00+00:00,858.924327
5x-risk-005,2024-06-11T15:00:00+00:00,998.134129
5x-risk-005,2024-06-17T10:00:00+00:00,944.48731
5x-risk-005,2024-06-17T18:00:00+00:00,894.846065
5x-risk-005,2024-06-19T03:00:00+00:00,849.244511
5x-risk-005,2024-06-21T07:00:00+00:00,804.26211
5x-risk-005,2024-06-21T10:00:00+00:00,776.048325
5x-risk-005,2024-06-21T19:00:00+00:00,758.401985
5x-risk-005,2024-06-22T08:00:00+00:00,718.530106
5x-risk-005,2024-06-24T09:00:00+00:00,734.186623
5x-risk-005,2024-06-24T09:00:00+00:00,839.549425
5x-risk-005,2024-06-24T12:00:00+00:00,797.187865
5x-risk-005,2024-06-24T17:00:00+00:00,769.709317
5x-risk-005,2024-06-24T19:00:00+00:00,952.019159
5x-risk-005,2024-06-24T20:00:00+00:00,956.274527
5x-risk-005,2024-06-26T10:00:00+00:00,905.304474
5x-risk-005,2024-06-26T20:00:00+00:00,858.300807
5x-risk-005,2024-06-27T05:00:00+00:00,814.144646
5x-risk-005,2024-06-27T12:00:00+00:00,811.383965
5x-risk-005,2024-06-27T13:00:00+00:00,768.689291
5x-risk-005,2024-06-28T21:00:00+00:00,729.374466
5x-risk-005,2024-06-30T07:00:00+00:00,692.485249
5x-risk-005,2024-06-30T18:00:00+00:00,670.944511
5x-risk-005,2024-07-03T01:00:00+00:00,643.333786
5x-risk-005,2024-07-03T03:00:00+00:00,614.755532
5x-risk-005,2024-07-04T01:00:00+00:00,748.106725
5x-risk-005,2024-07-04T12:00:00+00:00,984.732527
5x-risk-005,2024-07-08T08:00:00+00:00,935.499658
5x-risk-005,2024-07-11T00:00:00+00:00,913.130292
5x-risk-005,2024-07-11T15:00:00+00:00,898.435202
5x-risk-005,2024-07-12T01:00:00+00:00,846.390729
5x-risk-005,2024-07-12T13:00:00+00:00,808.102088
5x-risk-005,2024-07-12T18:00:00+00:00,809.99655
5x-risk-005,2024-07-12T20:00:00+00:00,767.305528
5x-risk-005,2024-07-13T05:00:00+00:00,759.178897
5x-risk-005,2024-07-14T21:00:00+00:00,793.368973
5x-risk-005,2024-07-15T15:00:00+00:00,983.298255
5x-risk-005,2024-07-16T16:00:00+00:00,1047.254278
5x-risk-005,2024-07-21T15:00:00+00:00,1306.475996
5x-risk-005,2024-07-24T05:00:00+00:00,1629.949438
5x-risk-005,2024-07-25T01:00:00+00:00,2032.982331
5x-risk-005,2024-07-25T20:00:00+00:00,2535.907009
5x-risk-005,2024-07-26T02:00:00+00:00,2528.468645
5x-risk-005,2024-07-27T17:00:00+00:00,2439.266155
5x-risk-005,2024-07-27T20:00:00+00:00,2307.354646
5x-risk-005,2024-07-29T23:00:00+00:00,2878.110551
5x-risk-005,2024-07-30T19:00:00+00:00,3227.571255
5x-risk-005,2024-07-30T20:00:00+00:00,3814.08516
5x-risk-005,2024-07-31T20:00:00+00:00,4010.109176
5x-risk-005,2024-08-01T01:00:00+00:00,3811.112838
5x-risk-005,2024-08-03T00:00:00+00:00,4753.612372
5x-risk-005,2024-08-13T03:00:00+00:00,4506.725893
5x-risk-005,2024-08-13T14:00:00+00:00,4277.717738
5x-risk-005,2024-08-13T16:00:00+00:00,4163.704145
5x-risk-005,2024-08-15T18:00:00+00:00,3916.551659
5x-risk-005,2024-08-15T18:00:00+00:00,3824.590647
5x-risk-005,2024-08-15T19:00:00+00:00,3732.063578
5x-risk-005,2024-08-16T08:00:00+00:00,3533.415146
5x-risk-005,2024-08-16T11:00:00+00:00,3349.620018
5x-risk-005,2024-08-16T19:00:00+00:00,3167.946613
5x-risk-005,2024-08-17T19:00:00+00:00,3323.734167
5x-risk-005,2024-08-18T10:00:00+00:00,3264.74174
5x-risk-005,2024-08-19T00:00:00+00:00,3098.443632
5x-risk-005,2024-08-19T00:00:00+00:00,3090.639728
5x-risk-005,2024-08-19T09:00:00+00:00,2923.354135
5x-risk-005,2024-08-19T13:00:00+00:00,2919.160894
5x-risk-005,2024-08-19T17:00:00+00:00,2766.153941
5x-risk-005,2024-08-19T17:00:00+00:00,2760.701992
5x-risk-005,2024-08-19T20:00:00+00:00,2706.732841
5x-risk-005,2024-08-20T00:00:00+00:00,2547.26147
5x-risk-005,2024-08-20T07:00:00+00:00,2946.25499
5x-risk-005,2024-08-20T14:00:00+00:00,2827.25756
5x-risk-005,2024-08-20T14:00:00+00:00,2681.757089
5x-risk-005,2024-08-21T01:00:00+00:00,2607.884669
5x-risk-005,2024-08-21T08:00:00+00:00,2560.378488
5x-risk-005,2024-08-21T17:00:00+00:00,2420.935598
5x-risk-005,2024-08-23T09:00:00+00:00,2778.80087
5x-risk-005,2024-08-23T17:00:00+00:00,2983.512452
5x-risk-005,2024-08-23T21:00:00+00:00,3582.870146
5x-risk-005,2024-08-27T12:00:00+00:00,3507.685241
5x-risk-005,2024-08-28T08:00:00+00:00,3352.777785
5x-risk-005,2024-08-31T16:00:00+00:00,3178.980272
5x-risk-005,2024-09-01T05:00:00+00:00,3906.496151
5x-risk-005,2024-09-02T08:00:00+00:00,3700.156705
5x-risk-005,2024-09-02T09:00:00+00:00,3523.82012
5x-risk-005,2024-09-02T14:00:00+00:00,3341.687729
5x-risk-005,2024-09-02T20:00:00+00:00,3303.132036
5x-risk-005,2024-09-03T13:00:00+00:00,3130.561167
5x-risk-005,2024-09-03T15:00:00+00:00,2986.478486
5x-risk-005,2024-09-05T15:00:00+00:00,2902.934579
5x-risk-005,2024-09-06T12:00:00+00:00,2836.897593
5x-risk-005,2024-09-06T12:00:00+00:00,2785.990902
5x-risk-005,2024-09-08T04:00:00+00:00,2628.815515
5x-risk-005,2024-09-08T14:00:00+00:00,2536.150341
5x-risk-005,2024-09-08T21:00:00+00:00,2461.052803
5x-risk-005,2024-09-09T17:00:00+00:00,2421.573332
5x-risk-005,2024-09-11T13:00:00+00:00,2374.128336
5x-risk-005,2024-09-11T17:00:00+00:00,2220.667006
5x-risk-005,2024-09-14T05:00:00+00:00,2663.930072
5x-risk-005,2024-09-15T18:00:00+00:00,2565.750802
5x-risk-005,2024-09-15T23:00:00+00:00,2466.6309
5x-risk-005,2024-09-17T14:00:00+00:00,2341.875421
5x-risk-005,2024-09-18T23:00:00+00:00,2235.789238
5x-risk-005,2024-09-19T00:00:00+00:00,2563.240152
5x-risk-005,2024-09-23T14:00:00+00:00,2551.087606
5x-risk-005,2024-09-24T07:00:00+00:00,2615.220379
5x-risk-005,2024-09-26T16:00:00+00:00,3250.115043
5x-risk-005,2024-09-27T09:00:00+00:00,3361.333558
5x-risk-005,2024-09-27T14:00:00+00:00,3314.005341
5x-risk-005,2024-09-28T05:00:00+00:00,3290.11819
5x-risk-005,2024-09-30T10:00:00+00:00,3161.532411
5x-risk-005,2024-10-01T12:00:00+00:00,3121.112614
5x-risk-005,2024-10-01T14:00:00+00:00,3106.700107
5x-risk-005,2024-10-01T15:00:00+00:00,2966.626044
5x-risk-005,2024-10-01T17:00:00+00:00,3514.41113
5x-risk-005,2024-10-04T08:00:00+00:00,4384.692433
5x-risk-005,2024-10-14T15:00:00+00:00,4238.562132
5x-risk-005,2024-10-16T11:00:00+00:00,4106.194506
5x-risk-005,2024-10-20T22:00:00+00:00,3945.7846
5x-risk-005,2024-10-21T13:00:00+00:00,3794.978331
5x-risk-005,2024-10-24T21:00:00+00:00,3647.08825
5x-risk-005,2024-10-25T17:00:00+00:00,3532.659278
5x-risk-005,2024-10-27T17:00:00+00:00,3449.174463
5x-risk-005,2024-11-01T02:00:00+00:00,3335.670944
5x-risk-005,2024-11-03T14:00:00+00:00,3117.108389
5x-risk-005,2024-11-06T01:00:00+00:00,2953.690794
5x-risk-005,2024-11-07T17:00:00+00:00,3725.493846
5x-risk-005,2024-11-12T00:00:00+00:00,3603.54961
5x-risk-005,2024-11-14T14:00:00+00:00,3415.328899
5x-risk-005,2024-11-14T23:00:00+00:00,3237.845878
5x-risk-005,2024-11-15T09:00:00+00:00,3090.390052
5x-risk-005,2024-11-16T11:00:00+00:00,2909.073895
5x-risk-005,2024-11-16T11:00:00+00:00,2788.512298
5x-risk-005,2024-11-16T15:00:00+00:00,2638.459806
5x-risk-005,2024-11-16T22:00:00+00:00,2576.801374
5x-risk-005,2024-11-17T14:00:00+00:00,2475.455104
5x-risk-005,2024-11-18T03:00:00+00:00,2392.729588
5x-risk-005,2024-11-18T03:00:00+00:00,2392.679001
5x-risk-005,2024-11-18T15:00:00+00:00,2268.502672
5x-risk-005,2024-11-18T15:00:00+00:00,2746.457647
5x-risk-005,2024-11-18T15:00:00+00:00,2611.473881
5x-risk-005,2024-11-18T19:00:00+00:00,2476.58094
5x-risk-005,2024-11-18T23:00:00+00:00,2647.14519
5x-risk-005,2024-11-21T13:00:00+00:00,2585.657347
5x-risk-005,2024-11-23T07:00:00+00:00,3019.293235
5x-risk-005,2024-11-26T00:00:00+00:00,2864.674081
5x-risk-005,2024-11-26T01:00:00+00:00,2803.385181
5x-risk-005,2024-11-27T04:00:00+00:00,2659.056167
5x-risk-005,2024-11-30T01:00:00+00:00,2642.324394
5x-risk-005,2024-11-30T22:00:00+00:00,2630.722493
5x-risk-005,2024-12-01T15:00:00+00:00,3288.838706
5x-risk-005,2024-12-02T04:00:00+00:00,3114.951969
5x-risk-005,2024-12-03T01:00:00+00:00,2958.43141
5x-risk-005,2024-12-04T00:00:00+00:00,2831.238311
5x-risk-005,2024-12-04T02:00:00+00:00,2820.103035
5x-risk-005,2024-12-04T20:00:00+00:00,3340.915281
5x-risk-005,2024-12-05T03:00:00+00:00,3986.645998
5x-risk-005,2024-12-05T20:00:00+00:00,3772.324454
5x-risk-005,2024-12-05T20:00:00+00:00,3555.835181
5x-risk-005,2024-12-08T23:00:00+00:00,3502.292856
5x-risk-005,2024-12-09T17:00:00+00:00,3301.104058
5x-risk-005,2024-12-18T20:00:00+00:00,3112.017882
5x-risk-005,2024-12-23T20:00:00+00:00,2940.251439
5x-risk-005,2024-12-24T02:00:00+00:00,2789.010739
5x-risk-005,2024-12-24T17:00:00+00:00,2643.827538
5x-risk-005,2024-12-24T23:00:00+00:00,2540.546078
5x-risk-005,2024-12-25T21:00:00+00:00,2533.460225
5x-risk-005,2024-12-26T10:00:00+00:00,2393.199668
5x-risk-005,2024-12-26T20:00:00+00:00,3021.528631
5x-risk-005,2024-12-28T05:00:00+00:00,2954.143292
5x-risk-005,2024-12-28T13:00:00+00:00,2921.546546
5x-risk-005,2024-12-28T22:00:00+00:00,2766.788225
5x-risk-005,2024-12-30T01:00:00+00:00,2624.059399
5x-risk-005,2024-12-30T01:00:00+00:00,2589.997869
5x-risk-005,2024-12-30T01:00:00+00:00,2536.195948
5x-risk-005,2024-12-30T06:00:00+00:00,2403.73144
5x-risk-005,2024-12-30T06:00:00+00:00,2321.150824
5x-risk-005,2024-12-30T06:00:00+00:00,2261.534344
5x-risk-005,2024-12-30T13:00:00+00:00,2244.278405
5x-risk-005,2024-12-30T13:00:00+00:00,2140.824563
5x-risk-005,2024-12-30T13:00:00+00:00,2076.707944
5x-risk-005,2024-12-30T18:00:00+00:00,1969.190884
5x-risk-005,2024-12-30T18:00:00+00:00,1943.921307
5x-risk-005,2024-12-30T18:00:00+00:00,1875.67107
5x-risk-005,2024-12-31T08:00:00+00:00,1821.270437
5x-risk-005,2024-12-31T22:00:00+00:00,1751.17604
5x-risk-005,2025-01-01T08:00:00+00:00,1710.860222
5x-risk-005,2025-01-01T19:00:00+00:00,1627.510475
5x-risk-005,2025-01-03T15:00:00+00:00,1815.934655
5x-risk-005,2025-01-03T16:00:00+00:00,1703.001852
5x-risk-005,2025-01-05T14:00:00+00:00,1611.648111
5x-risk-005,2025-01-06T01:00:00+00:00,1533.627829
5x-risk-005,2025-01-07T01:00:00+00:00,1501.346823
5x-risk-005,2025-01-07T15:00:00+00:00,1419.410573
5x-risk-005,2025-01-07T15:00:00+00:00,1548.378179
5x-risk-005,2025-01-13T00:00:00+00:00,1465.721251
5x-risk-005,2025-01-13T00:00:00+00:00,1423.616546
5x-risk-005,2025-01-13T00:00:00+00:00,1349.077575
5x-risk-005,2025-01-14T01:00:00+00:00,1292.123018
5x-risk-005,2025-01-15T14:00:00+00:00,1223.686871
5x-risk-005,2025-01-17T19:00:00+00:00,1543.127547
5x-risk-005,2025-01-18T05:00:00+00:00,1481.121633
5x-risk-005,2025-01-19T11:00:00+00:00,1470.887304
5x-risk-005,2025-01-19T21:00:00+00:00,1395.124156
5x-risk-005,2025-01-19T21:00:00+00:00,1321.220062
5x-risk-005,2025-01-20T07:00:00+00:00,1254.340348
5x-risk-005,2025-01-20T12:00:00+00:00,1189.344915
5x-risk-005,2025-01-21T16:00:00+00:00,1142.995583
5x-risk-005,2025-01-22T08:00:00+00:00,1083.040231
5x-risk-005,2025-01-22T11:00:00+00:00,1033.393198
5x-risk-005,2025-01-23T23:00:00+00:00,981.216357
5x-risk-005,2025-01-26T23:00:00+00:00,959.194446
5x-risk-005,2025-01-27T07:00:00+00:00,1121.916472
5x-risk-005,2025-01-31T20:00:00+00:00,1065.665081
5x-risk-005,2025-02-02T16:00:00+00:00,1308.144091
5x-risk-005,2025-02-11T13:00:00+00:00,1297.507083
5x-risk-005,2025-02-11T17:00:00+00:00,1231.539707
5x-risk-005,2025-02-12T20:00:00+00:00,1219.949713
5x-risk-005,2025-02-13T06:00:00+00:00,1208.830021
5x-risk-005,2025-02-13T12:00:00+00:00,1201.898766
5x-risk-005,2025-02-14T03:00:00+00:00,1192.099905
5x-risk-005,2025-02-14T15:00:00+00:00,1126.816818
5x-risk-005,2025-02-14T16:00:00+00:00,1081.533997
5x-risk-005,2025-02-15T14:00:00+00:00,1025.99831
5x-risk-005,2025-02-16T18:00:00+00:00,1160.982724
5x-risk-005,2025-02-16T23:00:00+00:00,1155.275423
5x-risk-005,2025-02-17T00:00:00+00:00,1124.33068
5x-risk-005,2025-02-17T08:00:00+00:00,1073.334888
5x-risk-005,2025-02-17T09:00:00+00:00,1058.690945
5x-risk-005,2025-02-17T14:00:00+00:00,1012.626705
5x-risk-005,2025-02-17T19:00:00+00:00,974.786157
5x-risk-005,2025-02-17T20:00:00+00:00,953.630397
5x-risk-005,2025-02-17T20:00:00+00:00,941.430536
5x-risk-005,2025-02-17T21:00:00+00:00,921.4054
5x-risk-005,2025-02-17T21:00:00+00:00,903.576677
5x-risk-005,2025-02-18T04:00:00+00:00,865.851472
5x-risk-005,2025-02-18T04:00:00+00:00,821.223853
5x-risk-005,2025-02-18T13:00:00+00:00,801.571773
5x-risk-005,2025-02-18T14:00:00+00:00,799.735924
5x-risk-005,2025-02-19T11:00:00+00:00,783.94092
5x-risk-005,2025-02-21T15:00:00+00:00,779.853187
5x-risk-005,2025-02-21T17:00:00+00:00,775.206245
5x-risk-005,2025-02-22T16:00:00+00:00,770.40724
5x-risk-005,2025-02-22T17:00:00+00:00,725.68508
5x-risk-005,2025-02-23T12:00:00+00:00,687.981157
5x-risk-005,2025-02-24T04:00:00+00:00,684.093288
5x-risk-005,2025-02-24T19:00:00+00:00,812.258485
5x-risk-005,2025-02-25T00:00:00+00:00,1022.069139
5x-risk-005,2025-02-25T07:00:00+00:00,1044.53495
5x-risk-005,2025-03-07T00:00:00+00:00,990.72544
5x-risk-005,2025-03-07T05:00:00+00:00,937.399079
5x-risk-005,2025-03-07T13:00:00+00:00,888.353105
5x-risk-005,2025-03-07T16:00:00+00:00,851.444552
5x-risk-005,2025-03-07T18:00:00+00:00,811.672322
5x-risk-005,2025-03-07T21:00:00+00:00,791.652304
5x-risk-005,2025-03-09T10:00:00+00:00,922.720454
5x-risk-005,2025-03-09T12:00:00+00:00,1016.2201
5x-risk-005,2025-03-10T17:00:00+00:00,1267.618229
5x-risk-005,2025-03-14T10:00:00+00:00,1201.204875
5x-risk-005,2025-03-17T12:00:00+00:00,1138.755818
5x-risk-005,2025-03-17T12:00:00+00:00,1135.931173
5x-risk-005,2025-03-17T17:00:00+00:00,1076.711681
5x-risk-005,2025-03-18T01:00:00+00:00,1025.326001
5x-risk-005,2025-03-18T11:00:00+00:00,983.367686
5x-risk-005,2025-03-18T13:00:00+00:00,921.169371
5x-risk-005,2025-03-18T13:00:00+00:00,905.796985
5x-risk-005,2025-03-18T22:00:00+00:00,880.753022
5x-risk-005,2025-03-18T22:00:00+00:00,834.262255
5x-risk-005,2025-03-18T22:00:00+00:00,827.53607
5x-risk-005,2025-03-19T00:00:00+00:00,785.485154
5x-risk-005,2025-03-19T11:00:00+00:00,975.80751
5x-risk-005,2025-03-21T01:00:00+00:00,994.816438
5x-risk-005,2025-03-21T10:00:00+00:00,943.871206
5x-risk-005,2025-03-22T06:00:00+00:00,912.333831
5x-risk-005,2025-03-22T23:00:00+00:00,890.224353
5x-risk-005,2025-03-24T04:00:00+00:00,1002.976907
5x-risk-005,2025-03-26T18:00:00+00:00,998.46584
5x-risk-005,2025-03-29T10:00:00+00:00,945.764229
5x-risk-005,2025-03-29T16:00:00+00:00,1161.293727
5x-risk-005,2025-04-01T14:00:00+00:00,1100.679543
5x-risk-005,2025-04-02T13:00:00+00:00,1061.634056
5x-risk-005,2025-04-02T20:00:00+00:00,1003.477381
5x-risk-005,2025-04-02T20:00:00+00:00,982.897225
5x-risk-005,2025-04-02T20:00:00+00:00,931.903941
5x-risk-005,2025-04-03T02:00:00+00:00,881.607396
5x-risk-005,2025-04-04T17:00:00+00:00,869.547461
5x-risk-005,2025-04-05T13:00:00+00:00,857.8585
5x-risk-005,2025-04-06T01:00:00+00:00,846.742489
5x-risk-005,2025-04-06T18:00:00+00:00,1064.520304
5x-risk-005,2025-04-07T06:00:00+00:00,1140.730659
5x-risk-005,2025-04-15T10:00:00+00:00,1133.440305
5x-risk-005,2025-04-19T05:00:00+00:00,1125.238702
5x-risk-005,2025-04-19T06:00:00+00:00,1119.033264
5x-risk-005,2025-04-19T07:00:00+00:00,1060.983267
5x-risk-005,2025-04-19T10:00:00+00:00,1053.576325
5x-risk-005,2025-04-20T09:00:00+00:00,1023.062413
5x-risk-005,2025-04-21T00:00:00+00:00,984.467252
5x-risk-005,2025-04-22T01:00:00+00:00,1266.422582
5x-risk-005,2025-04-22T07:00:00+00:00,1199.895759
5x-risk-005,2025-04-22T15:00:00+00:00,1236.05673
5x-risk-005,2025-04-26T09:00:00+00:00,1171.699941
5x-risk-005,2025-04-27T01:00:00+00:00,1110.68607
5x-risk-005,2025-04-28T06:00:00+00:00,1102.462599
5x-risk-005,2025-04-28T10:00:00+00:00,1044.867254
5x-risk-005,2025-04-28T13:00:00+00:00,1032.259158
5x-risk-005,2025-04-28T15:00:00+00:00,1012.168379
5x-risk-005,2025-04-29T06:00:00+00:00,991.65032
5x-risk-005,2025-04-29T16:00:00+00:00,981.286095
5x-risk-005,2025-04-29T21:00:00+00:00,968.869471
5x-risk-005,2025-04-30T10:00:00+00:00,956.824341
5x-risk-005,2025-04-30T13:00:00+00:00,902.721726
5x-risk-005,2025-05-01T02:00:00+00:00,872.331402
5x-risk-005,2025-05-02T03:00:00+00:00,858.541683
5x-risk-005,2025-05-02T07:00:00+00:00,848.171162
5x-risk-005,2025-05-04T13:00:00+00:00,830.590207
5x-risk-005,2025-05-04T13:00:00+00:00,865.974862
5x-risk-005,2025-05-05T01:00:00+00:00,838.778239
5x-risk-005,2025-05-05T16:00:00+00:00,803.690493
5x-risk-005,2025-05-06T22:00:00+00:00,770.765602
5x-risk-005,2025-05-07T00:00:00+00:00,747.360107
5x-risk-005,2025-05-07T18:00:00+00:00,720.318812
5x-risk-005,2025-05-08T00:00:00+00:00,706.366061
5x-risk-005,2025-05-09T23:00:00+00:00,891.420317
5x-risk-005,2025-05-12T07:00:00+00:00,988.07045
5x-risk-005,2025-05-13T11:00:00+00:00,938.332563
5x-risk-005,2025-05-15T16:00:00+00:00,906.946046
5x-risk-005,2025-05-17T01:00:00+00:00,877.636254
5x-risk-005,2025-05-18T14:00:00+00:00,830.459248
5x-risk-005,2025-05-18T23:00:00+00:00,790.770396
5x-risk-005,2025-05-19T15:00:00+00:00,777.827849
5x-risk-005,2025-05-20T00:00:00+00:00,737.409415
5x-risk-005,2025-05-21T03:00:00+00:00,702.733682
5x-risk-005,2025-05-21T09:00:00+00:00,666.279863
5x-risk-005,2025-05-21T11:00:00+00:00,637.891794
5x-risk-005,2025-05-21T17:00:00+00:00,614.386138
5x-risk-005,2025-05-22T01:00:00+00:00,674.266686
5x-risk-005,2025-05-22T13:00:00+00:00,665.297352
5x-risk-005,2025-05-26T03:00:00+00:00,657.498378
5x-risk-005,2025-05-26T17:00:00+00:00,652.613735
5x-risk-005,2025-05-27T08:00:00+00:00,645.77014
5x-risk-005,2025-05-28T02:00:00+00:00,640.299839
5x-risk-005,2025-05-30T00:00:00+00:00,804.835583
5x-risk-005,2025-05-30T16:00:00+00:00,763.725618
5x-risk-005,2025-05-30T16:00:00+00:00,788.47859
5x-risk-005,2025-06-02T22:00:00+00:00,787.762424
5x-risk-005,2025-06-04T15:00:00+00:00,748.354775
5x-risk-005,2025-06-09T14:00:00+00:00,746.529735
5x-risk-005,2025-06-09T21:00:00+00:00,708.253924
5x-risk-005,2025-06-09T21:00:00+00:00,713.554817
5x-risk-005,2025-06-22T14:00:00+00:00,905.019201
5x-risk-005,2025-06-22T20:00:00+00:00,905.973723
5x-risk-005,2025-06-29T22:00:00+00:00,1001.000245
5x-risk-005,2025-06-30T14:00:00+00:00,981.124208
5x-risk-005,2025-06-30T22:00:00+00:00,950.69255
5x-risk-005,2025-07-01T11:00:00+00:00,925.526406
5x-risk-005,2025-07-02T15:00:00+00:00,897.834549
5x-risk-005,2025-07-02T16:00:00+00:00,870.892167
5x-risk-005,2025-07-04T13:00:00+00:00,825.203887
5x-risk-005,2025-07-06T21:00:00+00:00,782.566666
5x-risk-005,2025-07-07T12:00:00+00:00,766.775208
5x-risk-005,2025-07-08T17:00:00+00:00,731.468404
5x-risk-005,2025-07-08T17:00:00+00:00,719.188845
5x-risk-005,2025-07-10T07:00:00+00:00,862.31843
5x-risk-005,2025-07-11T05:00:00+00:00,878.543558
5x-risk-005,2025-07-14T20:00:00+00:00,833.408454
5x-risk-005,2025-07-15T18:00:00+00:00,790.506517
5x-risk-005,2025-07-16T16:00:00+00:00,896.966504
5x-risk-005,2025-07-16T18:00:00+00:00,1120.998127
5x-risk-005,2025-07-17T12:00:00+00:00,1060.88223
5x-risk-005,2025-07-18T14:00:00+00:00,1003.998796
5x-risk-005,2025-07-19T19:00:00+00:00,969.742014
5x-risk-005,2025-07-20T14:00:00+00:00,1196.599149
5x-risk-005,2025-07-21T07:00:00+00:00,1145.997659
5x-risk-005,2025-07-21T12:00:00+00:00,1091.306447
5x-risk-005,2025-07-22T07:00:00+00:00,1057.725534
5x-risk-005,2025-07-22T17:00:00+00:00,1001.832799
5x-risk-005,2025-07-23T09:00:00+00:00,984.22989
5x-risk-005,2025-07-23T12:00:00+00:00,931.679897
5x-risk-005,2025-07-23T13:00:00+00:00,912.250102
5x-risk-005,2025-07-24T00:00:00+00:00,877.803291
5x-risk-005,2025-07-24T04:00:00+00:00,842.090197
5x-risk-005,2025-07-24T08:00:00+00:00,801.514663
5x-risk-005,2025-07-25T01:00:00+00:00,759.903827
5x-risk-005,2025-07-25T14:00:00+00:00,753.857313
5x-risk-005,2025-07-25T21:00:00+00:00,747.251285
5x-risk-005,2025-07-27T16:00:00+00:00,709.004182
5x-risk-005,2025-07-28T04:00:00+00:00,884.553419
5x-risk-005,2025-07-28T17:00:00+00:00,867.555574
5x-risk-005,2025-07-28T17:00:00+00:00,823.750486
5x-risk-005,2025-08-01T00:00:00+00:00,816.883904
5x-risk-005,2025-08-01T13:00:00+00:00,1020.559645
5x-risk-005,2025-08-05T17:00:00+00:00,973.775671
5x-risk-005,2025-08-07T10:00:00+00:00,920.085176
5x-risk-005,2025-08-08T17:00:00+00:00,1046.474062
5x-risk-005,2025-08-09T09:00:00+00:00,1007.585156
5x-risk-005,2025-08-12T11:00:00+00:00,959.9666
5x-risk-005,2025-08-14T12:00:00+00:00,936.609069
5x-risk-005,2025-08-18T02:00:00+00:00,876.663573
5x-risk-005,2025-08-18T02:00:00+00:00,861.846148
5x-risk-005,2025-08-20T21:00:00+00:00,918.821275
5x-risk-005,2025-08-22T14:00:00+00:00,871.834713
5x-risk-005,2025-08-22T14:00:00+00:00,845.902234
5x-risk-005,2025-08-22T15:00:00+00:00,802.954404
5x-risk-005,2025-08-24T06:00:00+00:00,760.862601
5x-risk-005,2025-08-24T17:00:00+00:00,721.226596
5x-risk-005,2025-08-24T20:00:00+00:00,682.604641
5x-risk-005,2025-08-25T03:00:00+00:00,646.584537
5x-risk-005,2025-08-28T13:00:00+00:00,624.063321
5x-risk-005,2025-08-28T19:00:00+00:00,603.672255
5x-risk-005,2025-08-29T07:00:00+00:00,591.191481
5x-risk-005,2025-09-08T05:00:00+00:00,570.166223
5x-risk-005,2025-09-09T06:00:00+00:00,609.280575
5x-risk-005,2025-09-09T14:00:00+00:00,595.390929
5x-risk-005,2025-09-10T07:00:00+00:00,585.685153
5x-risk-005,2025-09-11T22:00:00+00:00,557.95477
5x-risk-005,2025-09-15T08:00:00+00:00,534.88113
5x-risk-005,2025-09-16T20:00:00+00:00,605.193456
5x-risk-005,2025-09-17T18:00:00+00:00,572.317909
5x-risk-005,2025-09-18T01:00:00+00:00,711.960245
5x-risk-005,2025-09-19T11:00:00+00:00,675.084867
5x-risk-005,2025-09-19T14:00:00+00:00,649.65438
5x-risk-005,2025-09-22T05:00:00+00:00,733.970493
5x-risk-005,2025-09-22T06:00:00+00:00,734.726891
5x-risk-005,2025-09-24T03:00:00+00:00,710.719505
5x-risk-005,2025-09-24T13:00:00+00:00,682.494332
5x-risk-005,2025-09-25T17:00:00+00:00,788.205641
5x-risk-005,2025-09-29T11:00:00+00:00,748.132734
5x-risk-005,2025-09-29T13:00:00+00:00,707.10746
5x-risk-005,2025-09-29T14:00:00+00:00,681.434978
5x-risk-005,2025-09-30T07:00:00+00:00,645.896075
5x-risk-005,2025-09-30T15:00:00+00:00,642.809927
5x-risk-005,2025-09-30T17:00:00+00:00,799.760896
5x-risk-005,2025-09-30T19:00:00+00:00,757.918224
5x-risk-005,2025-09-30T19:00:00+00:00,718.320889
5x-risk-005,2025-10-01T19:00:00+00:00,882.341142
5x-risk-005,2025-10-02T18:00:00+00:00,1016.523236
5x-risk-005,2025-10-04T14:00:00+00:00,964.312748
5x-risk-005,2025-10-05T02:00:00+00:00,914.279191
5x-risk-005,2025-10-05T11:00:00+00:00,866.690738
5x-risk-005,2025-10-05T17:00:00+00:00,821.681735
5x-risk-005,2025-10-05T19:00:00+00:00,788.955336
5x-risk-005,2025-10-06T10:00:00+00:00,750.150254
5x-risk-005,2025-10-06T18:00:00+00:00,707.932183
5x-risk-005,2025-10-07T02:00:00+00:00,680.530507
5x-risk-005,2025-10-07T12:00:00+00:00,680.422869
5x-risk-005,2025-10-07T14:00:00+00:00,649.013733
5x-risk-005,2025-10-08T17:00:00+00:00,621.300626
5x-risk-005,2025-10-08T17:00:00+00:00,603.36107
5x-risk-005,2025-10-09T02:00:00+00:00,590.573889
5x-risk-005,2025-10-09T08:00:00+00:00,591.137584
5x-risk-005,2025-10-09T12:00:00+00:00,579.64816
5x-risk-005,2025-10-10T15:00:00+00:00,740.826632
5x-risk-005,2025-10-10T15:00:00+00:00,714.997196
5x-risk-005,2025-10-10T21:00:00+00:00,717.151833
5x-risk-005,2025-10-10T21:00:00+00:00,799.269256
5x-risk-005,2025-10-15T13:00:00+00:00,757.406605
5x-risk-005,2025-10-21T14:00:00+00:00,718.27901
5x-risk-005,2025-10-21T14:00:00+00:00,681.296072
5x-risk-005,2025-10-21T21:00:00+00:00,646.332582
5x-risk-005,2025-10-22T14:00:00+00:00,646.166721
5x-risk-005,2025-10-23T06:00:00+00:00,625.494242
5x-risk-005,2025-10-23T13:00:00+00:00,591.042897
5x-risk-005,2025-10-23T21:00:00+00:00,560.799405
5x-risk-005,2025-10-24T04:00:00+00:00,531.406624
5x-risk-005,2025-10-26T22:00:00+00:00,579.149344
5x-risk-005,2025-10-28T19:00:00+00:00,565.646729
5x-risk-005,2025-10-28T20:00:00+00:00,560.894474
5x-risk-005,2025-10-29T23:00:00+00:00,538.356803
5x-risk-005,2025-10-30T04:00:00+00:00,510.232697
5x-risk-005,2025-10-30T10:00:00+00:00,496.733444
5x-risk-005,2025-10-30T17:00:00+00:00,558.015326
5x-risk-005,2025-11-03T15:00:00+00:00,680.469445
5x-risk-005,2025-11-03T15:00:00+00:00,756.152214
5x-risk-005,2025-11-04T05:00:00+00:00,894.659978
5x-risk-005,2025-11-12T15:00:00+00:00,847.154844
5x-risk-005,2025-11-13T19:00:00+00:00,1023.529288
5x-risk-005,2025-11-14T12:00:00+00:00,1190.215442
5x-risk-005,2025-11-25T14:00:00+00:00,1128.607514
5x-risk-005,2025-11-28T22:00:00+00:00,1074.267629
5x-risk-005,2025-11-30T23:00:00+00:00,1111.184155
5x-risk-005,2025-12-01T03:00:00+00:00,1376.959071
5x-risk-005,2025-12-07T09:00:00+00:00,1305.014798
5x-risk-005,2025-12-07T13:00:00+00:00,1280.36812
5x-risk-005,2025-12-07T17:00:00+00:00,1212.783497
5x-risk-005,2025-12-07T17:00:00+00:00,1189.887845
5x-risk-005,2025-12-07T22:00:00+00:00,1127.086257
5x-risk-005,2025-12-08T15:00:00+00:00,1101.360446
5x-risk-005,2025-12-09T15:00:00+00:00,1082.627744
5x-risk-005,2025-12-09T15:00:00+00:00,1118.43953
5x-risk-005,2025-12-10T20:00:00+00:00,1397.248788
5x-risk-005,2025-12-11T00:00:00+00:00,1369.700319
5x-risk-005,2025-12-11T21:00:00+00:00,1298.4592
5x-risk-005,2025-12-12T15:00:00+00:00,1229.536392
5x-risk-005,2025-12-12T15:00:00+00:00,1228.22623
5x-risk-005,2025-12-13T08:00:00+00:00,1164.715372
5x-risk-005,2025-12-15T14:00:00+00:00,1117.409038
5x-risk-005,2025-12-15T15:00:00+00:00,1100.72156
5x-risk-005,2026-01-01T00:00:00+00:00,1104.240368
5x-risk-005,2026-01-01T00:00:00+00:00,1204.026911
5x-risk-005,2026-01-01T00:00:00+00:00,1311.147828
