scenario,timestamp,balance_usdt
full-history-3x-risk-1pct,2021-01-21T10:00:00+00:00,105.394992
full-history-3x-risk-1pct,2021-01-27T11:00:00+00:00,104.210617
full-history-3x-risk-1pct,2021-01-28T02:00:00+00:00,103.16208
full-history-3x-risk-1pct,2021-01-29T19:00:00+00:00,101.975952
full-history-3x-risk-1pct,2021-01-30T13:00:00+00:00,100.942196
full-history-3x-risk-1pct,2021-01-31T03:00:00+00:00,105.990967
full-history-3x-risk-1pct,2021-01-31T09:00:00+00:00,110.701233
full-history-3x-risk-1pct,2021-02-01T10:00:00+00:00,115.779497
full-history-3x-risk-1pct,2021-02-01T15:00:00+00:00,114.612375
full-history-3x-risk-1pct,2021-02-01T17:00:00+00:00,113.326347
full-history-3x-risk-1pct,2021-02-01T22:00:00+00:00,112.282055
full-history-3x-risk-1pct,2021-02-02T04:00:00+00:00,117.753364
full-history-3x-risk-1pct,2021-02-02T20:00:00+00:00,123.288286
full-history-3x-risk-1pct,2021-02-03T14:00:00+00:00,129.117073
full-history-3x-risk-1pct,2021-02-04T08:00:00+00:00,135.431454
full-history-3x-risk-1pct,2021-02-10T12:00:00+00:00,133.400813
full-history-3x-risk-1pct,2021-02-16T06:00:00+00:00,131.994084
full-history-3x-risk-1pct,2021-02-17T07:00:00+00:00,130.822095
full-history-3x-risk-1pct,2021-02-22T10:00:00+00:00,128.424756
full-history-3x-risk-1pct,2021-03-06T22:00:00+00:00,127.087558
full-history-3x-risk-1pct,2021-03-08T07:00:00+00:00,125.774579
full-history-3x-risk-1pct,2021-03-08T19:00:00+00:00,124.729784
full-history-3x-risk-1pct,2021-03-08T23:00:00+00:00,130.95161
full-history-3x-risk-1pct,2021-03-09T00:00:00+00:00,129.742651
full-history-3x-risk-1pct,2021-03-09T03:00:00+00:00,135.880469
full-history-3x-risk-1pct,2021-03-09T08:00:00+00:00,134.587397
full-history-3x-risk-1pct,2021-03-13T11:00:00+00:00,133.22602
full-history-3x-risk-1pct,2021-03-15T04:00:00+00:00,131.82683
full-history-3x-risk-1pct,2021-03-17T13:00:00+00:00,130.566003
full-history-3x-risk-1pct,2021-03-18T14:00:00+00:00,135.001787
full-history-3x-risk-1pct,2021-03-19T09:00:00+00:00,133.656407
full-history-3x-risk-1pct,2021-03-21T00:00:00+00:00,131.901799
full-history-3x-risk-1pct,2021-03-21T04:00:00+00:00,130.370149
full-history-3x-risk-1pct,2021-03-21T09:00:00+00:00,128.6572
full-history-3x-risk-1pct,2021-03-21T21:00:00+00:00,127.378274
full-history-3x-risk-1pct,2021-03-22T03:00:00+00:00,126.03655
full-history-3x-risk-1pct,2021-03-22T19:00:00+00:00,132.238501
full-history-3x-risk-1pct,2021-03-22T19:00:00+00:00,130.788011
full-history-3x-risk-1pct,2021-03-22T20:00:00+00:00,129.565996
full-history-3x-risk-1pct,2021-03-24T19:00:00+00:00,135.660334
full-history-3x-risk-1pct,2021-03-27T16:00:00+00:00,134.239442
full-history-3x-risk-1pct,2021-04-02T03:00:00+00:00,133.133598
full-history-3x-risk-1pct,2021-04-02T13:00:00+00:00,132.053298
full-history-3x-risk-1pct,2021-04-03T16:00:00+00:00,130.299803
full-history-3x-risk-1pct,2021-04-04T11:00:00+00:00,128.945849
full-history-3x-risk-1pct,2021-04-05T02:00:00+00:00,127.534904
full-history-3x-risk-1pct,2021-04-05T08:00:00+00:00,126.342618
full-history-3x-risk-1pct,2021-04-05T15:00:00+00:00,125.215667
full-history-3x-risk-1pct,2021-04-06T12:00:00+00:00,131.449042
full-history-3x-risk-1pct,2021-04-06T14:00:00+00:00,130.169184
full-history-3x-risk-1pct,2021-04-09T00:00:00+00:00,128.984481
full-history-3x-risk-1pct,2021-04-09T05:00:00+00:00,127.832059
full-history-3x-risk-1pct,2021-04-09T11:00:00+00:00,126.778215
full-history-3x-risk-1pct,2021-04-12T19:00:00+00:00,132.225227
full-history-3x-risk-1pct,2021-04-13T14:00:00+00:00,138.522039
full-history-3x-risk-1pct,2021-04-14T00:00:00+00:00,145.066658
full-history-3x-risk-1pct,2021-04-14T06:00:00+00:00,151.104586
full-history-3x-risk-1pct,2021-05-05T15:00:00+00:00,149.695316
full-history-3x-risk-1pct,2021-05-06T18:00:00+00:00,148.18888
full-history-3x-risk-1pct,2021-05-07T11:00:00+00:00,146.754645
full-history-3x-risk-1pct,2021-05-07T17:00:00+00:00,145.422851
full-history-3x-risk-1pct,2021-05-09T04:00:00+00:00,144.077314
full-history-3x-risk-1pct,2021-05-09T04:00:00+00:00,142.558293
full-history-3x-risk-1pct,2021-05-10T11:00:00+00:00,141.094064
full-history-3x-risk-1pct,2021-05-10T19:00:00+00:00,139.121631
full-history-3x-risk-1pct,2021-05-10T19:00:00+00:00,137.454121
full-history-3x-risk-1pct,2021-05-10T20:00:00+00:00,144.389981
full-history-3x-risk-1pct,2021-05-12T14:00:00+00:00,142.859576
full-history-3x-risk-1pct,2021-05-12T23:00:00+00:00,149.971002
full-history-3x-risk-1pct,2021-05-13T00:00:00+00:00,156.505963
full-history-3x-risk-1pct,2021-05-14T15:00:00+00:00,154.935615
full-history-3x-risk-1pct,2021-05-15T22:00:00+00:00,153.394743
full-history-3x-risk-1pct,2021-05-16T16:00:00+00:00,151.835172
full-history-3x-risk-1pct,2021-05-18T16:00:00+00:00,150.674287
full-history-3x-risk-1pct,2021-05-19T01:00:00+00:00,149.795416
full-history-3x-risk-1pct,2021-06-04T12:00:00+00:00,148.20171
full-history-3x-risk-1pct,2021-06-06T20:00:00+00:00,146.697759
full-history-3x-risk-1pct,2021-06-11T23:00:00+00:00,145.176558
full-history-3x-risk-1pct,2021-06-18T05:00:00+00:00,143.733303
full-history-3x-risk-1pct,2021-06-18T06:00:00+00:00,142.42443
full-history-3x-risk-1pct,2021-06-18T14:00:00+00:00,149.449264
full-history-3x-risk-1pct,2021-06-18T15:00:00+00:00,147.96009
full-history-3x-risk-1pct,2021-06-20T11:00:00+00:00,154.349759
full-history-3x-risk-1pct,2021-06-21T10:00:00+00:00,161.311116
full-history-3x-risk-1pct,2021-07-05T15:00:00+00:00,159.598727
full-history-3x-risk-1pct,2021-07-06T23:00:00+00:00,157.909173
full-history-3x-risk-1pct,2021-07-07T03:00:00+00:00,165.625503
full-history-3x-risk-1pct,2021-07-07T03:00:00+00:00,164.031903
full-history-3x-risk-1pct,2021-07-07T21:00:00+00:00,162.343356
full-history-3x-risk-1pct,2021-07-10T15:00:00+00:00,160.538661
full-history-3x-risk-1pct,2021-07-10T17:00:00+00:00,158.851068
full-history-3x-risk-1pct,2021-07-12T10:00:00+00:00,157.227458
full-history-3x-risk-1pct,2021-07-12T12:00:00+00:00,155.52961
full-history-3x-risk-1pct,2021-07-12T14:00:00+00:00,153.915905
full-history-3x-risk-1pct,2021-07-12T17:00:00+00:00,152.36627
full-history-3x-risk-1pct,2021-07-13T10:00:00+00:00,150.818451
full-history-3x-risk-1pct,2021-07-13T12:00:00+00:00,149.223646
full-history-3x-risk-1pct,2021-07-15T09:00:00+00:00,147.715402
full-history-3x-risk-1pct,2021-07-20T02:00:00+00:00,154.987163
full-history-3x-risk-1pct,2021-07-20T03:00:00+00:00,162.329097
full-history-3x-risk-1pct,2021-07-26T05:00:00+00:00,161.365382
full-history-3x-risk-1pct,2021-07-29T06:00:00+00:00,159.722347
full-history-3x-risk-1pct,2021-07-30T09:00:00+00:00,158.100545
full-history-3x-risk-1pct,2021-08-05T09:00:00+00:00,156.476993
full-history-3x-risk-1pct,2021-08-11T06:00:00+00:00,163.735608
full-history-3x-risk-1pct,2021-08-11T07:00:00+00:00,171.468974
full-history-3x-risk-1pct,2021-08-17T09:00:00+00:00,169.730788
full-history-3x-risk-1pct,2021-08-17T09:00:00+00:00,167.973459
full-history-3x-risk-1pct,2021-08-17T14:00:00+00:00,166.166048
full-history-3x-risk-1pct,2021-08-17T14:00:00+00:00,164.413148
full-history-3x-risk-1pct,2021-08-20T00:00:00+00:00,162.818242
full-history-3x-risk-1pct,2021-08-29T00:00:00+00:00,161.299651
full-history-3x-risk-1pct,2021-08-29T03:00:00+00:00,159.54569
full-history-3x-risk-1pct,2021-08-29T20:00:00+00:00,157.908827
full-history-3x-risk-1pct,2021-08-29T22:00:00+00:00,156.235025
full-history-3x-risk-1pct,2021-08-30T00:00:00+00:00,154.612329
full-history-3x-risk-1pct,2021-08-30T03:00:00+00:00,152.971354
full-history-3x-risk-1pct,2021-08-30T12:00:00+00:00,160.760375
full-history-3x-risk-1pct,2021-08-30T16:00:00+00:00,159.213922
full-history-3x-risk-1pct,2021-08-30T19:00:00+00:00,157.626305
full-history-3x-risk-1pct,2021-09-01T16:00:00+00:00,156.157835
full-history-3x-risk-1pct,2021-09-01T16:00:00+00:00,163.945322
full-history-3x-risk-1pct,2021-09-06T11:00:00+00:00,171.864383
full-history-3x-risk-1pct,2021-09-07T09:00:00+00:00,180.125306
full-history-3x-risk-1pct,2021-09-07T14:00:00+00:00,178.479308
full-history-3x-risk-1pct,2021-09-19T11:00:00+00:00,176.5426
full-history-3x-risk-1pct,2021-09-19T16:00:00+00:00,174.715099
full-history-3x-risk-1pct,2021-09-20T12:00:00+00:00,183.30543
full-history-3x-risk-1pct,2021-09-27T20:00:00+00:00,181.444933
full-history-3x-risk-1pct,2021-09-30T00:00:00+00:00,179.624891
full-history-3x-risk-1pct,2021-09-30T03:00:00+00:00,177.745706
full-history-3x-risk-1pct,2021-09-30T08:00:00+00:00,175.892426
full-history-3x-risk-1pct,2021-10-01T10:00:00+00:00,184.465177
full-history-3x-risk-1pct,2021-10-01T10:00:00+00:00,193.115133
full-history-3x-risk-1pct,2021-10-02T14:00:00+00:00,201.675113
full-history-3x-risk-1pct,2021-10-07T07:00:00+00:00,199.556394
full-history-3x-risk-1pct,2021-10-08T02:00:00+00:00,197.271066
full-history-3x-risk-1pct,2021-10-08T12:00:00+00:00,195.22228
full-history-3x-risk-1pct,2021-10-08T20:00:00+00:00,193.069113
full-history-3x-risk-1pct,2021-10-09T10:00:00+00:00,191.081392
full-history-3x-risk-1pct,2021-10-10T11:00:00+00:00,189.036496
full-history-3x-risk-1pct,2021-10-10T21:00:00+00:00,198.411257
full-history-3x-risk-1pct,2021-10-11T19:00:00+00:00,196.366152
full-history-3x-risk-1pct,2021-10-13T20:00:00+00:00,194.42433
full-history-3x-risk-1pct,2021-10-14T07:00:00+00:00,192.464098
full-history-3x-risk-1pct,2021-10-15T18:00:00+00:00,191.05238
full-history-3x-risk-1pct,2021-10-17T19:00:00+00:00,189.359372
full-history-3x-risk-1pct,2021-10-19T03:00:00+00:00,187.443063
full-history-3x-risk-1pct,2021-10-19T07:00:00+00:00,185.514282
full-history-3x-risk-1pct,2021-10-19T12:00:00+00:00,184.316145
full-history-3x-risk-1pct,2021-10-20T11:00:00+00:00,182.440415
full-history-3x-risk-1pct,2021-10-20T16:00:00+00:00,191.791689
full-history-3x-risk-1pct,2021-10-21T00:00:00+00:00,196.74502
full-history-3x-risk-1pct,2021-10-22T07:00:00+00:00,194.771872
full-history-3x-risk-1pct,2021-10-25T14:00:00+00:00,193.137012
full-history-3x-risk-1pct,2021-10-26T14:00:00+00:00,191.010716
full-history-3x-risk-1pct,2021-10-27T04:00:00+00:00,188.968958
full-history-3x-risk-1pct,2021-10-28T20:00:00+00:00,187.160806
full-history-3x-risk-1pct,2021-10-30T02:00:00+00:00,185.185998
full-history-3x-risk-1pct,2021-10-31T12:00:00+00:00,183.09057
full-history-3x-risk-1pct,2021-10-31T15:00:00+00:00,181.243927
full-history-3x-risk-1pct,2021-10-31T22:00:00+00:00,179.425216
full-history-3x-risk-1pct,2021-11-01T07:00:00+00:00,177.549831
full-history-3x-risk-1pct,2021-11-01T17:00:00+00:00,175.490092
full-history-3x-risk-1pct,2021-11-02T00:00:00+00:00,174.024298
full-history-3x-risk-1pct,2021-11-03T18:00:00+00:00,171.766349
full-history-3x-risk-1pct,2021-11-05T06:00:00+00:00,170.060805
full-history-3x-risk-1pct,2021-11-07T01:00:00+00:00,168.489573
full-history-3x-risk-1pct,2021-11-08T00:00:00+00:00,177.426819
full-history-3x-risk-1pct,2021-11-08T10:00:00+00:00,186.20514
full-history-3x-risk-1pct,2021-11-09T03:00:00+00:00,194.175673
full-history-3x-risk-1pct,2021-11-10T15:00:00+00:00,192.214519
full-history-3x-risk-1pct,2021-11-12T09:00:00+00:00,190.20466
full-history-3x-risk-1pct,2021-11-14T17:00:00+00:00,188.439836
full-history-3x-risk-1pct,2021-11-15T00:00:00+00:00,186.676922
full-history-3x-risk-1pct,2021-11-15T01:00:00+00:00,184.775756
full-history-3x-risk-1pct,2021-11-15T18:00:00+00:00,182.840668
full-history-3x-risk-1pct,2021-11-15T18:00:00+00:00,180.91581
full-history-3x-risk-1pct,2021-11-16T00:00:00+00:00,178.997765
full-history-3x-risk-1pct,2021-11-16T01:00:00+00:00,187.744641
full-history-3x-risk-1pct,2021-11-16T10:00:00+00:00,196.293614
full-history-3x-risk-1pct,2021-11-22T20:00:00+00:00,194.310072
full-history-3x-risk-1pct,2021-11-26T07:00:00+00:00,192.332089
full-history-3x-risk-1pct,2021-11-26T08:00:00+00:00,201.794439
full-history-3x-risk-1pct,2021-11-26T08:00:00+00:00,199.819186
full-history-3x-risk-1pct,2021-11-28T10:00:00+00:00,197.849014
full-history-3x-risk-1pct,2021-11-28T21:00:00+00:00,195.991772
full-history-3x-risk-1pct,2021-12-03T10:00:00+00:00,193.980812
full-history-3x-risk-1pct,2021-12-03T19:00:00+00:00,192.013973
full-history-3x-risk-1pct,2021-12-08T11:00:00+00:00,190.029038
full-history-3x-risk-1pct,2021-12-10T12:00:00+00:00,188.080048
full-history-3x-risk-1pct,2021-12-17T15:00:00+00:00,197.049697
full-history-3x-risk-1pct,2021-12-18T05:00:00+00:00,195.075865
full-history-3x-risk-1pct,2021-12-18T10:00:00+00:00,193.026888
full-history-3x-risk-1pct,2021-12-19T01:00:00+00:00,191.057047
full-history-3x-risk-1pct,2021-12-19T03:00:00+00:00,189.171521
full-history-3x-risk-1pct,2021-12-19T10:00:00+00:00,187.241689
full-history-3x-risk-1pct,2021-12-20T21:00:00+00:00,185.37648
full-history-3x-risk-1pct,2021-12-21T09:00:00+00:00,183.393924
full-history-3x-risk-1pct,2021-12-21T15:00:00+00:00,181.467423
full-history-3x-risk-1pct,2021-12-21T19:00:00+00:00,179.547811
full-history-3x-risk-1pct,2021-12-22T23:00:00+00:00,177.691685
full-history-3x-risk-1pct,2021-12-23T07:00:00+00:00,175.838081
full-history-3x-risk-1pct,2021-12-23T11:00:00+00:00,184.91532
full-history-3x-risk-1pct,2021-12-23T16:00:00+00:00,182.98339
full-history-3x-risk-1pct,2021-12-23T17:00:00+00:00,181.198882
full-history-3x-risk-1pct,2021-12-23T17:00:00+00:00,179.254359
full-history-3x-risk-1pct,2021-12-26T03:00:00+00:00,177.416372
full-history-3x-risk-1pct,2021-12-27T23:00:00+00:00,175.54953
full-history-3x-risk-1pct,2021-12-28T01:00:00+00:00,173.702109
full-history-3x-risk-1pct,2021-12-28T19:00:00+00:00,171.91639
full-history-3x-risk-1pct,2022-01-02T16:00:00+00:00,170.127454
full-history-3x-risk-1pct,2022-01-03T16:00:00+00:00,168.346797
full-history-3x-risk-1pct,2022-01-04T10:00:00+00:00,166.685902
full-history-3x-risk-1pct,2022-01-05T18:00:00+00:00,164.953832
full-history-3x-risk-1pct,2022-01-05T20:00:00+00:00,173.421933
full-history-3x-risk-1pct,2022-01-05T20:00:00+00:00,181.578784
full-history-3x-risk-1pct,2022-01-14T12:00:00+00:00,179.726827
full-history-3x-risk-1pct,2022-01-16T11:00:00+00:00,177.793839
full-history-3x-risk-1pct,2022-01-16T21:00:00+00:00,175.946409
full-history-3x-risk-1pct,2022-01-17T21:00:00+00:00,184.929446
full-history-3x-risk-1pct,2022-01-20T15:00:00+00:00,183.189871
full-history-3x-risk-1pct,2022-01-21T02:00:00+00:00,191.631696
full-history-3x-risk-1pct,2022-02-01T09:00:00+00:00,189.578138
full-history-3x-risk-1pct,2022-02-01T10:00:00+00:00,187.846804
full-history-3x-risk-1pct,2022-02-02T08:00:00+00:00,185.905144
full-history-3x-risk-1pct,2022-02-03T10:00:00+00:00,183.860978
full-history-3x-risk-1pct,2022-02-05T00:00:00+00:00,191.750285
full-history-3x-risk-1pct,2022-02-05T04:00:00+00:00,200.609969
full-history-3x-risk-1pct,2022-02-10T20:00:00+00:00,198.60701
full-history-3x-risk-1pct,2022-02-15T04:00:00+00:00,196.607303
full-history-3x-risk-1pct,2022-02-28T14:00:00+00:00,194.649889
full-history-3x-risk-1pct,2022-03-01T00:00:00+00:00,208.013682
full-history-3x-risk-1pct,2022-03-08T15:00:00+00:00,205.924666
full-history-3x-risk-1pct,2022-03-11T11:00:00+00:00,203.851454
full-history-3x-risk-1pct,2022-03-11T11:00:00+00:00,201.720452
full-history-3x-risk-1pct,2022-03-13T03:00:00+00:00,199.609223
full-history-3x-risk-1pct,2022-03-14T09:00:00+00:00,197.507095
full-history-3x-risk-1pct,2022-03-14T22:00:00+00:00,195.424248
full-history-3x-risk-1pct,2022-03-14T22:00:00+00:00,193.39957
full-history-3x-risk-1pct,2022-03-15T14:00:00+00:00,191.361184
full-history-3x-risk-1pct,2022-03-15T15:00:00+00:00,189.227076
full-history-3x-risk-1pct,2022-03-16T02:00:00+00:00,187.101275
full-history-3x-risk-1pct,2022-03-16T03:00:00+00:00,185.11484
full-history-3x-risk-1pct,2022-03-16T04:00:00+00:00,183.525278
full-history-3x-risk-1pct,2022-03-16T09:00:00+00:00,192.556543
full-history-3x-risk-1pct,2022-03-16T18:00:00+00:00,190.632787
full-history-3x-risk-1pct,2022-03-18T14:00:00+00:00,199.833635
full-history-3x-risk-1pct,2022-03-22T02:00:00+00:00,197.778214
full-history-3x-risk-1pct,2022-03-23T15:00:00+00:00,207.227031
full-history-3x-risk-1pct,2022-03-23T16:00:00+00:00,216.85404
full-history-3x-risk-1pct,2022-03-24T08:00:00+00:00,226.579239
full-history-3x-risk-1pct,2022-03-25T06:00:00+00:00,224.689361
full-history-3x-risk-1pct,2022-03-27T12:00:00+00:00,222.955898
full-history-3x-risk-1pct,2022-03-27T16:00:00+00:00,221.205878
full-history-3x-risk-1pct,2022-03-27T23:00:00+00:00,231.973542
full-history-3x-risk-1pct,2022-03-28T00:00:00+00:00,242.284581
full-history-3x-risk-1pct,2022-03-28T00:00:00+00:00,252.898126
full-history-3x-risk-1pct,2022-04-03T18:00:00+00:00,250.299879
full-history-3x-risk-1pct,2022-04-03T23:00:00+00:00,247.578924
full-history-3x-risk-1pct,2022-04-04T17:00:00+00:00,244.898582
full-history-3x-risk-1pct,2022-04-04T21:00:00+00:00,242.235798
full-history-3x-risk-1pct,2022-04-04T21:00:00+00:00,239.64678
full-history-3x-risk-1pct,2022-04-05T00:00:00+00:00,237.170672
full-history-3x-risk-1pct,2022-04-05T14:00:00+00:00,234.662657
full-history-3x-risk-1pct,2022-04-06T00:00:00+00:00,232.152451
full-history-3x-risk-1pct,2022-04-06T13:00:00+00:00,243.872628
full-history-3x-risk-1pct,2022-04-07T00:00:00+00:00,255.407715
full-history-3x-risk-1pct,2022-04-10T22:00:00+00:00,252.725386
full-history-3x-risk-1pct,2022-04-11T11:00:00+00:00,263.929393
full-history-3x-risk-1pct,2022-04-18T18:00:00+00:00,261.158638
full-history-3x-risk-1pct,2022-04-19T07:00:00+00:00,258.366433
full-history-3x-risk-1pct,2022-04-21T19:00:00+00:00,256.056103
full-history-3x-risk-1pct,2022-04-21T22:00:00+00:00,253.317454
full-history-3x-risk-1pct,2022-04-25T06:00:00+00:00,265.720674
full-history-3x-risk-1pct,2022-04-26T14:00:00+00:00,263.039275
full-history-3x-risk-1pct,2022-04-26T14:00:00+00:00,260.333381
full-history-3x-risk-1pct,2022-04-26T20:00:00+00:00,272.858583
full-history-3x-risk-1pct,2022-04-28T12:00:00+00:00,269.983762
full-history-3x-risk-1pct,2022-04-28T13:00:00+00:00,267.108716
full-history-3x-risk-1pct,2022-04-28T13:00:00+00:00,264.25782
full-history-3x-risk-1pct,2022-04-28T15:00:00+00:00,261.480821
full-history-3x-risk-1pct,2022-04-28T17:00:00+00:00,258.768297
full-history-3x-risk-1pct,2022-04-28T19:00:00+00:00,255.730122
full-history-3x-risk-1pct,2022-04-29T09:00:00+00:00,253.098521
full-history-3x-risk-1pct,2022-04-30T22:00:00+00:00,265.745324
full-history-3x-risk-1pct,2022-05-04T15:00:00+00:00,262.932203
full-history-3x-risk-1pct,2022-05-04T18:00:00+00:00,260.426055
full-history-3x-risk-1pct,2022-05-04T18:00:00+00:00,257.822356
full-history-3x-risk-1pct,2022-05-05T14:00:00+00:00,255.197734
full-history-3x-risk-1pct,2022-05-05T15:00:00+00:00,252.424272
full-history-3x-risk-1pct,2022-05-05T15:00:00+00:00,249.728177
full-history-3x-risk-1pct,2022-05-17T18:00:00+00:00,247.141013
full-history-3x-risk-1pct,2022-05-18T03:00:00+00:00,244.523277
full-history-3x-risk-1pct,2022-05-19T07:00:00+00:00,241.923558
full-history-3x-risk-1pct,2022-05-19T15:00:00+00:00,239.401576
full-history-3x-risk-1pct,2022-05-20T14:00:00+00:00,236.865039
full-history-3x-risk-1pct,2022-05-20T15:00:00+00:00,234.431163
full-history-3x-risk-1pct,2022-05-23T11:00:00+00:00,231.988741
full-history-3x-risk-1pct,2022-05-23T19:00:00+00:00,229.436538
full-history-3x-risk-1pct,2022-05-24T23:00:00+00:00,227.090654
full-history-3x-risk-1pct,2022-05-25T11:00:00+00:00,224.731444
full-history-3x-risk-1pct,2022-05-25T13:00:00+00:00,222.129267
full-history-3x-risk-1pct,2022-05-26T13:00:00+00:00,233.275751
full-history-3x-risk-1pct,2022-05-26T16:00:00+00:00,230.748473
full-history-3x-risk-1pct,2022-05-30T01:00:00+00:00,228.510912
full-history-3x-risk-1pct,2022-05-30T06:00:00+00:00,226.224839
full-history-3x-risk-1pct,2022-05-30T20:00:00+00:00,237.409325
full-history-3x-risk-1pct,2022-06-08T03:00:00+00:00,235.001434
full-history-3x-risk-1pct,2022-06-09T05:00:00+00:00,232.402301
full-history-3x-risk-1pct,2022-06-09T08:00:00+00:00,229.969034
full-history-3x-risk-1pct,2022-06-09T08:00:00+00:00,228.10026
full-history-3x-risk-1pct,2022-06-09T11:00:00+00:00,225.32658
full-history-3x-risk-1pct,2022-06-09T19:00:00+00:00,223.070581
full-history-3x-risk-1pct,2022-06-10T00:00:00+00:00,220.76005
full-history-3x-risk-1pct,2022-06-10T03:00:00+00:00,218.188966
full-history-3x-risk-1pct,2022-06-10T03:00:00+00:00,216.066016
full-history-3x-risk-1pct,2022-06-10T09:00:00+00:00,213.837004
full-history-3x-risk-1pct,2022-06-10T13:00:00+00:00,221.170544
full-history-3x-risk-1pct,2022-06-10T14:00:00+00:00,219.340431
full-history-3x-risk-1pct,2022-06-11T12:00:00+00:00,228.680958
full-history-3x-risk-1pct,2022-06-11T14:00:00+00:00,239.404923
full-history-3x-risk-1pct,2022-06-27T13:00:00+00:00,236.904909
full-history-3x-risk-1pct,2022-06-28T18:00:00+00:00,234.448882
full-history-3x-risk-1pct,2022-06-30T07:00:00+00:00,245.935296
full-history-3x-risk-1pct,2022-06-30T08:00:00+00:00,257.613547
full-history-3x-risk-1pct,2022-07-03T20:00:00+00:00,254.954631
full-history-3x-risk-1pct,2022-07-04T09:00:00+00:00,252.233761
full-history-3x-risk-1pct,2022-07-05T12:00:00+00:00,249.502252
full-history-3x-risk-1pct,2022-07-06T04:00:00+00:00,246.876185
full-history-3x-risk-1pct,2022-07-07T14:00:00+00:00,259.108298
full-history-3x-risk-1pct,2022-07-07T16:00:00+00:00,271.551934
full-history-3x-risk-1pct,2022-07-10T14:00:00+00:00,268.860569
full-history-3x-risk-1pct,2022-07-18T09:00:00+00:00,282.165317
full-history-3x-risk-1pct,2022-07-23T08:00:00+00:00,279.242005
full-history-3x-risk-1pct,2022-07-25T00:00:00+00:00,276.333694
full-history-3x-risk-1pct,2022-07-25T00:00:00+00:00,273.416542
full-history-3x-risk-1pct,2022-07-26T19:00:00+00:00,286.914553
full-history-3x-risk-1pct,2022-08-05T01:00:00+00:00,284.309279
full-history-3x-risk-1pct,2022-08-05T06:00:00+00:00,281.342682
full-history-3x-risk-1pct,2022-08-05T18:00:00+00:00,278.389671
full-history-3x-risk-1pct,2022-08-05T21:00:00+00:00,275.233757
full-history-3x-risk-1pct,2022-08-06T17:00:00+00:00,272.26228
full-history-3x-risk-1pct,2022-08-07T12:00:00+00:00,269.438157
full-history-3x-risk-1pct,2022-08-07T13:00:00+00:00,266.517083
full-history-3x-risk-1pct,2022-08-08T11:00:00+00:00,279.699709
full-history-3x-risk-1pct,2022-08-08T12:00:00+00:00,292.886643
full-history-3x-risk-1pct,2022-08-10T12:00:00+00:00,289.839991
full-history-3x-risk-1pct,2022-08-10T13:00:00+00:00,303.67238
full-history-3x-risk-1pct,2022-08-12T23:00:00+00:00,300.501183
full-history-3x-risk-1pct,2022-08-13T20:00:00+00:00,297.322003
full-history-3x-risk-1pct,2022-08-14T12:00:00+00:00,294.224999
full-history-3x-risk-1pct,2022-08-15T02:00:00+00:00,291.280649
full-history-3x-risk-1pct,2022-08-15T03:00:00+00:00,288.111941
full-history-3x-risk-1pct,2022-08-18T23:00:00+00:00,284.81976
full-history-3x-risk-1pct,2022-08-26T05:00:00+00:00,281.813235
full-history-3x-risk-1pct,2022-08-26T05:00:00+00:00,278.820791
full-history-3x-risk-1pct,2022-08-26T11:00:00+00:00,275.98019
full-history-3x-risk-1pct,2022-08-26T13:00:00+00:00,272.758368
full-history-3x-risk-1pct,2022-08-26T13:00:00+00:00,269.962308
full-history-3x-risk-1pct,2022-08-26T23:00:00+00:00,283.312102
full-history-3x-risk-1pct,2022-08-31T15:00:00+00:00,280.335231
full-history-3x-risk-1pct,2022-08-31T19:00:00+00:00,277.403511
full-history-3x-risk-1pct,2022-09-01T11:00:00+00:00,274.522293
full-history-3x-risk-1pct,2022-09-01T14:00:00+00:00,271.635465
full-history-3x-risk-1pct,2022-09-01T17:00:00+00:00,268.814125
full-history-3x-risk-1pct,2022-09-02T03:00:00+00:00,265.928468
full-history-3x-risk-1pct,2022-09-02T17:00:00+00:00,263.079724
full-history-3x-risk-1pct,2022-09-02T17:00:00+00:00,260.223605
full-history-3x-risk-1pct,2022-09-03T11:00:00+00:00,257.615541
full-history-3x-risk-1pct,2022-09-04T12:00:00+00:00,254.789693
full-history-3x-risk-1pct,2022-09-05T10:00:00+00:00,252.108642
full-history-3x-risk-1pct,2022-09-05T23:00:00+00:00,249.514258
full-history-3x-risk-1pct,2022-09-06T00:00:00+00:00,246.8264
full-history-3x-risk-1pct,2022-09-06T01:00:00+00:00,243.827278
full-history-3x-risk-1pct,2022-09-06T13:00:00+00:00,240.994437
full-history-3x-risk-1pct,2022-09-06T17:00:00+00:00,238.50224
full-history-3x-risk-1pct,2022-09-06T17:00:00+00:00,235.987557
full-history-3x-risk-1pct,2022-09-09T04:00:00+00:00,247.673136
full-history-3x-risk-1pct,2022-09-09T05:00:00+00:00,259.364867
full-history-3x-risk-1pct,2022-09-15T06:00:00+00:00,256.98257
full-history-3x-risk-1pct,2022-09-21T18:00:00+00:00,254.302401
full-history-3x-risk-1pct,2022-09-23T09:00:00+00:00,251.652842
full-history-3x-risk-1pct,2022-09-23T10:00:00+00:00,248.949687
full-history-3x-risk-1pct,2022-09-23T20:00:00+00:00,246.390089
full-history-3x-risk-1pct,2022-09-23T22:00:00+00:00,243.89419
full-history-3x-risk-1pct,2022-09-24T02:00:00+00:00,241.082238
full-history-3x-risk-1pct,2022-09-24T07:00:00+00:00,238.553334
full-history-3x-risk-1pct,2022-09-25T11:00:00+00:00,235.991823
full-history-3x-risk-1pct,2022-09-25T16:00:00+00:00,247.905958
full-history-3x-risk-1pct,2022-09-26T08:00:00+00:00,245.384648
full-history-3x-risk-1pct,2022-09-26T11:00:00+00:00,242.741329
full-history-3x-risk-1pct,2022-09-26T14:00:00+00:00,240.184543
full-history-3x-risk-1pct,2022-09-27T01:00:00+00:00,237.741926
full-history-3x-risk-1pct,2022-09-27T06:00:00+00:00,249.592078
full-history-3x-risk-1pct,2022-09-27T16:00:00+00:00,247.303821
full-history-3x-risk-1pct,2022-09-27T18:00:00+00:00,244.805127
full-history-3x-risk-1pct,2022-09-28T17:00:00+00:00,242.27497
full-history-3x-risk-1pct,2022-09-29T07:00:00+00:00,239.7389
full-history-3x-risk-1pct,2022-09-29T13:00:00+00:00,237.239162
full-history-3x-risk-1pct,2022-09-29T14:00:00+00:00,234.763458
full-history-3x-risk-1pct,2022-09-29T16:00:00+00:00,232.376951
full-history-3x-risk-1pct,2022-09-30T07:00:00+00:00,230.433338
full-history-3x-risk-1pct,2022-09-30T12:00:00+00:00,227.868377
full-history-3x-risk-1pct,2022-09-30T12:00:00+00:00,225.724337
full-history-3x-risk-1pct,2022-09-30T18:00:00+00:00,223.371887
full-history-3x-risk-1pct,2022-09-30T21:00:00+00:00,221.050968
full-history-3x-risk-1pct,2022-10-02T23:00:00+00:00,231.973551
full-history-3x-risk-1pct,2022-10-03T00:00:00+00:00,241.748311
full-history-3x-risk-1pct,2022-10-03T13:00:00+00:00,239.191285
full-history-3x-risk-1pct,2022-10-03T14:00:00+00:00,236.673938
full-history-3x-risk-1pct,2022-10-07T12:00:00+00:00,234.21456
full-history-3x-risk-1pct,2022-10-08T21:00:00+00:00,231.771517
full-history-3x-risk-1pct,2022-10-08T21:00:00+00:00,229.109565
full-history-3x-risk-1pct,2022-10-10T08:00:00+00:00,226.681971
full-history-3x-risk-1pct,2022-10-10T22:00:00+00:00,237.890736
full-history-3x-risk-1pct,2022-10-10T22:00:00+00:00,235.418173
full-history-3x-risk-1pct,2022-10-13T07:00:00+00:00,246.990359
full-history-3x-risk-1pct,2022-10-13T12:00:00+00:00,258.198519
full-history-3x-risk-1pct,2022-10-13T18:00:00+00:00,255.679921
full-history-3x-risk-1pct,2022-10-14T16:00:00+00:00,253.038494
full-history-3x-risk-1pct,2022-10-14T21:00:00+00:00,250.404581
full-history-3x-risk-1pct,2022-10-16T19:00:00+00:00,247.693932
full-history-3x-risk-1pct,2022-10-16T19:00:00+00:00,245.059648
full-history-3x-risk-1pct,2022-10-16T20:00:00+00:00,242.368261
full-history-3x-risk-1pct,2022-10-16T21:00:00+00:00,239.748649
full-history-3x-risk-1pct,2022-10-17T04:00:00+00:00,237.228754
full-history-3x-risk-1pct,2022-10-18T18:00:00+00:00,234.675495
full-history-3x-risk-1pct,2022-10-18T19:00:00+00:00,232.329726
full-history-3x-risk-1pct,2022-10-19T22:00:00+00:00,229.497373
full-history-3x-risk-1pct,2022-10-20T12:00:00+00:00,227.027836
full-history-3x-risk-1pct,2022-10-21T00:00:00+00:00,237.061362
full-history-3x-risk-1pct,2022-10-21T16:00:00+00:00,234.686821
full-history-3x-risk-1pct,2022-10-23T11:00:00+00:00,232.258796
full-history-3x-risk-1pct,2022-10-23T17:00:00+00:00,229.578792
full-history-3x-risk-1pct,2022-10-23T18:00:00+00:00,227.219785
full-history-3x-risk-1pct,2022-10-24T07:00:00+00:00,224.912155
full-history-3x-risk-1pct,2022-10-24T10:00:00+00:00,222.629562
full-history-3x-risk-1pct,2022-10-24T14:00:00+00:00,220.20427
full-history-3x-risk-1pct,2022-10-24T14:00:00+00:00,217.856354
full-history-3x-risk-1pct,2022-10-25T00:00:00+00:00,215.58876
full-history-3x-risk-1pct,2022-10-25T09:00:00+00:00,213.449752
full-history-3x-risk-1pct,2022-10-25T10:00:00+00:00,211.246364
full-history-3x-risk-1pct,2022-10-30T01:00:00+00:00,221.699348
full-history-3x-risk-1pct,2022-11-01T22:00:00+00:00,219.435546
full-history-3x-risk-1pct,2022-11-02T18:00:00+00:00,217.167197
full-history-3x-risk-1pct,2022-11-02T18:00:00+00:00,214.874704
full-history-3x-risk-1pct,2022-11-02T18:00:00+00:00,212.509806
full-history-3x-risk-1pct,2022-11-04T04:00:00+00:00,210.405074
full-history-3x-risk-1pct,2022-11-04T06:00:00+00:00,208.234445
full-history-3x-risk-1pct,2022-11-04T20:00:00+00:00,218.746185
full-history-3x-risk-1pct,2022-11-07T07:00:00+00:00,216.567641
full-history-3x-risk-1pct,2022-11-08T03:00:00+00:00,214.304492
full-history-3x-risk-1pct,2022-11-18T00:00:00+00:00,212.082505
full-history-3x-risk-1pct,2022-11-18T17:00:00+00:00,209.885079
full-history-3x-risk-1pct,2022-11-20T11:00:00+00:00,207.609711
full-history-3x-risk-1pct,2022-11-21T21:00:00+00:00,217.839525
full-history-3x-risk-1pct,2022-11-22T13:00:00+00:00,215.733793
full-history-3x-risk-1pct,2022-11-23T03:00:00+00:00,213.65023
full-history-3x-risk-1pct,2022-11-27T02:00:00+00:00,211.495309
full-history-3x-risk-1pct,2022-11-27T12:00:00+00:00,209.331679
full-history-3x-risk-1pct,2022-11-28T01:00:00+00:00,207.10732
full-history-3x-risk-1pct,2022-11-28T01:00:00+00:00,204.971334
full-history-3x-risk-1pct,2022-11-28T01:00:00+00:00,215.334233
full-history-3x-risk-1pct,2022-11-29T05:00:00+00:00,213.089971
full-history-3x-risk-1pct,2022-11-30T03:00:00+00:00,223.65513
full-history-3x-risk-1pct,2022-11-30T17:00:00+00:00,221.48392
full-history-3x-risk-1pct,2022-11-30T17:00:00+00:00,219.177076
full-history-3x-risk-1pct,2022-11-30T19:00:00+00:00,229.677784
full-history-3x-risk-1pct,2022-12-01T13:00:00+00:00,227.292031
full-history-3x-risk-1pct,2022-12-02T16:00:00+00:00,224.877857
full-history-3x-risk-1pct,2022-12-04T18:00:00+00:00,222.52913
full-history-3x-risk-1pct,2022-12-05T00:00:00+00:00,219.768658
full-history-3x-risk-1pct,2022-12-05T08:00:00+00:00,217.444468
full-history-3x-risk-1pct,2022-12-05T15:00:00+00:00,215.122955
full-history-3x-risk-1pct,2022-12-05T15:00:00+00:00,212.849898
full-history-3x-risk-1pct,2022-12-05T19:00:00+00:00,210.457382
full-history-3x-risk-1pct,2022-12-06T23:00:00+00:00,208.197691
full-history-3x-risk-1pct,2022-12-07T07:00:00+00:00,206.070618
full-history-3x-risk-1pct,2022-12-08T18:00:00+00:00,203.988483
full-history-3x-risk-1pct,2022-12-08T18:00:00+00:00,201.93211
full-history-3x-risk-1pct,2022-12-09T17:00:00+00:00,199.796171
full-history-3x-risk-1pct,2022-12-10T14:00:00+00:00,197.757301
full-history-3x-risk-1pct,2022-12-11T22:00:00+00:00,195.667006
full-history-3x-risk-1pct,2022-12-12T00:00:00+00:00,193.517432
full-history-3x-risk-1pct,2022-12-12T12:00:00+00:00,203.90669
full-history-3x-risk-1pct,2022-12-12T21:00:00+00:00,201.82706
full-history-3x-risk-1pct,2022-12-12T21:00:00+00:00,199.733535
full-history-3x-risk-1pct,2022-12-13T07:00:00+00:00,197.674172
full-history-3x-risk-1pct,2022-12-13T13:00:00+00:00,207.502352
full-history-3x-risk-1pct,2022-12-13T13:00:00+00:00,205.513036
full-history-3x-risk-1pct,2022-12-13T14:00:00+00:00,203.855957
full-history-3x-risk-1pct,2022-12-13T19:00:00+00:00,203.087809
full-history-3x-risk-1pct,2022-12-14T13:00:00+00:00,200.972653
full-history-3x-risk-1pct,2022-12-14T19:00:00+00:00,198.853489
full-history-3x-risk-1pct,2022-12-16T08:00:00+00:00,196.631683
full-history-3x-risk-1pct,2022-12-16T14:00:00+00:00,206.464938
full-history-3x-risk-1pct,2022-12-16T22:00:00+00:00,216.293171
full-history-3x-risk-1pct,2022-12-21T19:00:00+00:00,214.071603
full-history-3x-risk-1pct,2022-12-22T15:00:00+00:00,211.799737
full-history-3x-risk-1pct,2022-12-22T20:00:00+00:00,209.550261
full-history-3x-risk-1pct,2022-12-22T20:00:00+00:00,207.331064
full-history-3x-risk-1pct,2022-12-22T22:00:00+00:00,205.580967
full-history-3x-risk-1pct,2022-12-23T03:00:00+00:00,203.353673
full-history-3x-risk-1pct,2022-12-23T03:00:00+00:00,201.186908
full-history-3x-risk-1pct,2022-12-24T04:00:00+00:00,199.067841
full-history-3x-risk-1pct,2022-12-25T14:00:00+00:00,196.870088
full-history-3x-risk-1pct,2022-12-25T21:00:00+00:00,194.872424
full-history-3x-risk-1pct,2022-12-26T08:00:00+00:00,192.732703
full-history-3x-risk-1pct,2022-12-27T10:00:00+00:00,190.740309
full-history-3x-risk-1pct,2022-12-27T14:00:00+00:00,188.84782
full-history-3x-risk-1pct,2022-12-27T14:00:00+00:00,186.976681
full-history-3x-risk-1pct,2022-12-27T15:00:00+00:00,184.462184
full-history-3x-risk-1pct,2022-12-30T07:00:00+00:00,193.591346
full-history-3x-risk-1pct,2022-12-31T13:00:00+00:00,191.579627
full-history-3x-risk-1pct,2023-01-01T04:00:00+00:00,189.494459
full-history-3x-risk-1pct,2023-01-01T20:00:00+00:00,187.668442
full-history-3x-risk-1pct,2023-01-02T07:00:00+00:00,185.954554
full-history-3x-risk-1pct,2023-01-02T07:00:00+00:00,184.074947
full-history-3x-risk-1pct,2023-01-02T23:00:00+00:00,181.901111
full-history-3x-risk-1pct,2023-01-03T17:00:00+00:00,179.982421
full-history-3x-risk-1pct,2023-01-04T00:00:00+00:00,178.222943
full-history-3x-risk-1pct,2023-01-04T18:00:00+00:00,186.73486
full-history-3x-risk-1pct,2023-01-06T19:00:00+00:00,184.761622
full-history-3x-risk-1pct,2023-01-09T05:00:00+00:00,193.914657
full-history-3x-risk-1pct,2023-01-12T17:00:00+00:00,203.151099
full-history-3x-risk-1pct,2023-01-12T18:00:00+00:00,212.279428
full-history-3x-risk-1pct,2023-01-18T15:00:00+00:00,210.081945
full-history-3x-risk-1pct,2023-01-20T20:00:00+00:00,207.9246
full-history-3x-risk-1pct,2023-01-21T09:00:00+00:00,218.306961
full-history-3x-risk-1pct,2023-01-25T21:00:00+00:00,216.057853
full-history-3x-risk-1pct,2023-01-27T01:00:00+00:00,213.787708
full-history-3x-risk-1pct,2023-01-27T07:00:00+00:00,211.571139
full-history-3x-risk-1pct,2023-01-27T14:00:00+00:00,209.416339
full-history-3x-risk-1pct,2023-01-27T17:00:00+00:00,207.177279
full-history-3x-risk-1pct,2023-01-27T17:00:00+00:00,204.983941
full-history-3x-risk-1pct,2023-01-28T10:00:00+00:00,202.741076
full-history-3x-risk-1pct,2023-01-28T13:00:00+00:00,200.626942
full-history-3x-risk-1pct,2023-01-29T00:00:00+00:00,198.582437
full-history-3x-risk-1pct,2023-01-29T01:00:00+00:00,196.337381
full-history-3x-risk-1pct,2023-01-29T01:00:00+00:00,194.283303
full-history-3x-risk-1pct,2023-01-30T00:00:00+00:00,203.848276
full-history-3x-risk-1pct,2023-01-30T19:00:00+00:00,201.436708
full-history-3x-risk-1pct,2023-01-30T19:00:00+00:00,199.257103
full-history-3x-risk-1pct,2023-01-31T16:00:00+00:00,197.217555
full-history-3x-risk-1pct,2023-02-01T06:00:00+00:00,194.991299
full-history-3x-risk-1pct,2023-02-01T08:00:00+00:00,192.920579
full-history-3x-risk-1pct,2023-02-01T19:00:00+00:00,190.858973
full-history-3x-risk-1pct,2023-02-01T19:00:00+00:00,188.825831
full-history-3x-risk-1pct,2023-02-03T13:00:00+00:00,186.815429
full-history-3x-risk-1pct,2023-02-03T19:00:00+00:00,184.857852
full-history-3x-risk-1pct,2023-02-04T05:00:00+00:00,182.860762
full-history-3x-risk-1pct,2023-02-04T23:00:00+00:00,180.949477
full-history-3x-risk-1pct,2023-02-06T16:00:00+00:00,179.054841
full-history-3x-risk-1pct,2023-02-07T05:00:00+00:00,188.255005
full-history-3x-risk-1pct,2023-02-07T17:00:00+00:00,186.412319
full-history-3x-risk-1pct,2023-02-07T18:00:00+00:00,184.425959
full-history-3x-risk-1pct,2023-02-08T00:00:00+00:00,192.216301
full-history-3x-risk-1pct,2023-02-08T15:00:00+00:00,190.191863
full-history-3x-risk-1pct,2023-02-09T03:00:00+00:00,199.132168
full-history-3x-risk-1pct,2023-02-09T07:00:00+00:00,196.943079
full-history-3x-risk-1pct,2023-02-09T21:00:00+00:00,206.349165
full-history-3x-risk-1pct,2023-02-09T21:00:00+00:00,215.719293
full-history-3x-risk-1pct,2023-02-09T21:00:00+00:00,225.390268
full-history-3x-risk-1pct,2023-02-14T14:00:00+00:00,223.115512
full-history-3x-risk-1pct,2023-02-15T20:00:00+00:00,234.16046
full-history-3x-risk-1pct,2023-02-16T00:00:00+00:00,245.135243
full-history-3x-risk-1pct,2023-02-18T19:00:00+00:00,242.493265
full-history-3x-risk-1pct,2023-02-19T03:00:00+00:00,239.96963
full-history-3x-risk-1pct,2023-02-19T15:00:00+00:00,237.509972
full-history-3x-risk-1pct,2023-02-21T08:00:00+00:00,234.98298
full-history-3x-risk-1pct,2023-02-22T08:00:00+00:00,246.556263
full-history-3x-risk-1pct,2023-02-22T16:00:00+00:00,258.147465
full-history-3x-risk-1pct,2023-02-23T02:00:00+00:00,255.594013
full-history-3x-risk-1pct,2023-02-28T07:00:00+00:00,266.060257
full-history-3x-risk-1pct,2023-02-28T20:00:00+00:00,262.97366
full-history-3x-risk-1pct,2023-03-01T03:00:00+00:00,260.172649
full-history-3x-risk-1pct,2023-03-02T07:00:00+00:00,257.435062
full-history-3x-risk-1pct,2023-03-03T01:00:00+00:00,262.536741
full-history-3x-risk-1pct,2023-03-03T01:00:00+00:00,275.046642
full-history-3x-risk-1pct,2023-03-03T01:00:00+00:00,287.773656
full-history-3x-risk-1pct,2023-03-08T15:00:00+00:00,284.757737
full-history-3x-risk-1pct,2023-03-08T22:00:00+00:00,281.66937
full-history-3x-risk-1pct,2023-03-09T18:00:00+00:00,295.789973
full-history-3x-risk-1pct,2023-03-09T20:00:00+00:00,309.988694
full-history-3x-risk-1pct,2023-03-18T00:00:00+00:00,325.326088
full-history-3x-risk-1pct,2023-03-22T09:00:00+00:00,322.575972
full-history-3x-risk-1pct,2023-03-22T19:00:00+00:00,319.211545
full-history-3x-risk-1pct,2023-03-22T19:00:00+00:00,316.244894
full-history-3x-risk-1pct,2023-03-23T14:00:00+00:00,312.964018
full-history-3x-risk-1pct,2023-03-23T18:00:00+00:00,309.671754
full-history-3x-risk-1pct,2023-03-24T10:00:00+00:00,306.630465
full-history-3x-risk-1pct,2023-03-24T11:00:00+00:00,303.36541
full-history-3x-risk-1pct,2023-03-29T08:00:00+00:00,300.59364
full-history-3x-risk-1pct,2023-03-30T02:00:00+00:00,297.556588
full-history-3x-risk-1pct,2023-03-31T14:00:00+00:00,294.425382
full-history-3x-risk-1pct,2023-04-03T01:00:00+00:00,291.281699
full-history-3x-risk-1pct,2023-04-03T01:00:00+00:00,288.198889
full-history-3x-risk-1pct,2023-04-03T08:00:00+00:00,285.258304
full-history-3x-risk-1pct,2023-04-03T20:00:00+00:00,282.24628
full-history-3x-risk-1pct,2023-04-04T10:00:00+00:00,279.313929
full-history-3x-risk-1pct,2023-04-04T12:00:00+00:00,276.402171
full-history-3x-risk-1pct,2023-04-05T14:00:00+00:00,273.472476
full-history-3x-risk-1pct,2023-04-05T14:00:00+00:00,270.58998
full-history-3x-risk-1pct,2023-04-06T06:00:00+00:00,267.811311
full-history-3x-risk-1pct,2023-04-06T16:00:00+00:00,264.845502
full-history-3x-risk-1pct,2023-04-06T16:00:00+00:00,263.132977
full-history-3x-risk-1pct,2023-04-06T16:00:00+00:00,260.326063
full-history-3x-risk-1pct,2023-04-06T20:00:00+00:00,257.659397
full-history-3x-risk-1pct,2023-04-09T21:00:00+00:00,254.820225
full-history-3x-risk-1pct,2023-04-10T22:00:00+00:00,267.392682
full-history-3x-risk-1pct,2023-04-11T00:00:00+00:00,264.91173
full-history-3x-risk-1pct,2023-04-12T02:00:00+00:00,262.123498
full-history-3x-risk-1pct,2023-04-12T13:00:00+00:00,259.412093
full-history-3x-risk-1pct,2023-04-12T16:00:00+00:00,256.750824
full-history-3x-risk-1pct,2023-04-14T00:00:00+00:00,269.368531
full-history-3x-risk-1pct,2023-04-14T05:00:00+00:00,265.118574
full-history-3x-risk-1pct,2023-04-18T11:00:00+00:00,262.376343
full-history-3x-risk-1pct,2023-04-19T08:00:00+00:00,259.585811
full-history-3x-risk-1pct,2023-04-19T08:00:00+00:00,256.882371
full-history-3x-risk-1pct,2023-04-19T08:00:00+00:00,254.106068
full-history-3x-risk-1pct,2023-04-26T20:00:00+00:00,252.524857
full-history-3x-risk-1pct,2023-04-27T14:00:00+00:00,249.713191
full-history-3x-risk-1pct,2023-04-27T16:00:00+00:00,247.184504
full-history-3x-risk-1pct,2023-04-27T17:00:00+00:00,244.361679
full-history-3x-risk-1pct,2023-04-28T11:00:00+00:00,241.810829
full-history-3x-risk-1pct,2023-04-29T02:00:00+00:00,239.317282
full-history-3x-risk-1pct,2023-04-29T02:00:00+00:00,236.890755
full-history-3x-risk-1pct,2023-04-29T13:00:00+00:00,234.440483
full-history-3x-risk-1pct,2023-04-29T17:00:00+00:00,232.006399
full-history-3x-risk-1pct,2023-04-29T17:00:00+00:00,229.558082
full-history-3x-risk-1pct,2023-04-29T17:00:00+00:00,227.132329
full-history-3x-risk-1pct,2023-04-30T00:00:00+00:00,224.737978
full-history-3x-risk-1pct,2023-04-30T15:00:00+00:00,222.407126
full-history-3x-risk-1pct,2023-04-30T19:00:00+00:00,219.83486
full-history-3x-risk-1pct,2023-04-30T19:00:00+00:00,217.543803
full-history-3x-risk-1pct,2023-04-30T23:00:00+00:00,214.933508
full-history-3x-risk-1pct,2023-05-01T19:00:00+00:00,225.561789
full-history-3x-risk-1pct,2023-05-03T12:00:00+00:00,223.142824
full-history-3x-risk-1pct,2023-05-03T21:00:00+00:00,220.865778
full-history-3x-risk-1pct,2023-05-04T12:00:00+00:00,218.574904
full-history-3x-risk-1pct,2023-05-04T13:00:00+00:00,216.277881
full-history-3x-risk-1pct,2023-05-05T16:00:00+00:00,214.159609
full-history-3x-risk-1pct,2023-05-05T16:00:00+00:00,211.27169
full-history-3x-risk-1pct,2023-05-06T03:00:00+00:00,209.030678
full-history-3x-risk-1pct,2023-05-06T08:00:00+00:00,207.023713
full-history-3x-risk-1pct,2023-05-06T14:00:00+00:00,204.738446
full-history-3x-risk-1pct,2023-05-07T14:00:00+00:00,202.597073
full-history-3x-risk-1pct,2023-05-07T23:00:00+00:00,200.426866
full-history-3x-risk-1pct,2023-05-08T18:00:00+00:00,210.553408
full-history-3x-risk-1pct,2023-05-10T17:00:00+00:00,220.415799
full-history-3x-risk-1pct,2023-05-14T00:00:00+00:00,218.107706
full-history-3x-risk-1pct,2023-05-14T19:00:00+00:00,215.738379
full-history-3x-risk-1pct,2023-05-15T00:00:00+00:00,213.475241
full-history-3x-risk-1pct,2023-05-16T01:00:00+00:00,211.21511
full-history-3x-risk-1pct,2023-05-17T07:00:00+00:00,208.992889
full-history-3x-risk-1pct,2023-05-17T19:00:00+00:00,206.893627
full-history-3x-risk-1pct,2023-05-17T19:00:00+00:00,204.707847
full-history-3x-risk-1pct,2023-05-18T14:00:00+00:00,202.444565
full-history-3x-risk-1pct,2023-05-18T15:00:00+00:00,200.309339
full-history-3x-risk-1pct,2023-05-18T22:00:00+00:00,198.243835
full-history-3x-risk-1pct,2023-05-24T04:00:00+00:00,208.052845
full-history-3x-risk-1pct,2023-05-28T00:00:00+00:00,206.010626
full-history-3x-risk-1pct,2023-05-28T22:00:00+00:00,204.256176
full-history-3x-risk-1pct,2023-05-29T02:00:00+00:00,202.134466
full-history-3x-risk-1pct,2023-05-29T11:00:00+00:00,199.760664
full-history-3x-risk-1pct,2023-05-30T15:00:00+00:00,197.667858
full-history-3x-risk-1pct,2023-06-02T00:00:00+00:00,195.427561
full-history-3x-risk-1pct,2023-06-05T15:00:00+00:00,205.04448
full-history-3x-risk-1pct,2023-06-05T15:00:00+00:00,202.956133
full-history-3x-risk-1pct,2023-06-07T09:00:00+00:00,200.831295
full-history-3x-risk-1pct,2023-06-07T10:00:00+00:00,198.712582
full-history-3x-risk-1pct,2023-06-07T21:00:00+00:00,208.498982
full-history-3x-risk-1pct,2023-06-08T15:00:00+00:00,206.360924
full-history-3x-risk-1pct,2023-06-10T04:00:00+00:00,216.571293
full-history-3x-risk-1pct,2023-06-14T12:00:00+00:00,214.185344
full-history-3x-risk-1pct,2023-06-14T20:00:00+00:00,224.406969
full-history-3x-risk-1pct,2023-06-17T04:00:00+00:00,222.056325
full-history-3x-risk-1pct,2023-06-17T20:00:00+00:00,219.718946
full-history-3x-risk-1pct,2023-06-19T00:00:00+00:00,217.520136
full-history-3x-risk-1pct,2023-06-19T13:00:00+00:00,215.277688
full-history-3x-risk-1pct,2023-06-20T17:00:00+00:00,225.931764
full-history-3x-risk-1pct,2023-06-21T00:00:00+00:00,237.002006
full-history-3x-risk-1pct,2023-06-21T01:00:00+00:00,234.605271
full-history-3x-risk-1pct,2023-06-22T14:00:00+00:00,232.160416
full-history-3x-risk-1pct,2023-06-23T15:00:00+00:00,229.716909
full-history-3x-risk-1pct,2023-06-24T08:00:00+00:00,227.255673
full-history-3x-risk-1pct,2023-06-25T03:00:00+00:00,224.856114
full-history-3x-risk-1pct,2023-06-25T13:00:00+00:00,222.516731
full-history-3x-risk-1pct,2023-06-26T01:00:00+00:00,220.17555
full-history-3x-risk-1pct,2023-06-26T07:00:00+00:00,217.902704
full-history-3x-risk-1pct,2023-06-26T13:00:00+00:00,229.029484
full-history-3x-risk-1pct,2023-06-26T16:00:00+00:00,226.825005
full-history-3x-risk-1pct,2023-06-26T16:00:00+00:00,224.192127
full-history-3x-risk-1pct,2023-06-27T10:00:00+00:00,221.838057
full-history-3x-risk-1pct,2023-06-28T00:00:00+00:00,219.520037
full-history-3x-risk-1pct,2023-06-28T12:00:00+00:00,217.198101
full-history-3x-risk-1pct,2023-06-28T19:00:00+00:00,228.281467
full-history-3x-risk-1pct,2023-06-29T09:00:00+00:00,225.904
full-history-3x-risk-1pct,2023-06-30T04:00:00+00:00,223.582429
full-history-3x-risk-1pct,2023-06-30T13:00:00+00:00,221.16805
full-history-3x-risk-1pct,2023-06-30T13:00:00+00:00,218.811976
full-history-3x-risk-1pct,2023-06-30T13:00:00+00:00,216.455378
full-history-3x-risk-1pct,2023-06-30T16:00:00+00:00,214.157581
full-history-3x-risk-1pct,2023-06-30T17:00:00+00:00,211.782629
full-history-3x-risk-1pct,2023-06-30T17:00:00+00:00,209.16538
full-history-3x-risk-1pct,2023-07-01T01:00:00+00:00,206.790169
full-history-3x-risk-1pct,2023-07-01T13:00:00+00:00,204.639437
full-history-3x-risk-1pct,2023-07-02T02:00:00+00:00,202.437306
full-history-3x-risk-1pct,2023-07-02T09:00:00+00:00,200.50573
full-history-3x-risk-1pct,2023-07-02T15:00:00+00:00,198.478634
full-history-3x-risk-1pct,2023-07-02T22:00:00+00:00,196.34058
full-history-3x-risk-1pct,2023-07-02T22:00:00+00:00,194.208767
full-history-3x-risk-1pct,2023-07-04T03:00:00+00:00,203.788439
full-history-3x-risk-1pct,2023-07-05T08:00:00+00:00,201.723051
full-history-3x-risk-1pct,2023-07-05T10:00:00+00:00,199.493692
full-history-3x-risk-1pct,2023-07-05T10:00:00+00:00,197.300492
full-history-3x-risk-1pct,2023-07-06T14:00:00+00:00,207.27916
full-history-3x-risk-1pct,2023-07-08T03:00:00+00:00,205.408258
full-history-3x-risk-1pct,2023-07-10T00:00:00+00:00,203.245848
full-history-3x-risk-1pct,2023-07-10T18:00:00+00:00,201.126732
full-history-3x-risk-1pct,2023-07-10T19:00:00+00:00,199.021207
full-history-3x-risk-1pct,2023-07-10T22:00:00+00:00,196.928234
full-history-3x-risk-1pct,2023-07-10T22:00:00+00:00,194.863335
full-history-3x-risk-1pct,2023-07-11T00:00:00+00:00,192.85938
full-history-3x-risk-1pct,2023-07-11T14:00:00+00:00,190.632433
full-history-3x-risk-1pct,2023-07-11T20:00:00+00:00,188.6829
full-history-3x-risk-1pct,2023-07-12T01:00:00+00:00,186.795642
full-history-3x-risk-1pct,2023-07-12T19:00:00+00:00,184.696161
full-history-3x-risk-1pct,2023-07-12T19:00:00+00:00,182.70399
full-history-3x-risk-1pct,2023-07-13T07:00:00+00:00,180.686121
full-history-3x-risk-1pct,2023-07-13T09:00:00+00:00,178.783264
full-history-3x-risk-1pct,2023-07-13T15:00:00+00:00,176.795392
full-history-3x-risk-1pct,2023-07-13T15:00:00+00:00,185.647449
full-history-3x-risk-1pct,2023-07-13T15:00:00+00:00,194.746212
full-history-3x-risk-1pct,2023-07-13T16:00:00+00:00,192.558139
full-history-3x-risk-1pct,2023-07-17T05:00:00+00:00,190.573981
full-history-3x-risk-1pct,2023-07-17T10:00:00+00:00,188.558862
full-history-3x-risk-1pct,2023-07-17T17:00:00+00:00,186.616714
full-history-3x-risk-1pct,2023-07-18T06:00:00+00:00,184.701164
full-history-3x-risk-1pct,2023-08-07T16:00:00+00:00,193.983692
full-history-3x-risk-1pct,2023-08-07T22:00:00+00:00,191.994118
full-history-3x-risk-1pct,2023-08-08T12:00:00+00:00,190.171735
full-history-3x-risk-1pct,2023-08-16T12:00:00+00:00,187.986607
full-history-3x-risk-1pct,2023-08-17T21:00:00+00:00,197.391216
full-history-3x-risk-1pct,2023-08-17T21:00:00+00:00,206.23024
full-history-3x-risk-1pct,2023-08-24T14:00:00+00:00,204.11291
full-history-3x-risk-1pct,2023-08-24T15:00:00+00:00,201.995468
full-history-3x-risk-1pct,2023-08-25T14:00:00+00:00,199.907192
full-history-3x-risk-1pct,2023-08-29T14:00:00+00:00,197.816711
full-history-3x-risk-1pct,2023-08-29T14:00:00+00:00,195.702243
full-history-3x-risk-1pct,2023-08-29T14:00:00+00:00,193.643212
full-history-3x-risk-1pct,2023-08-29T14:00:00+00:00,191.633459
full-history-3x-risk-1pct,2023-08-30T03:00:00+00:00,189.601319
full-history-3x-risk-1pct,2023-08-31T15:00:00+00:00,187.665002
full-history-3x-risk-1pct,2023-08-31T17:00:00+00:00,185.756864
full-history-3x-risk-1pct,2023-09-01T14:00:00+00:00,183.785561
full-history-3x-risk-1pct,2023-09-02T15:00:00+00:00,181.852905
full-history-3x-risk-1pct,2023-09-05T02:00:00+00:00,179.917771
full-history-3x-risk-1pct,2023-09-05T09:00:00+00:00,178.025833
full-history-3x-risk-1pct,2023-09-06T17:00:00+00:00,176.144095
full-history-3x-risk-1pct,2023-09-06T19:00:00+00:00,175.589923
full-history-3x-risk-1pct,2023-09-07T21:00:00+00:00,173.763319
full-history-3x-risk-1pct,2023-09-08T10:00:00+00:00,171.965576
full-history-3x-risk-1pct,2023-09-10T04:00:00+00:00,181.341953
full-history-3x-risk-1pct,2023-09-10T04:00:00+00:00,190.513133
full-history-3x-risk-1pct,2023-09-10T04:00:00+00:00,199.01772
full-history-3x-risk-1pct,2023-09-11T14:00:00+00:00,208.853934
full-history-3x-risk-1pct,2023-09-14T00:00:00+00:00,206.720933
full-history-3x-risk-1pct,2023-09-14T01:00:00+00:00,204.544397
full-history-3x-risk-1pct,2023-09-15T02:00:00+00:00,202.498427
full-history-3x-risk-1pct,2023-09-15T08:00:00+00:00,200.45804
full-history-3x-risk-1pct,2023-09-17T18:00:00+00:00,198.392567
full-history-3x-risk-1pct,2023-09-18T09:00:00+00:00,196.395178
full-history-3x-risk-1pct,2023-09-18T12:00:00+00:00,206.702207
full-history-3x-risk-1pct,2023-09-18T17:00:00+00:00,204.625235
full-history-3x-risk-1pct,2023-09-18T22:00:00+00:00,202.482984
full-history-3x-risk-1pct,2023-09-20T03:00:00+00:00,200.257478
full-history-3x-risk-1pct,2023-09-21T10:00:00+00:00,198.094253
full-history-3x-risk-1pct,2023-09-21T10:00:00+00:00,196.004601
full-history-3x-risk-1pct,2023-09-26T21:00:00+00:00,193.949197
full-history-3x-risk-1pct,2023-09-26T21:00:00+00:00,191.819571
full-history-3x-risk-1pct,2023-09-27T11:00:00+00:00,189.870556
full-history-3x-risk-1pct,2023-09-27T11:00:00+00:00,187.792646
full-history-3x-risk-1pct,2023-09-27T14:00:00+00:00,185.877623
full-history-3x-risk-1pct,2023-09-27T14:00:00+00:00,183.947553
full-history-3x-risk-1pct,2023-09-28T01:00:00+00:00,181.969732
full-history-3x-risk-1pct,2023-09-28T10:00:00+00:00,180.058137
full-history-3x-risk-1pct,2023-09-28T15:00:00+00:00,178.043855
full-history-3x-risk-1pct,2023-10-01T22:00:00+00:00,187.04765
full-history-3x-risk-1pct,2023-10-04T00:00:00+00:00,185.075184
full-history-3x-risk-1pct,2023-10-06T21:00:00+00:00,183.145172
full-history-3x-risk-1pct,2023-10-07T06:00:00+00:00,181.168716
full-history-3x-risk-1pct,2023-10-07T08:00:00+00:00,179.353019
full-history-3x-risk-1pct,2023-10-08T04:00:00+00:00,177.462724
full-history-3x-risk-1pct,2023-10-08T13:00:00+00:00,175.554543
full-history-3x-risk-1pct,2023-10-09T09:00:00+00:00,184.719045
full-history-3x-risk-1pct,2023-10-09T11:00:00+00:00,192.919955
full-history-3x-risk-1pct,2023-10-15T13:00:00+00:00,190.929098
full-history-3x-risk-1pct,2023-10-16T02:00:00+00:00,189.041101
full-history-3x-risk-1pct,2023-10-16T12:00:00+00:00,198.393857
full-history-3x-risk-1pct,2023-10-16T13:00:00+00:00,207.085914
full-history-3x-risk-1pct,2023-10-16T15:00:00+00:00,204.860331
full-history-3x-risk-1pct,2023-10-17T12:00:00+00:00,214.993159
full-history-3x-risk-1pct,2023-10-17T18:00:00+00:00,212.794256
full-history-3x-risk-1pct,2023-10-18T11:00:00+00:00,210.59335
full-history-3x-risk-1pct,2023-10-20T03:00:00+00:00,208.544072
full-history-3x-risk-1pct,2023-10-20T17:00:00+00:00,206.463073
full-history-3x-risk-1pct,2023-10-21T06:00:00+00:00,204.292359
full-history-3x-risk-1pct,2023-10-21T12:00:00+00:00,202.169482
full-history-3x-risk-1pct,2023-10-23T22:00:00+00:00,212.172673
full-history-3x-risk-1pct,2023-10-24T02:00:00+00:00,222.389565
full-history-3x-risk-1pct,2023-10-24T09:00:00+00:00,232.383506
full-history-3x-risk-1pct,2023-10-27T05:00:00+00:00,229.907481
full-history-3x-risk-1pct,2023-10-27T17:00:00+00:00,227.545489
full-history-3x-risk-1pct,2023-10-31T13:00:00+00:00,225.075718
full-history-3x-risk-1pct,2023-11-01T14:00:00+00:00,222.600852
full-history-3x-risk-1pct,2023-11-01T14:00:00+00:00,220.157551
full-history-3x-risk-1pct,2023-11-01T18:00:00+00:00,217.883598
full-history-3x-risk-1pct,2023-11-01T18:00:00+00:00,215.522562
full-history-3x-risk-1pct,2023-11-02T13:00:00+00:00,213.080777
full-history-3x-risk-1pct,2023-11-04T06:00:00+00:00,210.857218
full-history-3x-risk-1pct,2023-11-04T21:00:00+00:00,221.29646
full-history-3x-risk-1pct,2023-11-05T01:00:00+00:00,231.936988
full-history-3x-risk-1pct,2023-11-05T17:00:00+00:00,243.141895
full-history-3x-risk-1pct,2023-11-05T21:00:00+00:00,240.624834
full-history-3x-risk-1pct,2023-11-06T01:00:00+00:00,238.13223
full-history-3x-risk-1pct,2023-11-06T05:00:00+00:00,235.677227
full-history-3x-risk-1pct,2023-11-06T22:00:00+00:00,247.157931
full-history-3x-risk-1pct,2023-11-07T09:00:00+00:00,244.574999
full-history-3x-risk-1pct,2023-11-07T09:00:00+00:00,242.019363
full-history-3x-risk-1pct,2023-11-07T18:00:00+00:00,239.441696
full-history-3x-risk-1pct,2023-11-07T23:00:00+00:00,236.958881
full-history-3x-risk-1pct,2023-11-08T03:00:00+00:00,234.521489
full-history-3x-risk-1pct,2023-11-08T10:00:00+00:00,232.042508
full-history-3x-risk-1pct,2023-11-09T01:00:00+00:00,243.508948
full-history-3x-risk-1pct,2023-11-09T14:00:00+00:00,254.996124
full-history-3x-risk-1pct,2023-11-09T14:00:00+00:00,266.476688
full-history-3x-risk-1pct,2023-11-09T16:00:00+00:00,263.87343
full-history-3x-risk-1pct,2023-11-10T18:00:00+00:00,261.083325
full-history-3x-risk-1pct,2023-11-12T00:00:00+00:00,258.338877
full-history-3x-risk-1pct,2023-11-13T11:00:00+00:00,255.645902
full-history-3x-risk-1pct,2023-11-13T21:00:00+00:00,252.949281
full-history-3x-risk-1pct,2023-11-14T12:00:00+00:00,250.354095
full-history-3x-risk-1pct,2023-11-14T18:00:00+00:00,263.037498
full-history-3x-risk-1pct,2023-11-15T18:00:00+00:00,260.520082
full-history-3x-risk-1pct,2023-11-16T00:00:00+00:00,257.911984
full-history-3x-risk-1pct,2023-11-16T14:00:00+00:00,255.215112
full-history-3x-risk-1pct,2023-11-17T07:00:00+00:00,252.581668
full-history-3x-risk-1pct,2023-11-17T17:00:00+00:00,249.995841
full-history-3x-risk-1pct,2023-11-18T22:00:00+00:00,247.121194
full-history-3x-risk-1pct,2023-11-20T02:00:00+00:00,244.484877
full-history-3x-risk-1pct,2023-11-20T14:00:00+00:00,241.948477
full-history-3x-risk-1pct,2023-11-20T17:00:00+00:00,239.249204
full-history-3x-risk-1pct,2023-11-21T11:00:00+00:00,236.712222
full-history-3x-risk-1pct,2023-11-21T14:00:00+00:00,234.185986
full-history-3x-risk-1pct,2023-11-22T18:00:00+00:00,231.807811
full-history-3x-risk-1pct,2023-11-22T18:00:00+00:00,229.430463
full-history-3x-risk-1pct,2023-11-23T05:00:00+00:00,227.016811
full-history-3x-risk-1pct,2023-11-23T14:00:00+00:00,224.621579
full-history-3x-risk-1pct,2023-11-23T15:00:00+00:00,222.254732
full-history-3x-risk-1pct,2023-11-24T22:00:00+00:00,219.900596
full-history-3x-risk-1pct,2023-11-24T22:00:00+00:00,217.645416
full-history-3x-risk-1pct,2023-11-25T10:00:00+00:00,215.703638
full-history-3x-risk-1pct,2023-11-26T15:00:00+00:00,213.491475
full-history-3x-risk-1pct,2023-11-26T16:00:00+00:00,210.996975
full-history-3x-risk-1pct,2023-12-01T01:00:00+00:00,208.975106
full-history-3x-risk-1pct,2023-12-02T19:00:00+00:00,219.318126
full-history-3x-risk-1pct,2023-12-03T20:00:00+00:00,217.063658
full-history-3x-risk-1pct,2023-12-04T05:00:00+00:00,228.229977
full-history-3x-risk-1pct,2023-12-04T09:00:00+00:00,226.448913
full-history-3x-risk-1pct,2023-12-04T11:00:00+00:00,224.25348
full-history-3x-risk-1pct,2023-12-04T20:00:00+00:00,222.228733
full-history-3x-risk-1pct,2023-12-05T07:00:00+00:00,219.840928
full-history-3x-risk-1pct,2023-12-05T18:00:00+00:00,217.584666
full-history-3x-risk-1pct,2023-12-05T22:00:00+00:00,215.371791
full-history-3x-risk-1pct,2023-12-06T05:00:00+00:00,213.018347
full-history-3x-risk-1pct,2023-12-06T05:00:00+00:00,210.809617
full-history-3x-risk-1pct,2023-12-06T09:00:00+00:00,208.639801
full-history-3x-risk-1pct,2023-12-06T11:00:00+00:00,206.196403
full-history-3x-risk-1pct,2023-12-06T11:00:00+00:00,204.03312
full-history-3x-risk-1pct,2023-12-06T11:00:00+00:00,201.871586
full-history-3x-risk-1pct,2023-12-06T15:00:00+00:00,199.781126
full-history-3x-risk-1pct,2023-12-06T21:00:00+00:00,197.64591
full-history-3x-risk-1pct,2023-12-07T04:00:00+00:00,195.561004
full-history-3x-risk-1pct,2023-12-07T05:00:00+00:00,193.538539
full-history-3x-risk-1pct,2023-12-07T05:00:00+00:00,191.493347
full-history-3x-risk-1pct,2023-12-07T09:00:00+00:00,189.437414
full-history-3x-risk-1pct,2023-12-07T09:00:00+00:00,198.868887
full-history-3x-risk-1pct,2023-12-07T09:00:00+00:00,196.880835
full-history-3x-risk-1pct,2023-12-07T13:00:00+00:00,194.805208
full-history-3x-risk-1pct,2023-12-07T14:00:00+00:00,192.76184
full-history-3x-risk-1pct,2023-12-07T19:00:00+00:00,190.741044
full-history-3x-risk-1pct,2023-12-08T06:00:00+00:00,200.253895
full-history-3x-risk-1pct,2023-12-08T14:00:00+00:00,198.093682
full-history-3x-risk-1pct,2023-12-09T00:00:00+00:00,196.024702
full-history-3x-risk-1pct,2023-12-09T08:00:00+00:00,193.938345
full-history-3x-risk-1pct,2023-12-09T23:00:00+00:00,191.929144
full-history-3x-risk-1pct,2023-12-11T02:00:00+00:00,189.336525
full-history-3x-risk-1pct,2023-12-11T12:00:00+00:00,187.389571
full-history-3x-risk-1pct,2023-12-16T04:00:00+00:00,185.496782
full-history-3x-risk-1pct,2023-12-16T07:00:00+00:00,183.609665
full-history-3x-risk-1pct,2023-12-16T12:00:00+00:00,182.726078
full-history-3x-risk-1pct,2023-12-16T19:00:00+00:00,180.664077
full-history-3x-risk-1pct,2023-12-17T19:00:00+00:00,178.843418
full-history-3x-risk-1pct,2023-12-18T01:00:00+00:00,177.321088
full-history-3x-risk-1pct,2023-12-18T10:00:00+00:00,186.589349
full-history-3x-risk-1pct,2023-12-18T21:00:00+00:00,184.776451
full-history-3x-risk-1pct,2023-12-19T14:00:00+00:00,182.878808
full-history-3x-risk-1pct,2023-12-20T02:00:00+00:00,180.970062
full-history-3x-risk-1pct,2023-12-20T07:00:00+00:00,179.094166
full-history-3x-risk-1pct,2023-12-20T13:00:00+00:00,177.231443
full-history-3x-risk-1pct,2023-12-20T19:00:00+00:00,175.362769
full-history-3x-risk-1pct,2023-12-20T20:00:00+00:00,173.517103
full-history-3x-risk-1pct,2023-12-21T06:00:00+00:00,171.750212
full-history-3x-risk-1pct,2023-12-21T10:00:00+00:00,180.710467
full-history-3x-risk-1pct,2023-12-22T07:00:00+00:00,189.658657
full-history-3x-risk-1pct,2023-12-26T09:00:00+00:00,187.40114
full-history-3x-risk-1pct,2023-12-26T16:00:00+00:00,185.257232
full-history-3x-risk-1pct,2023-12-26T17:00:00+00:00,182.821007
full-history-3x-risk-1pct,2023-12-26T17:00:00+00:00,180.949837
full-history-3x-risk-1pct,2023-12-27T10:00:00+00:00,179.124064
full-history-3x-risk-1pct,2023-12-28T05:00:00+00:00,177.226683
full-history-3x-risk-1pct,2023-12-28T07:00:00+00:00,175.326843
full-history-3x-risk-1pct,2023-12-31T12:00:00+00:00,173.556399
full-history-3x-risk-1pct,2024-01-01T15:00:00+00:00,171.79264
full-history-3x-risk-1pct,2024-01-01T18:00:00+00:00,170.483947
full-history-3x-risk-1pct,2024-01-02T09:00:00+00:00,169.346009
full-history-3x-risk-1pct,2024-01-02T14:00:00+00:00,167.617051
full-history-3x-risk-1pct,2024-01-03T05:00:00+00:00,165.873239
full-history-3x-risk-1pct,2024-01-03T12:00:00+00:00,163.939939
full-history-3x-risk-1pct,2024-01-03T12:00:00+00:00,172.231068
full-history-3x-risk-1pct,2024-01-03T12:00:00+00:00,170.530097
full-history-3x-risk-1pct,2024-01-03T13:00:00+00:00,168.719173
full-history-3x-risk-1pct,2024-01-04T04:00:00+00:00,166.882757
full-history-3x-risk-1pct,2024-01-05T01:00:00+00:00,165.176292
full-history-3x-risk-1pct,2024-01-05T01:00:00+00:00,163.512539
full-history-3x-risk-1pct,2024-01-05T04:00:00+00:00,161.788645
full-history-3x-risk-1pct,2024-01-05T09:00:00+00:00,160.047962
full-history-3x-risk-1pct,2024-01-05T14:00:00+00:00,158.481331
full-history-3x-risk-1pct,2024-01-05T20:00:00+00:00,156.63401
full-history-3x-risk-1pct,2024-01-06T01:00:00+00:00,164.58018
full-history-3x-risk-1pct,2024-01-06T06:00:00+00:00,162.872314
full-history-3x-risk-1pct,2024-01-06T09:00:00+00:00,161.233859
full-history-3x-risk-1pct,2024-01-06T16:00:00+00:00,159.598767
full-history-3x-risk-1pct,2024-01-07T00:00:00+00:00,167.402096
full-history-3x-risk-1pct,2024-01-07T17:00:00+00:00,165.484004
full-history-3x-risk-1pct,2024-01-08T06:00:00+00:00,163.872091
full-history-3x-risk-1pct,2024-01-08T12:00:00+00:00,162.161818
full-history-3x-risk-1pct,2024-01-10T21:00:00+00:00,170.117577
full-history-3x-risk-1pct,2024-01-10T21:00:00+00:00,178.140504
full-history-3x-risk-1pct,2024-01-12T06:00:00+00:00,176.217085
full-history-3x-risk-1pct,2024-01-14T19:00:00+00:00,174.384653
full-history-3x-risk-1pct,2024-01-14T19:00:00+00:00,172.846712
full-history-3x-risk-1pct,2024-01-15T06:00:00+00:00,170.664129
full-history-3x-risk-1pct,2024-01-16T05:00:00+00:00,168.921069
full-history-3x-risk-1pct,2024-01-16T14:00:00+00:00,177.259181
full-history-3x-risk-1pct,2024-01-16T14:00:00+00:00,175.50929
full-history-3x-risk-1pct,2024-01-18T00:00:00+00:00,184.191856
full-history-3x-risk-1pct,2024-01-18T16:00:00+00:00,192.156943
full-history-3x-risk-1pct,2024-01-18T16:00:00+00:00,200.745392
full-history-3x-risk-1pct,2024-01-18T16:00:00+00:00,198.711737
full-history-3x-risk-1pct,2024-01-18T23:00:00+00:00,196.581161
full-history-3x-risk-1pct,2024-01-19T04:00:00+00:00,194.201516
full-history-3x-risk-1pct,2024-01-19T15:00:00+00:00,192.105718
full-history-3x-risk-1pct,2024-01-19T16:00:00+00:00,201.146181
full-history-3x-risk-1pct,2024-01-19T19:00:00+00:00,198.735885
full-history-3x-risk-1pct,2024-01-22T09:00:00+00:00,196.636057
full-history-3x-risk-1pct,2024-01-22T10:00:00+00:00,195.059551
full-history-3x-risk-1pct,2024-01-23T09:00:00+00:00,204.729462
full-history-3x-risk-1pct,2024-01-25T21:00:00+00:00,202.63482
full-history-3x-risk-1pct,2024-01-26T02:00:00+00:00,200.3817
full-history-3x-risk-1pct,2024-01-26T16:00:00+00:00,198.526699
full-history-3x-risk-1pct,2024-01-26T19:00:00+00:00,208.43369
full-history-3x-risk-1pct,2024-01-28T22:00:00+00:00,206.337399
full-history-3x-risk-1pct,2024-01-30T02:00:00+00:00,204.104719
full-history-3x-risk-1pct,2024-01-30T11:00:00+00:00,214.187553
full-history-3x-risk-1pct,2024-01-31T05:00:00+00:00,224.281257
full-history-3x-risk-1pct,2024-02-01T01:00:00+00:00,235.374405
full-history-3x-risk-1pct,2024-02-01T17:00:00+00:00,232.967495
full-history-3x-risk-1pct,2024-02-02T12:00:00+00:00,230.684088
full-history-3x-risk-1pct,2024-02-02T13:00:00+00:00,228.088568
full-history-3x-risk-1pct,2024-02-03T13:00:00+00:00,225.714486
full-history-3x-risk-1pct,2024-02-04T22:00:00+00:00,223.216759
full-history-3x-risk-1pct,2024-02-05T05:00:00+00:00,220.880085
full-history-3x-risk-1pct,2024-02-05T15:00:00+00:00,218.525778
full-history-3x-risk-1pct,2024-02-06T02:00:00+00:00,216.059224
full-history-3x-risk-1pct,2024-02-07T17:00:00+00:00,226.721255
full-history-3x-risk-1pct,2024-02-07T21:00:00+00:00,224.510322
full-history-3x-risk-1pct,2024-02-08T16:00:00+00:00,222.448772
full-history-3x-risk-1pct,2024-02-09T01:00:00+00:00,220.139221
full-history-3x-risk-1pct,2024-02-09T13:00:00+00:00,217.88623
full-history-3x-risk-1pct,2024-02-09T15:00:00+00:00,228.779988
full-history-3x-risk-1pct,2024-02-10T18:00:00+00:00,226.432647
full-history-3x-risk-1pct,2024-02-11T04:00:00+00:00,237.314429
full-history-3x-risk-1pct,2024-02-11T05:00:00+00:00,248.522162
full-history-3x-risk-1pct,2024-02-12T15:00:00+00:00,245.906283
full-history-3x-risk-1pct,2024-02-13T13:00:00+00:00,243.20847
full-history-3x-risk-1pct,2024-02-14T15:00:00+00:00,240.717601
full-history-3x-risk-1pct,2024-02-14T23:00:00+00:00,238.247683
full-history-3x-risk-1pct,2024-02-15T03:00:00+00:00,250.267436
full-history-3x-risk-1pct,2024-02-16T05:00:00+00:00,247.907793
full-history-3x-risk-1pct,2024-02-20T01:00:00+00:00,245.117522
full-history-3x-risk-1pct,2024-02-20T01:00:00+00:00,242.649858
full-history-3x-risk-1pct,2024-02-20T15:00:00+00:00,239.889859
full-history-3x-risk-1pct,2024-02-20T22:00:00+00:00,237.404289
full-history-3x-risk-1pct,2024-02-21T07:00:00+00:00,234.840486
full-history-3x-risk-1pct,2024-02-21T23:00:00+00:00,232.321554
full-history-3x-risk-1pct,2024-02-22T16:00:00+00:00,229.760588
full-history-3x-risk-1pct,2024-02-23T02:00:00+00:00,241.753548
full-history-3x-risk-1pct,2024-02-23T15:00:00+00:00,253.756289
full-history-3x-risk-1pct,2024-02-25T02:00:00+00:00,251.34519
full-history-3x-risk-1pct,2024-02-26T00:00:00+00:00,263.909987
full-history-3x-risk-1pct,2024-02-26T09:00:00+00:00,260.97412
full-history-3x-risk-1pct,2024-02-26T09:00:00+00:00,258.217277
full-history-3x-risk-1pct,2024-02-26T14:00:00+00:00,255.367965
full-history-3x-risk-1pct,2024-02-26T15:00:00+00:00,267.870858
full-history-3x-risk-1pct,2024-02-26T15:00:00+00:00,265.198446
full-history-3x-risk-1pct,2024-02-27T13:00:00+00:00,262.104911
full-history-3x-risk-1pct,2024-02-28T09:00:00+00:00,259.465408
full-history-3x-risk-1pct,2024-02-28T10:00:00+00:00,256.847217
full-history-3x-risk-1pct,2024-02-28T17:00:00+00:00,254.115669
full-history-3x-risk-1pct,2024-02-28T22:00:00+00:00,251.47421
full-history-3x-risk-1pct,2024-02-29T07:00:00+00:00,248.984023
full-history-3x-risk-1pct,2024-02-29T22:00:00+00:00,246.419244
full-history-3x-risk-1pct,2024-03-01T23:00:00+00:00,244.04751
full-history-3x-risk-1pct,2024-03-02T01:00:00+00:00,241.393513
full-history-3x-risk-1pct,2024-03-02T02:00:00+00:00,239.103974
full-history-3x-risk-1pct,2024-03-02T09:00:00+00:00,236.208893
full-history-3x-risk-1pct,2024-03-02T09:00:00+00:00,233.61477
full-history-3x-risk-1pct,2024-03-02T16:00:00+00:00,231.298528
full-history-3x-risk-1pct,2024-03-03T00:00:00+00:00,243.124105
full-history-3x-risk-1pct,2024-03-03T01:00:00+00:00,240.934009
full-history-3x-risk-1pct,2024-03-03T07:00:00+00:00,252.299337
full-history-3x-risk-1pct,2024-03-03T07:00:00+00:00,249.772981
full-history-3x-risk-1pct,2024-03-03T20:00:00+00:00,246.909372
full-history-3x-risk-1pct,2024-03-05T04:00:00+00:00,244.5083
full-history-3x-risk-1pct,2024-03-05T14:00:00+00:00,241.995241
full-history-3x-risk-1pct,2024-03-05T14:00:00+00:00,239.441547
full-history-3x-risk-1pct,2024-03-05T16:00:00+00:00,236.277772
full-history-3x-risk-1pct,2024-03-05T16:00:00+00:00,234.335726
full-history-3x-risk-1pct,2024-03-07T11:00:00+00:00,231.806126
full-history-3x-risk-1pct,2024-03-07T14:00:00+00:00,243.404266
full-history-3x-risk-1pct,2024-03-08T15:00:00+00:00,240.644791
full-history-3x-risk-1pct,2024-03-08T15:00:00+00:00,238.084508
full-history-3x-risk-1pct,2024-03-09T03:00:00+00:00,235.518733
full-history-3x-risk-1pct,2024-03-09T10:00:00+00:00,232.733946
full-history-3x-risk-1pct,2024-03-09T17:00:00+00:00,230.103472
full-history-3x-risk-1pct,2024-03-10T12:00:00+00:00,228.161694
full-history-3x-risk-1pct,2024-03-10T21:00:00+00:00,225.846938
full-history-3x-risk-1pct,2024-03-11T11:00:00+00:00,223.493079
full-history-3x-risk-1pct,2024-03-12T06:00:00+00:00,221.20606
full-history-3x-risk-1pct,2024-03-12T18:00:00+00:00,218.99984
full-history-3x-risk-1pct,2024-03-13T13:00:00+00:00,216.542694
full-history-3x-risk-1pct,2024-03-14T00:00:00+00:00,214.434969
full-history-3x-risk-1pct,2024-03-14T04:00:00+00:00,212.198506
full-history-3x-risk-1pct,2024-03-14T08:00:00+00:00,210.047474
full-history-3x-risk-1pct,2024-03-14T13:00:00+00:00,207.23533
full-history-3x-risk-1pct,2024-03-15T02:00:00+00:00,205.069323
full-history-3x-risk-1pct,2024-03-15T03:00:00+00:00,215.446476
full-history-3x-risk-1pct,2024-03-15T20:00:00+00:00,213.252632
full-history-3x-risk-1pct,2024-03-16T17:00:00+00:00,223.590456
full-history-3x-risk-1pct,2024-03-20T18:00:00+00:00,221.296401
full-history-3x-risk-1pct,2024-03-22T19:00:00+00:00,218.987167
full-history-3x-risk-1pct,2024-03-22T23:00:00+00:00,216.690666
full-history-3x-risk-1pct,2024-03-23T03:00:00+00:00,214.402332
full-history-3x-risk-1pct,2024-03-24T04:00:00+00:00,212.152011
full-history-3x-risk-1pct,2024-03-24T09:00:00+00:00,209.947592
full-history-3x-risk-1pct,2024-03-24T10:00:00+00:00,207.707643
full-history-3x-risk-1pct,2024-03-24T21:00:00+00:00,205.81164
full-history-3x-risk-1pct,2024-03-25T14:00:00+00:00,216.012087
full-history-3x-risk-1pct,2024-03-26T10:00:00+00:00,226.296173
full-history-3x-risk-1pct,2024-03-27T07:00:00+00:00,224.079005
full-history-3x-risk-1pct,2024-03-28T14:00:00+00:00,221.800172
full-history-3x-risk-1pct,2024-03-29T10:00:00+00:00,232.459241
full-history-3x-risk-1pct,2024-03-30T02:00:00+00:00,230.18737
full-history-3x-risk-1pct,2024-03-30T16:00:00+00:00,241.586602
full-history-3x-risk-1pct,2024-03-31T05:00:00+00:00,239.147496
full-history-3x-risk-1pct,2024-03-31T09:00:00+00:00,236.507464
full-history-3x-risk-1pct,2024-04-01T05:00:00+00:00,234.144548
full-history-3x-risk-1pct,2024-04-01T05:00:00+00:00,231.452202
full-history-3x-risk-1pct,2024-04-02T02:00:00+00:00,228.563957
full-history-3x-risk-1pct,2024-04-05T16:00:00+00:00,226.487538
full-history-3x-risk-1pct,2024-04-08T08:00:00+00:00,224.384071
full-history-3x-risk-1pct,2024-04-09T04:00:00+00:00,222.013779
full-history-3x-risk-1pct,2024-04-10T12:00:00+00:00,232.959645
full-history-3x-risk-1pct,2024-04-10T12:00:00+00:00,230.465987
full-history-3x-risk-1pct,2024-04-12T18:00:00+00:00,241.886794
full-history-3x-risk-1pct,2024-04-12T18:00:00+00:00,239.267609
full-history-3x-risk-1pct,2024-04-12T18:00:00+00:00,236.835533
full-history-3x-risk-1pct,2024-04-24T01:00:00+00:00,234.347729
full-history-3x-risk-1pct,2024-04-24T05:00:00+00:00,231.818083
full-history-3x-risk-1pct,2024-04-24T13:00:00+00:00,229.417628
full-history-3x-risk-1pct,2024-04-28T14:00:00+00:00,226.911581
full-history-3x-risk-1pct,2024-04-28T18:00:00+00:00,238.532561
full-history-3x-risk-1pct,2024-04-28T23:00:00+00:00,236.045766
full-history-3x-risk-1pct,2024-04-29T23:00:00+00:00,233.634541
full-history-3x-risk-1pct,2024-04-30T04:00:00+00:00,231.142036
full-history-3x-risk-1pct,2024-04-30T06:00:00+00:00,228.539746
full-history-3x-risk-1pct,2024-05-01T07:00:00+00:00,239.724031
full-history-3x-risk-1pct,2024-05-01T07:00:00+00:00,250.750068
full-history-3x-risk-1pct,2024-05-07T08:00:00+00:00,248.14225
full-history-3x-risk-1pct,2024-05-07T08:00:00+00:00,245.502457
full-history-3x-risk-1pct,2024-05-07T11:00:00+00:00,242.748843
full-history-3x-risk-1pct,2024-05-07T20:00:00+00:00,240.315427
full-history-3x-risk-1pct,2024-05-09T11:00:00+00:00,252.116823
full-history-3x-risk-1pct,2024-05-10T14:00:00+00:00,249.55495
full-history-3x-risk-1pct,2024-05-12T15:00:00+00:00,246.96427
full-history-3x-risk-1pct,2024-05-13T02:00:00+00:00,258.922355
full-history-3x-risk-1pct,2024-05-13T03:00:00+00:00,270.804643
full-history-3x-risk-1pct,2024-05-13T06:00:00+00:00,267.869711
full-history-3x-risk-1pct,2024-05-13T09:00:00+00:00,265.293592
full-history-3x-risk-1pct,2024-05-14T06:00:00+00:00,262.483723
full-history-3x-risk-1pct,2024-05-14T06:00:00+00:00,259.58836
full-history-3x-risk-1pct,2024-05-14T10:00:00+00:00,256.943706
full-history-3x-risk-1pct,2024-05-14T14:00:00+00:00,269.929734
full-history-3x-risk-1pct,2024-05-15T09:00:00+00:00,267.176666
full-history-3x-risk-1pct,2024-05-15T12:00:00+00:00,264.477445
full-history-3x-risk-1pct,2024-05-15T12:00:00+00:00,261.711809
full-history-3x-risk-1pct,2024-05-16T12:00:00+00:00,258.944737
full-history-3x-risk-1pct,2024-05-17T14:00:00+00:00,271.852027
full-history-3x-risk-1pct,2024-05-20T04:00:00+00:00,268.884972
full-history-3x-risk-1pct,2024-05-20T12:00:00+00:00,266.132655
full-history-3x-risk-1pct,2024-05-20T16:00:00+00:00,263.236094
full-history-3x-risk-1pct,2024-05-20T19:00:00+00:00,276.035021
full-history-3x-risk-1pct,2024-05-20T21:00:00+00:00,289.040688
full-history-3x-risk-1pct,2024-05-22T18:00:00+00:00,286.297851
full-history-3x-risk-1pct,2024-05-23T01:00:00+00:00,283.399677
full-history-3x-risk-1pct,2024-05-24T18:00:00+00:00,280.893313
full-history-3x-risk-1pct,2024-05-24T18:00:00+00:00,277.954833
full-history-3x-risk-1pct,2024-05-26T20:00:00+00:00,275.097286
full-history-3x-risk-1pct,2024-05-30T07:00:00+00:00,271.969106
full-history-3x-risk-1pct,2024-05-30T18:00:00+00:00,269.22959
full-history-3x-risk-1pct,2024-05-31T09:00:00+00:00,266.241331
full-history-3x-risk-1pct,2024-05-31T14:00:00+00:00,279.547963
full-history-3x-risk-1pct,2024-06-02T14:00:00+00:00,276.663077
full-history-3x-risk-1pct,2024-06-02T17:00:00+00:00,273.742255
full-history-3x-risk-1pct,2024-06-05T01:00:00+00:00,271.293524
full-history-3x-risk-1pct,2024-06-06T14:00:00+00:00,284.604114
full-history-3x-risk-1pct,2024-06-07T18:00:00+00:00,298.14656
full-history-3x-risk-1pct,2024-06-07T18:00:00+00:00,312.220395
full-history-3x-risk-1pct,2024-06-11T13:00:00+00:00,326.167467
full-history-3x-risk-1pct,2024-06-11T15:00:00+00:00,341.612627
full-history-3x-risk-1pct,2024-06-17T10:00:00+00:00,337.954889
full-history-3x-risk-1pct,2024-06-17T18:00:00+00:00,334.409086
full-history-3x-risk-1pct,2024-06-19T03:00:00+00:00,331.045037
full-history-3x-risk-1pct,2024-06-21T07:00:00+00:00,327.569428
full-history-3x-risk-1pct,2024-06-21T10:00:00+00:00,324.040103
full-history-3x-risk-1pct,2024-06-21T19:00:00+00:00,320.390933
full-history-3x-risk-1pct,2024-06-22T08:00:00+00:00,317.022119
full-history-3x-risk-1pct,2024-06-24T09:00:00+00:00,333.548443
full-history-3x-risk-1pct,2024-06-24T09:00:00+00:00,349.177258
full-history-3x-risk-1pct,2024-06-24T12:00:00+00:00,345.647128
full-history-3x-risk-1pct,2024-06-24T17:00:00+00:00,341.919418
full-history-3x-risk-1pct,2024-06-24T19:00:00+00:00,357.111905
full-history-3x-risk-1pct,2024-06-24T20:00:00+00:00,358.065449
full-history-3x-risk-1pct,2024-06-26T10:00:00+00:00,354.258713
full-history-3x-risk-1pct,2024-06-26T20:00:00+00:00,350.586173
full-history-3x-risk-1pct,2024-06-27T05:00:00+00:00,346.980938
full-history-3x-risk-1pct,2024-06-27T12:00:00+00:00,343.40789
full-history-3x-risk-1pct,2024-06-27T13:00:00+00:00,339.817656
full-history-3x-risk-1pct,2024-06-28T13:00:00+00:00,336.223845
full-history-3x-risk-1pct,2024-06-28T15:00:00+00:00,332.694364
full-history-3x-risk-1pct,2024-06-28T21:00:00+00:00,329.02502
full-history-3x-risk-1pct,2024-06-29T03:00:00+00:00,325.608375
full-history-3x-risk-1pct,2024-06-30T07:00:00+00:00,322.14787
full-history-3x-risk-1pct,2024-06-30T18:00:00+00:00,318.817523
full-history-3x-risk-1pct,2024-06-30T18:00:00+00:00,315.311756
full-history-3x-risk-1pct,2024-07-02T14:00:00+00:00,311.855908
full-history-3x-risk-1pct,2024-07-02T22:00:00+00:00,308.536502
full-history-3x-risk-1pct,2024-07-03T01:00:00+00:00,305.042097
full-history-3x-risk-1pct,2024-07-03T03:00:00+00:00,301.842215
full-history-3x-risk-1pct,2024-07-03T10:00:00+00:00,316.689575
full-history-3x-risk-1pct,2024-07-04T01:00:00+00:00,331.610385
full-history-3x-risk-1pct,2024-07-04T12:00:00+00:00,349.322725
full-history-3x-risk-1pct,2024-07-08T08:00:00+00:00,346.861082
full-history-3x-risk-1pct,2024-07-11T00:00:00+00:00,343.419641
full-history-3x-risk-1pct,2024-07-11T15:00:00+00:00,339.799342
full-history-3x-risk-1pct,2024-07-12T01:00:00+00:00,335.968869
full-history-3x-risk-1pct,2024-07-12T13:00:00+00:00,332.350526
full-history-3x-risk-1pct,2024-07-12T18:00:00+00:00,349.400682
full-history-3x-risk-1pct,2024-07-12T20:00:00+00:00,345.902888
full-history-3x-risk-1pct,2024-07-13T05:00:00+00:00,342.327369
full-history-3x-risk-1pct,2024-07-14T21:00:00+00:00,359.178193
full-history-3x-risk-1pct,2024-07-15T15:00:00+00:00,376.209894
full-history-3x-risk-1pct,2024-07-16T16:00:00+00:00,391.55934
full-history-3x-risk-1pct,2024-07-21T15:00:00+00:00,410.940606
full-history-3x-risk-1pct,2024-07-23T08:00:00+00:00,406.435143
full-history-3x-risk-1pct,2024-07-23T13:00:00+00:00,402.098029
full-history-3x-risk-1pct,2024-07-24T05:00:00+00:00,422.444608
full-history-3x-risk-1pct,2024-07-25T01:00:00+00:00,443.302034
full-history-3x-risk-1pct,2024-07-25T02:00:00+00:00,462.967845
full-history-3x-risk-1pct,2024-07-25T20:00:00+00:00,485.87374
full-history-3x-risk-1pct,2024-07-27T17:00:00+00:00,480.762762
full-history-3x-risk-1pct,2024-07-27T20:00:00+00:00,475.795383
full-history-3x-risk-1pct,2024-07-29T23:00:00+00:00,499.318996
full-history-3x-risk-1pct,2024-07-30T19:00:00+00:00,522.867363
full-history-3x-risk-1pct,2024-07-30T20:00:00+00:00,547.569088
full-history-3x-risk-1pct,2024-07-31T20:00:00+00:00,567.83891
full-history-3x-risk-1pct,2024-08-01T01:00:00+00:00,562.236668
full-history-3x-risk-1pct,2024-08-03T00:00:00+00:00,590.029368
full-history-3x-risk-1pct,2024-08-13T03:00:00+00:00,583.879543
full-history-3x-risk-1pct,2024-08-13T14:00:00+00:00,577.951122
full-history-3x-risk-1pct,2024-08-15T18:00:00+00:00,571.8657
full-history-3x-risk-1pct,2024-08-15T18:00:00+00:00,565.953921
full-history-3x-risk-1pct,2024-08-15T19:00:00+00:00,559.824639
full-history-3x-risk-1pct,2024-08-16T08:00:00+00:00,553.740717
full-history-3x-risk-1pct,2024-08-16T11:00:00+00:00,547.984516
full-history-3x-risk-1pct,2024-08-16T19:00:00+00:00,542.053597
full-history-3x-risk-1pct,2024-08-18T10:00:00+00:00,536.514402
full-history-3x-risk-1pct,2024-08-18T16:00:00+00:00,530.710102
full-history-3x-risk-1pct,2024-08-19T00:00:00+00:00,525.079947
full-history-3x-risk-1pct,2024-08-19T00:00:00+00:00,519.511619
full-history-3x-risk-1pct,2024-08-19T09:00:00+00:00,514.026225
full-history-3x-risk-1pct,2024-08-19T13:00:00+00:00,508.456824
full-history-3x-risk-1pct,2024-08-19T17:00:00+00:00,503.208564
full-history-3x-risk-1pct,2024-08-19T17:00:00+00:00,497.849021
full-history-3x-risk-1pct,2024-08-19T20:00:00+00:00,492.148994
full-history-3x-risk-1pct,2024-08-20T00:00:00+00:00,486.7903
full-history-3x-risk-1pct,2024-08-20T07:00:00+00:00,510.260507
full-history-3x-risk-1pct,2024-08-20T14:00:00+00:00,505.209001
full-history-3x-risk-1pct,2024-08-20T14:00:00+00:00,500.011435
full-history-3x-risk-1pct,2024-08-20T15:00:00+00:00,495.039789
full-history-3x-risk-1pct,2024-08-21T01:00:00+00:00,489.876293
full-history-3x-risk-1pct,2024-08-21T08:00:00+00:00,484.760606
full-history-3x-risk-1pct,2024-08-21T13:00:00+00:00,479.641063
full-history-3x-risk-1pct,2024-08-21T15:00:00+00:00,477.779911
full-history-3x-risk-1pct,2024-08-21T17:00:00+00:00,472.632477
full-history-3x-risk-1pct,2024-08-21T19:00:00+00:00,467.756337
full-history-3x-risk-1pct,2024-08-22T02:00:00+00:00,462.954579
full-history-3x-risk-1pct,2024-08-23T09:00:00+00:00,486.640006
full-history-3x-risk-1pct,2024-08-23T19:00:00+00:00,509.423883
full-history-3x-risk-1pct,2024-08-23T21:00:00+00:00,532.811767
full-history-3x-risk-1pct,2024-08-27T12:00:00+00:00,527.554622
full-history-3x-risk-1pct,2024-08-31T16:00:00+00:00,522.08747
full-history-3x-risk-1pct,2024-09-01T05:00:00+00:00,548.10592
full-history-3x-risk-1pct,2024-09-02T08:00:00+00:00,542.318531
full-history-3x-risk-1pct,2024-09-02T09:00:00+00:00,536.632675
full-history-3x-risk-1pct,2024-09-02T14:00:00+00:00,531.05106
full-history-3x-risk-1pct,2024-09-02T20:00:00+00:00,525.73514
full-history-3x-risk-1pct,2024-09-03T13:00:00+00:00,520.184046
full-history-3x-risk-1pct,2024-09-03T15:00:00+00:00,514.784823
full-history-3x-risk-1pct,2024-09-05T15:00:00+00:00,509.476212
full-history-3x-risk-1pct,2024-09-06T12:00:00+00:00,504.241572
full-history-3x-risk-1pct,2024-09-06T12:00:00+00:00,499.019487
full-history-3x-risk-1pct,2024-09-08T04:00:00+00:00,493.858027
full-history-3x-risk-1pct,2024-09-08T14:00:00+00:00,488.704708
full-history-3x-risk-1pct,2024-09-08T21:00:00+00:00,483.556226
full-history-3x-risk-1pct,2024-09-09T17:00:00+00:00,478.374171
full-history-3x-risk-1pct,2024-09-11T13:00:00+00:00,473.429669
full-history-3x-risk-1pct,2024-09-11T17:00:00+00:00,468.166555
full-history-3x-risk-1pct,2024-09-13T21:00:00+00:00,491.332972
full-history-3x-risk-1pct,2024-09-14T05:00:00+00:00,515.231687
full-history-3x-risk-1pct,2024-09-15T21:00:00+00:00,510.011909
full-history-3x-risk-1pct,2024-09-15T23:00:00+00:00,504.985335
full-history-3x-risk-1pct,2024-09-17T14:00:00+00:00,499.875896
full-history-3x-risk-1pct,2024-09-18T18:00:00+00:00,494.495623
full-history-3x-risk-1pct,2024-09-19T00:00:00+00:00,489.320785
full-history-3x-risk-1pct,2024-09-19T00:00:00+00:00,514.059993
full-history-3x-risk-1pct,2024-09-23T14:00:00+00:00,508.505646
full-history-3x-risk-1pct,2024-09-24T07:00:00+00:00,533.691204
full-history-3x-risk-1pct,2024-09-26T16:00:00+00:00,559.155613
full-history-3x-risk-1pct,2024-09-27T09:00:00+00:00,585.459877
full-history-3x-risk-1pct,2024-09-27T14:00:00+00:00,579.475365
full-history-3x-risk-1pct,2024-09-28T05:00:00+00:00,573.253712
full-history-3x-risk-1pct,2024-09-30T10:00:00+00:00,566.951241
full-history-3x-risk-1pct,2024-10-01T12:00:00+00:00,561.266508
full-history-3x-risk-1pct,2024-10-01T14:00:00+00:00,555.18224
full-history-3x-risk-1pct,2024-10-01T15:00:00+00:00,549.561528
full-history-3x-risk-1pct,2024-10-01T17:00:00+00:00,577.444919
full-history-3x-risk-1pct,2024-10-04T08:00:00+00:00,606.04249
full-history-3x-risk-1pct,2024-10-14T15:00:00+00:00,600.647446
full-history-3x-risk-1pct,2024-10-16T11:00:00+00:00,594.293676
full-history-3x-risk-1pct,2024-10-20T22:00:00+00:00,588.552181
full-history-3x-risk-1pct,2024-10-21T13:00:00+00:00,582.351049
full-history-3x-risk-1pct,2024-10-24T21:00:00+00:00,576.609104
full-history-3x-risk-1pct,2024-10-25T17:00:00+00:00,570.489908
full-history-3x-risk-1pct,2024-10-27T17:00:00+00:00,564.712412
full-history-3x-risk-1pct,2024-11-01T02:00:00+00:00,558.498134
full-history-3x-risk-1pct,2024-11-03T14:00:00+00:00,552.461253
full-history-3x-risk-1pct,2024-11-06T01:00:00+00:00,547.021431
full-history-3x-risk-1pct,2024-11-07T17:00:00+00:00,573.983983
full-history-3x-risk-1pct,2024-11-12T00:00:00+00:00,569.470468
full-history-3x-risk-1pct,2024-11-14T14:00:00+00:00,563.558495
full-history-3x-risk-1pct,2024-11-14T23:00:00+00:00,557.812172
full-history-3x-risk-1pct,2024-11-15T09:00:00+00:00,551.990613
full-history-3x-risk-1pct,2024-11-16T11:00:00+00:00,546.260641
full-history-3x-risk-1pct,2024-11-16T11:00:00+00:00,540.555243
full-history-3x-risk-1pct,2024-11-16T15:00:00+00:00,534.778068
full-history-3x-risk-1pct,2024-11-16T22:00:00+00:00,528.101113
full-history-3x-risk-1pct,2024-11-17T14:00:00+00:00,522.168891
full-history-3x-risk-1pct,2024-11-18T03:00:00+00:00,516.622161
full-history-3x-risk-1pct,2024-11-18T03:00:00+00:00,510.956373
full-history-3x-risk-1pct,2024-11-18T09:00:00+00:00,505.240877
full-history-3x-risk-1pct,2024-11-18T11:00:00+00:00,500.034473
full-history-3x-risk-1pct,2024-11-18T15:00:00+00:00,494.852155
full-history-3x-risk-1pct,2024-11-18T15:00:00+00:00,520.141723
full-history-3x-risk-1pct,2024-11-18T15:00:00+00:00,514.419987
full-history-3x-risk-1pct,2024-11-18T19:00:00+00:00,509.108063
full-history-3x-risk-1pct,2024-11-18T23:00:00+00:00,534.242106
full-history-3x-risk-1pct,2024-11-19T09:00:00+00:00,528.761547
full-history-3x-risk-1pct,2024-11-19T18:00:00+00:00,523.243891
full-history-3x-risk-1pct,2024-11-19T18:00:00+00:00,517.669518
full-history-3x-risk-1pct,2024-11-20T01:00:00+00:00,512.133768
full-history-3x-risk-1pct,2024-11-20T09:00:00+00:00,506.938008
full-history-3x-risk-1pct,2024-11-20T14:00:00+00:00,504.931703
full-history-3x-risk-1pct,2024-11-20T14:00:00+00:00,499.540698
full-history-3x-risk-1pct,2024-11-20T17:00:00+00:00,494.313806
full-history-3x-risk-1pct,2024-11-21T04:00:00+00:00,489.226336
full-history-3x-risk-1pct,2024-11-21T13:00:00+00:00,484.011082
full-history-3x-risk-1pct,2024-11-22T04:00:00+00:00,508.097033
full-history-3x-risk-1pct,2024-11-22T07:00:00+00:00,502.623337
full-history-3x-risk-1pct,2024-11-23T07:00:00+00:00,526.35275
full-history-3x-risk-1pct,2024-11-26T00:00:00+00:00,520.962994
full-history-3x-risk-1pct,2024-11-26T01:00:00+00:00,515.013953
full-history-3x-risk-1pct,2024-11-27T04:00:00+00:00,509.763113
full-history-3x-risk-1pct,2024-11-30T01:00:00+00:00,504.470409
full-history-3x-risk-1pct,2024-11-30T22:00:00+00:00,499.156561
full-history-3x-risk-1pct,2024-12-01T15:00:00+00:00,524.105639
full-history-3x-risk-1pct,2024-12-02T04:00:00+00:00,518.654644
full-history-3x-risk-1pct,2024-12-03T01:00:00+00:00,513.531222
full-history-3x-risk-1pct,2024-12-04T00:00:00+00:00,508.243106
full-history-3x-risk-1pct,2024-12-04T02:00:00+00:00,503.652645
full-history-3x-risk-1pct,2024-12-04T16:00:00+00:00,498.4588
full-history-3x-risk-1pct,2024-12-04T20:00:00+00:00,523.170572
full-history-3x-risk-1pct,2024-12-05T03:00:00+00:00,548.63314
full-history-3x-risk-1pct,2024-12-05T20:00:00+00:00,542.773024
full-history-3x-risk-1pct,2024-12-05T20:00:00+00:00,536.819568
full-history-3x-risk-1pct,2024-12-08T23:00:00+00:00,530.495441
full-history-3x-risk-1pct,2024-12-09T17:00:00+00:00,524.47316
full-history-3x-risk-1pct,2024-12-14T06:00:00+00:00,519.000786
full-history-3x-risk-1pct,2024-12-15T23:00:00+00:00,513.66984
full-history-3x-risk-1pct,2024-12-16T00:00:00+00:00,508.466182
full-history-3x-risk-1pct,2024-12-16T03:00:00+00:00,503.125372
full-history-3x-risk-1pct,2024-12-16T09:00:00+00:00,499.377798
full-history-3x-risk-1pct,2024-12-16T17:00:00+00:00,494.279042
full-history-3x-risk-1pct,2024-12-17T14:00:00+00:00,519.175211
full-history-3x-risk-1pct,2024-12-17T15:00:00+00:00,513.852375
full-history-3x-risk-1pct,2024-12-17T22:00:00+00:00,508.786603
full-history-3x-risk-1pct,2024-12-18T20:00:00+00:00,502.798191
full-history-3x-risk-1pct,2024-12-19T17:00:00+00:00,527.786698
full-history-3x-risk-1pct,2024-12-23T20:00:00+00:00,521.961123
full-history-3x-risk-1pct,2024-12-24T02:00:00+00:00,516.590824
full-history-3x-risk-1pct,2024-12-24T17:00:00+00:00,511.23185
full-history-3x-risk-1pct,2024-12-24T23:00:00+00:00,505.852438
full-history-3x-risk-1pct,2024-12-25T21:00:00+00:00,500.445611
full-history-3x-risk-1pct,2024-12-26T10:00:00+00:00,495.156752
full-history-3x-risk-1pct,2024-12-26T20:00:00+00:00,520.136546
full-history-3x-risk-1pct,2024-12-28T05:00:00+00:00,514.744273
full-history-3x-risk-1pct,2024-12-28T13:00:00+00:00,509.256921
full-history-3x-risk-1pct,2024-12-28T22:00:00+00:00,503.939983
full-history-3x-risk-1pct,2024-12-30T01:00:00+00:00,498.742717
full-history-3x-risk-1pct,2024-12-30T01:00:00+00:00,493.548938
full-history-3x-risk-1pct,2024-12-30T01:00:00+00:00,487.829734
full-history-3x-risk-1pct,2024-12-30T06:00:00+00:00,482.734089
full-history-3x-risk-1pct,2024-12-30T06:00:00+00:00,477.574381
full-history-3x-risk-1pct,2024-12-30T06:00:00+00:00,472.464397
full-history-3x-risk-1pct,2024-12-30T13:00:00+00:00,467.309321
full-history-3x-risk-1pct,2024-12-30T13:00:00+00:00,462.342971
full-history-3x-risk-1pct,2024-12-30T13:00:00+00:00,457.304942
full-history-3x-risk-1pct,2024-12-30T18:00:00+00:00,452.697068
full-history-3x-risk-1pct,2024-12-30T18:00:00+00:00,447.069142
full-history-3x-risk-1pct,2024-12-30T18:00:00+00:00,442.295303
full-history-3x-risk-1pct,2024-12-31T08:00:00+00:00,437.603588
full-history-3x-risk-1pct,2024-12-31T08:00:00+00:00,432.916608
full-history-3x-risk-1pct,2024-12-31T22:00:00+00:00,428.42601
full-history-3x-risk-1pct,2024-12-31T23:00:00+00:00,423.828999
full-history-3x-risk-1pct,2025-01-01T04:00:00+00:00,419.241575
full-history-3x-risk-1pct,2025-01-01T08:00:00+00:00,414.638039
full-history-3x-risk-1pct,2025-01-01T19:00:00+00:00,410.347085
full-history-3x-risk-1pct,2025-01-02T00:00:00+00:00,405.93506
full-history-3x-risk-1pct,2025-01-02T15:00:00+00:00,401.773679
full-history-3x-risk-1pct,2025-01-03T12:00:00+00:00,397.46668
full-history-3x-risk-1pct,2025-01-03T15:00:00+00:00,417.406715
full-history-3x-risk-1pct,2025-01-03T16:00:00+00:00,412.927126
full-history-3x-risk-1pct,2025-01-05T14:00:00+00:00,408.555262
full-history-3x-risk-1pct,2025-01-06T01:00:00+00:00,404.071337
full-history-3x-risk-1pct,2025-01-07T01:00:00+00:00,399.797158
full-history-3x-risk-1pct,2025-01-07T15:00:00+00:00,395.528561
full-history-3x-risk-1pct,2025-01-07T15:00:00+00:00,415.307166
full-history-3x-risk-1pct,2025-01-07T17:00:00+00:00,411.117319
full-history-3x-risk-1pct,2025-01-13T00:00:00+00:00,406.645348
full-history-3x-risk-1pct,2025-01-13T00:00:00+00:00,401.869456
full-history-3x-risk-1pct,2025-01-13T00:00:00+00:00,397.713409
full-history-3x-risk-1pct,2025-01-14T01:00:00+00:00,393.645226
full-history-3x-risk-1pct,2025-01-15T14:00:00+00:00,389.633186
full-history-3x-risk-1pct,2025-01-17T19:00:00+00:00,409.086304
full-history-3x-risk-1pct,2025-01-18T05:00:00+00:00,405.162604
full-history-3x-risk-1pct,2025-01-19T11:00:00+00:00,401.068873
full-history-3x-risk-1pct,2025-01-19T21:00:00+00:00,396.948568
full-history-3x-risk-1pct,2025-01-19T21:00:00+00:00,392.752032
full-history-3x-risk-1pct,2025-01-20T07:00:00+00:00,388.78907
full-history-3x-risk-1pct,2025-01-20T12:00:00+00:00,384.799395
full-history-3x-risk-1pct,2025-01-21T16:00:00+00:00,380.619072
full-history-3x-risk-1pct,2025-01-22T08:00:00+00:00,376.654506
full-history-3x-risk-1pct,2025-01-22T11:00:00+00:00,372.499432
full-history-3x-risk-1pct,2025-01-23T20:00:00+00:00,368.698352
full-history-3x-risk-1pct,2025-01-23T23:00:00+00:00,364.801048
full-history-3x-risk-1pct,2025-01-24T20:00:00+00:00,361.013789
full-history-3x-risk-1pct,2025-01-26T23:00:00+00:00,357.009805
full-history-3x-risk-1pct,2025-01-27T07:00:00+00:00,375.433094
full-history-3x-risk-1pct,2025-01-27T07:00:00+00:00,393.199916
full-history-3x-risk-1pct,2025-01-27T07:00:00+00:00,410.824111
full-history-3x-risk-1pct,2025-01-30T03:00:00+00:00,406.641991
full-history-3x-risk-1pct,2025-01-31T20:00:00+00:00,402.376482
full-history-3x-risk-1pct,2025-02-01T09:00:00+00:00,398.009191
full-history-3x-risk-1pct,2025-02-01T20:00:00+00:00,393.720799
full-history-3x-risk-1pct,2025-02-02T18:00:00+00:00,413.16028
full-history-3x-risk-1pct,2025-02-11T13:00:00+00:00,408.717384
full-history-3x-risk-1pct,2025-02-11T17:00:00+00:00,404.567357
full-history-3x-risk-1pct,2025-02-12T20:00:00+00:00,400.367689
full-history-3x-risk-1pct,2025-02-13T06:00:00+00:00,396.240793
full-history-3x-risk-1pct,2025-02-13T12:00:00+00:00,392.031012
full-history-3x-risk-1pct,2025-02-14T03:00:00+00:00,387.986186
full-history-3x-risk-1pct,2025-02-14T15:00:00+00:00,383.702987
full-history-3x-risk-1pct,2025-02-14T16:00:00+00:00,379.610912
full-history-3x-risk-1pct,2025-02-15T14:00:00+00:00,375.742134
full-history-3x-risk-1pct,2025-02-16T18:00:00+00:00,394.318239
full-history-3x-risk-1pct,2025-02-16T23:00:00+00:00,390.124238
full-history-3x-risk-1pct,2025-02-17T00:00:00+00:00,385.75943
full-history-3x-risk-1pct,2025-02-17T08:00:00+00:00,381.684253
full-history-3x-risk-1pct,2025-02-17T08:00:00+00:00,377.628553
full-history-3x-risk-1pct,2025-02-17T09:00:00+00:00,373.535967
full-history-3x-risk-1pct,2025-02-17T14:00:00+00:00,369.598447
full-history-3x-risk-1pct,2025-02-17T18:00:00+00:00,365.61067
full-history-3x-risk-1pct,2025-02-17T19:00:00+00:00,361.639748
full-history-3x-risk-1pct,2025-02-17T20:00:00+00:00,357.492984
full-history-3x-risk-1pct,2025-02-17T20:00:00+00:00,354.464207
full-history-3x-risk-1pct,2025-02-17T21:00:00+00:00,350.694187
full-history-3x-risk-1pct,2025-02-17T21:00:00+00:00,346.741592
full-history-3x-risk-1pct,2025-02-17T23:00:00+00:00,343.462179
full-history-3x-risk-1pct,2025-02-18T04:00:00+00:00,339.77871
full-history-3x-risk-1pct,2025-02-18T04:00:00+00:00,336.284264
full-history-3x-risk-1pct,2025-02-18T06:00:00+00:00,332.731061
full-history-3x-risk-1pct,2025-02-18T13:00:00+00:00,329.351404
full-history-3x-risk-1pct,2025-02-18T14:00:00+00:00,326.062724
full-history-3x-risk-1pct,2025-02-19T11:00:00+00:00,322.852357
full-history-3x-risk-1pct,2025-02-21T15:00:00+00:00,319.38164
full-history-3x-risk-1pct,2025-02-21T17:00:00+00:00,316.016504
full-history-3x-risk-1pct,2025-02-22T16:00:00+00:00,312.758677
full-history-3x-risk-1pct,2025-02-22T17:00:00+00:00,309.251056
full-history-3x-risk-1pct,2025-02-23T12:00:00+00:00,306.037752
full-history-3x-risk-1pct,2025-02-24T04:00:00+00:00,302.81653
full-history-3x-risk-1pct,2025-02-24T19:00:00+00:00,317.957872
full-history-3x-risk-1pct,2025-02-25T00:00:00+00:00,336.930112
full-history-3x-risk-1pct,2025-02-25T07:00:00+00:00,351.907319
full-history-3x-risk-1pct,2025-03-07T00:00:00+00:00,348.329559
full-history-3x-risk-1pct,2025-03-07T05:00:00+00:00,344.582301
full-history-3x-risk-1pct,2025-03-07T11:00:00+00:00,341.588365
full-history-3x-risk-1pct,2025-03-07T13:00:00+00:00,338.073124
full-history-3x-risk-1pct,2025-03-07T16:00:00+00:00,334.498314
full-history-3x-risk-1pct,2025-03-07T18:00:00+00:00,331.032684
full-history-3x-risk-1pct,2025-03-07T20:00:00+00:00,328.18942
full-history-3x-risk-1pct,2025-03-07T21:00:00+00:00,324.395539
full-history-3x-risk-1pct,2025-03-09T10:00:00+00:00,340.355131
full-history-3x-risk-1pct,2025-03-09T12:00:00+00:00,356.431994
full-history-3x-risk-1pct,2025-03-10T17:00:00+00:00,372.058131
full-history-3x-risk-1pct,2025-03-10T17:00:00+00:00,389.63989
full-history-3x-risk-1pct,2025-03-14T10:00:00+00:00,385.673003
full-history-3x-risk-1pct,2025-03-17T12:00:00+00:00,381.673245
full-history-3x-risk-1pct,2025-03-17T12:00:00+00:00,377.593201
full-history-3x-risk-1pct,2025-03-17T17:00:00+00:00,373.920675
full-history-3x-risk-1pct,2025-03-18T01:00:00+00:00,370.090987
full-history-3x-risk-1pct,2025-03-18T11:00:00+00:00,366.258319
full-history-3x-risk-1pct,2025-03-18T13:00:00+00:00,362.309219
full-history-3x-risk-1pct,2025-03-18T13:00:00+00:00,358.381937
full-history-3x-risk-1pct,2025-03-18T22:00:00+00:00,354.538117
full-history-3x-risk-1pct,2025-03-18T22:00:00+00:00,350.865911
full-history-3x-risk-1pct,2025-03-18T22:00:00+00:00,346.662045
full-history-3x-risk-1pct,2025-03-18T23:00:00+00:00,342.783727
full-history-3x-risk-1pct,2025-03-18T23:00:00+00:00,339.903054
full-history-3x-risk-1pct,2025-03-18T23:00:00+00:00,336.011299
full-history-3x-risk-1pct,2025-03-19T00:00:00+00:00,332.164908
full-history-3x-risk-1pct,2025-03-19T08:00:00+00:00,343.422081
full-history-3x-risk-1pct,2025-03-19T11:00:00+00:00,359.879838
full-history-3x-risk-1pct,2025-03-20T16:00:00+00:00,356.196881
full-history-3x-risk-1pct,2025-03-21T10:00:00+00:00,352.448867
full-history-3x-risk-1pct,2025-03-22T06:00:00+00:00,348.773834
full-history-3x-risk-1pct,2025-03-22T23:00:00+00:00,345.116627
full-history-3x-risk-1pct,2025-03-24T04:00:00+00:00,362.192346
full-history-3x-risk-1pct,2025-03-26T19:00:00+00:00,359.257539
full-history-3x-risk-1pct,2025-03-27T06:00:00+00:00,355.483155
full-history-3x-risk-1pct,2025-03-28T14:00:00+00:00,351.878339
full-history-3x-risk-1pct,2025-03-29T10:00:00+00:00,348.080025
full-history-3x-risk-1pct,2025-03-29T16:00:00+00:00,365.819917
full-history-3x-risk-1pct,2025-04-01T14:00:00+00:00,362.04137
full-history-3x-risk-1pct,2025-04-02T13:00:00+00:00,358.267549
full-history-3x-risk-1pct,2025-04-02T20:00:00+00:00,354.406785
full-history-3x-risk-1pct,2025-04-02T20:00:00+00:00,350.736466
full-history-3x-risk-1pct,2025-04-03T14:00:00+00:00,367.862597
full-history-3x-risk-1pct,2025-04-04T17:00:00+00:00,363.969232
full-history-3x-risk-1pct,2025-04-05T13:00:00+00:00,360.006872
full-history-3x-risk-1pct,2025-04-06T01:00:00+00:00,356.136119
full-history-3x-risk-1pct,2025-04-07T05:00:00+00:00,373.726774
full-history-3x-risk-1pct,2025-04-07T06:00:00+00:00,390.981949
full-history-3x-risk-1pct,2025-04-15T10:00:00+00:00,386.806856
full-history-3x-risk-1pct,2025-04-19T05:00:00+00:00,382.868092
full-history-3x-risk-1pct,2025-04-19T06:00:00+00:00,378.758376
full-history-3x-risk-1pct,2025-04-19T07:00:00+00:00,374.787975
full-history-3x-risk-1pct,2025-04-19T10:00:00+00:00,370.759782
full-history-3x-risk-1pct,2025-04-20T09:00:00+00:00,366.827596
full-history-3x-risk-1pct,2025-04-21T00:00:00+00:00,363.045953
full-history-3x-risk-1pct,2025-04-22T01:00:00+00:00,381.792983
full-history-3x-risk-1pct,2025-04-22T07:00:00+00:00,377.792605
full-history-3x-risk-1pct,2025-04-22T15:00:00+00:00,396.150268
full-history-3x-risk-1pct,2025-04-26T09:00:00+00:00,392.02597
full-history-3x-risk-1pct,2025-04-27T01:00:00+00:00,387.949887
full-history-3x-risk-1pct,2025-04-28T06:00:00+00:00,383.790672
full-history-3x-risk-1pct,2025-04-28T10:00:00+00:00,379.772392
full-history-3x-risk-1pct,2025-04-28T13:00:00+00:00,375.780884
full-history-3x-risk-1pct,2025-04-28T15:00:00+00:00,371.866646
full-history-3x-risk-1pct,2025-04-29T06:00:00+00:00,368.049333
full-history-3x-risk-1pct,2025-04-29T16:00:00+00:00,364.099331
full-history-3x-risk-1pct,2025-04-29T21:00:00+00:00,360.226357
full-history-3x-risk-1pct,2025-04-30T10:00:00+00:00,356.423114
full-history-3x-risk-1pct,2025-04-30T13:00:00+00:00,352.558641
full-history-3x-risk-1pct,2025-05-01T02:00:00+00:00,348.864131
full-history-3x-risk-1pct,2025-05-02T03:00:00+00:00,345.305494
full-history-3x-risk-1pct,2025-05-02T07:00:00+00:00,341.686681
full-history-3x-risk-1pct,2025-05-04T13:00:00+00:00,338.305728
full-history-3x-risk-1pct,2025-05-04T13:00:00+00:00,353.874976
full-history-3x-risk-1pct,2025-05-05T01:00:00+00:00,350.067887
full-history-3x-risk-1pct,2025-05-05T16:00:00+00:00,346.315729
full-history-3x-risk-1pct,2025-05-06T22:00:00+00:00,342.823695
full-history-3x-risk-1pct,2025-05-07T00:00:00+00:00,339.043426
full-history-3x-risk-1pct,2025-05-07T00:00:00+00:00,335.40265
full-history-3x-risk-1pct,2025-05-07T15:00:00+00:00,331.944166
full-history-3x-risk-1pct,2025-05-07T18:00:00+00:00,328.464812
full-history-3x-risk-1pct,2025-05-08T00:00:00+00:00,324.9284
full-history-3x-risk-1pct,2025-05-08T14:00:00+00:00,340.949174
full-history-3x-risk-1pct,2025-05-09T23:00:00+00:00,357.346386
full-history-3x-risk-1pct,2025-05-12T07:00:00+00:00,372.606934
full-history-3x-risk-1pct,2025-05-13T11:00:00+00:00,368.636262
full-history-3x-risk-1pct,2025-05-15T16:00:00+00:00,364.760216
full-history-3x-risk-1pct,2025-05-17T00:00:00+00:00,382.97656
full-history-3x-risk-1pct,2025-05-17T01:00:00+00:00,379.160181
full-history-3x-risk-1pct,2025-05-18T14:00:00+00:00,375.458566
full-history-3x-risk-1pct,2025-05-18T23:00:00+00:00,371.522426
full-history-3x-risk-1pct,2025-05-19T15:00:00+00:00,367.725946
full-history-3x-risk-1pct,2025-05-20T00:00:00+00:00,363.937824
full-history-3x-risk-1pct,2025-05-21T03:00:00+00:00,360.084965
full-history-3x-risk-1pct,2025-05-21T09:00:00+00:00,356.36911
full-history-3x-risk-1pct,2025-05-21T11:00:00+00:00,352.655193
full-history-3x-risk-1pct,2025-05-21T17:00:00+00:00,348.946847
full-history-3x-risk-1pct,2025-05-22T01:00:00+00:00,366.227811
full-history-3x-risk-1pct,2025-05-22T13:00:00+00:00,362.450526
full-history-3x-risk-1pct,2025-05-26T03:00:00+00:00,358.736729
full-history-3x-risk-1pct,2025-05-26T17:00:00+00:00,354.865031
full-history-3x-risk-1pct,2025-05-27T08:00:00+00:00,351.162216
full-history-3x-risk-1pct,2025-05-28T02:00:00+00:00,347.425671
full-history-3x-risk-1pct,2025-05-30T00:00:00+00:00,365.329503
full-history-3x-risk-1pct,2025-05-30T16:00:00+00:00,361.360265
full-history-3x-risk-1pct,2025-05-30T16:00:00+00:00,378.441264
full-history-3x-risk-1pct,2025-06-02T22:00:00+00:00,374.430733
full-history-3x-risk-1pct,2025-06-04T14:00:00+00:00,370.268099
full-history-3x-risk-1pct,2025-06-04T15:00:00+00:00,366.53791
full-history-3x-risk-1pct,2025-06-09T21:00:00+00:00,362.718831
full-history-3x-risk-1pct,2025-06-09T21:00:00+00:00,358.884703
full-history-3x-risk-1pct,2025-06-21T21:00:00+00:00,376.495429
full-history-3x-risk-1pct,2025-06-22T14:00:00+00:00,394.501484
full-history-3x-risk-1pct,2025-06-29T22:00:00+00:00,414.017998
full-history-3x-risk-1pct,2025-06-30T14:00:00+00:00,409.538891
full-history-3x-risk-1pct,2025-06-30T22:00:00+00:00,405.298975
full-history-3x-risk-1pct,2025-07-01T11:00:00+00:00,401.049532
full-history-3x-risk-1pct,2025-07-02T15:00:00+00:00,396.898764
full-history-3x-risk-1pct,2025-07-02T16:00:00+00:00,393.557073
full-history-3x-risk-1pct,2025-07-04T13:00:00+00:00,389.433346
full-history-3x-risk-1pct,2025-07-06T21:00:00+00:00,385.414822
full-history-3x-risk-1pct,2025-07-07T12:00:00+00:00,381.142644
full-history-3x-risk-1pct,2025-07-08T17:00:00+00:00,377.210534
full-history-3x-risk-1pct,2025-07-08T17:00:00+00:00,373.021136
full-history-3x-risk-1pct,2025-07-10T07:00:00+00:00,391.488478
full-history-3x-risk-1pct,2025-07-11T05:00:00+00:00,410.417794
full-history-3x-risk-1pct,2025-07-14T20:00:00+00:00,406.218057
full-history-3x-risk-1pct,2025-07-15T18:00:00+00:00,402.066257
full-history-3x-risk-1pct,2025-07-16T16:00:00+00:00,421.914729
full-history-3x-risk-1pct,2025-07-16T18:00:00+00:00,441.24014
full-history-3x-risk-1pct,2025-07-17T12:00:00+00:00,436.602119
full-history-3x-risk-1pct,2025-07-18T14:00:00+00:00,431.969917
full-history-3x-risk-1pct,2025-07-19T19:00:00+00:00,427.460606
full-history-3x-risk-1pct,2025-07-20T12:00:00+00:00,448.41631
full-history-3x-risk-1pct,2025-07-20T14:00:00+00:00,469.569738
full-history-3x-risk-1pct,2025-07-21T07:00:00+00:00,465.304479
full-history-3x-risk-1pct,2025-07-21T12:00:00+00:00,460.248988
full-history-3x-risk-1pct,2025-07-22T07:00:00+00:00,454.823251
full-history-3x-risk-1pct,2025-07-22T17:00:00+00:00,450.02121
full-history-3x-risk-1pct,2025-07-23T09:00:00+00:00,445.300124
full-history-3x-risk-1pct,2025-07-23T12:00:00+00:00,440.584365
full-history-3x-risk-1pct,2025-07-23T13:00:00+00:00,435.77148
full-history-3x-risk-1pct,2025-07-24T00:00:00+00:00,430.992211
full-history-3x-risk-1pct,2025-07-24T04:00:00+00:00,426.184679
full-history-3x-risk-1pct,2025-07-24T08:00:00+00:00,421.599873
full-history-3x-risk-1pct,2025-07-25T01:00:00+00:00,417.301233
full-history-3x-risk-1pct,2025-07-25T14:00:00+00:00,412.947743
full-history-3x-risk-1pct,2025-07-25T17:00:00+00:00,408.582348
full-history-3x-risk-1pct,2025-07-25T21:00:00+00:00,404.320394
full-history-3x-risk-1pct,2025-07-27T16:00:00+00:00,400.217764
full-history-3x-risk-1pct,2025-07-28T02:00:00+00:00,419.676826
full-history-3x-risk-1pct,2025-07-28T04:00:00+00:00,439.496061
full-history-3x-risk-1pct,2025-07-28T17:00:00+00:00,435.012981
full-history-3x-risk-1pct,2025-08-01T00:00:00+00:00,430.574825
full-history-3x-risk-1pct,2025-08-01T13:00:00+00:00,451.958105
full-history-3x-risk-1pct,2025-08-05T17:00:00+00:00,447.141328
full-history-3x-risk-1pct,2025-08-07T10:00:00+00:00,442.213602
full-history-3x-risk-1pct,2025-08-08T17:00:00+00:00,464.058594
full-history-3x-risk-1pct,2025-08-09T09:00:00+00:00,459.614148
full-history-3x-risk-1pct,2025-08-12T11:00:00+00:00,455.037029
full-history-3x-risk-1pct,2025-08-14T12:00:00+00:00,450.327594
full-history-3x-risk-1pct,2025-08-18T02:00:00+00:00,444.975318
full-history-3x-risk-1pct,2025-08-18T02:00:00+00:00,440.58497
full-history-3x-risk-1pct,2025-08-20T21:00:00+00:00,462.704725
full-history-3x-risk-1pct,2025-08-22T14:00:00+00:00,458.057702
full-history-3x-risk-1pct,2025-08-22T14:00:00+00:00,453.378157
full-history-3x-risk-1pct,2025-08-22T15:00:00+00:00,449.675758
full-history-3x-risk-1pct,2025-08-24T06:00:00+00:00,444.970072
full-history-3x-risk-1pct,2025-08-24T17:00:00+00:00,440.338279
full-history-3x-risk-1pct,2025-08-24T20:00:00+00:00,435.627447
full-history-3x-risk-1pct,2025-08-25T03:00:00+00:00,431.037163
full-history-3x-risk-1pct,2025-08-28T13:00:00+00:00,426.634519
full-history-3x-risk-1pct,2025-08-28T16:00:00+00:00,422.17019
full-history-3x-risk-1pct,2025-08-28T19:00:00+00:00,417.768879
full-history-3x-risk-1pct,2025-08-29T07:00:00+00:00,413.336455
full-history-3x-risk-1pct,2025-09-08T05:00:00+00:00,409.47623
full-history-3x-risk-1pct,2025-09-09T06:00:00+00:00,429.747548
full-history-3x-risk-1pct,2025-09-11T22:00:00+00:00,426.070591
full-history-3x-risk-1pct,2025-09-12T17:00:00+00:00,421.976641
full-history-3x-risk-1pct,2025-09-15T08:00:00+00:00,417.501753
full-history-3x-risk-1pct,2025-09-16T17:00:00+00:00,438.188168
full-history-3x-risk-1pct,2025-09-17T18:00:00+00:00,433.512535
full-history-3x-risk-1pct,2025-09-18T01:00:00+00:00,453.46144
full-history-3x-risk-1pct,2025-09-19T11:00:00+00:00,448.784032
full-history-3x-risk-1pct,2025-09-19T14:00:00+00:00,443.911124
full-history-3x-risk-1pct,2025-09-22T05:00:00+00:00,465.954553
full-history-3x-risk-1pct,2025-09-22T06:00:00+00:00,487.890086
full-history-3x-risk-1pct,2025-09-24T03:00:00+00:00,482.735958
full-history-3x-risk-1pct,2025-09-24T13:00:00+00:00,477.77517
full-history-3x-risk-1pct,2025-09-25T17:00:00+00:00,499.185055
full-history-3x-risk-1pct,2025-09-29T11:00:00+00:00,494.045063
full-history-3x-risk-1pct,2025-09-29T13:00:00+00:00,488.852089
full-history-3x-risk-1pct,2025-09-29T14:00:00+00:00,483.728495
full-history-3x-risk-1pct,2025-09-29T14:00:00+00:00,478.52921
full-history-3x-risk-1pct,2025-09-30T07:00:00+00:00,473.542143
full-history-3x-risk-1pct,2025-09-30T15:00:00+00:00,468.531488
full-history-3x-risk-1pct,2025-09-30T17:00:00+00:00,491.942829
full-history-3x-risk-1pct,2025-09-30T19:00:00+00:00,486.799377
full-history-3x-risk-1pct,2025-09-30T19:00:00+00:00,481.718796
full-history-3x-risk-1pct,2025-10-01T19:00:00+00:00,505.56427
full-history-3x-risk-1pct,2025-10-02T18:00:00+00:00,529.384469
full-history-3x-risk-1pct,2025-10-03T03:00:00+00:00,554.070784
full-history-3x-risk-1pct,2025-10-04T14:00:00+00:00,549.098357
full-history-3x-risk-1pct,2025-10-05T02:00:00+00:00,543.400354
full-history-3x-risk-1pct,2025-10-05T11:00:00+00:00,537.735062
full-history-3x-risk-1pct,2025-10-05T17:00:00+00:00,532.15036
full-history-3x-risk-1pct,2025-10-05T19:00:00+00:00,526.47193
full-history-3x-risk-1pct,2025-10-05T19:00:00+00:00,520.806602
full-history-3x-risk-1pct,2025-10-06T10:00:00+00:00,515.397119
full-history-3x-risk-1pct,2025-10-06T13:00:00+00:00,510.000901
full-history-3x-risk-1pct,2025-10-06T18:00:00+00:00,504.427707
full-history-3x-risk-1pct,2025-10-07T04:00:00+00:00,499.265629
full-history-3x-risk-1pct,2025-10-07T12:00:00+00:00,494.027252
full-history-3x-risk-1pct,2025-10-07T14:00:00+00:00,488.619824
full-history-3x-risk-1pct,2025-10-08T17:00:00+00:00,483.581078
full-history-3x-risk-1pct,2025-10-08T17:00:00+00:00,478.480616
full-history-3x-risk-1pct,2025-10-09T02:00:00+00:00,473.365743
full-history-3x-risk-1pct,2025-10-09T08:00:00+00:00,497.78263
full-history-3x-risk-1pct,2025-10-09T12:00:00+00:00,492.705908
full-history-3x-risk-1pct,2025-10-10T15:00:00+00:00,516.102783
full-history-3x-risk-1pct,2025-10-10T15:00:00+00:00,510.421728
full-history-3x-risk-1pct,2025-10-10T21:00:00+00:00,534.984587
full-history-3x-risk-1pct,2025-10-10T21:00:00+00:00,559.315675
full-history-3x-risk-1pct,2025-10-15T13:00:00+00:00,553.493229
full-history-3x-risk-1pct,2025-10-21T14:00:00+00:00,547.790043
full-history-3x-risk-1pct,2025-10-21T14:00:00+00:00,542.13721
full-history-3x-risk-1pct,2025-10-21T21:00:00+00:00,536.582263
full-history-3x-risk-1pct,2025-10-22T14:00:00+00:00,531.040543
full-history-3x-risk-1pct,2025-10-23T06:00:00+00:00,525.527882
full-history-3x-risk-1pct,2025-10-23T13:00:00+00:00,519.824592
full-history-3x-risk-1pct,2025-10-23T14:00:00+00:00,514.481859
full-history-3x-risk-1pct,2025-10-23T21:00:00+00:00,509.215726
full-history-3x-risk-1pct,2025-10-24T04:00:00+00:00,503.902946
full-history-3x-risk-1pct,2025-10-26T22:00:00+00:00,529.88949
full-history-3x-risk-1pct,2025-10-28T19:00:00+00:00,524.041901
full-history-3x-risk-1pct,2025-10-28T20:00:00+00:00,518.330415
full-history-3x-risk-1pct,2025-10-29T23:00:00+00:00,513.058445
full-history-3x-risk-1pct,2025-10-30T04:00:00+00:00,507.754095
full-history-3x-risk-1pct,2025-10-30T10:00:00+00:00,502.354394
full-history-3x-risk-1pct,2025-10-30T17:00:00+00:00,527.732949
full-history-3x-risk-1pct,2025-11-03T15:00:00+00:00,551.057543
full-history-3x-risk-1pct,2025-11-03T15:00:00+00:00,576.542557
full-history-3x-risk-1pct,2025-11-04T05:00:00+00:00,602.136383
full-history-3x-risk-1pct,2025-11-12T15:00:00+00:00,595.763743
full-history-3x-risk-1pct,2025-11-13T19:00:00+00:00,624.985544
full-history-3x-risk-1pct,2025-11-14T12:00:00+00:00,654.657425
full-history-3x-risk-1pct,2025-11-21T07:00:00+00:00,684.106294
full-history-3x-risk-1pct,2025-11-25T14:00:00+00:00,677.15056
full-history-3x-risk-1pct,2025-11-28T22:00:00+00:00,670.204589
full-history-3x-risk-1pct,2025-11-30T23:00:00+00:00,703.216294
full-history-3x-risk-1pct,2025-12-01T00:00:00+00:00,736.61209
full-history-3x-risk-1pct,2025-12-07T09:00:00+00:00,728.915638
full-history-3x-risk-1pct,2025-12-07T13:00:00+00:00,721.332187
full-history-3x-risk-1pct,2025-12-07T17:00:00+00:00,713.881913
full-history-3x-risk-1pct,2025-12-07T17:00:00+00:00,706.390988
full-history-3x-risk-1pct,2025-12-07T22:00:00+00:00,698.936649
full-history-3x-risk-1pct,2025-12-08T15:00:00+00:00,691.76716
full-history-3x-risk-1pct,2025-12-09T15:00:00+00:00,684.545914
full-history-3x-risk-1pct,2025-12-09T15:00:00+00:00,718.437617
full-history-3x-risk-1pct,2025-12-10T20:00:00+00:00,752.922776
full-history-3x-risk-1pct,2025-12-11T00:00:00+00:00,745.469378
full-history-3x-risk-1pct,2025-12-11T21:00:00+00:00,737.867968
full-history-3x-risk-1pct,2025-12-12T15:00:00+00:00,730.133144
full-history-3x-risk-1pct,2025-12-12T15:00:00+00:00,722.613895
full-history-3x-risk-1pct,2025-12-13T08:00:00+00:00,715.142029
full-history-3x-risk-1pct,2025-12-14T04:00:00+00:00,707.70184
full-history-3x-risk-1pct,2025-12-15T14:00:00+00:00,699.825423
full-history-3x-risk-1pct,2025-12-15T18:00:00+00:00,734.827883
full-history-3x-risk-1pct,2026-01-02T16:00:00+00:00,727.779767
full-history-3x-risk-1pct,2026-01-02T19:00:00+00:00,721.154811
full-history-3x-risk-1pct,2026-01-09T19:00:00+00:00,713.543624
full-history-3x-risk-1pct,2026-01-10T09:00:00+00:00,706.201888
full-history-3x-risk-1pct,2026-01-11T20:00:00+00:00,699.032357
full-history-3x-risk-1pct,2026-01-12T01:00:00+00:00,691.36026
full-history-3x-risk-1pct,2026-01-12T01:00:00+00:00,683.984299
full-history-3x-risk-1pct,2026-01-12T02:00:00+00:00,676.769999
full-history-3x-risk-1pct,2026-01-12T07:00:00+00:00,669.264804
full-history-3x-risk-1pct,2026-01-12T07:00:00+00:00,661.674429
full-history-3x-risk-1pct,2026-01-12T07:00:00+00:00,654.480929
full-history-3x-risk-1pct,2026-01-12T08:00:00+00:00,646.600973
full-history-3x-risk-1pct,2026-01-13T13:00:00+00:00,640.066266
full-history-3x-risk-1pct,2026-01-13T14:00:00+00:00,633.267633
full-history-3x-risk-1pct,2026-01-13T19:00:00+00:00,627.507422
full-history-3x-risk-1pct,2026-01-14T18:00:00+00:00,621.006747
full-history-3x-risk-1pct,2026-01-14T23:00:00+00:00,651.747912
full-history-3x-risk-1pct,2026-01-15T09:00:00+00:00,644.970327
full-history-3x-risk-1pct,2026-01-15T12:00:00+00:00,638.191102
full-history-3x-risk-1pct,2026-01-15T12:00:00+00:00,631.409563
full-history-3x-risk-1pct,2026-01-15T19:00:00+00:00,624.886265
full-history-3x-risk-1pct,2026-01-16T19:00:00+00:00,618.353409
full-history-3x-risk-1pct,2026-01-18T01:00:00+00:00,611.877732
full-history-3x-risk-1pct,2026-01-19T00:00:00+00:00,643.110443
full-history-3x-risk-1pct,2026-01-19T00:00:00+00:00,673.323256
full-history-3x-risk-1pct,2026-01-20T22:00:00+00:00,664.901958
full-history-3x-risk-1pct,2026-01-27T16:00:00+00:00,658.004502
full-history-3x-risk-1pct,2026-01-29T14:00:00+00:00,650.483969
full-history-3x-risk-1pct,2026-01-29T19:00:00+00:00,683.18297
full-history-3x-risk-1pct,2026-01-30T01:00:00+00:00,716.041975
full-history-3x-risk-1pct,2026-02-08T23:00:00+00:00,708.578777
full-history-3x-risk-1pct,2026-02-13T15:00:00+00:00,701.052091
full-history-3x-risk-1pct,2026-02-16T12:00:00+00:00,693.757466
full-history-3x-risk-1pct,2026-02-16T21:00:00+00:00,686.542175
full-history-3x-risk-1pct,2026-02-17T10:00:00+00:00,679.323947
full-history-3x-risk-1pct,2026-02-18T17:00:00+00:00,712.915427
full-history-3x-risk-1pct,2026-02-18T18:00:00+00:00,705.204797
full-history-3x-risk-1pct,2026-02-19T13:00:00+00:00,738.752103
full-history-3x-risk-1pct,2026-02-20T15:00:00+00:00,731.00224
full-history-3x-risk-1pct,2026-02-20T15:00:00+00:00,722.856412
full-history-3x-risk-1pct,2026-02-21T09:00:00+00:00,715.681808
full-history-3x-risk-1pct,2026-02-22T06:00:00+00:00,708.353841
full-history-3x-risk-1pct,2026-02-22T13:00:00+00:00,700.774013
full-history-3x-risk-1pct,2026-02-24T01:00:00+00:00,735.359558
full-history-3x-risk-1pct,2026-02-25T14:00:00+00:00,728.061831
full-history-3x-risk-1pct,2026-02-25T18:00:00+00:00,721.054316
full-history-3x-risk-1pct,2026-02-28T06:00:00+00:00,713.489991
full-history-3x-risk-1pct,2026-03-01T17:00:00+00:00,706.132105
full-history-3x-risk-1pct,2026-03-01T17:00:00+00:00,698.562424
full-history-3x-risk-1pct,2026-03-01T20:00:00+00:00,691.14617
full-history-3x-risk-1pct,2026-03-01T20:00:00+00:00,683.8271
full-history-3x-risk-1pct,2026-03-01T22:00:00+00:00,676.713406
full-history-3x-risk-1pct,2026-03-02T00:00:00+00:00,669.704151
full-history-3x-risk-1pct,2026-03-02T01:00:00+00:00,662.505461
full-history-3x-risk-1pct,2026-03-02T07:00:00+00:00,655.72945
full-history-3x-risk-1pct,2026-03-02T07:00:00+00:00,648.97774
full-history-3x-risk-1pct,2026-03-02T07:00:00+00:00,642.070182
full-history-3x-risk-1pct,2026-03-03T08:00:00+00:00,635.411854
full-history-3x-risk-1pct,2026-03-03T08:00:00+00:00,628.605818
full-history-3x-risk-1pct,2026-03-03T15:00:00+00:00,622.143217
full-history-3x-risk-1pct,2026-03-03T16:00:00+00:00,615.428052
full-history-3x-risk-1pct,2026-03-03T16:00:00+00:00,608.972747
full-history-3x-risk-1pct,2026-03-03T16:00:00+00:00,602.416154
full-history-3x-risk-1pct,2026-03-03T23:00:00+00:00,595.658009
full-history-3x-risk-1pct,2026-03-04T05:00:00+00:00,589.399424
full-history-3x-risk-1pct,2026-03-04T07:00:00+00:00,583.208778
full-history-3x-risk-1pct,2026-03-06T14:00:00+00:00,577.146477
full-history-3x-risk-1pct,2026-03-06T14:00:00+00:00,571.475027
full-history-3x-risk-1pct,2026-03-07T18:00:00+00:00,565.566178
full-history-3x-risk-1pct,2026-03-07T19:00:00+00:00,559.771321
full-history-3x-risk-1pct,2026-03-08T06:00:00+00:00,554.026284
full-history-3x-risk-1pct,2026-03-08T12:00:00+00:00,548.467228
full-history-3x-risk-1pct,2026-03-08T19:00:00+00:00,542.653796
full-history-3x-risk-1pct,2026-03-08T22:00:00+00:00,536.930143
full-history-3x-risk-1pct,2026-03-09T02:00:00+00:00,531.055074
full-history-3x-risk-1pct,2026-03-10T09:00:00+00:00,557.191143
full-history-3x-risk-1pct,2026-03-10T16:00:00+00:00,583.406909
full-history-3x-risk-1pct,2026-03-11T09:00:00+00:00,577.330538
full-history-3x-risk-1pct,2026-03-11T12:00:00+00:00,571.366627
full-history-3x-risk-1pct,2026-03-11T12:00:00+00:00,565.504909
full-history-3x-risk-1pct,2026-03-12T05:00:00+00:00,559.643172
full-history-3x-risk-1pct,2026-03-12T10:00:00+00:00,553.283673
full-history-3x-risk-1pct,2026-03-13T00:00:00+00:00,581.299178
full-history-3x-risk-1pct,2026-03-13T01:00:00+00:00,608.702182
full-history-3x-risk-1pct,2026-03-13T13:00:00+00:00,602.895116
full-history-3x-risk-1pct,2026-03-16T03:00:00+00:00,596.228766
full-history-3x-risk-1pct,2026-03-16T05:00:00+00:00,625.735298
full-history-3x-risk-1pct,2026-03-19T15:00:00+00:00,619.802926
full-history-3x-risk-1pct,2026-03-21T23:00:00+00:00,613.376974
full-history-3x-risk-1pct,2026-03-22T21:00:00+00:00,607.337456
full-history-3x-risk-1pct,2026-03-24T16:00:00+00:00,601.002482
full-history-3x-risk-1pct,2026-03-24T17:00:00+00:00,594.758099
full-history-3x-risk-1pct,2026-03-24T17:00:00+00:00,588.521745
full-history-3x-risk-1pct,2026-03-24T22:00:00+00:00,582.327612
full-history-3x-risk-1pct,2026-03-26T05:00:00+00:00,576.272932
full-history-3x-risk-1pct,2026-03-26T06:00:00+00:00,570.279741
full-history-3x-risk-1pct,2026-03-26T09:00:00+00:00,564.085495
full-history-3x-risk-1pct,2026-04-01T06:00:00+00:00,557.795665
full-history-3x-risk-1pct,2026-04-02T02:00:00+00:00,552.334499
full-history-3x-risk-1pct,2026-04-03T12:00:00+00:00,546.677896
full-history-3x-risk-1pct,2026-04-04T02:00:00+00:00,541.120149
full-history-3x-risk-1pct,2026-04-04T15:00:00+00:00,535.574114
full-history-3x-risk-1pct,2026-04-04T15:00:00+00:00,529.67758
full-history-3x-risk-1pct,2026-04-05T01:00:00+00:00,523.703752
full-history-3x-risk-1pct,2026-04-05T05:00:00+00:00,518.142568
full-history-3x-risk-1pct,2026-04-05T23:00:00+00:00,512.530033
full-history-3x-risk-1pct,2026-04-06T22:00:00+00:00,507.077029
full-history-3x-risk-1pct,2026-04-07T21:00:00+00:00,501.856793
full-history-3x-risk-1pct,2026-04-07T22:00:00+00:00,496.13363
full-history-3x-risk-1pct,2026-04-08T14:00:00+00:00,490.964636
full-history-3x-risk-1pct,2026-04-09T15:00:00+00:00,485.867819
full-history-3x-risk-1pct,2026-04-10T04:00:00+00:00,481.006298
full-history-3x-risk-1pct,2026-04-10T05:00:00+00:00,475.584718
full-history-3x-risk-1pct,2026-04-10T13:00:00+00:00,470.580696
full-history-3x-risk-1pct,2026-04-11T18:00:00+00:00,495.349793
full-history-3x-risk-1pct,2026-04-12T01:00:00+00:00,490.503222
full-history-3x-risk-1pct,2026-04-12T01:00:00+00:00,485.133005
full-history-3x-risk-1pct,2026-04-13T14:00:00+00:00,480.004545
full-history-3x-risk-1pct,2026-04-13T22:00:00+00:00,473.270452
full-history-3x-risk-1pct,2026-04-16T16:00:00+00:00,496.709101
full-history-3x-risk-1pct,2026-04-17T05:00:00+00:00,491.330935
full-history-3x-risk-1pct,2026-04-17T09:00:00+00:00,514.700368
full-history-3x-risk-1pct,2026-04-17T12:00:00+00:00,509.714977
full-history-3x-risk-1pct,2026-04-17T14:00:00+00:00,504.20716
full-history-3x-risk-1pct,2026-04-17T23:00:00+00:00,499.13605
full-history-3x-risk-1pct,2026-04-17T23:00:00+00:00,493.952288
full-history-3x-risk-1pct,2026-04-22T05:00:00+00:00,489.006481
full-history-3x-risk-1pct,2026-04-22T23:00:00+00:00,483.934254
full-history-3x-risk-1pct,2026-04-26T11:00:00+00:00,479.051436
full-history-3x-risk-1pct,2026-04-27T05:00:00+00:00,473.811387
full-history-3x-risk-1pct,2026-04-28T09:00:00+00:00,498.270636
full-history-3x-risk-1pct,2026-04-29T09:00:00+00:00,493.084187
full-history-3x-risk-1pct,2026-04-29T12:00:00+00:00,488.058413
full-history-3x-risk-1pct,2026-04-29T12:00:00+00:00,482.853824
full-history-3x-risk-1pct,2026-04-29T13:00:00+00:00,477.439385
full-history-3x-risk-1pct,2026-04-29T15:00:00+00:00,472.51031
full-history-3x-risk-1pct,2026-05-04T04:00:00+00:00,467.613583
full-history-3x-risk-1pct,2026-05-04T09:00:00+00:00,461.922059
full-history-3x-risk-1pct,2026-05-04T09:00:00+00:00,457.0849
full-history-3x-risk-1pct,2026-05-04T10:00:00+00:00,452.300258
full-history-3x-risk-1pct,2026-05-05T05:00:00+00:00,447.590783
full-history-3x-risk-1pct,2026-05-05T13:00:00+00:00,469.982517
full-history-3x-risk-1pct,2026-05-06T11:00:00+00:00,492.220106
full-history-3x-risk-1pct,2026-05-08T15:00:00+00:00,515.478685
full-history-3x-risk-1pct,2026-05-10T17:00:00+00:00,537.643162
full-history-3x-risk-1pct,2026-05-10T20:00:00+00:00,532.603931
full-history-3x-risk-1pct,2026-05-10T20:00:00+00:00,526.913627
full-history-3x-risk-1pct,2026-05-10T23:00:00+00:00,549.398402
full-history-3x-risk-1pct,2026-05-11T03:00:00+00:00,543.57091
full-history-3x-risk-1pct,2026-05-11T14:00:00+00:00,537.755512
full-history-3x-risk-1pct,2026-05-12T10:00:00+00:00,532.129946
full-history-3x-risk-1pct,2026-05-13T01:00:00+00:00,526.214828
full-history-3x-risk-1pct,2026-05-13T09:00:00+00:00,520.753454
full-history-3x-risk-1pct,2026-05-13T12:00:00+00:00,515.360237
full-history-3x-risk-1pct,2026-05-13T12:00:00+00:00,510.022991
full-history-3x-risk-1pct,2026-05-14T14:00:00+00:00,504.806846
full-history-3x-risk-1pct,2026-05-15T13:00:00+00:00,499.695915
full-history-3x-risk-1pct,2026-05-17T23:00:00+00:00,526.247246
full-history-3x-risk-1pct,2026-05-18T14:00:00+00:00,520.738646
full-history-3x-risk-1pct,2026-05-18T20:00:00+00:00,515.761801
full-history-3x-risk-1pct,2026-05-20T00:00:00+00:00,510.351626
full-history-3x-risk-1pct,2026-05-21T10:00:00+00:00,505.018323
full-history-3x-risk-1pct,2026-05-22T12:00:00+00:00,530.327674
full-history-3x-risk-1pct,2026-05-22T18:00:00+00:00,524.972018
full-history-3x-risk-1pct,2026-05-22T18:00:00+00:00,519.529942
full-history-3x-risk-1pct,2026-05-22T19:00:00+00:00,514.135352
full-history-3x-risk-1pct,2026-05-23T20:00:00+00:00,508.707738
full-history-3x-risk-1pct,2026-05-23T20:00:00+00:00,503.11419
full-history-3x-risk-1pct,2026-05-24T10:00:00+00:00,497.853788
full-history-3x-risk-1pct,2026-05-24T12:00:00+00:00,492.539056
full-history-3x-risk-1pct,2026-05-24T14:00:00+00:00,487.331722
full-history-3x-risk-1pct,2026-05-24T14:00:00+00:00,481.966374
full-history-3x-risk-1pct,2026-05-25T08:00:00+00:00,476.887913
full-history-3x-risk-1pct,2026-05-25T11:00:00+00:00,472.04946
full-history-3x-risk-1pct,2026-05-26T13:00:00+00:00,495.67043
full-history-3x-risk-1pct,2026-05-26T15:00:00+00:00,490.627253
full-history-3x-risk-1pct,2026-05-26T15:00:00+00:00,485.256339
full-history-3x-risk-1pct,2026-05-26T15:00:00+00:00,481.508964
full-history-3x-risk-1pct,2026-05-26T15:00:00+00:00,476.633778
full-history-3x-risk-1pct,2026-05-28T01:00:00+00:00,471.311734
full-history-3x-risk-1pct,2026-05-31T14:00:00+00:00,466.438575
full-history-3x-risk-1pct,2026-06-02T15:00:00+00:00,489.868595
full-history-3x-risk-1pct,2026-06-02T19:00:00+00:00,512.876871
full-history-3x-risk-1pct,2026-06-02T22:00:00+00:00,536.412556
full-history-3x-risk-1pct,2026-06-03T05:00:00+00:00,531.038152
full-history-3x-risk-1pct,2026-06-04T00:00:00+00:00,525.559566
full-history-3x-risk-1pct,2026-06-11T03:00:00+00:00,520.188947
full-history-3x-risk-1pct,2026-06-11T17:00:00+00:00,514.621752
full-history-3x-risk-1pct,2026-06-12T06:00:00+00:00,509.219843
full-history-3x-risk-1pct,2026-06-15T12:00:00+00:00,534.415849
full-history-3x-risk-1pct,2026-06-15T15:00:00+00:00,560.07425
full-history-3x-risk-1pct,2026-06-17T05:00:00+00:00,554.334064
full-history-3x-risk-1pct,2026-06-17T15:00:00+00:00,548.705777
full-history-3x-risk-1pct,2026-06-17T18:00:00+00:00,543.091901
full-history-3x-risk-1pct,2026-06-17T19:00:00+00:00,537.456614
full-history-3x-risk-1pct,2026-06-18T01:00:00+00:00,531.688652
full-history-3x-risk-1pct,2026-06-18T03:00:00+00:00,526.131894
full-history-3x-risk-1pct,2026-06-18T04:00:00+00:00,520.571319
full-history-3x-risk-1pct,2026-06-18T09:00:00+00:00,515.346515
full-history-3x-risk-1pct,2026-06-18T11:00:00+00:00,510.053664
full-history-3x-risk-1pct,2026-06-19T02:00:00+00:00,504.577109
full-history-3x-risk-1pct,2026-06-23T08:00:00+00:00,529.47021
full-history-3x-risk-1pct,2026-06-23T14:00:00+00:00,524.128413
full-history-3x-risk-1pct,2026-06-23T16:00:00+00:00,518.514729
full-history-3x-risk-1pct,2026-06-24T15:00:00+00:00,513.208789
full-history-3x-risk-1pct,2026-06-24T16:00:00+00:00,538.445831
full-history-3x-risk-1pct,2026-06-24T20:00:00+00:00,533.320036
full-history-3x-risk-1pct,2026-06-25T13:00:00+00:00,559.614496
full-history-3x-risk-1pct,2026-06-26T15:00:00+00:00,553.994485
full-history-3x-risk-1pct,2026-06-28T20:00:00+00:00,548.2726
full-history-3x-risk-1pct,2026-06-29T07:00:00+00:00,542.377848
full-history-3x-risk-1pct,2026-06-30T03:00:00+00:00,536.716061
full-history-3x-risk-1pct,2026-06-30T11:00:00+00:00,531.058349
full-history-3x-risk-1pct,2026-06-30T18:00:00+00:00,525.454389
full-history-3x-risk-1pct,2026-06-30T19:00:00+00:00,519.968551
full-history-3x-risk-1pct,2026-07-01T14:00:00+00:00,514.58199
full-history-3x-risk-1pct,2026-07-02T01:00:00+00:00,509.292609
full-history-3x-risk-1pct,2026-07-02T13:00:00+00:00,503.927494
full-history-3x-risk-1pct,2026-07-03T19:00:00+00:00,498.412307
full-history-3x-risk-1pct,2026-07-06T08:00:00+00:00,493.292147
full-history-3x-risk-1pct,2026-07-06T12:00:00+00:00,488.198191
full-history-3x-risk-1pct,2026-07-06T12:00:00+00:00,482.988386
full-history-3x-risk-1pct,2026-07-06T15:00:00+00:00,477.99698
full-history-3x-risk-1pct,2026-07-06T15:00:00+00:00,473.012974
full-history-3x-risk-1pct,2026-07-06T15:00:00+00:00,468.176446
full-history-3x-risk-1pct,2026-07-06T16:00:00+00:00,463.211741
full-history-3x-risk-1pct,2026-07-06T21:00:00+00:00,458.460074
full-history-3x-risk-1pct,2026-07-07T01:00:00+00:00,453.492205
full-history-3x-risk-1pct,2026-07-07T12:00:00+00:00,448.825411
full-history-3x-risk-1pct,2026-07-07T15:00:00+00:00,444.042587
full-history-3x-risk-1pct,2026-07-07T16:00:00+00:00,439.374798
full-history-3x-risk-1pct,2026-07-07T19:00:00+00:00,434.84122
full-history-3x-risk-1pct,2026-07-08T01:00:00+00:00,429.945875
full-history-3x-risk-1pct,2026-07-10T01:00:00+00:00,425.445111
full-history-3x-risk-1pct,2026-07-10T10:00:00+00:00,420.967163
full-history-3x-risk-1pct,2026-07-10T14:00:00+00:00,416.543777
full-history-3x-risk-1pct,2026-07-13T02:00:00+00:00,412.273704
full-history-3x-risk-1pct,2026-07-13T07:00:00+00:00,407.853715
full-history-3x-risk-1pct,2026-07-13T17:00:00+00:00,403.530801
full-history-3x-risk-1pct,2026-07-13T17:00:00+00:00,399.219158
full-history-3x-risk-1pct,2026-07-13T18:00:00+00:00,395.197124
full-history-3x-risk-1pct,2026-07-14T10:00:00+00:00,391.178374
full-history-3x-risk-1pct,2026-07-14T12:00:00+00:00,387.003504
full-history-3x-risk-1pct,2026-07-15T13:00:00+00:00,412.441014
full-history-3x-risk-1pct,2026-07-16T01:00:00+00:00,408.441686
full-history-3x-risk-1pct,2026-07-16T08:00:00+00:00,404.179278
full-history-3x-risk-1pct,2026-07-16T13:00:00+00:00,400.005272
full-history-3x-risk-1pct,2026-07-16T15:00:00+00:00,395.646285
full-history-3x-risk-1pct,2026-07-16T17:00:00+00:00,391.364614
full-history-3x-risk-1pct,2026-07-16T20:00:00+00:00,387.201405
full-history-3x-risk-1pct,2026-07-16T22:00:00+00:00,382.911111
full-history-3x-risk-1pct,2026-07-17T05:00:00+00:00,378.713998
full-history-3x-risk-1pct,2026-07-17T10:00:00+00:00,374.726467
full-history-3x-risk-1pct,2026-07-18T12:00:00+00:00,394.900122
full-history-3x-risk-1pct,2026-07-18T17:00:00+00:00,391.097723
full-history-3x-risk-1pct,2026-07-18T18:00:00+00:00,386.804578
full-history-3x-risk-1pct,2026-07-19T15:00:00+00:00,382.789019
full-history-3x-risk-1pct,2026-07-20T05:00:00+00:00,378.766874
full-history-3x-risk-1pct,2026-07-20T05:00:00+00:00,374.485687
full-history-3x-risk-1pct,2026-07-20T06:00:00+00:00,370.467231
full-history-3x-risk-1pct,2026-07-20T11:00:00+00:00,367.267097
full-history-3x-risk-1pct,2026-07-20T13:00:00+00:00,363.083918
full-history-3x-risk-1pct,2026-07-20T14:00:00+00:00,359.078448
full-history-3x-risk-1pct,2026-07-21T05:00:00+00:00,354.825192
full-history-3x-risk-1pct,2026-07-22T05:00:00+00:00,351.344304
full-history-3x-risk-1pct,2026-07-22T07:00:00+00:00,347.675173
full-history-3x-risk-1pct,2026-07-22T14:00:00+00:00,344.055208
full-history-3x-risk-1pct,2026-07-22T17:00:00+00:00,340.338497
full-history-3x-risk-1pct,2026-07-23T03:00:00+00:00,336.731051
full-history-3x-risk-1pct,2026-07-23T09:00:00+00:00,333.59874
full-history-3x-risk-1pct,2026-07-23T17:00:00+00:00,329.574035
full-history-3x-risk-1pct,2026-07-26T16:00:00+00:00,326.206981
full-history-3x-risk-1pct,2026-07-27T09:00:00+00:00,342.719437
full-history-3x-risk-1pct,2026-07-27T14:00:00+00:00,339.225389
full-history-3x-risk-1pct,2026-07-27T22:00:00+00:00,358.174526
full-history-3x-risk-1pct,2026-07-27T22:00:00+00:00,354.657256
full-history-3x-risk-1pct,2026-07-28T15:00:00+00:00,350.939669
full-history-3x-risk-1pct,2026-07-28T15:00:00+00:00,347.259348
full-history-3x-risk-1pct,2026-07-29T07:00:00+00:00,343.689086
full-history-3x-risk-1pct,2026-07-29T18:00:00+00:00,342.089578
full-history-3x-risk-1pct,2026-07-30T13:00:00+00:00,338.552624
full-history-3x-risk-1pct,2026-07-31T01:00:00+00:00,334.99495
full-history-3x-risk-1pct,2026-07-31T02:00:00+00:00,331.405773
full-history-3x-risk-1pct,2026-08-01T18:00:00+00:00,348.174499
full-history-3x-risk-1pct,2026-08-01T18:00:00+00:00,344.414014
full-history-3x-risk-1pct,2026-08-02T04:00:00+00:00,340.933441
full-history-3x-risk-1pct,2026-08-03T03:00:00+00:00,337.374697
full-history-3x-risk-1pct,2026-08-05T15:00:00+00:00,333.873007
full-history-3x-risk-1pct,2026-08-05T16:00:00+00:00,330.318988
full-history-3x-risk-1pct,2026-08-06T04:00:00+00:00,326.879878
full-history-3x-risk-1pct,2026-08-06T09:00:00+00:00,323.24146
full-history-3x-risk-1pct,2026-08-08T08:00:00+00:00,319.693717
full-history-3x-risk-1pct,2026-08-09T23:00:00+00:00,319.314947
full-history-3x-risk-1pct,2026-08-09T23:00:00+00:00,321.693733
full-history-3x-risk-1pct,2026-08-09T23:00:00+00:00,325.936771
holdout-2026,2026-01-01T08:00:00+00:00,98.95573
holdout-2026,2026-01-01T15:00:00+00:00,97.926713
holdout-2026,2026-01-01T15:00:00+00:00,96.862836
holdout-2026,2026-01-01T16:00:00+00:00,96.078801
holdout-2026,2026-01-02T09:00:00+00:00,100.796714
holdout-2026,2026-01-05T01:00:00+00:00,105.154653
holdout-2026,2026-01-05T01:00:00+00:00,108.38463
holdout-2026,2026-01-09T19:00:00+00:00,107.241631
holdout-2026,2026-01-10T09:00:00+00:00,106.138344
holdout-2026,2026-01-11T20:00:00+00:00,105.061429
holdout-2026,2026-01-12T01:00:00+00:00,103.908688
holdout-2026,2026-01-12T01:00:00+00:00,102.802956
holdout-2026,2026-01-12T02:00:00+00:00,101.853706
holdout-2026,2026-01-12T07:00:00+00:00,100.726785
holdout-2026,2026-01-12T07:00:00+00:00,99.738823
holdout-2026,2026-01-12T07:00:00+00:00,98.731733
holdout-2026,2026-01-12T08:00:00+00:00,97.707407
holdout-2026,2026-01-13T13:00:00+00:00,96.720385
holdout-2026,2026-01-13T14:00:00+00:00,95.694729
holdout-2026,2026-01-13T15:00:00+00:00,94.585761
holdout-2026,2026-01-13T18:00:00+00:00,99.137628
holdout-2026,2026-01-13T22:00:00+00:00,103.672363
holdout-2026,2026-01-14T18:00:00+00:00,102.598098
holdout-2026,2026-01-14T23:00:00+00:00,107.66961
holdout-2026,2026-01-15T09:00:00+00:00,106.553483
holdout-2026,2026-01-15T12:00:00+00:00,105.436209
holdout-2026,2026-01-15T12:00:00+00:00,104.317361
holdout-2026,2026-01-15T19:00:00+00:00,103.332974
holdout-2026,2026-01-16T19:00:00+00:00,102.256679
holdout-2026,2026-01-18T01:00:00+00:00,101.20056
holdout-2026,2026-01-19T00:00:00+00:00,106.359535
holdout-2026,2026-01-19T00:00:00+00:00,105.319929
holdout-2026,2026-01-19T00:00:00+00:00,110.289378
holdout-2026,2026-01-27T16:00:00+00:00,109.145932
holdout-2026,2026-01-29T14:00:00+00:00,107.916339
holdout-2026,2026-01-29T19:00:00+00:00,112.892274
holdout-2026,2026-01-30T01:00:00+00:00,118.34069
holdout-2026,2026-02-08T23:00:00+00:00,117.106417
holdout-2026,2026-02-13T15:00:00+00:00,115.869637
holdout-2026,2026-02-16T12:00:00+00:00,114.71176
holdout-2026,2026-02-16T21:00:00+00:00,113.528926
holdout-2026,2026-02-17T10:00:00+00:00,112.394633
holdout-2026,2026-02-18T17:00:00+00:00,117.951572
holdout-2026,2026-02-18T18:00:00+00:00,116.676831
holdout-2026,2026-02-19T13:00:00+00:00,122.226269
holdout-2026,2026-02-20T15:00:00+00:00,120.940121
holdout-2026,2026-02-20T15:00:00+00:00,119.6347
holdout-2026,2026-02-21T09:00:00+00:00,118.446799
holdout-2026,2026-02-22T06:00:00+00:00,117.399947
holdout-2026,2026-02-22T13:00:00+00:00,116.161808
holdout-2026,2026-02-24T01:00:00+00:00,121.808427
holdout-2026,2026-02-25T14:00:00+00:00,120.601465
holdout-2026,2026-02-25T18:00:00+00:00,119.457381
holdout-2026,2026-02-28T06:00:00+00:00,118.208782
holdout-2026,2026-03-01T17:00:00+00:00,116.989772
holdout-2026,2026-03-01T17:00:00+00:00,115.752703
holdout-2026,2026-03-01T20:00:00+00:00,114.525536
holdout-2026,2026-03-01T20:00:00+00:00,113.354485
holdout-2026,2026-03-01T22:00:00+00:00,112.188306
holdout-2026,2026-03-02T00:00:00+00:00,111.047264
holdout-2026,2026-03-02T01:00:00+00:00,109.855209
holdout-2026,2026-03-02T07:00:00+00:00,108.733084
holdout-2026,2026-03-02T07:00:00+00:00,107.613674
holdout-2026,2026-03-02T07:00:00+00:00,106.543489
holdout-2026,2026-03-03T08:00:00+00:00,105.43981
holdout-2026,2026-03-03T08:00:00+00:00,104.326095
holdout-2026,2026-03-03T15:00:00+00:00,103.375712
holdout-2026,2026-03-03T16:00:00+00:00,102.262987
holdout-2026,2026-03-03T16:00:00+00:00,101.192061
holdout-2026,2026-03-03T16:00:00+00:00,100.103224
holdout-2026,2026-03-03T23:00:00+00:00,98.974424
holdout-2026,2026-03-04T05:00:00+00:00,97.964974
holdout-2026,2026-03-04T07:00:00+00:00,96.938491
holdout-2026,2026-03-06T14:00:00+00:00,95.931358
holdout-2026,2026-03-06T14:00:00+00:00,95.222427
holdout-2026,2026-03-07T18:00:00+00:00,94.269387
holdout-2026,2026-03-07T19:00:00+00:00,93.304656
holdout-2026,2026-03-08T06:00:00+00:00,92.347658
holdout-2026,2026-03-08T12:00:00+00:00,91.422152
holdout-2026,2026-03-08T19:00:00+00:00,90.453799
holdout-2026,2026-03-08T22:00:00+00:00,89.500603
holdout-2026,2026-03-09T02:00:00+00:00,88.521903
holdout-2026,2026-03-10T09:00:00+00:00,92.830047
holdout-2026,2026-03-10T16:00:00+00:00,97.199341
holdout-2026,2026-03-11T09:00:00+00:00,96.187042
holdout-2026,2026-03-11T12:00:00+00:00,95.193438
holdout-2026,2026-03-11T12:00:00+00:00,94.217738
holdout-2026,2026-03-12T05:00:00+00:00,93.241115
holdout-2026,2026-03-12T10:00:00+00:00,92.181587
holdout-2026,2026-03-13T00:00:00+00:00,96.812628
holdout-2026,2026-03-13T01:00:00+00:00,101.378082
holdout-2026,2026-03-13T13:00:00+00:00,100.410769
holdout-2026,2026-03-16T03:00:00+00:00,99.302101
holdout-2026,2026-03-16T05:00:00+00:00,104.216401
holdout-2026,2026-03-21T23:00:00+00:00,103.176602
holdout-2026,2026-03-21T23:00:00+00:00,102.095844
holdout-2026,2026-03-22T21:00:00+00:00,101.104986
holdout-2026,2026-03-24T16:00:00+00:00,100.161479
holdout-2026,2026-03-24T17:00:00+00:00,99.146132
holdout-2026,2026-03-24T17:00:00+00:00,98.109797
holdout-2026,2026-03-24T22:00:00+00:00,97.077442
holdout-2026,2026-03-26T05:00:00+00:00,96.082744
holdout-2026,2026-03-26T06:00:00+00:00,95.109491
holdout-2026,2026-03-26T09:00:00+00:00,94.164606
holdout-2026,2026-04-01T06:00:00+00:00,93.114818
holdout-2026,2026-04-02T02:00:00+00:00,92.295643
holdout-2026,2026-04-03T12:00:00+00:00,91.351742
holdout-2026,2026-04-04T02:00:00+00:00,90.423053
holdout-2026,2026-04-04T15:00:00+00:00,89.496363
holdout-2026,2026-04-04T15:00:00+00:00,88.516759
holdout-2026,2026-04-05T01:00:00+00:00,87.518465
holdout-2026,2026-04-05T05:00:00+00:00,86.679041
holdout-2026,2026-04-05T23:00:00+00:00,85.74083
holdout-2026,2026-04-06T22:00:00+00:00,84.831996
holdout-2026,2026-04-07T21:00:00+00:00,83.960057
holdout-2026,2026-04-07T22:00:00+00:00,82.958504
holdout-2026,2026-04-08T14:00:00+00:00,82.095379
holdout-2026,2026-04-09T15:00:00+00:00,81.243054
holdout-2026,2026-04-10T04:00:00+00:00,80.434149
holdout-2026,2026-04-10T05:00:00+00:00,79.527826
holdout-2026,2026-04-10T13:00:00+00:00,78.692172
holdout-2026,2026-04-11T18:00:00+00:00,82.75874
holdout-2026,2026-04-12T01:00:00+00:00,81.949757
holdout-2026,2026-04-12T01:00:00+00:00,81.05387
holdout-2026,2026-04-13T14:00:00+00:00,80.204787
holdout-2026,2026-04-13T22:00:00+00:00,79.082438
holdout-2026,2026-04-16T16:00:00+00:00,82.995697
holdout-2026,2026-04-17T05:00:00+00:00,82.097366
holdout-2026,2026-04-17T09:00:00+00:00,85.853168
holdout-2026,2026-04-17T12:00:00+00:00,85.021272
holdout-2026,2026-04-17T14:00:00+00:00,84.128112
holdout-2026,2026-04-17T23:00:00+00:00,83.284362
holdout-2026,2026-04-17T23:00:00+00:00,82.424225
holdout-2026,2026-04-22T05:00:00+00:00,81.609621
holdout-2026,2026-04-22T23:00:00+00:00,80.763154
holdout-2026,2026-04-26T11:00:00+00:00,79.949667
holdout-2026,2026-04-27T05:00:00+00:00,79.127698
holdout-2026,2026-04-28T09:00:00+00:00,83.195764
holdout-2026,2026-04-29T09:00:00+00:00,82.370648
holdout-2026,2026-04-29T12:00:00+00:00,81.597452
holdout-2026,2026-04-29T12:00:00+00:00,80.728232
holdout-2026,2026-04-29T13:00:00+00:00,79.835528
holdout-2026,2026-04-29T15:00:00+00:00,79.012942
holdout-2026,2026-05-04T04:00:00+00:00,78.273813
holdout-2026,2026-05-04T09:00:00+00:00,77.325226
holdout-2026,2026-05-04T09:00:00+00:00,76.5173
holdout-2026,2026-05-04T10:00:00+00:00,75.71986
holdout-2026,2026-05-05T05:00:00+00:00,74.93593
holdout-2026,2026-05-05T13:00:00+00:00,78.681832
holdout-2026,2026-05-06T11:00:00+00:00,82.388097
holdout-2026,2026-05-08T15:00:00+00:00,86.264527
holdout-2026,2026-05-10T17:00:00+00:00,89.975028
holdout-2026,2026-05-10T20:00:00+00:00,89.165152
holdout-2026,2026-05-10T20:00:00+00:00,88.306238
holdout-2026,2026-05-10T23:00:00+00:00,92.076977
holdout-2026,2026-05-11T03:00:00+00:00,91.134807
holdout-2026,2026-05-11T14:00:00+00:00,90.165574
holdout-2026,2026-05-12T10:00:00+00:00,89.342321
holdout-2026,2026-05-13T01:00:00+00:00,88.401279
holdout-2026,2026-05-13T09:00:00+00:00,87.49105
holdout-2026,2026-05-13T12:00:00+00:00,86.747158
holdout-2026,2026-05-13T12:00:00+00:00,85.849089
holdout-2026,2026-05-14T14:00:00+00:00,85.066667
holdout-2026,2026-05-15T01:00:00+00:00,84.216236
holdout-2026,2026-05-15T05:00:00+00:00,83.358932
holdout-2026,2026-05-17T23:00:00+00:00,87.794098
holdout-2026,2026-05-18T14:00:00+00:00,86.967808
holdout-2026,2026-05-20T00:00:00+00:00,86.057414
holdout-2026,2026-05-21T10:00:00+00:00,85.158604
holdout-2026,2026-05-22T12:00:00+00:00,89.422431
holdout-2026,2026-05-22T18:00:00+00:00,88.527596
holdout-2026,2026-05-22T18:00:00+00:00,87.610801
holdout-2026,2026-05-23T20:00:00+00:00,86.691465
holdout-2026,2026-05-24T10:00:00+00:00,85.796078
holdout-2026,2026-05-24T12:00:00+00:00,84.88113
holdout-2026,2026-05-24T14:00:00+00:00,84.013206
holdout-2026,2026-05-25T11:00:00+00:00,83.169946
holdout-2026,2026-05-26T15:00:00+00:00,82.367623
holdout-2026,2026-05-26T15:00:00+00:00,81.821557
holdout-2026,2026-05-26T15:00:00+00:00,81.108431
holdout-2026,2026-05-28T01:00:00+00:00,80.242052
holdout-2026,2026-05-31T14:00:00+00:00,79.412622
holdout-2026,2026-06-02T15:00:00+00:00,83.419735
holdout-2026,2026-06-02T19:00:00+00:00,87.338727
holdout-2026,2026-06-02T22:00:00+00:00,91.261341
holdout-2026,2026-06-03T05:00:00+00:00,90.347085
holdout-2026,2026-06-04T00:00:00+00:00,89.415081
holdout-2026,2026-06-11T03:00:00+00:00,88.588832
holdout-2026,2026-06-11T17:00:00+00:00,87.641288
holdout-2026,2026-06-12T06:00:00+00:00,86.721361
holdout-2026,2026-06-15T12:00:00+00:00,90.989763
holdout-2026,2026-06-15T15:00:00+00:00,95.062525
holdout-2026,2026-06-17T05:00:00+00:00,94.088257
holdout-2026,2026-06-17T15:00:00+00:00,93.134271
holdout-2026,2026-06-17T18:00:00+00:00,92.181743
holdout-2026,2026-06-17T19:00:00+00:00,91.22536
holdout-2026,2026-06-18T01:00:00+00:00,90.246406
holdout-2026,2026-06-18T03:00:00+00:00,89.303257
holdout-2026,2026-06-18T04:00:00+00:00,88.393345
holdout-2026,2026-06-18T09:00:00+00:00,87.506236
holdout-2026,2026-06-18T11:00:00+00:00,86.607511
holdout-2026,2026-06-19T02:00:00+00:00,85.677656
holdout-2026,2026-06-23T08:00:00+00:00,89.894435
holdout-2026,2026-06-23T14:00:00+00:00,89.108876
holdout-2026,2026-06-23T16:00:00+00:00,88.157171
holdout-2026,2026-06-24T15:00:00+00:00,87.36128
holdout-2026,2026-06-24T16:00:00+00:00,91.64623
holdout-2026,2026-06-24T20:00:00+00:00,90.773812
holdout-2026,2026-06-25T13:00:00+00:00,95.346761
holdout-2026,2026-06-26T15:00:00+00:00,94.482144
holdout-2026,2026-06-28T20:00:00+00:00,93.528497
holdout-2026,2026-06-29T07:00:00+00:00,92.52307
holdout-2026,2026-06-30T03:00:00+00:00,91.559453
holdout-2026,2026-06-30T11:00:00+00:00,90.594343
holdout-2026,2026-06-30T18:00:00+00:00,89.638914
holdout-2026,2026-06-30T19:00:00+00:00,88.70828
holdout-2026,2026-07-01T14:00:00+00:00,87.789947
holdout-2026,2026-07-02T01:00:00+00:00,86.892917
holdout-2026,2026-07-02T13:00:00+00:00,85.982933
holdout-2026,2026-07-03T19:00:00+00:00,85.125015
holdout-2026,2026-07-06T08:00:00+00:00,84.250616
holdout-2026,2026-07-06T12:00:00+00:00,83.501505
holdout-2026,2026-07-06T12:00:00+00:00,82.615137
holdout-2026,2026-07-06T15:00:00+00:00,81.783236
holdout-2026,2026-07-06T15:00:00+00:00,80.930678
holdout-2026,2026-07-06T15:00:00+00:00,80.104438
holdout-2026,2026-07-06T16:00:00+00:00,79.255969
holdout-2026,2026-07-06T21:00:00+00:00,78.443047
holdout-2026,2026-07-07T01:00:00+00:00,77.593087
holdout-2026,2026-07-07T12:00:00+00:00,76.79668
holdout-2026,2026-07-07T15:00:00+00:00,75.980903
holdout-2026,2026-07-07T16:00:00+00:00,75.182363
holdout-2026,2026-07-07T19:00:00+00:00,74.407469
holdout-2026,2026-07-08T01:00:00+00:00,73.570029
holdout-2026,2026-07-10T01:00:00+00:00,72.800325
holdout-2026,2026-07-10T10:00:00+00:00,72.03441
holdout-2026,2026-07-10T14:00:00+00:00,71.27771
holdout-2026,2026-07-13T02:00:00+00:00,70.549978
holdout-2026,2026-07-13T07:00:00+00:00,69.794229
holdout-2026,2026-07-13T17:00:00+00:00,69.089406
holdout-2026,2026-07-13T17:00:00+00:00,68.353272
holdout-2026,2026-07-13T18:00:00+00:00,67.665292
holdout-2026,2026-07-14T10:00:00+00:00,67.003979
holdout-2026,2026-07-14T12:00:00+00:00,66.290152
holdout-2026,2026-07-15T13:00:00+00:00,70.962348
holdout-2026,2026-07-16T01:00:00+00:00,70.278525
holdout-2026,2026-07-16T08:00:00+00:00,69.543627
holdout-2026,2026-07-16T13:00:00+00:00,68.825433
holdout-2026,2026-07-16T15:00:00+00:00,68.076018
holdout-2026,2026-07-16T17:00:00+00:00,67.339358
holdout-2026,2026-07-16T20:00:00+00:00,66.623107
holdout-2026,2026-07-16T22:00:00+00:00,65.887044
holdout-2026,2026-07-17T05:00:00+00:00,65.167539
holdout-2026,2026-07-17T10:00:00+00:00,64.483303
holdout-2026,2026-07-17T18:00:00+00:00,63.957202
holdout-2026,2026-07-18T12:00:00+00:00,67.407425
holdout-2026,2026-07-18T15:00:00+00:00,66.743488
holdout-2026,2026-07-18T18:00:00+00:00,66.018504
holdout-2026,2026-07-21T05:00:00+00:00,65.292708
holdout-2026,2026-07-21T07:00:00+00:00,64.593988
holdout-2026,2026-07-21T17:00:00+00:00,63.921921
holdout-2026,2026-07-21T17:00:00+00:00,63.548659
holdout-2026,2026-07-22T05:00:00+00:00,62.802754
holdout-2026,2026-07-22T05:00:00+00:00,62.151054
holdout-2026,2026-07-22T07:00:00+00:00,61.502121
holdout-2026,2026-07-22T14:00:00+00:00,60.861902
holdout-2026,2026-07-22T15:00:00+00:00,60.288569
holdout-2026,2026-07-22T17:00:00+00:00,59.631637
holdout-2026,2026-07-23T03:00:00+00:00,59.000334
holdout-2026,2026-07-23T09:00:00+00:00,58.352214
holdout-2026,2026-07-24T12:00:00+00:00,57.698358
holdout-2026,2026-07-24T21:00:00+00:00,60.536796
holdout-2026,2026-07-25T17:00:00+00:00,59.926261
holdout-2026,2026-07-27T09:00:00+00:00,62.814622
holdout-2026,2026-07-27T14:00:00+00:00,62.184553
holdout-2026,2026-07-27T22:00:00+00:00,65.444257
holdout-2026,2026-07-27T22:00:00+00:00,64.811148
holdout-2026,2026-07-28T15:00:00+00:00,64.178367
holdout-2026,2026-07-28T15:00:00+00:00,63.518687
holdout-2026,2026-07-29T18:00:00+00:00,63.221871
holdout-2026,2026-07-30T13:00:00+00:00,62.568122
holdout-2026,2026-07-31T01:00:00+00:00,61.975176
holdout-2026,2026-07-31T02:00:00+00:00,61.314767
holdout-2026,2026-08-01T18:00:00+00:00,64.382343
holdout-2026,2026-08-01T18:00:00+00:00,63.687098
holdout-2026,2026-08-02T04:00:00+00:00,63.04594
holdout-2026,2026-08-03T03:00:00+00:00,62.388346
holdout-2026,2026-08-05T15:00:00+00:00,61.670051
holdout-2026,2026-08-05T16:00:00+00:00,61.016111
holdout-2026,2026-08-06T04:00:00+00:00,60.399443
holdout-2026,2026-08-06T09:00:00+00:00,59.726665
holdout-2026,2026-08-08T08:00:00+00:00,59.071772
holdout-2026,2026-08-09T23:00:00+00:00,59.001818
holdout-2026,2026-08-09T23:00:00+00:00,59.441353
holdout-2026,2026-08-09T23:00:00+00:00,60.222755
