instrument,base,direction,status,candidate,age_days,daily_trend,4h_trend,daily_strict_six,4h_strict_six,daily_strength_atr,4h_strength_atr,compression_15m_atr,current_compression_atr,compression_15m_pct,compression_price,coil_window_bars,compressed_fraction,trailing_compressed_bars,line_crossings,line_crossing_bars,center_crossings,center_drift_atr,coil_score,coil_ready,coil_reason,last_price,daily_candle,4h_candle,15m_candle
LIT-USDT-SWAP,LIT,long,candidate_coiled_waiting_for_expansion,True,230,long,long,True,True,1.0210613872342433,1.1720207252621448,1.3140654061603285,1.3140654061603285,0.009905713922053026,0.009905713922053026,16,1.0,16,7,6,4,0.1355180624478172,95.46722906328273,True,ready_waiting_for_expansion,2.3951,2026-08-11 00:00:00+00:00,2026-08-11 20:00:00+00:00,2026-08-12 01:00:00+00:00
PEOPLE-USDT-SWAP,PEOPLE,long,candidate_coiled_waiting_for_expansion,True,1713,long,long,False,True,1.1849963243042279,1.9471697167408915,0.4678665204863518,0.4678665204863518,0.004267933181461851,0.004267933181461851,16,1.0,16,13,10,3,0.05235032307271011,94.21474515390935,True,ready_waiting_for_expansion,0.008567,2026-08-11 00:00:00+00:00,2026-08-11 20:00:00+00:00,2026-08-12 01:00:00+00:00
NMR-USDT-SWAP,NMR,short,candidate_coiled_waiting_for_expansion,True,943,short,short,False,True,0.7363168552894457,0.8757836687737603,0.9793072735443098,0.9793072735443098,0.0021070863024545907,0.0021070863024545907,16,1.0,16,9,7,4,0.5635485019710752,91.54677247043388,True,ready_waiting_for_expansion,8.42,2026-08-11 00:00:00+00:00,2026-08-11 20:00:00+00:00,2026-08-12 01:00:00+00:00
HPE-USDT-SWAP,HPE,long,candidate_coiled_waiting_for_expansion,True,70,long,long,False,True,0.5913381245181873,1.7341212780942319,1.2398682681049678,1.2398682681049678,0.002785599550869075,0.002785599550869075,16,1.0,16,9,6,3,0.3686953099418874,89.46957035087169,True,ready_waiting_for_expansion,54.71,2026-08-11 00:00:00+00:00,2026-08-11 20:00:00+00:00,2026-08-12 01:00:00+00:00
OKB-USDT-SWAP,OKB,long,candidate_coiled_waiting_for_expansion,True,341,long,long,False,True,1.54103179315688,2.556159239027057,0.9513839793158633,0.9513839793158633,0.0026550765347810733,0.0026550765347810733,16,0.75,12,7,7,4,0.28186431403821594,85.77203528942677,True,ready_waiting_for_expansion,95.35,2026-08-11 00:00:00+00:00,2026-08-11 20:00:00+00:00,2026-08-12 01:00:00+00:00
CRO-USDT-SWAP,CRO,short,candidate_coiled_waiting_for_expansion,True,1951,short,short,True,True,1.8067771513946382,3.1693131454784624,1.1743164823408552,1.1743164823408552,0.0031340546854665722,0.0031340546854665722,16,1.0,16,4,4,6,0.13004823360358128,83.04927649594627,True,ready_waiting_for_expansion,0.04693,2026-08-11 00:00:00+00:00,2026-08-11 20:00:00+00:00,2026-08-12 01:00:00+00:00
DASH-USDT-SWAP,DASH,short,candidate_coiled_waiting_for_expansion,True,278,short,short,True,False,1.4989438395427952,0.4824863290568451,1.3037793295737055,1.3037793295737055,0.0034940708893602267,0.0034940708893602267,16,0.9375,15,5,4,4,0.18091547434000457,82.91126788489993,True,ready_waiting_for_expansion,30.68,2026-08-11 00:00:00+00:00,2026-08-11 20:00:00+00:00,2026-08-12 01:00:00+00:00
WIF-USDT-SWAP,WIF,short,candidate_coiled_waiting_for_expansion,True,848,short,short,True,False,1.5813248703819502,0.17517819177894628,1.6961493895576212,1.6961493895576212,0.006042584166380633,0.006042584166380633,16,0.8125,13,6,5,6,0.28491814690029377,82.60122779649559,True,ready_waiting_for_expansion,0.1406,2026-08-11 00:00:00+00:00,2026-08-11 20:00:00+00:00,2026-08-12 01:00:00+00:00
COAI-USDT-SWAP,COAI,long,candidate_coiled_waiting_for_expansion,True,300,long,long,True,True,0.6179675949151441,0.8954344280982246,1.536783148573739,1.536783148573739,0.013002479139629384,0.013002479139629384,16,0.75,12,6,5,4,0.4244092767657372,78.63386084851393,True,ready_waiting_for_expansion,0.3936,2026-08-11 00:00:00+00:00,2026-08-11 20:00:00+00:00,2026-08-12 01:00:00+00:00
PENDLE-USDT-SWAP,PENDLE,short,candidate_coiled_waiting_for_expansion,True,328,short,short,False,True,0.4469351016105405,0.7918419811638253,1.2318757455608365,1.2318757455608365,0.005942507098349425,0.005942507098349425,16,0.8125,13,6,6,2,0.8225348898781613,67.03697665182759,True,ready_waiting_for_expansion,1.348,2026-08-11 00:00:00+00:00,2026-08-11 20:00:00+00:00,2026-08-12 01:00:00+00:00
PLTR-USDT-SWAP,PLTR,long,candidate_coiled_waiting_for_expansion,True,166,long,long,False,True,1.5339699096934645,4.148681564470252,1.6797622590130419,1.6797622590130419,0.004084500809601104,0.004084500809601104,16,0.75,12,7,5,2,0.747668303514594,66.28497544728108,True,ready_waiting_for_expansion,173.86,2026-08-11 00:00:00+00:00,2026-08-11 20:00:00+00:00,2026-08-12 01:00:00+00:00
BE-USDT-SWAP,BE,short,aligned_coil_forming,False,76,short,short,False,False,1.0158379458407027,0.09115555548988023,1.5823865597793725,1.5823865597793725,0.005320332181898277,0.005320332181898277,16,1.0,16,6,5,1,0.1094127226822384,75.85880915976642,False,price_not_oscillating,214.14,2026-08-11 00:00:00+00:00,2026-08-11 20:00:00+00:00,2026-08-12 01:00:00+00:00
ENA-USDT-SWAP,ENA,long,aligned_coil_forming,False,328,long,long,False,False,0.09903950130969995,0.1718242062756022,0.8483056697266527,0.8483056697266527,0.004421618437523038,0.004421618437523038,16,1.0,16,10,6,0,0.5491244017510388,71.76313397373441,False,price_not_oscillating,0.09054,2026-08-11 00:00:00+00:00,2026-08-11 20:00:00+00:00,2026-08-12 01:00:00+00:00
GME-USDT-SWAP,GME,short,aligned_coil_forming,False,95,short,short,False,True,1.8909318656183034,2.3497157663054415,2.601549366485968,2.601549366485968,0.0050667451687379265,0.0050667451687379265,16,0.0,0,9,7,4,0.11097317370880655,68.3354023943679,False,latest_not_compressed,18.85,2026-08-11 00:00:00+00:00,2026-08-11 20:00:00+00:00,2026-08-12 01:00:00+00:00
LIGHT-USDT-SWAP,LIGHT,long,aligned_coil_forming,False,238,long,long,False,True,0.6848846824418539,1.0580132562547675,1.9210066368184402,1.9210066368184402,0.019375413256480775,0.019375413256480775,16,1.0,16,11,8,0,0.7850077208391643,68.22488418741254,False,price_not_oscillating,0.1741,2026-08-11 00:00:00+00:00,2026-08-11 20:00:00+00:00,2026-08-12 01:00:00+00:00
SAHARA-USDT-SWAP,SAHARA,short,aligned_coil_forming,False,411,short,short,True,False,6.209959049770694,0.14188146811394,2.5431450941432447,2.5431450941432447,0.01270817799595758,0.01270817799595758,16,0.0,0,9,7,4,0.29139450663020533,65.62908240054692,False,latest_not_compressed,0.007981,2026-08-11 00:00:00+00:00,2026-08-11 20:00:00+00:00,2026-08-12 01:00:00+00:00
NIGHT-USDT-SWAP,NIGHT,short,aligned_coil_forming,False,245,short,short,True,True,3.2358178170967533,1.1708752921523606,1.0319692381668362,1.0319692381668362,0.0059081248301074175,0.0059081248301074175,16,0.6875,11,5,5,3,0.6682760743034422,65.60085888544836,False,compression_not_sustained,0.017945,2026-08-11 00:00:00+00:00,2026-08-11 20:00:00+00:00,2026-08-12 01:00:00+00:00
ETC-USDT-SWAP,ETC,short,aligned_coil_forming,False,2464,short,short,True,True,1.8496900654315684,1.1807519953257186,1.4914346931050544,1.4914346931050544,0.003593590026813373,0.003593590026813373,16,0.5625,9,6,4,5,0.7622952948814878,65.44057057677767,False,compression_not_sustained,6.387,2026-08-11 00:00:00+00:00,2026-08-11 20:00:00+00:00,2026-08-12 01:00:00+00:00
SKY-USDT-SWAP,SKY,short,aligned_coil_forming,False,334,short,short,True,False,1.2264593375776438,1.9465730513075021,2.18787292441138,2.18787292441138,0.006352996254681634,0.006352996254681634,16,0.875,0,9,9,0,1.3097770951615837,61.25000000000001,False,latest_not_compressed,0.0534,2026-08-11 00:00:00+00:00,2026-08-11 20:00:00+00:00,2026-08-12 01:00:00+00:00
TRIA-USDT-SWAP,TRIA,short,aligned_coil_forming,False,187,short,short,True,True,5.430711613562335,0.1889891477065652,1.2266295701091532,1.2266295701091532,0.005497434718696073,0.005497434718696073,16,1.0,16,4,4,0,0.27539039474699595,60.86914407879506,False,price_not_oscillating,0.008199,2026-08-11 00:00:00+00:00,2026-08-11 20:00:00+00:00,2026-08-12 01:00:00+00:00
CVX-USDT-SWAP,CVX,long,aligned_coil_forming,False,777,long,long,False,True,0.7001562314789646,2.080442689965656,1.5673600128473213,1.5673600128473213,0.011127450980392303,0.011127450980392303,16,0.3125,5,6,5,3,0.44846075203873936,60.148088719418915,False,compression_not_sustained,1.7,2026-08-11 00:00:00+00:00,2026-08-11 20:00:00+00:00,2026-08-12 01:00:00+00:00
BOME-USDT-SWAP,BOME,long,aligned_coil_forming,False,726,long,long,False,True,1.4079756658837976,1.888145380227111,1.8325179717463942,1.8325179717463942,0.020240614810113175,0.020240614810113175,16,0.6875,11,6,5,2,1.1417116377734704,58.12500000000001,False,compression_not_sustained,0.0008092,2026-08-11 00:00:00+00:00,2026-08-11 20:00:00+00:00,2026-08-12 01:00:00+00:00
MEW-USDT-SWAP,MEW,short,aligned_coil_forming,False,848,short,short,True,False,2.0001815295983842,0.14157776123834082,2.574630940993671,2.574630940993671,0.008966601948010907,0.008966601948010907,16,0.0,0,6,6,4,0.46020330025463546,58.09695049618047,False,latest_not_compressed,0.0003341,2026-08-11 00:00:00+00:00,2026-08-11 20:00:00+00:00,2026-08-12 01:00:00+00:00
CORE-USDT-SWAP,CORE,short,aligned_coil_forming,False,1280,short,short,False,False,2.2057189263808756,0.04355420811111125,1.4077545866999857,1.4077545866999857,0.0070860815153054235,0.0070860815153054235,16,0.3125,5,5,5,5,0.7922369852884847,57.49144522067272,False,compression_not_sustained,0.01971,2026-08-11 00:00:00+00:00,2026-08-11 20:00:00+00:00,2026-08-12 01:00:00+00:00
XLM-USDT-SWAP,XLM,short,aligned_coil_forming,False,2303,short,short,False,True,1.4245053011684412,1.442011257286454,2.0189483452090147,2.0189483452090147,0.005500709569938851,0.005500709569938851,16,0.8125,0,6,5,0,0.6862956476370415,56.580565285444386,False,latest_not_compressed,0.16207,2026-08-11 00:00:00+00:00,2026-08-11 20:00:00+00:00,2026-08-12 01:00:00+00:00
WDC-USDT-SWAP,WDC,short,aligned_coil_forming,False,91,short,short,False,False,0.8860274375766035,2.6164993656698554,1.2061181504845777,1.2061181504845777,0.0035616438356165197,0.0035616438356165197,16,1.0,16,2,2,1,0.3748128378738741,54.37780743189189,False,averages_not_intertwined,441.65,2026-08-11 00:00:00+00:00,2026-08-11 20:00:00+00:00,2026-08-12 01:00:00+00:00
ATH-USDT-SWAP,ATH,short,aligned_coil_forming,False,789,short,short,True,False,1.5969877019034897,0.01804629248926044,2.0296933720041377,2.0296933720041377,0.011370227162880796,0.011370227162880796,16,0.625,0,9,7,0,1.6700327182608183,53.75,False,latest_not_compressed,0.004138,2026-08-11 00:00:00+00:00,2026-08-11 20:00:00+00:00,2026-08-12 01:00:00+00:00
PUMP-USDT-SWAP,PUMP,long,aligned_coil_forming,False,393,long,long,False,True,1.548718514766026,1.9615847236066097,1.9334832455635813,1.9334832455635813,0.0166454004131732,0.0166454004131732,16,0.6875,4,4,4,0,0.1962203603129511,52.68169459530574,False,compression_not_sustained,0.002743,2026-08-11 00:00:00+00:00,2026-08-11 20:00:00+00:00,2026-08-12 01:00:00+00:00
SYRUP-USDT-SWAP,SYRUP,short,aligned_coil_forming,False,404,short,short,False,True,0.8842108346388028,1.4614082832063076,1.1975571326344652,1.1975571326344652,0.003706441652966875,0.003706441652966875,16,0.5,8,5,2,5,1.0273257816733008,52.5,False,compression_not_sustained,0.1502,2026-08-11 00:00:00+00:00,2026-08-11 20:00:00+00:00,2026-08-12 01:00:00+00:00
AERO-USDT-SWAP,AERO,short,aligned_coil_forming,False,404,short,short,False,False,0.57124451685066,0.23390888571461319,1.5342112433487631,1.5342112433487631,0.004294740207725549,0.004294740207725549,16,1.0,16,2,2,0,0.30487507025192995,50.42687394622105,False,averages_not_intertwined,0.4172,2026-08-11 00:00:00+00:00,2026-08-11 20:00:00+00:00,2026-08-12 01:00:00+00:00
BREV-USDT-SWAP,BREV,short,aligned_coil_forming,False,224,short,short,True,False,1.8909127181806433,0.17314018423748537,2.0722070972853337,2.0722070972853337,0.006143332541587917,0.006143332541587917,16,0.0625,0,4,3,4,0.2696613475335681,50.330079786996485,False,latest_not_compressed,0.06989,2026-08-11 00:00:00+00:00,2026-08-11 20:00:00+00:00,2026-08-12 01:00:00+00:00
MANA-USDT-SWAP,MANA,short,aligned_coil_forming,False,1978,short,short,True,True,1.1323433416053728,0.3574945349493467,1.5195424018190065,1.5195424018190065,0.003907424105800758,0.003907424105800758,16,0.3125,5,6,6,2,1.2713105506891391,49.375,False,compression_not_sustained,0.06654,2026-08-11 00:00:00+00:00,2026-08-11 20:00:00+00:00,2026-08-12 01:00:00+00:00
BLUR-USDT-SWAP,BLUR,short,aligned_coil_forming,False,1273,short,short,True,False,2.033334463051062,0.650550020627119,1.6131197989922845,1.6131197989922845,0.006563021179914163,0.006563021179914163,16,0.25,4,6,3,3,0.7468809834250807,48.7967852486238,False,compression_not_sustained,0.01367,2026-08-11 00:00:00+00:00,2026-08-11 20:00:00+00:00,2026-08-12 01:00:00+00:00
SHIB-USDT-SWAP,SHIB,short,aligned_coil_forming,False,1920,short,short,False,False,0.220191963421742,1.3113786963794958,1.9354444283235774,1.9354444283235774,0.007866421996332366,0.007866421996332366,16,0.125,2,4,3,4,0.5167330606839016,48.49900408974148,False,compression_not_sustained,4.481e-06,2026-08-11 00:00:00+00:00,2026-08-11 20:00:00+00:00,2026-08-12 01:00:00+00:00
GAS-USDT-SWAP,GAS,short,aligned_coil_forming,False,1022,short,short,True,False,3.018067591415491,0.47289417585690224,2.0848324984731685,2.0848324984731685,0.004135101380671208,0.004135101380671208,16,0.0,0,7,6,3,0.9800415254193542,47.79937711870969,False,latest_not_compressed,0.9333,2026-08-11 00:00:00+00:00,2026-08-11 20:00:00+00:00,2026-08-12 01:00:00+00:00
AMD-USDT-SWAP,AMD,short,aligned_coil_forming,False,153,short,short,False,True,0.16106114750795508,0.75071406849364,2.287696730325046,2.287696730325046,0.00481500164645386,0.00481500164645386,16,0.5,0,7,5,0,0.9027123102853494,46.45931534571976,False,latest_not_compressed,475.77,2026-08-11 00:00:00+00:00,2026-08-11 20:00:00+00:00,2026-08-12 01:00:00+00:00
CRV-USDT-SWAP,CRV,long,aligned_coil_forming,False,2167,long,long,False,True,0.49016668339130276,2.577570376505709,1.9392911244394049,1.9392911244394049,0.023882999690107175,0.023882999690107175,16,0.5625,5,3,3,2,0.8061479578871394,44.7827806316929,False,compression_not_sustained,0.2767,2026-08-11 00:00:00+00:00,2026-08-11 20:00:00+00:00,2026-08-12 01:00:00+00:00
POPCAT-USDT-SWAP,POPCAT,short,aligned_coil_forming,False,712,short,short,True,False,0.7159602522633532,0.39152820912819597,2.657609623662401,2.657609623662401,0.011130175252917908,0.011130175252917908,16,0.0,0,4,4,3,0.3493228275110941,44.760157587333595,False,latest_not_compressed,0.04271,2026-08-11 00:00:00+00:00,2026-08-11 20:00:00+00:00,2026-08-12 01:00:00+00:00
EIGEN-USDT-SWAP,EIGEN,short,aligned_coil_forming,False,679,short,short,False,True,1.1419740575187916,0.8289063314351992,2.1462683621284793,2.1462683621284793,0.011158112427147794,0.011158112427147794,16,0.0,0,4,3,5,0.5919449787754275,43.62082531836859,False,latest_not_compressed,0.1773,2026-08-11 00:00:00+00:00,2026-08-11 20:00:00+00:00,2026-08-12 01:00:00+00:00
RECALL-USDT-SWAP,RECALL,long,aligned_coil_forming,False,285,long,long,False,True,0.5734972902484329,1.1263246439424097,1.134044379820602,1.134044379820602,0.01637685686519501,0.01637685686519501,16,0.4375,7,6,6,0,1.2789321794513029,43.125,False,compression_not_sustained,0.04802,2026-08-11 00:00:00+00:00,2026-08-11 20:00:00+00:00,2026-08-12 01:00:00+00:00
CELO-USDT-SWAP,CELO,short,aligned_coil_forming,False,1782,short,short,True,False,1.0592169057375913,0.034046477965120274,3.1337326235553284,3.1337326235553284,0.008480523573331976,0.008480523573331976,16,0.0,0,3,3,4,0.5366766537482613,41.949850193776086,False,latest_not_compressed,0.06202,2026-08-11 00:00:00+00:00,2026-08-11 20:00:00+00:00,2026-08-12 01:00:00+00:00
XCU-USDT-SWAP,XCU,long,aligned_coil_forming,False,160,long,long,True,True,1.0807402473839067,0.984554162823773,1.3275851176163977,1.3275851176163977,0.0011374538969992627,0.0011374538969992627,16,0.25,4,4,3,1,0.20451510008839685,41.93227349867404,False,compression_not_sustained,6.7108,2026-08-11 00:00:00+00:00,2026-08-11 20:00:00+00:00,2026-08-12 01:00:00+00:00
ENJ-USDT-SWAP,ENJ,short,aligned_coil_forming,False,893,short,short,True,False,2.6501363160824774,0.5604246105415565,2.5990519555479543,2.5990519555479543,0.005348712853369106,0.005348712853369106,16,0.0,0,5,5,3,0.9155729858265217,41.26640521260217,False,latest_not_compressed,0.0248,2026-08-11 00:00:00+00:00,2026-08-11 20:00:00+00:00,2026-08-12 01:00:00+00:00
ETHFI-USDT-SWAP,ETHFI,short,aligned_coil_forming,False,876,short,short,False,False,0.08107041045559853,0.26469779262089127,2.5109973328826887,2.5109973328826887,0.011498995720897883,0.011498995720897883,16,0.0,0,5,3,5,1.0762439347569954,40.0,False,latest_not_compressed,0.3817,2026-08-11 00:00:00+00:00,2026-08-11 20:00:00+00:00,2026-08-12 01:00:00+00:00
SSV-USDT-SWAP,SSV,short,aligned_coil_forming,False,992,short,short,False,True,0.41634525718386994,0.5412710124854105,2.0433006400084075,2.0433006400084075,0.007179916985951608,0.007179916985951608,16,0.0,0,4,4,2,0.33768772690115095,39.93468409648274,False,latest_not_compressed,2.088,2026-08-11 00:00:00+00:00,2026-08-11 20:00:00+00:00,2026-08-12 01:00:00+00:00
SPX-USDT-SWAP,SPX,short,aligned_coil_forming,False,390,short,short,True,True,0.6595768685090792,0.654659561986785,2.4058598318768443,2.4058598318768443,0.01043368950345674,0.01043368950345674,16,0.5,0,1,1,2,0.38286790125545095,39.25698148116823,False,latest_not_compressed,0.3182,2026-08-11 00:00:00+00:00,2026-08-11 20:00:00+00:00,2026-08-12 01:00:00+00:00
RENDER-USDT-SWAP,RENDER,short,aligned_coil_forming,False,733,short,short,True,True,2.720582911879991,1.8713271618045764,2.483147378056849,2.483147378056849,0.00752661700820302,0.00752661700820302,16,0.0,0,7,6,0,0.6250449618384499,38.12432557242325,False,latest_not_compressed,1.265,2026-08-11 00:00:00+00:00,2026-08-11 20:00:00+00:00,2026-08-12 01:00:00+00:00
A-USDT-SWAP,A,short,aligned_coil_forming,False,439,short,short,True,False,1.0655182688663247,0.14750927066955077,1.84044026625301,1.84044026625301,0.008824299554857324,0.008824299554857324,16,0.1875,3,4,4,1,0.6004763051318217,36.617855423022675,False,compression_not_sustained,0.06365,2026-08-11 00:00:00+00:00,2026-08-11 20:00:00+00:00,2026-08-12 01:00:00+00:00
DYDX-USDT-SWAP,DYDX,short,aligned_coil_forming,False,1798,short,short,True,False,1.3793838639358382,0.11848398751192958,1.9890150223254686,1.9890150223254686,0.006438163784780111,0.006438163784780111,16,0.0625,1,1,1,3,0.10829848871126262,35.25052266933106,False,compression_not_sustained,0.11393,2026-08-11 00:00:00+00:00,2026-08-11 20:00:00+00:00,2026-08-12 01:00:00+00:00
RVN-USDT-SWAP,RVN,short,aligned_coil_forming,False,1936,short,short,True,True,2.0127288735179474,1.7037180711061637,7.920852455725404,7.920852455725404,0.09781290124185338,0.09781290124185338,16,0.0,0,11,7,0,2.048974247113027,35.0,False,latest_not_compressed,0.002764,2026-08-11 00:00:00+00:00,2026-08-11 20:00:00+00:00,2026-08-12 01:00:00+00:00
ACH-USDT-SWAP,ACH,short,aligned_coil_forming,False,901,short,short,True,False,1.1589976095417782,0.37183215210561255,2.387355761239397,2.387355761239397,0.010454309453768275,0.010454309453768275,16,0.0,0,5,5,1,0.7061719935619444,34.40742009657083,False,latest_not_compressed,0.004243,2026-08-11 00:00:00+00:00,2026-08-11 20:00:00+00:00,2026-08-12 01:00:00+00:00
OL-USDT-SWAP,OL,short,aligned_coil_forming,False,286,short,short,True,True,1.5051493879246267,0.7186413433929537,2.962996260706549,2.962996260706549,0.023110209601082145,0.023110209601082145,16,0.3125,0,6,4,0,1.1808034348493919,34.375,False,latest_not_compressed,0.00493,2026-08-11 00:00:00+00:00,2026-08-11 20:00:00+00:00,2026-08-12 01:00:00+00:00
WCT-USDT-SWAP,WCT,short,aligned_coil_forming,False,483,short,short,True,False,2.7350931464124546,0.28092930606971367,3.1722401641167792,3.1722401641167792,0.010391664340869175,0.010391664340869175,16,0.0,0,3,2,3,0.5879590719749905,33.680613920375144,False,latest_not_compressed,0.03583,2026-08-11 00:00:00+00:00,2026-08-11 20:00:00+00:00,2026-08-12 01:00:00+00:00
STABLE-USDT-SWAP,STABLE,short,aligned_coil_forming,False,246,short,short,False,True,0.5725534036490726,1.5548133728860651,2.8369411003910208,2.8369411003910208,0.007493499739989588,0.007493499739989588,16,0.0,0,3,3,1,0.12311703801869392,33.15324442971959,False,latest_not_compressed,0.03205,2026-08-11 00:00:00+00:00,2026-08-11 20:00:00+00:00,2026-08-12 01:00:00+00:00
SOPH-USDT-SWAP,SOPH,short,aligned_coil_forming,False,440,short,short,True,False,3.626764115250645,0.38516432329329264,2.593698012158669,2.593698012158669,0.012492130913724721,0.012492130913724721,16,0.0,0,2,2,3,0.4617771189641736,33.0733432155374,False,latest_not_compressed,0.003839,2026-08-11 00:00:00+00:00,2026-08-11 20:00:00+00:00,2026-08-12 01:00:00+00:00
SIGN-USDT-SWAP,SIGN,short,aligned_coil_forming,False,470,short,short,True,False,4.435770394040331,0.6244727530181838,2.474381912879716,2.474381912879716,0.008810999233358643,0.008810999233358643,16,0.5,0,2,2,0,0.47237843053068485,32.914323542039725,False,latest_not_compressed,0.00668,2026-08-11 00:00:00+00:00,2026-08-11 20:00:00+00:00,2026-08-12 01:00:00+00:00
APE-USDT-SWAP,APE,short,aligned_coil_forming,False,1608,short,short,False,True,0.38490971804700586,0.9085342714717777,2.234918677097114,2.234918677097114,0.008423793647101442,0.008423793647101442,16,0.0,0,2,2,4,0.8495076082947415,32.25738587557888,False,latest_not_compressed,0.12897,2026-08-11 00:00:00+00:00,2026-08-11 20:00:00+00:00,2026-08-12 01:00:00+00:00
LAB-USDT-SWAP,LAB,short,aligned_coil_forming,False,283,short,short,False,True,6.467914625098706,1.7258847408652125,1.5899463946146073,1.5899463946146073,0.012361702127659536,0.012361702127659536,16,0.1875,3,3,3,1,0.6093725341937385,31.484411987093917,False,compression_not_sustained,0.1175,2026-08-11 00:00:00+00:00,2026-08-11 20:00:00+00:00,2026-08-12 01:00:00+00:00
YFI-USDT-SWAP,YFI,short,aligned_coil_forming,False,2169,short,short,False,False,0.25656576027440287,1.3235368363932525,2.9882382144125543,2.9882382144125543,0.011719441747050785,0.011719441747050785,16,0.0,0,3,3,1,0.24730225535605135,31.290466169659233,False,latest_not_compressed,1958.0,2026-08-11 00:00:00+00:00,2026-08-11 20:00:00+00:00,2026-08-12 01:00:00+00:00
NOW-USDT-SWAP,NOW,long,aligned_coil_forming,False,70,long,long,False,True,0.875196694542794,3.0270932897544305,2.0053872627980582,2.0053872627980582,0.004266972363441983,0.004266972363441983,16,0.25,0,3,3,0,0.42813272643085,31.07800910353725,False,latest_not_compressed,127.43,2026-08-11 00:00:00+00:00,2026-08-11 20:00:00+00:00,2026-08-12 01:00:00+00:00
METIS-USDT-SWAP,METIS,short,aligned_coil_forming,False,957,short,short,True,False,1.6518289081314121,0.19496228078439465,3.065085066818381,3.065085066818381,0.008306855275004806,0.008306855275004806,16,0.0,0,4,4,0,0.2924945306749128,30.612582039876308,False,latest_not_compressed,2.457,2026-08-11 00:00:00+00:00,2026-08-11 20:00:00+00:00,2026-08-12 01:00:00+00:00
MOVE-USDT-SWAP,MOVE,short,aligned_coil_forming,False,610,short,short,True,True,4.579397902569777,2.750546525214674,4.248280784957234,4.248280784957234,0.01983189380892369,0.01983189380892369,16,0.0,0,3,3,2,0.6667140725158629,29.999288912262056,False,latest_not_compressed,0.006392,2026-08-11 00:00:00+00:00,2026-08-11 20:00:00+00:00,2026-08-12 01:00:00+00:00
IOST-USDT-SWAP,IOST,short,aligned_coil_forming,False,2303,short,short,True,True,2.9500985057396822,1.0557824783174532,3.3713895409950374,3.3713895409950374,0.011115506329113864,0.011115506329113864,16,0.0,0,3,3,2,0.6742070564106246,29.886894153840633,False,latest_not_compressed,0.0005688,2026-08-11 00:00:00+00:00,2026-08-11 20:00:00+00:00,2026-08-12 01:00:00+00:00
LAYER-USDT-SWAP,LAYER,short,aligned_coil_forming,False,546,short,short,True,False,1.7455525962347385,0.7259360877381886,2.523707641715158,2.523707641715158,0.007181462256100873,0.007181462256100873,16,0.0,0,3,3,2,0.7095087295820048,29.357369056269928,False,latest_not_compressed,0.05926,2026-08-11 00:00:00+00:00,2026-08-11 20:00:00+00:00,2026-08-12 01:00:00+00:00
ORDER-USDT-SWAP,ORDER,short,aligned_coil_forming,False,315,short,short,True,False,2.6529337213893824,0.1594441408310944,2.321933486569705,2.321933486569705,0.007788765349830057,0.007788765349830057,16,0.0,0,2,2,2,0.39638869619388944,29.054169557091658,False,latest_not_compressed,0.02838,2026-08-11 00:00:00+00:00,2026-08-11 20:00:00+00:00,2026-08-12 01:00:00+00:00
IWM-USDT-SWAP,IWM,long,aligned_coil_forming,False,123,long,long,False,False,0.7512998953708916,1.4150775006579948,4.504155296299021,4.504155296299021,0.0014165199774153108,0.0014165199774153108,16,0.0,0,3,3,1,0.45547042352346634,28.167943647148007,False,latest_not_compressed,301.09,2026-08-11 00:00:00+00:00,2026-08-11 20:00:00+00:00,2026-08-12 01:00:00+00:00
XRP-USDT-SWAP,XRP,short,aligned_coil_forming,False,2464,short,short,True,True,1.7212753585599572,1.5353348926069832,3.0395246865932313,3.0395246865932313,0.008553830632038009,0.008553830632038009,16,0.375,0,3,3,0,1.4825763586695004,26.25,False,latest_not_compressed,1.0242,2026-08-11 00:00:00+00:00,2026-08-11 20:00:00+00:00,2026-08-12 01:00:00+00:00
API3-USDT-SWAP,API3,short,aligned_coil_forming,False,1622,short,short,True,False,2.5207440686632956,0.22365237189391324,3.3726856025773255,3.3726856025773255,0.01214511041009467,0.01214511041009467,16,0.0,0,3,3,0,0.2503909786076854,26.24413532088472,False,latest_not_compressed,0.1902,2026-08-11 00:00:00+00:00,2026-08-11 20:00:00+00:00,2026-08-12 01:00:00+00:00
BONK-USDT-SWAP,BONK,short,aligned_coil_forming,False,946,short,short,True,True,3.818152744928585,2.830575727494583,3.9369701184368973,3.9369701184368973,0.019049154485526014,0.019049154485526014,16,0.0,0,3,2,0,0.09633989043044601,26.05490164354331,False,latest_not_compressed,2.326e-06,2026-08-11 00:00:00+00:00,2026-08-11 20:00:00+00:00,2026-08-12 01:00:00+00:00
TIA-USDT-SWAP,TIA,short,aligned_coil_forming,False,1015,short,short,True,True,1.1573025008849136,0.9873856290222413,3.240943659489097,3.240943659489097,0.013736515264284781,0.013736515264284781,16,0.0,0,3,3,0,0.2872025140740304,25.69196228888955,False,latest_not_compressed,0.3135,2026-08-11 00:00:00+00:00,2026-08-11 20:00:00+00:00,2026-08-12 01:00:00+00:00
HYPE-USDT-SWAP,HYPE,short,aligned_coil_forming,False,536,short,short,False,True,0.8872133253647962,0.216550722883064,2.605335093562856,2.605335093562856,0.008194539850897034,0.008194539850897034,16,0.0,0,2,2,2,0.6208939649935719,25.68659052509642,False,latest_not_compressed,54.415,2026-08-11 00:00:00+00:00,2026-08-11 20:00:00+00:00,2026-08-12 01:00:00+00:00
TRX-USDT-SWAP,TRX,long,aligned_coil_forming,False,2464,long,long,False,True,0.07886048196991245,1.495546891664558,6.138270585235241,6.138270585235241,0.005867733572639562,0.005867733572639562,16,0.0,0,5,5,0,1.3080633677858318,25.0,False,latest_not_compressed,0.3343,2026-08-11 00:00:00+00:00,2026-08-11 20:00:00+00:00,2026-08-12 01:00:00+00:00
XAU-USDT-SWAP,XAU,long,aligned_coil_forming,False,489,long,long,False,True,0.14745069041404973,3.136609861839807,1.9277693014207424,1.9277693014207424,0.0026999392973669875,0.0026999392973669875,16,0.0625,1,2,2,1,0.49934048972042683,24.3848926541936,False,compression_not_sustained,4393.0,2026-08-11 00:00:00+00:00,2026-08-11 20:00:00+00:00,2026-08-12 01:00:00+00:00
GRT-USDT-SWAP,GRT,short,aligned_coil_forming,False,2060,short,short,True,True,3.524391211428121,1.2045060389521065,4.003726203984259,4.003726203984259,0.014544866169609337,0.014544866169609337,16,0.0,0,3,3,0,0.4279901076582384,23.580148385126424,False,latest_not_compressed,0.0139,2026-08-11 00:00:00+00:00,2026-08-11 20:00:00+00:00,2026-08-12 01:00:00+00:00
BRETT-USDT-SWAP,BRETT,short,aligned_coil_forming,False,704,short,short,True,False,2.511774015571461,0.14870706300962824,2.9957048619754585,2.9957048619754585,0.011971862348701309,0.011971862348701309,16,0.0,0,3,3,0,0.4518116126157663,23.22282581076351,False,latest_not_compressed,0.004084,2026-08-11 00:00:00+00:00,2026-08-11 20:00:00+00:00,2026-08-12 01:00:00+00:00
CHIP-USDT-SWAP,CHIP,short,aligned_coil_forming,False,112,short,short,False,True,2.822126334916014,1.673979468904924,2.8814326770051397,2.8814326770051397,0.0149431939285658,0.0149431939285658,16,0.0,0,0,0,3,0.488195862349695,22.677062064754576,False,latest_not_compressed,0.02247,2026-08-11 00:00:00+00:00,2026-08-11 20:00:00+00:00,2026-08-12 01:00:00+00:00
SNX-USDT-SWAP,SNX,short,aligned_coil_forming,False,2181,short,short,True,True,1.4362172661961385,0.7501107460000057,6.999703122683465,6.999703122683465,0.019050243925090502,0.019050243925090502,16,0.0,0,2,2,0,0.1639950939019905,22.54007359147014,False,latest_not_compressed,0.2038,2026-08-11 00:00:00+00:00,2026-08-11 20:00:00+00:00,2026-08-12 01:00:00+00:00
CBRS-USDT-SWAP,CBRS,long,aligned_coil_forming,False,88,long,long,False,True,0.055109671416291986,1.8181159866167163,4.127301482253607,4.127301482253607,0.017466649690899467,0.017466649690899467,16,0.25,0,3,3,0,1.0632967153000388,22.500000000000004,False,latest_not_compressed,235.63,2026-08-11 00:00:00+00:00,2026-08-11 20:00:00+00:00,2026-08-12 01:00:00+00:00
ONT-USDT-SWAP,ONT,short,aligned_coil_forming,False,2303,short,short,True,False,3.0100525820647857,1.0230732995012939,4.49956076339118,4.49956076339118,0.016618865519439138,0.016618865519439138,16,0.0,0,1,1,2,0.5159071550110648,22.26139267483403,False,latest_not_compressed,0.03661,2026-08-11 00:00:00+00:00,2026-08-11 20:00:00+00:00,2026-08-12 01:00:00+00:00
UMA-USDT-SWAP,UMA,short,aligned_coil_forming,False,2167,short,short,True,False,1.5856841108619766,0.36225088525169075,6.793044284848407,6.793044284848407,0.018739866693628288,0.018739866693628288,16,0.0,0,2,2,0,0.22674909102434535,21.59876363463482,False,latest_not_compressed,0.3305,2026-08-11 00:00:00+00:00,2026-08-11 20:00:00+00:00,2026-08-12 01:00:00+00:00
OPG-USDT-SWAP,OPG,short,aligned_coil_forming,False,110,short,short,False,False,3.617964041059416,0.1944977825815931,3.694813701643322,3.694813701643322,0.019052993657959757,0.019052993657959757,16,0.0,0,1,1,3,0.8947716157108815,21.578425764336778,False,latest_not_compressed,0.09303,2026-08-11 00:00:00+00:00,2026-08-11 20:00:00+00:00,2026-08-12 01:00:00+00:00
SPK-USDT-SWAP,SPK,short,aligned_coil_forming,False,420,short,short,True,True,3.1707975766098095,2.3433871860815687,5.712896850036003,5.712896850036003,0.01144287396937582,0.01144287396937582,16,0.0,0,3,2,0,0.4042021822765199,21.436967265852203,False,latest_not_compressed,0.01415,2026-08-11 00:00:00+00:00,2026-08-11 20:00:00+00:00,2026-08-12 01:00:00+00:00
HBAR-USDT-SWAP,HBAR,short,aligned_coil_forming,False,1091,short,short,True,True,1.7288130329247724,1.0119966664824362,4.860498823737055,4.860498823737055,0.009577009611634612,0.009577009611634612,16,0.0,0,2,2,0,0.23862880917936694,21.420567862309497,False,latest_not_compressed,0.06654,2026-08-11 00:00:00+00:00,2026-08-11 20:00:00+00:00,2026-08-12 01:00:00+00:00
COST-USDT-SWAP,COST,short,aligned_coil_forming,False,106,short,short,False,False,0.3300725201066551,0.17079671285008158,9.154799078530095,9.154799078530095,0.00480463722119363,0.00480463722119363,16,0.0,0,3,3,0,0.5856846360236773,21.214730459644844,False,latest_not_compressed,945.25,2026-08-11 00:00:00+00:00,2026-08-11 20:00:00+00:00,2026-08-12 01:00:00+00:00
GALA-USDT-SWAP,GALA,short,aligned_coil_forming,False,1782,short,short,True,False,3.2297964525809433,0.6785842990146238,5.23398933767779,5.23398933767779,0.019476050281713505,0.019476050281713505,16,0.0,0,2,2,0,0.2531908408037545,21.202137387943683,False,latest_not_compressed,0.001725,2026-08-11 00:00:00+00:00,2026-08-11 20:00:00+00:00,2026-08-12 01:00:00+00:00
DOT-USDT-SWAP,DOT,short,aligned_coil_forming,False,2177,short,short,True,False,2.1145652025522055,0.5127091791989968,4.196996744015034,4.196996744015034,0.010840986287583274,0.010840986287583274,16,0.0,0,2,2,1,0.5937751222134893,21.09337316679766,False,latest_not_compressed,0.7949,2026-08-11 00:00:00+00:00,2026-08-11 20:00:00+00:00,2026-08-12 01:00:00+00:00
LINEA-USDT-SWAP,LINEA,short,aligned_coil_forming,False,344,short,short,True,True,1.86883530122039,0.6992676377427275,3.212975241794152,3.212975241794152,0.010991229848905604,0.010991229848905604,16,0.0,0,2,2,0,0.28209768099996535,20.76853478500052,False,latest_not_compressed,0.002178,2026-08-11 00:00:00+00:00,2026-08-11 20:00:00+00:00,2026-08-12 01:00:00+00:00
MAGIC-USDT-SWAP,MAGIC,short,aligned_coil_forming,False,1286,short,short,True,False,1.3251104151101267,0.24125546517620558,4.360218178571012,4.360218178571012,0.012612074347120684,0.012612074347120684,16,0.0,0,2,2,0,0.32603335015478613,20.10949974767821,False,latest_not_compressed,0.04042,2026-08-11 00:00:00+00:00,2026-08-11 20:00:00+00:00,2026-08-12 01:00:00+00:00
ENS-USDT-SWAP,ENS,short,aligned_coil_forming,False,1734,short,short,True,True,1.6440884776390485,0.6693109147087507,3.0388253547880586,3.0388253547880586,0.00765529462383311,0.00765529462383311,16,0.0,0,3,2,1,0.902741762965285,18.958873555520725,False,latest_not_compressed,4.145,2026-08-11 00:00:00+00:00,2026-08-11 20:00:00+00:00,2026-08-12 01:00:00+00:00
SEI-USDT-SWAP,SEI,short,aligned_coil_forming,False,270,short,short,True,True,2.985151389425195,0.8623778964754767,5.3654191242678735,5.3654191242678735,0.015847267282255967,0.015847267282255967,16,0.0,0,2,2,0,0.4093027201450213,18.86045919782468,False,latest_not_compressed,0.04007,2026-08-11 00:00:00+00:00,2026-08-11 20:00:00+00:00,2026-08-12 01:00:00+00:00
JELLYJELLY-USDT-SWAP,JELLYJELLY,long,aligned_coil_forming,False,503,long,long,False,True,0.010086205075587539,0.4588923355356853,3.3237976763101247,3.3237976763101247,0.0150635495744192,0.0150635495744192,16,0.0,0,1,1,2,0.744484791208065,18.83272813187903,False,latest_not_compressed,0.05796,2026-08-11 00:00:00+00:00,2026-08-11 20:00:00+00:00,2026-08-12 01:00:00+00:00
AUCTION-USDT-SWAP,AUCTION,short,aligned_coil_forming,False,984,short,short,True,False,3.15197662399867,0.6346544605439417,6.070085101198689,6.070085101198689,0.01634412540368936,0.01634412540368936,16,0.0,0,2,2,0,0.43876497662254826,18.418525350661774,False,latest_not_compressed,2.904,2026-08-11 00:00:00+00:00,2026-08-11 20:00:00+00:00,2026-08-12 01:00:00+00:00
KGEN-USDT-SWAP,KGEN,long,aligned_coil_forming,False,297,long,long,False,True,0.30022346521633997,0.24222921018061425,3.249577808836396,3.249577808836396,0.03263786614302095,0.03263786614302095,16,0.0,0,3,3,0,0.7770853025959573,18.34372046106064,False,latest_not_compressed,0.2037,2026-08-11 00:00:00+00:00,2026-08-11 20:00:00+00:00,2026-08-12 01:00:00+00:00
ZRX-USDT-SWAP,ZRX,short,aligned_coil_forming,False,2181,short,short,True,False,1.4162225959049743,0.12326394563781792,6.3456031117426,6.3456031117426,0.015000633874239134,0.015000633874239134,16,0.0,0,3,3,0,0.7840007503957578,18.239988744063634,False,latest_not_compressed,0.07888,2026-08-11 00:00:00+00:00,2026-08-11 20:00:00+00:00,2026-08-12 01:00:00+00:00
WAL-USDT-SWAP,WAL,short,aligned_coil_forming,False,460,short,short,True,True,5.0357952698609605,1.2937803521476317,5.233891218211885,5.233891218211885,0.019422296824730696,0.019422296824730696,16,0.0,0,1,1,0,0.15409471407723965,17.688579288841407,False,latest_not_compressed,0.02383,2026-08-11 00:00:00+00:00,2026-08-11 20:00:00+00:00,2026-08-12 01:00:00+00:00
MSFT-USDT-SWAP,MSFT,long,aligned_coil_forming,False,160,long,long,False,True,2.896831866151773,4.081679182421849,3.8330422877573813,3.8330422877573813,0.00425302331132156,0.00425302331132156,16,0.0,0,3,3,0,0.835695101184893,17.46457348222661,False,latest_not_compressed,502.76,2026-08-11 00:00:00+00:00,2026-08-11 20:00:00+00:00,2026-08-12 01:00:00+00:00
CHZ-USDT-SWAP,CHZ,short,aligned_coil_forming,False,1978,short,short,True,False,6.532697765965916,0.36734524545916925,3.6873536309352377,3.6873536309352377,0.013482704402515705,0.013482704402515705,16,0.0,0,0,0,2,0.511031083891776,17.33453374162336,False,latest_not_compressed,0.01272,2026-08-11 00:00:00+00:00,2026-08-11 20:00:00+00:00,2026-08-12 01:00:00+00:00
USELESS-USDT-SWAP,USELESS,short,aligned_coil_forming,False,382,short,short,False,True,2.0384254749987005,3.1008619139610825,2.5366195501164226,2.5366195501164226,0.019165114377100258,0.019165114377100258,16,0.0,0,2,1,0,0.36657416282024574,17.00138755769631,False,latest_not_compressed,0.03613,2026-08-11 00:00:00+00:00,2026-08-11 20:00:00+00:00,2026-08-12 01:00:00+00:00
STRK-USDT-SWAP,STRK,short,aligned_coil_forming,False,903,short,short,True,True,2.0713442709544156,1.614440867487713,4.72188215564195,4.72188215564195,0.022265232974910378,0.022265232974910378,16,0.0,0,1,1,0,0.22877759660759978,16.568336050886,False,latest_not_compressed,0.02325,2026-08-11 00:00:00+00:00,2026-08-11 20:00:00+00:00,2026-08-12 01:00:00+00:00
STX-USDT-SWAP,STX,short,aligned_coil_forming,False,1267,short,short,True,True,3.3492301081412563,1.3904183616940677,4.8911488746994936,4.8911488746994936,0.019239329667452232,0.019239329667452232,16,0.0,0,1,1,0,0.2494473427962552,16.258289858056173,False,latest_not_compressed,0.1273,2026-08-11 00:00:00+00:00,2026-08-11 20:00:00+00:00,2026-08-12 01:00:00+00:00
COMP-USDT-SWAP,COMP,short,aligned_coil_forming,False,2303,short,short,True,False,1.086652900013658,0.3683678175792397,2.993202445981687,2.993202445981687,0.005390549790114325,0.005390549790114325,16,0.0,0,1,1,0,0.258843898856423,16.117341517153655,False,latest_not_compressed,16.3,2026-08-11 00:00:00+00:00,2026-08-11 20:00:00+00:00,2026-08-12 01:00:00+00:00
TRB-USDT-SWAP,TRB,short,aligned_coil_forming,False,2163,short,short,True,False,1.2764173467015394,0.24986628963051524,3.8919809098571934,3.8919809098571934,0.011368694362017926,0.011368694362017926,16,0.0,0,2,2,0,0.5944588524498257,16.083117213252613,False,latest_not_compressed,13.48,2026-08-11 00:00:00+00:00,2026-08-11 20:00:00+00:00,2026-08-12 01:00:00+00:00
EGLD-USDT-SWAP,EGLD,short,aligned_coil_forming,False,2058,short,short,True,True,1.1641414683571993,0.432831613524564,6.294766493106475,6.294766493106475,0.016985512630014864,0.016985512630014864,16,0.0,0,1,1,0,0.265328411001989,16.020073834970166,False,latest_not_compressed,2.692,2026-08-11 00:00:00+00:00,2026-08-11 20:00:00+00:00,2026-08-12 01:00:00+00:00
XTZ-USDT-SWAP,XTZ,short,aligned_coil_forming,False,2303,short,short,True,False,2.6419487770617405,0.8466688786872709,4.978873759878603,4.978873759878603,0.011996243169398865,0.011996243169398865,16,0.0,0,2,2,0,0.6113785132405466,15.829322301391802,False,latest_not_compressed,0.1952,2026-08-11 00:00:00+00:00,2026-08-11 20:00:00+00:00,2026-08-12 01:00:00+00:00
JUP-USDT-SWAP,JUP,short,aligned_coil_forming,False,923,short,short,False,True,0.7449604769207159,1.1522617212408848,5.0284689164320255,5.0284689164320255,0.020284153296203884,0.020284153296203884,16,0.0,0,1,1,0,0.2873561793132732,15.689657310300904,False,latest_not_compressed,0.1755,2026-08-11 00:00:00+00:00,2026-08-11 20:00:00+00:00,2026-08-12 01:00:00+00:00
KSM-USDT-SWAP,KSM,short,aligned_coil_forming,False,2163,short,short,True,False,1.8002920426657933,0.6328776329857683,5.438714213791677,5.438714213791677,0.016301429757855757,0.016301429757855757,16,0.0,0,1,1,0,0.3264465931999568,15.10330110200065,False,latest_not_compressed,2.959,2026-08-11 00:00:00+00:00,2026-08-11 20:00:00+00:00,2026-08-12 01:00:00+00:00
XLE-USDT-SWAP,XLE,long,aligned_coil_forming,False,92,long,long,False,False,0.6464050601008455,1.1144902886688879,11.664091386160363,11.664091386160363,0.009217719782044354,0.009217719782044354,16,0.0,0,3,3,0,1.4456681837559653,15.000000000000002,False,latest_not_compressed,60.98,2026-08-11 00:00:00+00:00,2026-08-11 20:00:00+00:00,2026-08-12 01:00:00+00:00
NEO-USDT-SWAP,NEO,short,aligned_coil_forming,False,2356,short,short,True,True,2.4441463760786197,1.4991729316708213,5.010919855365328,5.010919855365328,0.016359335148637234,0.016359335148637234,16,0.0,0,1,1,0,0.39355240951691595,14.096713857246263,False,latest_not_compressed,1.735,2026-08-11 00:00:00+00:00,2026-08-11 20:00:00+00:00,2026-08-12 01:00:00+00:00
SPACE-USDT-SWAP,SPACE,short,aligned_coil_forming,False,200,short,short,True,True,1.185088096223696,1.6984549674480451,2.499153816825068,2.499153816825068,0.009870671426775925,0.009870671426775925,16,0.0,0,1,1,0,0.4156907721220387,13.76463841816942,False,latest_not_compressed,0.005356,2026-08-11 00:00:00+00:00,2026-08-11 20:00:00+00:00,2026-08-12 01:00:00+00:00
LPT-USDT-SWAP,LPT,short,aligned_coil_forming,False,1936,short,short,True,True,3.038893552446479,1.4442469257366193,5.587712019860404,5.587712019860404,0.018963062983618426,0.018963062983618426,16,0.0,0,1,1,0,0.42847003911374604,13.572949413293811,False,latest_not_compressed,1.221,2026-08-11 00:00:00+00:00,2026-08-11 20:00:00+00:00,2026-08-12 01:00:00+00:00
BERA-USDT-SWAP,BERA,short,aligned_coil_forming,False,551,short,short,True,True,4.100780921578002,1.3083517016979385,4.321344253637267,4.321344253637267,0.018219430538473868,0.018219430538473868,16,0.0,0,1,1,0,0.4345435236386135,13.481847145420797,False,latest_not_compressed,0.1465,2026-08-11 00:00:00+00:00,2026-08-11 20:00:00+00:00,2026-08-12 01:00:00+00:00
ARKM-USDT-SWAP,ARKM,short,aligned_coil_forming,False,628,short,short,True,False,2.0416291060364866,0.20194661886541432,3.5387919946143294,3.5387919946143294,0.011465477068386949,0.011465477068386949,16,0.0,0,1,1,0,0.45104511389436036,13.234323291584596,False,latest_not_compressed,0.09478,2026-08-11 00:00:00+00:00,2026-08-11 20:00:00+00:00,2026-08-12 01:00:00+00:00
GIGGLE-USDT-SWAP,GIGGLE,long,aligned_coil_forming,False,290,long,long,False,False,0.6126670232760953,0.4072617004705657,3.9397515602562607,3.9397515602562607,0.07003256602426818,0.07003256602426818,16,0.0,0,1,1,0,0.45619423626262345,13.157086456060648,False,latest_not_compressed,37.36,2026-08-11 00:00:00+00:00,2026-08-11 20:00:00+00:00,2026-08-12 01:00:00+00:00
SAND-USDT-SWAP,SAND,short,aligned_coil_forming,False,1957,short,short,True,True,3.0005489933170435,0.9786255427505418,3.298278287219888,3.298278287219888,0.012275507780042941,0.012275507780042941,16,0.0,0,2,2,0,0.7918515943577547,13.122226084633681,False,latest_not_compressed,0.04013,2026-08-11 00:00:00+00:00,2026-08-11 20:00:00+00:00,2026-08-12 01:00:00+00:00
LLY-USDT-SWAP,LLY,long,aligned_coil_forming,False,106,long,long,False,False,0.6943698154479373,1.5878194290409808,5.011354050357339,5.011354050357339,0.007888313609467503,0.007888313609467503,16,0.0,0,1,1,0,0.4904885686454984,12.642671470317524,False,latest_not_compressed,1216.8,2026-08-11 00:00:00+00:00,2026-08-11 20:00:00+00:00,2026-08-12 01:00:00+00:00
AVAX-USDT-SWAP,AVAX,short,aligned_coil_forming,False,2148,short,short,True,False,1.0971961686975285,0.44529294118080803,4.930979116142072,4.930979116142072,0.01685410468163324,0.01685410468163324,16,0.0,0,2,2,0,0.8314015034655001,12.528977448017498,False,latest_not_compressed,6.306,2026-08-11 00:00:00+00:00,2026-08-11 20:00:00+00:00,2026-08-12 01:00:00+00:00
QTUM-USDT-SWAP,QTUM,short,aligned_coil_forming,False,2303,short,short,True,False,1.811440179999159,0.44701157625545856,5.318413590162546,5.318413590162546,0.015080907037932759,0.015080907037932759,16,0.0,0,3,2,0,1.007260829073606,12.5,False,latest_not_compressed,0.6306,2026-08-11 00:00:00+00:00,2026-08-11 20:00:00+00:00,2026-08-12 01:00:00+00:00
MEGA-USDT-SWAP,MEGA,short,aligned_coil_forming,False,103,short,short,False,True,4.231420727115188,1.0074980448693345,9.776538030214368,9.776538030214368,0.05357856358006194,0.05357856358006194,16,0.0,0,3,2,0,1.555888157686969,12.5,False,latest_not_compressed,0.03337,2026-08-11 00:00:00+00:00,2026-08-11 20:00:00+00:00,2026-08-12 01:00:00+00:00
AZTEC-USDT-SWAP,AZTEC,short,aligned_coil_forming,False,181,short,short,True,True,1.537706757312785,1.6259306646614413,4.7014428046115215,4.7014428046115215,0.016015735893446844,0.016015735893446844,16,0.0,0,2,2,0,0.8625396767494977,12.061904848757536,False,latest_not_compressed,0.01276,2026-08-11 00:00:00+00:00,2026-08-11 20:00:00+00:00,2026-08-12 01:00:00+00:00
RIVER-USDT-SWAP,RIVER,short,aligned_coil_forming,False,214,short,short,True,False,3.299180931814549,0.0027856039180393605,2.910204619955973,2.910204619955973,0.015046037078511574,0.015046037078511574,16,0.0,0,2,2,0,0.8659638956487447,12.01054156526883,False,latest_not_compressed,2.679,2026-08-11 00:00:00+00:00,2026-08-11 20:00:00+00:00,2026-08-12 01:00:00+00:00
2Z-USDT-SWAP,2Z,short,aligned_coil_forming,False,313,short,short,True,True,2.6368014212147077,1.0601062106246877,5.703257358176063,5.703257358176063,0.019369197507312863,0.019369197507312863,16,0.0,0,1,1,0,0.5448853020364511,11.826720469453234,False,latest_not_compressed,0.05242,2026-08-11 00:00:00+00:00,2026-08-11 20:00:00+00:00,2026-08-12 01:00:00+00:00
COIN-USDT-SWAP,COIN,short,aligned_coil_forming,False,166,short,short,True,False,0.8980471599764318,0.4685273824832611,2.294494074461589,2.294494074461589,0.005798984201043795,0.005798984201043795,16,0.0,0,1,1,0,0.5479369690050194,11.780945464924708,False,latest_not_compressed,148.93,2026-08-11 00:00:00+00:00,2026-08-11 20:00:00+00:00,2026-08-12 01:00:00+00:00
ZETA-USDT-SWAP,ZETA,short,aligned_coil_forming,False,922,short,short,True,False,2.968667847985913,0.48874950824465324,3.9411120259709675,3.9411120259709675,0.01684510897375942,0.01684510897375942,16,0.0,0,1,1,0,0.5800739754791413,11.29889036781288,False,latest_not_compressed,0.02834,2026-08-11 00:00:00+00:00,2026-08-11 20:00:00+00:00,2026-08-12 01:00:00+00:00
VANA-USDT-SWAP,VANA,short,aligned_coil_forming,False,602,short,short,True,False,2.1014485015113666,1.3614405702334298,5.804900818457013,5.804900818457013,0.021459412780656478,0.021459412780656478,16,0.0,0,1,1,0,0.5854904135603258,11.217643796595112,False,latest_not_compressed,0.8492,2026-08-11 00:00:00+00:00,2026-08-11 20:00:00+00:00,2026-08-12 01:00:00+00:00
ZORA-USDT-SWAP,ZORA,short,aligned_coil_forming,False,305,short,short,True,True,3.896717355590679,1.8176369598194357,4.081606997330158,4.081606997330158,0.01608567833112474,0.01608567833112474,16,0.0,0,1,1,0,0.5875972746872575,11.186040879691136,False,latest_not_compressed,0.005032,2026-08-11 00:00:00+00:00,2026-08-11 20:00:00+00:00,2026-08-12 01:00:00+00:00
GLM-USDT-SWAP,GLM,short,aligned_coil_forming,False,823,short,short,True,True,2.141308144255862,1.0345564042760542,6.006260644451755,6.006260644451755,0.012061713213673738,0.012061713213673738,16,0.0,0,1,1,0,0.6275921981553071,10.586117027670394,False,latest_not_compressed,0.08922,2026-08-11 00:00:00+00:00,2026-08-11 20:00:00+00:00,2026-08-12 01:00:00+00:00
USO-USDT-SWAP,USO,long,aligned_coil_forming,False,92,long,long,False,False,0.04139082291011902,0.6533350784460669,3.397698102682837,3.397698102682837,0.00911434742083752,0.00911434742083752,16,0.0,0,2,2,0,1.29664715599448,10.0,False,latest_not_compressed,128.25,2026-08-11 00:00:00+00:00,2026-08-11 20:00:00+00:00,2026-08-12 01:00:00+00:00
HUMA-USDT-SWAP,HUMA,short,aligned_coil_forming,False,442,short,short,False,False,0.804783374915723,0.04881544690008765,2.893011894355176,2.893011894355176,0.017345715975156537,0.017345715975156537,16,0.0,0,2,2,0,1.2232849264632764,10.0,False,latest_not_compressed,0.01929,2026-08-11 00:00:00+00:00,2026-08-11 20:00:00+00:00,2026-08-12 01:00:00+00:00
VIRTUAL-USDT-SWAP,VIRTUAL,short,aligned_coil_forming,False,608,short,short,True,True,0.8863460781990637,0.8433033186415835,4.629783178872865,4.629783178872865,0.020199196569887567,0.020199196569887567,16,0.0,0,2,2,0,1.4994621666320802,10.0,False,latest_not_compressed,0.5379,2026-08-11 00:00:00+00:00,2026-08-11 20:00:00+00:00,2026-08-12 01:00:00+00:00
OFC-USDT-SWAP,OFC,short,aligned_coil_forming,False,124,short,short,True,False,4.464055384234239,0.17099429242329853,6.139231555728888,6.139231555728888,0.10533033033033048,0.10533033033033048,16,0.0,0,2,2,0,2.404459255706986,10.0,False,latest_not_compressed,0.009102,2026-08-11 00:00:00+00:00,2026-08-11 20:00:00+00:00,2026-08-12 01:00:00+00:00
BARD-USDT-SWAP,BARD,short,aligned_coil_forming,False,327,short,short,True,False,4.257254548595764,0.44413699510890237,3.5604880370885343,3.5604880370885343,0.011870286576168827,0.011870286576168827,16,0.0,0,1,1,0,0.7002369544225515,9.496445683661728,False,latest_not_compressed,0.1105,2026-08-11 00:00:00+00:00,2026-08-11 20:00:00+00:00,2026-08-12 01:00:00+00:00
OPN-USDT-SWAP,OPN,short,aligned_coil_forming,False,169,short,short,True,False,3.7290720591444826,0.1943806661784846,2.9809934487420304,2.9809934487420304,0.014631956511511278,0.014631956511511278,16,0.0,0,1,1,0,0.7226225761872893,9.16066135719066,False,latest_not_compressed,0.0501,2026-08-11 00:00:00+00:00,2026-08-11 20:00:00+00:00,2026-08-12 01:00:00+00:00
ETHW-USDT-SWAP,ETHW,short,aligned_coil_forming,False,1425,short,short,True,False,0.5006348575368454,0.1517119532896428,3.2909430687454218,3.2909430687454218,0.009154058182917776,0.009154058182917776,16,0.0,0,0,0,0,0.41359216772876706,8.796117484068494,False,latest_not_compressed,0.2342,2026-08-11 00:00:00+00:00,2026-08-11 20:00:00+00:00,2026-08-12 01:00:00+00:00
ALGO-USDT-SWAP,ALGO,short,aligned_coil_forming,False,2303,short,short,True,False,0.8933479218372874,0.9922361731709785,3.0001827258562677,3.0001827258562677,0.01029629914515917,0.01029629914515917,16,0.0,0,1,1,0,0.776650820513012,8.35023769230482,False,latest_not_compressed,0.08109,2026-08-11 00:00:00+00:00,2026-08-11 20:00:00+00:00,2026-08-12 01:00:00+00:00
BIGTIME-USDT-SWAP,BIGTIME,short,aligned_coil_forming,False,1034,short,short,True,True,4.398681111379754,1.2891779022174903,8.250556399037974,8.250556399037974,0.035581433762801436,0.035581433762801436,16,0.0,0,0,0,0,0.48888410223715617,7.666738466442657,False,latest_not_compressed,0.005045,2026-08-11 00:00:00+00:00,2026-08-11 20:00:00+00:00,2026-08-12 01:00:00+00:00
AT-USDT-SWAP,AT,long,aligned_coil_forming,False,285,long,long,False,True,0.03656799680706942,0.8496668905634699,5.08514342853306,5.08514342853306,0.03883516011175599,0.03883516011175599,16,0.0,0,2,1,0,1.454315375752501,7.5,False,latest_not_compressed,0.1551,2026-08-11 00:00:00+00:00,2026-08-11 20:00:00+00:00,2026-08-12 01:00:00+00:00
WOO-USDT-SWAP,WOO,short,aligned_coil_forming,False,1274,short,short,True,True,1.5628427966037268,1.0384273234318082,4.9890877266634615,4.9890877266634615,0.017050417858178762,0.017050417858178762,16,0.0,0,2,1,0,1.0593464950840434,7.5,False,latest_not_compressed,0.01085,2026-08-11 00:00:00+00:00,2026-08-11 20:00:00+00:00,2026-08-12 01:00:00+00:00
EDGE-USDT-SWAP,EDGE,short,aligned_coil_forming,False,132,short,short,False,False,2.2775251263259095,0.19817268898668572,3.5816834160348248,3.5816834160348248,0.021397701149425352,0.021397701149425352,16,0.0,0,0,0,0,0.5152186668945492,7.271719996581762,False,latest_not_compressed,0.3625,2026-08-11 00:00:00+00:00,2026-08-11 20:00:00+00:00,2026-08-12 01:00:00+00:00
F-USDT-SWAP,F,short,aligned_coil_forming,False,290,short,short,True,False,2.642360711516299,0.1818465695763511,9.16171687793661,9.16171687793661,0.06185226019845634,0.06185226019845634,16,0.0,0,0,0,0,0.5448031081044077,6.827953378433885,False,latest_not_compressed,0.002721,2026-08-11 00:00:00+00:00,2026-08-11 20:00:00+00:00,2026-08-12 01:00:00+00:00
ZK-USDT-SWAP,ZK,short,aligned_coil_forming,False,784,short,short,True,True,3.4884841062874967,0.8924997333718798,7.77912292671228,7.77912292671228,0.032620225520345686,0.032620225520345686,16,0.0,0,0,0,0,0.6162837330341876,5.755744004487186,False,latest_not_compressed,0.007479,2026-08-11 00:00:00+00:00,2026-08-11 20:00:00+00:00,2026-08-12 01:00:00+00:00
MINA-USDT-SWAP,MINA,short,aligned_coil_forming,False,1889,short,short,True,True,1.5265616302396305,1.3593538965219738,5.6819030676353135,5.6819030676353135,0.02088814375376139,0.02088814375376139,16,0.0,0,1,1,0,0.9934162146290416,5.098756780564376,False,latest_not_compressed,0.03877,2026-08-11 00:00:00+00:00,2026-08-11 20:00:00+00:00,2026-08-12 01:00:00+00:00
BNB-USDT-SWAP,BNB,long,aligned_coil_forming,False,1327,long,long,False,True,0.06689076078155747,1.487233372549692,5.682198608152949,5.682198608152949,0.014011833988393008,0.014011833988393008,16,0.0,0,1,1,0,2.147050795177899,5.0,False,latest_not_compressed,619.4,2026-08-11 00:00:00+00:00,2026-08-11 20:00:00+00:00,2026-08-12 01:00:00+00:00
LINK-USDT-SWAP,LINK,long,aligned_coil_forming,False,2356,long,long,False,False,0.028704070690083128,0.7419200050189813,6.210081212015537,6.210081212015537,0.02613662195953612,0.02613662195953612,16,0.0,0,1,1,0,2.1833444210509905,5.0,False,latest_not_compressed,8.798,2026-08-11 00:00:00+00:00,2026-08-11 20:00:00+00:00,2026-08-12 01:00:00+00:00
ONE-USDT-SWAP,ONE,short,aligned_coil_forming,False,903,short,short,True,False,1.41849983926155,0.038406051905364884,2.5155189224114243,2.5155189224114243,0.10821152546076865,0.10821152546076865,16,0.0,0,1,1,0,5.756176018474523,5.0,False,latest_not_compressed,0.000809,2026-08-11 00:00:00+00:00,2026-08-11 20:00:00+00:00,2026-08-12 01:00:00+00:00
PROS-USDT-SWAP,PROS,short,aligned_coil_forming,False,105,short,short,False,False,1.632323028060575,0.588752492923776,4.424952440412169,4.424952440412169,0.012155709047497338,0.012155709047497338,16,0.0,0,1,1,0,1.070793115512866,5.0,False,latest_not_compressed,0.3909,2026-08-11 00:00:00+00:00,2026-08-11 20:00:00+00:00,2026-08-12 01:00:00+00:00
ZBT-USDT-SWAP,ZBT,short,aligned_coil_forming,False,298,short,short,False,False,0.16022764228307673,1.4905261621159236,5.120574078953829,5.120574078953829,0.04169998246536918,0.04169998246536918,16,0.0,0,1,1,0,1.045997498648479,5.0,False,latest_not_compressed,0.09505,2026-08-11 00:00:00+00:00,2026-08-11 20:00:00+00:00,2026-08-12 01:00:00+00:00
RESOLV-USDT-SWAP,RESOLV,short,aligned_coil_forming,False,427,short,short,True,False,1.3687121060755072,0.14546205881010804,6.206075392196615,6.206075392196615,0.030511890366787617,0.030511890366787617,16,0.0,0,1,1,0,1.0267490517551514,5.0,False,latest_not_compressed,0.01654,2026-08-11 00:00:00+00:00,2026-08-11 20:00:00+00:00,2026-08-12 01:00:00+00:00
BAT-USDT-SWAP,BAT,short,aligned_coil_forming,False,2174,short,short,True,True,3.1578253143859802,1.2417640599528197,7.175141112915983,7.175141112915983,0.03330101271277723,0.03330101271277723,16,0.0,0,1,1,0,1.985883390865972,5.0,False,latest_not_compressed,0.06188,2026-08-11 00:00:00+00:00,2026-08-11 20:00:00+00:00,2026-08-12 01:00:00+00:00
RSR-USDT-SWAP,RSR,short,aligned_coil_forming,False,2162,short,short,True,False,0.8387617091885312,0.05062338597050838,3.523749004162839,3.523749004162839,0.00974702380952383,0.00974702380952383,16,0.0,0,0,0,0,0.9009216193862333,1.4861757092065009,False,latest_not_compressed,0.001232,2026-08-11 00:00:00+00:00,2026-08-11 20:00:00+00:00,2026-08-12 01:00:00+00:00
AI-USDT-SWAP,AI,short,aligned_coil_forming,False,104,short,short,False,True,1.7898094156072588,1.0670629091780788,4.822756352317801,4.822756352317801,0.022317544707588222,0.022317544707588222,16,0.0,0,0,0,0,0.921013173048374,1.1848024042743892,False,latest_not_compressed,0.02069,2026-08-11 00:00:00+00:00,2026-08-11 20:00:00+00:00,2026-08-12 01:00:00+00:00
PROVE-USDT-SWAP,PROVE,short,aligned_coil_forming,False,298,short,short,True,True,2.520407533921465,1.9040679043754363,6.2932283649342065,6.2932283649342065,0.016877637130801676,0.016877637130801676,16,0.0,0,0,0,0,0.9914095717479559,0.1288564237806622,False,latest_not_compressed,0.1501,2026-08-11 00:00:00+00:00,2026-08-11 20:00:00+00:00,2026-08-12 01:00:00+00:00
UP-USDT-SWAP,UP,long,aligned_coil_forming,False,125,long,long,True,True,0.9668468620649388,2.5245733910456924,3.2310722269784558,3.2310722269784558,0.018009900922569662,0.018009900922569662,16,0.0,0,0,0,0,1.1781613299896836,0.0,False,latest_not_compressed,0.3938,2026-08-11 00:00:00+00:00,2026-08-11 20:00:00+00:00,2026-08-12 01:00:00+00:00
ICX-USDT-SWAP,ICX,short,aligned_coil_forming,False,900,short,short,True,False,2.2448918744550963,0.11089659872057701,5.398475106078462,5.398475106078462,0.028811338732729758,0.028811338732729758,16,0.0,0,0,0,0,1.2253912055346379,0.0,False,latest_not_compressed,0.02099,2026-08-11 00:00:00+00:00,2026-08-11 20:00:00+00:00,2026-08-12 01:00:00+00:00
ZKP-USDT-SWAP,ZKP,short,aligned_coil_forming,False,216,short,short,True,True,1.3027927612687642,0.35110691739880523,5.722107119908117,5.722107119908117,0.026391133687370078,0.026391133687370078,16,0.0,0,0,0,0,1.3398064957557,0.0,False,latest_not_compressed,0.04331,2026-08-11 00:00:00+00:00,2026-08-11 20:00:00+00:00,2026-08-12 01:00:00+00:00
ZIL-USDT-SWAP,ZIL,short,aligned_coil_forming,False,2162,short,short,True,True,1.7558469112717865,1.5849031780505105,6.514561494169468,6.514561494169468,0.01576227390180875,0.01576227390180875,16,0.0,0,0,0,0,1.1333118406323004,0.0,False,latest_not_compressed,0.002322,2026-08-11 00:00:00+00:00,2026-08-11 20:00:00+00:00,2026-08-12 01:00:00+00:00
GOOGL-USDT-SWAP,GOOGL,short,aligned_coil_forming,False,160,short,short,False,False,0.08639656193225978,0.37670764546840835,16.249789719637025,16.249789719637025,0.022929376162527382,0.022929376162527382,16,0.0,0,0,0,0,1.6168847652543816,0.0,False,latest_not_compressed,345.87,2026-08-11 00:00:00+00:00,2026-08-11 20:00:00+00:00,2026-08-12 01:00:00+00:00
0G-USDT-SWAP,0G,none,daily_not_trending,False,323,neutral,insufficient,False,False,4.759729284048452,,,,,,16,,0,0,0,0,,0.0,False,insufficient_15m_data,,2026-08-11 00:00:00+00:00,,
1INCH-USDT-SWAP,1INCH,none,daily_4h_not_aligned,False,2055,long,neutral,False,False,0.7344657292499421,0.3940430474845378,,,,,16,,0,0,0,0,,0.0,False,insufficient_15m_data,,2026-08-11 00:00:00+00:00,2026-08-11 20:00:00+00:00,
AAOI-USDT-SWAP,AAOI,none,daily_not_trending,False,77,neutral,insufficient,False,False,0.5697243617079192,,,,,,16,,0,0,0,0,,0.0,False,insufficient_15m_data,,2026-08-11 00:00:00+00:00,,
AAPL-USDT-SWAP,AAPL,none,daily_not_trending,False,160,neutral,insufficient,False,False,0.452760448806287,,,,,,16,,0,0,0,0,,0.0,False,insufficient_15m_data,,2026-08-11 00:00:00+00:00,,
AAVE-USDT-SWAP,AAVE,none,daily_not_trending,False,2070,neutral,insufficient,False,False,0.3396446972536553,,,,,,16,,0,0,0,0,,0.0,False,insufficient_15m_data,,2026-08-11 00:00:00+00:00,,
ACT-USDT-SWAP,ACT,none,daily_not_trending,False,635,neutral,insufficient,False,False,0.08631462732088675,,,,,,16,,0,0,0,0,,0.0,False,insufficient_15m_data,,2026-08-11 00:00:00+00:00,,
ACU-USDT-SWAP,ACU,none,daily_4h_not_aligned,False,200,long,neutral,False,False,0.20531846855337724,1.469993633144362,,,,,16,,0,0,0,0,,0.0,False,insufficient_15m_data,,2026-08-11 00:00:00+00:00,2026-08-11 20:00:00+00:00,
ADA-USDT-SWAP,ADA,none,daily_4h_not_aligned,False,2356,long,neutral,False,False,0.18456423294421118,0.46288892054656716,,,,,16,,0,0,0,0,,0.0,False,insufficient_15m_data,,2026-08-11 00:00:00+00:00,2026-08-11 20:00:00+00:00,
ADBE-USDT-SWAP,ADBE,none,daily_4h_not_aligned,False,69,long,neutral,False,False,1.2099961118667182,1.9672891970428419,,,,,16,,0,0,0,0,,0.0,False,insufficient_15m_data,,2026-08-11 00:00:00+00:00,2026-08-11 20:00:00+00:00,
AEHR-USDT-SWAP,AEHR,none,listed_too_recently,False,15,insufficient,insufficient,False,False,,,,,,,16,,0,0,0,0,,0.0,False,insufficient_15m_data,,,,
AEON-USDT-SWAP,AEON,none,listed_too_recently,False,15,insufficient,insufficient,False,False,,,,,,,16,,0,0,0,0,,0.0,False,insufficient_15m_data,,,,
AEVO-USDT-SWAP,AEVO,none,daily_not_trending,False,881,neutral,insufficient,False,False,0.21127843159827664,,,,,,16,,0,0,0,0,,0.0,False,insufficient_15m_data,,2026-08-11 00:00:00+00:00,,
AGLD-USDT-SWAP,AGLD,none,daily_not_trending,False,1799,neutral,insufficient,False,False,1.0543376274963838,,,,,,16,,0,0,0,0,,0.0,False,insufficient_15m_data,,2026-08-11 00:00:00+00:00,,
AIXBT-USDT-SWAP,AIXBT,none,daily_4h_not_aligned,False,585,short,neutral,False,False,1.496386731855247,0.6161773642616778,,,,,16,,0,0,0,0,,0.0,False,insufficient_15m_data,,2026-08-11 00:00:00+00:00,2026-08-11 20:00:00+00:00,
ALAB-USDT-SWAP,ALAB,none,insufficient_daily_data,False,56,insufficient,insufficient,False,False,,,,,,,16,,0,0,0,0,,0.0,False,insufficient_15m_data,,,,
ALLO-USDT-SWAP,ALLO,none,daily_4h_not_aligned,False,273,short,neutral,False,False,0.14613485001440035,0.13647614579265416,,,,,16,,0,0,0,0,,0.0,False,insufficient_15m_data,,2026-08-11 00:00:00+00:00,2026-08-11 20:00:00+00:00,
AMAT-USDT-SWAP,AMAT,none,daily_4h_not_aligned,False,75,short,neutral,False,False,0.3195602674778478,0.30154555420047036,,,,,16,,0,0,0,0,,0.0,False,insufficient_15m_data,,2026-08-11 00:00:00+00:00,2026-08-11 20:00:00+00:00,
AMZN-USDT-SWAP,AMZN,none,daily_4h_not_aligned,False,166,long,neutral,False,False,1.449319546167758,1.6678705633000328,,,,,16,,0,0,0,0,,0.0,False,insufficient_15m_data,,2026-08-11 00:00:00+00:00,2026-08-11 20:00:00+00:00,
ANIME-USDT-SWAP,ANIME,none,daily_4h_not_aligned,False,565,short,neutral,True,False,2.62083468776621,0.20070710362525143,,,,,16,,0,0,0,0,,0.0,False,insufficient_15m_data,,2026-08-11 00:00:00+00:00,2026-08-11 20:00:00+00:00,
ANTHROPIC-USDT-SWAP,ANTHROPIC,none,daily_4h_not_aligned,False,96,short,long,False,False,26.93697357277254,0.07310542277633512,,,,,16,,0,0,0,0,,0.0,False,insufficient_15m_data,,2026-08-11 00:00:00+00:00,2026-08-11 20:00:00+00:00,
APLD-USDT-SWAP,APLD,none,insufficient_daily_data,False,36,insufficient,insufficient,False,False,,,,,,,16,,0,0,0,0,,0.0,False,insufficient_15m_data,,,,
APP-USDT-SWAP,APP,none,listed_too_recently,False,25,insufficient,insufficient,False,False,,,,,,,16,,0,0,0,0,,0.0,False,insufficient_15m_data,,,,
APR-USDT-SWAP,APR,none,daily_not_trending,False,291,neutral,insufficient,False,False,0.030150305119193803,,,,,,16,,0,0,0,0,,0.0,False,insufficient_15m_data,,2026-08-11 00:00:00+00:00,,
APT-USDT-SWAP,APT,none,daily_4h_not_aligned,False,1392,short,neutral,True,False,1.926649405854172,0.03704559033820916,,,,,16,,0,0,0,0,,0.0,False,insufficient_15m_data,,2026-08-11 00:00:00+00:00,2026-08-11 20:00:00+00:00,
AR-USDT-SWAP,AR,none,daily_4h_not_aligned,False,1274,short,neutral,True,False,1.0745968042690957,0.11972645508559127,,,,,16,,0,0,0,0,,0.0,False,insufficient_15m_data,,2026-08-11 00:00:00+00:00,2026-08-11 20:00:00+00:00,
ARB-USDT-SWAP,ARB,none,daily_4h_not_aligned,False,1237,short,neutral,True,False,1.1867174176983992,0.23400218609717122,,,,,16,,0,0,0,0,,0.0,False,insufficient_15m_data,,2026-08-11 00:00:00+00:00,2026-08-11 20:00:00+00:00,
ARM-USDT-SWAP,ARM,none,daily_4h_not_aligned,False,104,short,neutral,False,False,0.8500443144757716,0.7464514401087429,,,,,16,,0,0,0,0,,0.0,False,insufficient_15m_data,,2026-08-11 00:00:00+00:00,2026-08-11 20:00:00+00:00,
ARX-USDT-SWAP,ARX,none,insufficient_daily_data,False,50,insufficient,insufficient,False,False,,,,,,,16,,0,0,0,0,,0.0,False,insufficient_15m_data,,,,
ASML-USDT-SWAP,ASML,none,daily_not_trending,False,69,neutral,insufficient,False,False,0.36631724757745215,,,,,,16,,0,0,0,0,,0.0,False,insufficient_15m_data,,2026-08-11 00:00:00+00:00,,
ASTER-USDT-SWAP,ASTER,none,daily_4h_not_aligned,False,323,short,neutral,True,False,1.128823492743681,0.13264085565969894,,,,,16,,0,0,0,0,,0.0,False,insufficient_15m_data,,2026-08-11 00:00:00+00:00,2026-08-11 20:00:00+00:00,
ASTS-USDT-SWAP,ASTS,none,daily_not_trending,False,70,neutral,insufficient,False,False,1.284709448550535,,,,,,16,,0,0,0,0,,0.0,False,insufficient_15m_data,,2026-08-11 00:00:00+00:00,,
ATOM-USDT-SWAP,ATOM,none,daily_not_trending,False,2464,neutral,insufficient,False,False,2.512960401058689,,,,,,16,,0,0,0,0,,0.0,False,insufficient_15m_data,,2026-08-11 00:00:00+00:00,,
AVGO-USDT-SWAP,AVGO,none,daily_4h_not_aligned,False,104,long,neutral,False,False,0.625934648742663,1.8785275297680806,,,,,16,,0,0,0,0,,0.0,False,insufficient_15m_data,,2026-08-11 00:00:00+00:00,2026-08-11 20:00:00+00:00,
AVNT-USDT-SWAP,AVNT,none,daily_not_trending,False,323,neutral,insufficient,False,False,1.642711169747357,,,,,,16,,0,0,0,0,,0.0,False,insufficient_15m_data,,2026-08-11 00:00:00+00:00,,
AXS-USDT-SWAP,AXS,none,daily_not_trending,False,1840,neutral,insufficient,False,False,1.7061034764276022,,,,,,16,,0,0,0,0,,0.0,False,insufficient_15m_data,,2026-08-11 00:00:00+00:00,,
AXTI-USDT-SWAP,AXTI,none,insufficient_daily_data,False,56,insufficient,insufficient,False,False,,,,,,,16,,0,0,0,0,,0.0,False,insufficient_15m_data,,,,
BABY-USDT-SWAP,BABY,none,daily_not_trending,False,488,neutral,insufficient,False,False,0.9602101951940977,,,,,,16,,0,0,0,0,,0.0,False,insufficient_15m_data,,2026-08-11 00:00:00+00:00,,
BAND-USDT-SWAP,BAND,none,daily_not_trending,False,2164,neutral,insufficient,False,False,0.6193786598041002,,,,,,16,,0,0,0,0,,0.0,False,insufficient_15m_data,,2026-08-11 00:00:00+00:00,,
BASED-USDT-SWAP,BASED,none,daily_4h_not_aligned,False,134,short,neutral,True,False,0.5155833899364912,0.45517599081165716,,,,,16,,0,0,0,0,,0.0,False,insufficient_15m_data,,2026-08-11 00:00:00+00:00,2026-08-11 20:00:00+00:00,
BB-USDT-SWAP,BB,none,daily_not_trending,False,71,neutral,insufficient,False,False,0.9982300616363048,,,,,,16,,0,0,0,0,,0.0,False,insufficient_15m_data,,2026-08-11 00:00:00+00:00,,
BCH-USDT-SWAP,BCH,none,daily_4h_not_aligned,False,2464,short,neutral,False,False,2.44501989487377,0.10930198163923584,,,,,16,,0,0,0,0,,0.0,False,insufficient_15m_data,,2026-08-11 00:00:00+00:00,2026-08-11 20:00:00+00:00,
BEAT-USDT-SWAP,BEAT,none,daily_not_trending,False,272,neutral,insufficient,False,False,0.05973219031728266,,,,,,16,,0,0,0,0,,0.0,False,insufficient_15m_data,,2026-08-11 00:00:00+00:00,,
BICO-USDT-SWAP,BICO,none,daily_4h_not_aligned,False,1706,long,neutral,False,False,0.6901738818470124,0.8864099417338048,,,,,16,,0,0,0,0,,0.0,False,insufficient_15m_data,,2026-08-11 00:00:00+00:00,2026-08-11 20:00:00+00:00,
BILL-USDT-SWAP,BILL,none,daily_4h_not_aligned,False,97,short,neutral,False,False,4.072081513693506,0.5481861498371849,,,,,16,,0,0,0,0,,0.0,False,insufficient_15m_data,,2026-08-11 00:00:00+00:00,2026-08-11 20:00:00+00:00,
BIO-USDT-SWAP,BIO,none,daily_not_trending,False,585,neutral,insufficient,False,False,1.2839989869356723,,,,,,16,,0,0,0,0,,0.0,False,insufficient_15m_data,,2026-08-11 00:00:00+00:00,,
BLEND-USDT-SWAP,BLEND,none,daily_4h_not_aligned,False,104,short,neutral,False,False,0.919701169665191,0.0933972752945079,,,,,16,,0,0,0,0,,0.0,False,insufficient_15m_data,,2026-08-11 00:00:00+00:00,2026-08-11 20:00:00+00:00,
BMNR-USDT-SWAP,BMNR,none,daily_4h_not_aligned,False,106,long,neutral,False,False,0.6149003775828921,0.6956758715832471,,,,,16,,0,0,0,0,,0.0,False,insufficient_15m_data,,2026-08-11 00:00:00+00:00,2026-08-11 20:00:00+00:00,
BOT-USDT-SWAP,BOT,none,insufficient_daily_data,False,40,insufficient,insufficient,False,False,,,,,,,16,,0,0,0,0,,0.0,False,insufficient_15m_data,,,,
BRKB-USDT-SWAP,BRKB,none,listed_too_recently,False,5,insufficient,insufficient,False,False,,,,,,,16,,0,0,0,0,,0.0,False,insufficient_15m_data,,,,
BSB-USDT-SWAP,BSB,none,daily_4h_not_aligned,False,131,short,neutral,False,False,2.6201896978193124,0.18501290652354271,,,,,16,,0,0,0,0,,0.0,False,insufficient_15m_data,,2026-08-11 00:00:00+00:00,2026-08-11 20:00:00+00:00,
BSP-USDT-SWAP,BSP,none,insufficient_daily_data,False,36,insufficient,insufficient,False,False,,,,,,,16,,0,0,0,0,,0.0,False,insufficient_15m_data,,,,
BX-USDT-SWAP,BX,none,insufficient_daily_data,False,60,insufficient,insufficient,False,False,,,,,,,16,,0,0,0,0,,0.0,False,insufficient_15m_data,,,,
BZ-USDT-SWAP,BZ,none,daily_not_trending,False,140,neutral,insufficient,False,False,0.09661473343859718,,,,,,16,,0,0,0,0,,0.0,False,insufficient_15m_data,,2026-08-11 00:00:00+00:00,,
CAP-USDT-SWAP,CAP,none,insufficient_daily_data,False,46,insufficient,insufficient,False,False,,,,,,,16,,0,0,0,0,,0.0,False,insufficient_15m_data,,,,
CC-USDT-SWAP,CC,none,daily_4h_not_aligned,False,284,short,neutral,True,False,2.3709638165164924,1.3194624097789895,,,,,16,,0,0,0,0,,0.0,False,insufficient_15m_data,,2026-08-11 00:00:00+00:00,2026-08-11 20:00:00+00:00,
CFX-USDT-SWAP,CFX,none,daily_4h_not_aligned,False,1978,short,neutral,True,False,1.3075758822662775,0.35771008299736856,,,,,16,,0,0,0,0,,0.0,False,insufficient_15m_data,,2026-08-11 00:00:00+00:00,2026-08-11 20:00:00+00:00,
CGNX-USDT-SWAP,CGNX,none,insufficient_daily_data,False,60,insufficient,insufficient,False,False,,,,,,,16,,0,0,0,0,,0.0,False,insufficient_15m_data,,,,
CIEN-USDT-SWAP,CIEN,none,insufficient_daily_data,False,61,insufficient,insufficient,False,False,,,,,,,16,,0,0,0,0,,0.0,False,insufficient_15m_data,,,,
CL-USDT-SWAP,CL,none,daily_not_trending,False,160,neutral,insufficient,False,False,0.20521840664145197,,,,,,16,,0,0,0,0,,0.0,False,insufficient_15m_data,,2026-08-11 00:00:00+00:00,,
COHR-USDT-SWAP,COHR,none,daily_not_trending,False,90,neutral,insufficient,False,False,0.2921218337717717,,,,,,16,,0,0,0,0,,0.0,False,insufficient_15m_data,,2026-08-11 00:00:00+00:00,,
CRCL-USDT-SWAP,CRCL,none,daily_not_trending,False,166,neutral,insufficient,False,False,1.2984388136945644,,,,,,16,,0,0,0,0,,0.0,False,insufficient_15m_data,,2026-08-11 00:00:00+00:00,,
CRDO-USDT-SWAP,CRDO,none,insufficient_daily_data,False,61,insufficient,insufficient,False,False,,,,,,,16,,0,0,0,0,,0.0,False,insufficient_15m_data,,,,
CRM-USDT-SWAP,CRM,none,listed_too_recently,False,12,insufficient,insufficient,False,False,,,,,,,16,,0,0,0,0,,0.0,False,insufficient_15m_data,,,,
CRWD-USDT-SWAP,CRWD,none,daily_not_trending,False,77,neutral,insufficient,False,False,8.95599347886596,,,,,,16,,0,0,0,0,,0.0,False,insufficient_15m_data,,2026-08-11 00:00:00+00:00,,
CRWV-USDT-SWAP,CRWV,none,daily_not_trending,False,123,neutral,insufficient,False,False,0.4157881638421485,,,,,,16,,0,0,0,0,,0.0,False,insufficient_15m_data,,2026-08-11 00:00:00+00:00,,
CSCO-USDT-SWAP,CSCO,none,daily_4h_not_aligned,False,84,long,neutral,False,False,0.45854748114435656,1.3873808223250867,,,,,16,,0,0,0,0,,0.0,False,insufficient_15m_data,,2026-08-11 00:00:00+00:00,2026-08-11 20:00:00+00:00,
DATA-USDT-SWAP,DATA,none,insufficient_daily_data,False,40,insufficient,insufficient,False,False,,,,,,,16,,0,0,0,0,,0.0,False,insufficient_15m_data,,,,
DELL-USDT-SWAP,DELL,none,daily_4h_not_aligned,False,75,long,neutral,False,False,0.3625819159271568,0.8227775507925581,,,,,16,,0,0,0,0,,0.0,False,insufficient_15m_data,,2026-08-11 00:00:00+00:00,2026-08-11 20:00:00+00:00,
DKNG-USDT-SWAP,DKNG,none,insufficient_daily_data,False,54,insufficient,insufficient,False,False,,,,,,,16,,0,0,0,0,,0.0,False,insufficient_15m_data,,,,
DOGE-USDT-SWAP,DOGE,none,daily_not_trending,False,2303,neutral,insufficient,False,False,2.2497908216208735,,,,,,16,,0,0,0,0,,0.0,False,insufficient_15m_data,,2026-08-11 00:00:00+00:00,,
DOOD-USDT-SWAP,DOOD,none,daily_4h_not_aligned,False,456,short,neutral,False,False,2.4283982450983954,0.9463283374644023,,,,,16,,0,0,0,0,,0.0,False,insufficient_15m_data,,2026-08-11 00:00:00+00:00,2026-08-11 20:00:00+00:00,
DOS-USDT-SWAP,DOS,none,listed_too_recently,False,1,insufficient,insufficient,False,False,,,,,,,16,,0,0,0,0,,0.0,False,insufficient_15m_data,,,,
DRAM-USDT-SWAP,DRAM,none,daily_4h_not_aligned,False,95,short,neutral,False,False,1.113293547280848,0.41891806436782686,,,,,16,,0,0,0,0,,0.0,False,insufficient_15m_data,,2026-08-11 00:00:00+00:00,2026-08-11 20:00:00+00:00,
EDEN-USDT-SWAP,EDEN,none,daily_not_trending,False,315,neutral,insufficient,False,False,0.44733953061834686,,,,,,16,,0,0,0,0,,0.0,False,insufficient_15m_data,,2026-08-11 00:00:00+00:00,,
ENSO-USDT-SWAP,ENSO,none,daily_4h_not_aligned,False,286,long,neutral,False,False,1.343484144965259,0.8857202346181219,,,,,16,,0,0,0,0,,0.0,False,insufficient_15m_data,,2026-08-11 00:00:00+00:00,2026-08-11 20:00:00+00:00,
ESP-USDT-SWAP,ESP,none,daily_not_trending,False,182,neutral,insufficient,False,False,0.05574260868984562,,,,,,16,,0,0,0,0,,0.0,False,insufficient_15m_data,,2026-08-11 00:00:00+00:00,,
EWJ-USDT-SWAP,EWJ,none,daily_4h_not_aligned,False,153,long,neutral,False,False,0.6600554139850653,2.1349739663574607,,,,,16,,0,0,0,0,,0.0,False,insufficient_15m_data,,2026-08-11 00:00:00+00:00,2026-08-11 20:00:00+00:00,
EWT-USDT-SWAP,EWT,none,daily_not_trending,False,69,neutral,insufficient,False,False,0.2905689648378556,,,,,,16,,0,0,0,0,,0.0,False,insufficient_15m_data,,2026-08-11 00:00:00+00:00,,
EWY-USDT-SWAP,EWY,none,daily_not_trending,False,153,neutral,insufficient,False,False,0.861504158888254,,,,,,16,,0,0,0,0,,0.0,False,insufficient_15m_data,,2026-08-11 00:00:00+00:00,,
EWZ-USDT-SWAP,EWZ,none,insufficient_daily_data,False,54,insufficient,insufficient,False,False,,,,,,,16,,0,0,0,0,,0.0,False,insufficient_15m_data,,,,
FARTCOIN-USDT-SWAP,FARTCOIN,none,daily_not_trending,False,599,neutral,insufficient,False,False,0.8746261225488543,,,,,,16,,0,0,0,0,,0.0,False,insufficient_15m_data,,2026-08-11 00:00:00+00:00,,
FIL-USDT-SWAP,FIL,none,daily_4h_not_aligned,False,2558,short,neutral,True,False,1.2096698147000247,0.24060657759596799,,,,,16,,0,0,0,0,,0.0,False,insufficient_15m_data,,2026-08-11 00:00:00+00:00,2026-08-11 20:00:00+00:00,
FLNC-USDT-SWAP,FLNC,none,insufficient_daily_data,False,61,insufficient,insufficient,False,False,,,,,,,16,,0,0,0,0,,0.0,False,insufficient_15m_data,,,,
FLOKI-USDT-SWAP,FLOKI,none,daily_4h_not_aligned,False,1268,short,neutral,True,False,1.936297733455696,0.06189591299744929,,,,,16,,0,0,0,0,,0.0,False,insufficient_15m_data,,2026-08-11 00:00:00+00:00,2026-08-11 20:00:00+00:00,
FLOW-USDT-SWAP,FLOW,none,daily_not_trending,False,1008,neutral,insufficient,False,False,0.06808371701065617,,,,,,16,,0,0,0,0,,0.0,False,insufficient_15m_data,,2026-08-11 00:00:00+00:00,,
FLY-USDT-SWAP,FLY,none,listed_too_recently,False,15,insufficient,insufficient,False,False,,,,,,,16,,0,0,0,0,,0.0,False,insufficient_15m_data,,,,
FOGO-USDT-SWAP,FOGO,none,daily_not_trending,False,213,neutral,insufficient,False,False,2.504069051340507,,,,,,16,,0,0,0,0,,0.0,False,insufficient_15m_data,,2026-08-11 00:00:00+00:00,,
FWDI-USDT-SWAP,FWDI,none,listed_too_recently,False,15,insufficient,insufficient,False,False,,,,,,,16,,0,0,0,0,,0.0,False,insufficient_15m_data,,,,
GEV-USDT-SWAP,GEV,none,daily_not_trending,False,82,neutral,insufficient,False,False,0.46066929883707836,,,,,,16,,0,0,0,0,,0.0,False,insufficient_15m_data,,2026-08-11 00:00:00+00:00,,
GLW-USDT-SWAP,GLW,none,daily_not_trending,False,85,neutral,insufficient,False,False,1.0964543677693563,,,,,,16,,0,0,0,0,,0.0,False,insufficient_15m_data,,2026-08-11 00:00:00+00:00,,
GMT-USDT-SWAP,GMT,none,daily_4h_not_aligned,False,1593,short,neutral,True,False,2.235010793121867,0.18070832451968064,,,,,16,,0,0,0,0,,0.0,False,insufficient_15m_data,,2026-08-11 00:00:00+00:00,2026-08-11 20:00:00+00:00,
GMX-USDT-SWAP,GMX,none,daily_4h_not_aligned,False,1286,long,neutral,False,False,0.32263437225385116,0.19664985442625887,,,,,16,,0,0,0,0,,0.0,False,insufficient_15m_data,,2026-08-11 00:00:00+00:00,2026-08-11 20:00:00+00:00,
GPS-USDT-SWAP,GPS,none,daily_4h_not_aligned,False,525,long,neutral,True,False,0.5377728738591004,0.11562122492672659,,,,,16,,0,0,0,0,,0.0,False,insufficient_15m_data,,2026-08-11 00:00:00+00:00,2026-08-11 20:00:00+00:00,
GRAM-USDT-SWAP,GRAM,none,insufficient_daily_data,False,55,insufficient,insufficient,False,False,,,,,,,16,,0,0,0,0,,0.0,False,insufficient_15m_data,,,,
GRASS-USDT-SWAP,GRASS,none,daily_4h_not_aligned,False,652,short,neutral,False,False,1.7250492945773306,0.6984089335477083,,,,,16,,0,0,0,0,,0.0,False,insufficient_15m_data,,2026-08-11 00:00:00+00:00,2026-08-11 20:00:00+00:00,
GRVT-USDT-SWAP,GRVT,none,listed_too_recently,False,12,insufficient,insufficient,False,False,,,,,,,16,,0,0,0,0,,0.0,False,insufficient_15m_data,,,,
H-USDT-SWAP,H,none,daily_not_trending,False,404,neutral,insufficient,False,False,2.8094779811907054,,,,,,16,,0,0,0,0,,0.0,False,insufficient_15m_data,,2026-08-11 00:00:00+00:00,,
HIMS-USDT-SWAP,HIMS,none,daily_4h_not_aligned,False,106,short,neutral,False,False,0.19228070248848766,0.24425633782036618,,,,,16,,0,0,0,0,,0.0,False,insufficient_15m_data,,2026-08-11 00:00:00+00:00,2026-08-11 20:00:00+00:00,
HMSTR-USDT-SWAP,HMSTR,none,daily_not_trending,False,684,neutral,insufficient,False,False,0.010719276185761396,,,,,,16,,0,0,0,0,,0.0,False,insufficient_15m_data,,2026-08-11 00:00:00+00:00,,
HOME-USDT-SWAP,HOME,none,daily_not_trending,False,424,neutral,insufficient,False,False,2.3171605096246113,,,,,,16,,0,0,0,0,,0.0,False,insufficient_15m_data,,2026-08-11 00:00:00+00:00,,
HOOD-USDT-SWAP,HOOD,none,daily_4h_not_aligned,False,167,short,long,False,False,0.4173838714727232,1.0082237641513918,,,,,16,,0,0,0,0,,0.0,False,insufficient_15m_data,,2026-08-11 00:00:00+00:00,2026-08-11 20:00:00+00:00,
HYUNDAI-USDT-SWAP,HYUNDAI,none,daily_not_trending,False,62,neutral,insufficient,False,False,1.9462851158244356,,,,,,16,,0,0,0,0,,0.0,False,insufficient_15m_data,,2026-08-11 00:00:00+00:00,,
IBM-USDT-SWAP,IBM,none,daily_not_trending,False,76,neutral,insufficient,False,False,1.572657821027078,,,,,,16,,0,0,0,0,,0.0,False,insufficient_15m_data,,2026-08-11 00:00:00+00:00,,
ICP-USDT-SWAP,ICP,none,daily_not_trending,False,1915,neutral,insufficient,False,False,0.7615014390196362,,,,,,16,,0,0,0,0,,0.0,False,insufficient_15m_data,,2026-08-11 00:00:00+00:00,,
IMX-USDT-SWAP,IMX,none,daily_4h_not_aligned,False,1727,short,neutral,True,False,2.3149750554529382,0.217736226484389,,,,,16,,0,0,0,0,,0.0,False,insufficient_15m_data,,2026-08-11 00:00:00+00:00,2026-08-11 20:00:00+00:00,
INFQ-USDT-SWAP,INFQ,none,daily_not_trending,False,77,neutral,insufficient,False,False,1.0101619775872546,,,,,,16,,0,0,0,0,,0.0,False,insufficient_15m_data,,2026-08-11 00:00:00+00:00,,
INIT-USDT-SWAP,INIT,none,daily_not_trending,False,474,neutral,insufficient,False,False,1.5556708425071635,,,,,,16,,0,0,0,0,,0.0,False,insufficient_15m_data,,2026-08-11 00:00:00+00:00,,
INJ-USDT-SWAP,INJ,none,daily_4h_not_aligned,False,985,short,neutral,False,False,0.3934505226088079,1.2964702126902392,,,,,16,,0,0,0,0,,0.0,False,insufficient_15m_data,,2026-08-11 00:00:00+00:00,2026-08-11 20:00:00+00:00,
INTC-USDT-SWAP,INTC,none,daily_4h_not_aligned,False,166,short,neutral,False,False,0.7765759243273328,0.5524741904059581,,,,,16,,0,0,0,0,,0.0,False,insufficient_15m_data,,2026-08-11 00:00:00+00:00,2026-08-11 20:00:00+00:00,
INTW-USDT-SWAP,INTW,none,listed_too_recently,False,12,insufficient,insufficient,False,False,,,,,,,16,,0,0,0,0,,0.0,False,insufficient_15m_data,,,,
IOTA-USDT-SWAP,IOTA,none,daily_4h_not_aligned,False,2303,short,neutral,False,False,2.494665691834199,0.31736022268039316,,,,,16,,0,0,0,0,,0.0,False,insufficient_15m_data,,2026-08-11 00:00:00+00:00,2026-08-11 20:00:00+00:00,
IREN-USDT-SWAP,IREN,none,daily_not_trending,False,64,neutral,insufficient,False,False,1.081271540903318,,,,,,16,,0,0,0,0,,0.0,False,insufficient_15m_data,,2026-08-11 00:00:00+00:00,,
IRYS-USDT-SWAP,IRYS,none,daily_not_trending,False,76,neutral,insufficient,False,False,0.8041339404593201,,,,,,16,,0,0,0,0,,0.0,False,insufficient_15m_data,,2026-08-11 00:00:00+00:00,,
ISRG-USDT-SWAP,ISRG,none,insufficient_daily_data,False,61,insufficient,insufficient,False,False,,,,,,,16,,0,0,0,0,,0.0,False,insufficient_15m_data,,,,
JNJ-USDT-SWAP,JNJ,none,insufficient_daily_data,False,32,insufficient,insufficient,False,False,,,,,,,16,,0,0,0,0,,0.0,False,insufficient_15m_data,,,,
JTO-USDT-SWAP,JTO,none,daily_not_trending,False,946,neutral,insufficient,False,False,0.777516434314768,,,,,,16,,0,0,0,0,,0.0,False,insufficient_15m_data,,2026-08-11 00:00:00+00:00,,
KAITO-USDT-SWAP,KAITO,none,daily_not_trending,False,537,neutral,insufficient,False,False,0.687133082634158,,,,,,16,,0,0,0,0,,0.0,False,insufficient_15m_data,,2026-08-11 00:00:00+00:00,,
KAT-USDT-SWAP,KAT,none,daily_4h_not_aligned,False,162,short,neutral,True,False,2.538259862340233,0.3019287650010659,,,,,16,,0,0,0,0,,0.0,False,insufficient_15m_data,,2026-08-11 00:00:00+00:00,2026-08-11 20:00:00+00:00,
KIOXIA-USDT-SWAP,KIOXIA,none,insufficient_daily_data,False,46,insufficient,insufficient,False,False,,,,,,,16,,0,0,0,0,,0.0,False,insufficient_15m_data,,,,
KITE-USDT-SWAP,KITE,none,daily_not_trending,False,124,neutral,insufficient,False,False,2.320222579311417,,,,,,16,,0,0,0,0,,0.0,False,insufficient_15m_data,,2026-08-11 00:00:00+00:00,,
KLAC-USDT-SWAP,KLAC,none,insufficient_daily_data,False,49,insufficient,insufficient,False,False,,,,,,,16,,0,0,0,0,,0.0,False,insufficient_15m_data,,,,
KMNO-USDT-SWAP,KMNO,none,daily_not_trending,False,438,neutral,insufficient,False,False,0.27257795953644337,,,,,,16,,0,0,0,0,,0.0,False,insufficient_15m_data,,2026-08-11 00:00:00+00:00,,
KO-USDT-SWAP,KO,none,listed_too_recently,False,1,insufficient,insufficient,False,False,,,,,,,16,,0,0,0,0,,0.0,False,insufficient_15m_data,,,,
KORU-USDT-SWAP,KORU,none,insufficient_daily_data,False,48,insufficient,insufficient,False,False,,,,,,,16,,0,0,0,0,,0.0,False,insufficient_15m_data,,,,
KR200-USDT-SWAP,KR200,none,listed_too_recently,False,15,insufficient,insufficient,False,False,,,,,,,16,,0,0,0,0,,0.0,False,insufficient_15m_data,,,,
LA-USDT-SWAP,LA,none,daily_4h_not_aligned,False,424,short,neutral,True,False,1.7821446205463585,0.5671734115447485,,,,,16,,0,0,0,0,,0.0,False,insufficient_15m_data,,2026-08-11 00:00:00+00:00,2026-08-11 20:00:00+00:00,
LDO-USDT-SWAP,LDO,none,daily_4h_not_aligned,False,1286,short,neutral,False,False,0.16080997887850737,1.7472052773166036,,,,,16,,0,0,0,0,,0.0,False,insufficient_15m_data,,2026-08-11 00:00:00+00:00,2026-08-11 20:00:00+00:00,
LITE-USDT-SWAP,LITE,none,daily_not_trending,False,95,neutral,insufficient,False,False,0.0023528222044917344,,,,,,16,,0,0,0,0,,0.0,False,insufficient_15m_data,,2026-08-11 00:00:00+00:00,,
LQTY-USDT-SWAP,LQTY,none,daily_not_trending,False,942,neutral,insufficient,False,False,0.6434965561089052,,,,,,16,,0,0,0,0,,0.0,False,insufficient_15m_data,,2026-08-11 00:00:00+00:00,,
LRCX-USDT-SWAP,LRCX,none,insufficient_daily_data,False,49,insufficient,insufficient,False,False,,,,,,,16,,0,0,0,0,,0.0,False,insufficient_15m_data,,,,
LTC-USDT-SWAP,LTC,none,daily_not_trending,False,2464,neutral,insufficient,False,False,0.49401225503435797,,,,,,16,,0,0,0,0,,0.0,False,insufficient_15m_data,,2026-08-11 00:00:00+00:00,,
LUNA-USDT-SWAP,LUNA,none,daily_not_trending,False,1536,neutral,insufficient,False,False,1.5927501532323545,,,,,,16,,0,0,0,0,,0.0,False,insufficient_15m_data,,2026-08-11 00:00:00+00:00,,
LUNR-USDT-SWAP,LUNR,none,daily_not_trending,False,71,neutral,insufficient,False,False,2.8360066044434036,,,,,,16,,0,0,0,0,,0.0,False,insufficient_15m_data,,2026-08-11 00:00:00+00:00,,
MASK-USDT-SWAP,MASK,none,daily_4h_not_aligned,False,1986,short,neutral,True,False,1.4430268320551145,0.29582628288651247,,,,,16,,0,0,0,0,,0.0,False,insufficient_15m_data,,2026-08-11 00:00:00+00:00,2026-08-11 20:00:00+00:00,
ME-USDT-SWAP,ME,none,daily_4h_not_aligned,False,609,short,neutral,True,False,1.150830254890724,0.571714241228747,,,,,16,,0,0,0,0,,0.0,False,insufficient_15m_data,,2026-08-11 00:00:00+00:00,2026-08-11 20:00:00+00:00,
MEME-USDT-SWAP,MEME,none,daily_4h_not_aligned,False,1012,short,neutral,True,False,0.7345560145212436,0.13859270209337685,,,,,16,,0,0,0,0,,0.0,False,insufficient_15m_data,,2026-08-11 00:00:00+00:00,2026-08-11 20:00:00+00:00,
MERL-USDT-SWAP,MERL,none,daily_not_trending,False,844,neutral,insufficient,False,False,1.0995393193573255,,,,,,16,,0,0,0,0,,0.0,False,insufficient_15m_data,,2026-08-11 00:00:00+00:00,,
MET-USDT-SWAP,MET,none,daily_not_trending,False,305,neutral,insufficient,False,False,0.4545238570254594,,,,,,16,,0,0,0,0,,0.0,False,insufficient_15m_data,,2026-08-11 00:00:00+00:00,,
META-USDT-SWAP,META,none,daily_not_trending,False,160,neutral,insufficient,False,False,0.38500762981634035,,,,,,16,,0,0,0,0,,0.0,False,insufficient_15m_data,,2026-08-11 00:00:00+00:00,,
MINIMAX-USDT-SWAP,MINIMAX,none,insufficient_daily_data,False,48,insufficient,insufficient,False,False,,,,,,,16,,0,0,0,0,,0.0,False,insufficient_15m_data,,,,
MMT-USDT-SWAP,MMT,none,daily_4h_not_aligned,False,280,long,neutral,True,False,0.39977188419311027,0.7822801979079215,,,,,16,,0,0,0,0,,0.0,False,insufficient_15m_data,,2026-08-11 00:00:00+00:00,2026-08-11 20:00:00+00:00,
MON-USDT-SWAP,MON,none,daily_not_trending,False,305,neutral,insufficient,False,False,0.6049790226149332,,,,,,16,,0,0,0,0,,0.0,False,insufficient_15m_data,,2026-08-11 00:00:00+00:00,,
MOODENG-USDT-SWAP,MOODENG,none,daily_not_trending,False,677,neutral,insufficient,False,False,1.0903895241694816,,,,,,16,,0,0,0,0,,0.0,False,insufficient_15m_data,,2026-08-11 00:00:00+00:00,,
MORPHO-USDT-SWAP,MORPHO,none,daily_not_trending,False,624,neutral,insufficient,False,False,0.07515918993981782,,,,,,16,,0,0,0,0,,0.0,False,insufficient_15m_data,,2026-08-11 00:00:00+00:00,,
MRVL-USDT-SWAP,MRVL,none,daily_not_trending,False,91,neutral,insufficient,False,False,0.6210599380967409,,,,,,16,,0,0,0,0,,0.0,False,insufficient_15m_data,,2026-08-11 00:00:00+00:00,,
MSTR-USDT-SWAP,MSTR,none,daily_4h_not_aligned,False,167,short,neutral,False,False,1.5224837970068854,0.3253980291484169,,,,,16,,0,0,0,0,,0.0,False,insufficient_15m_data,,2026-08-11 00:00:00+00:00,2026-08-11 20:00:00+00:00,
MU-USDT-SWAP,MU,none,daily_4h_not_aligned,False,160,short,neutral,False,False,0.3505015051421378,0.053231195567625234,,,,,16,,0,0,0,0,,0.0,False,insufficient_15m_data,,2026-08-11 00:00:00+00:00,2026-08-11 20:00:00+00:00,
MUBARAK-USDT-SWAP,MUBARAK,none,daily_4h_not_aligned,False,434,long,neutral,False,False,0.6848069518699113,1.1677486731665494,,,,,16,,0,0,0,0,,0.0,False,insufficient_15m_data,,2026-08-11 00:00:00+00:00,2026-08-11 20:00:00+00:00,
MUU-USDT-SWAP,MUU,none,insufficient_daily_data,False,40,insufficient,insufficient,False,False,,,,,,,16,,0,0,0,0,,0.0,False,insufficient_15m_data,,,,
MVLL-USDT-SWAP,MVLL,none,insufficient_daily_data,False,40,insufficient,insufficient,False,False,,,,,,,16,,0,0,0,0,,0.0,False,insufficient_15m_data,,,,
NBIS-USDT-SWAP,NBIS,none,daily_not_trending,False,84,neutral,insufficient,False,False,0.5075865769532901,,,,,,16,,0,0,0,0,,0.0,False,insufficient_15m_data,,2026-08-11 00:00:00+00:00,,
NEAR-USDT-SWAP,NEAR,none,daily_4h_not_aligned,False,2059,short,neutral,False,False,1.366431439035918,1.2084482870179278,,,,,16,,0,0,0,0,,0.0,False,insufficient_15m_data,,2026-08-11 00:00:00+00:00,2026-08-11 20:00:00+00:00,
NEIRO-USDT-SWAP,NEIRO,none,daily_not_trending,False,677,neutral,insufficient,False,False,0.1960502030543217,,,,,,16,,0,0,0,0,,0.0,False,insufficient_15m_data,,2026-08-11 00:00:00+00:00,,
NES-USDT-SWAP,NES,none,insufficient_daily_data,False,48,insufficient,insufficient,False,False,,,,,,,16,,0,0,0,0,,0.0,False,insufficient_15m_data,,,,
NFLX-USDT-SWAP,NFLX,none,daily_not_trending,False,153,neutral,insufficient,False,False,0.95294183841712,,,,,,16,,0,0,0,0,,0.0,False,insufficient_15m_data,,2026-08-11 00:00:00+00:00,,
NG-USDT-SWAP,NG,none,daily_not_trending,False,154,neutral,insufficient,False,False,1.7302147765107054,,,,,,16,,0,0,0,0,,0.0,False,insufficient_15m_data,,2026-08-11 00:00:00+00:00,,
NOK-USDT-SWAP,NOK,none,daily_4h_not_aligned,False,76,short,neutral,False,False,2.890704375413954,0.1805876173895401,,,,,16,,0,0,0,0,,0.0,False,insufficient_15m_data,,2026-08-11 00:00:00+00:00,2026-08-11 20:00:00+00:00,
NOT-USDT-SWAP,NOT,none,daily_not_trending,False,817,neutral,insufficient,False,False,1.3119326111825422,,,,,,16,,0,0,0,0,,0.0,False,insufficient_15m_data,,2026-08-11 00:00:00+00:00,,
NVDA-USDT-SWAP,NVDA,none,daily_4h_not_aligned,False,160,long,neutral,False,False,0.7682254577739683,1.9471688554416733,,,,,16,,0,0,0,0,,0.0,False,insufficient_15m_data,,2026-08-11 00:00:00+00:00,2026-08-11 20:00:00+00:00,
O-USDT-SWAP,O,none,insufficient_daily_data,False,55,insufficient,insufficient,False,False,,,,,,,16,,0,0,0,0,,0.0,False,insufficient_15m_data,,,,
OKTA-USDT-SWAP,OKTA,none,listed_too_recently,False,12,insufficient,insufficient,False,False,,,,,,,16,,0,0,0,0,,0.0,False,insufficient_15m_data,,,,
ON-USDT-SWAP,ON,none,insufficient_daily_data,False,36,insufficient,insufficient,False,False,,,,,,,16,,0,0,0,0,,0.0,False,insufficient_15m_data,,,,
ONDO-USDT-SWAP,ONDO,none,daily_not_trending,False,735,neutral,insufficient,False,False,0.2841241086508032,,,,,,16,,0,0,0,0,,0.0,False,insufficient_15m_data,,2026-08-11 00:00:00+00:00,,
ONDS-USDT-SWAP,ONDS,none,insufficient_daily_data,False,56,insufficient,insufficient,False,False,,,,,,,16,,0,0,0,0,,0.0,False,insufficient_15m_data,,,,
OP-USDT-SWAP,OP,none,daily_not_trending,False,1532,neutral,insufficient,False,False,1.673250009683698,,,,,,16,,0,0,0,0,,0.0,False,insufficient_15m_data,,2026-08-11 00:00:00+00:00,,
OPENAI-USDT-SWAP,OPENAI,none,daily_4h_not_aligned,False,96,short,long,False,True,28.032343732838907,1.2703484385340185,,,,,16,,0,0,0,0,,0.0,False,insufficient_15m_data,,2026-08-11 00:00:00+00:00,2026-08-11 20:00:00+00:00,
ORCL-USDT-SWAP,ORCL,none,daily_not_trending,False,153,neutral,insufficient,False,False,1.2414023550477857,,,,,,16,,0,0,0,0,,0.0,False,insufficient_15m_data,,2026-08-11 00:00:00+00:00,,
ORDI-USDT-SWAP,ORDI,none,daily_4h_not_aligned,False,1178,short,neutral,False,False,0.15724385852186007,0.08918349121949935,,,,,16,,0,0,0,0,,0.0,False,insufficient_15m_data,,2026-08-11 00:00:00+00:00,2026-08-11 20:00:00+00:00,
OSCR-USDT-SWAP,OSCR,none,insufficient_daily_data,False,36,insufficient,insufficient,False,False,,,,,,,16,,0,0,0,0,,0.0,False,insufficient_15m_data,,,,
PARTI-USDT-SWAP,PARTI,none,daily_4h_not_aligned,False,504,short,neutral,True,False,4.058342828083896,0.18138580471974902,,,,,16,,0,0,0,0,,0.0,False,insufficient_15m_data,,2026-08-11 00:00:00+00:00,2026-08-11 20:00:00+00:00,
PENG-USDT-SWAP,PENG,none,insufficient_daily_data,False,32,insufficient,insufficient,False,False,,,,,,,16,,0,0,0,0,,0.0,False,insufficient_15m_data,,,,
PENGU-USDT-SWAP,PENGU,none,daily_not_trending,False,602,neutral,insufficient,False,False,0.6933511747384329,,,,,,16,,0,0,0,0,,0.0,False,insufficient_15m_data,,2026-08-11 00:00:00+00:00,,
PEPE-USDT-SWAP,PEPE,none,daily_not_trending,False,1196,neutral,insufficient,False,False,0.31386509606576607,,,,,,16,,0,0,0,0,,0.0,False,insufficient_15m_data,,2026-08-11 00:00:00+00:00,,
PI-USDT-SWAP,PI,none,daily_not_trending,False,537,neutral,insufficient,False,False,2.3507797944250775,,,,,,16,,0,0,0,0,,0.0,False,insufficient_15m_data,,2026-08-11 00:00:00+00:00,,
PIEVERSE-USDT-SWAP,PIEVERSE,none,daily_4h_not_aligned,False,268,long,neutral,False,False,0.38224562519180116,0.3484334068648818,,,,,16,,0,0,0,0,,0.0,False,insufficient_15m_data,,2026-08-11 00:00:00+00:00,2026-08-11 20:00:00+00:00,
PIPPIN-USDT-SWAP,PIPPIN,none,daily_not_trending,False,252,neutral,insufficient,False,False,1.56806066600642,,,,,,16,,0,0,0,0,,0.0,False,insufficient_15m_data,,2026-08-11 00:00:00+00:00,,
PLUME-USDT-SWAP,PLUME,none,daily_4h_not_aligned,False,460,long,neutral,False,False,0.2871933939607713,0.594795752087175,,,,,16,,0,0,0,0,,0.0,False,insufficient_15m_data,,2026-08-11 00:00:00+00:00,2026-08-11 20:00:00+00:00,
PNUT-USDT-SWAP,PNUT,none,daily_not_trending,False,637,neutral,insufficient,False,False,0.8905928652924843,,,,,,16,,0,0,0,0,,0.0,False,insufficient_15m_data,,2026-08-11 00:00:00+00:00,,
POET-USDT-SWAP,POET,none,insufficient_daily_data,False,56,insufficient,insufficient,False,False,,,,,,,16,,0,0,0,0,,0.0,False,insufficient_15m_data,,,,
POL-USDT-SWAP,POL,none,daily_4h_not_aligned,False,686,short,neutral,False,False,0.9912318308924518,0.671545787976331,,,,,16,,0,0,0,0,,0.0,False,insufficient_15m_data,,2026-08-11 00:00:00+00:00,2026-08-11 20:00:00+00:00,
PYTH-USDT-SWAP,PYTH,none,daily_not_trending,False,995,neutral,insufficient,False,False,0.1802325807177829,,,,,,16,,0,0,0,0,,0.0,False,insufficient_15m_data,,2026-08-11 00:00:00+00:00,,
QCOM-USDT-SWAP,QCOM,none,daily_4h_not_aligned,False,84,short,neutral,False,False,1.9917295721978616,1.1285927602154109,,,,,16,,0,0,0,0,,0.0,False,insufficient_15m_data,,2026-08-11 00:00:00+00:00,2026-08-11 20:00:00+00:00,
QNT-USDT-SWAP,QNT,none,daily_4h_not_aligned,False,67,short,neutral,False,False,0.6886428120832025,0.3912444361744957,,,,,16,,0,0,0,0,,0.0,False,insufficient_15m_data,,2026-08-11 00:00:00+00:00,2026-08-11 20:00:00+00:00,
QQQ-USDT-SWAP,QQQ,none,daily_4h_not_aligned,False,160,long,neutral,False,False,0.18171727870233298,2.2062550016677287,,,,,16,,0,0,0,0,,0.0,False,insufficient_15m_data,,2026-08-11 00:00:00+00:00,2026-08-11 20:00:00+00:00,
RAM-USDT-SWAP,RAM,none,insufficient_daily_data,False,40,insufficient,insufficient,False,False,,,,,,,16,,0,0,0,0,,0.0,False,insufficient_15m_data,,,,
RAVE-USDT-SWAP,RAVE,none,daily_not_trending,False,239,neutral,insufficient,False,False,2.288570049681211,,,,,,16,,0,0,0,0,,0.0,False,insufficient_15m_data,,2026-08-11 00:00:00+00:00,,
RAY-USDT-SWAP,RAY,none,daily_not_trending,False,882,neutral,insufficient,False,False,0.7213398079062945,,,,,,16,,0,0,0,0,,0.0,False,insufficient_15m_data,,2026-08-11 00:00:00+00:00,,
RDDT-USDT-SWAP,RDDT,none,insufficient_daily_data,False,54,insufficient,insufficient,False,False,,,,,,,16,,0,0,0,0,,0.0,False,insufficient_15m_data,,,,
RDW-USDT-SWAP,RDW,none,daily_not_trending,False,71,neutral,insufficient,False,False,0.7353151783321165,,,,,,16,,0,0,0,0,,0.0,False,insufficient_15m_data,,2026-08-11 00:00:00+00:00,,
RE-USDT-SWAP,RE,none,insufficient_daily_data,False,55,insufficient,insufficient,False,False,,,,,,,16,,0,0,0,0,,0.0,False,insufficient_15m_data,,,,
RIVN-USDT-SWAP,RIVN,none,insufficient_daily_data,False,54,insufficient,insufficient,False,False,,,,,,,16,,0,0,0,0,,0.0,False,insufficient_15m_data,,,,
RKLB-USDT-SWAP,RKLB,none,daily_not_trending,False,91,neutral,insufficient,False,False,1.3841453449747163,,,,,,16,,0,0,0,0,,0.0,False,insufficient_15m_data,,2026-08-11 00:00:00+00:00,,
RLS-USDT-SWAP,RLS,none,daily_4h_not_aligned,False,252,short,neutral,True,False,2.5017079000972338,0.058175222570670385,,,,,16,,0,0,0,0,,0.0,False,insufficient_15m_data,,2026-08-11 00:00:00+00:00,2026-08-11 20:00:00+00:00,
ROBO-USDT-SWAP,ROBO,none,daily_not_trending,False,165,neutral,insufficient,False,False,0.96450680052159,,,,,,16,,0,0,0,0,,0.0,False,insufficient_15m_data,,2026-08-11 00:00:00+00:00,,
ROK-USDT-SWAP,ROK,none,insufficient_daily_data,False,60,insufficient,insufficient,False,False,,,,,,,16,,0,0,0,0,,0.0,False,insufficient_15m_data,,,,
S-USDT-SWAP,S,none,daily_not_trending,False,567,neutral,insufficient,False,False,2.3995345803374266,,,,,,16,,0,0,0,0,,0.0,False,insufficient_15m_data,,2026-08-11 00:00:00+00:00,,
SAMSUNG-USDT-SWAP,SAMSUNG,none,daily_not_trending,False,62,neutral,insufficient,False,False,0.8576970103913008,,,,,,16,,0,0,0,0,,0.0,False,insufficient_15m_data,,2026-08-11 00:00:00+00:00,,
SAPIEN-USDT-SWAP,SAPIEN,none,daily_not_trending,False,278,neutral,insufficient,False,False,0.13455687384633222,,,,,,16,,0,0,0,0,,0.0,False,insufficient_15m_data,,2026-08-11 00:00:00+00:00,,
SATS-USDT-SWAP,SATS,none,daily_not_trending,False,967,neutral,insufficient,False,False,0.076442154018043,,,,,,16,,0,0,0,0,,0.0,False,insufficient_15m_data,,2026-08-11 00:00:00+00:00,,
SENT-USDT-SWAP,SENT,none,daily_4h_not_aligned,False,270,short,neutral,False,False,0.662973397520461,0.06459846858988619,,,,,16,,0,0,0,0,,0.0,False,insufficient_15m_data,,2026-08-11 00:00:00+00:00,2026-08-11 20:00:00+00:00,
SHAZ-USDT-SWAP,SHAZ,none,insufficient_daily_data,False,32,insufficient,insufficient,False,False,,,,,,,16,,0,0,0,0,,0.0,False,insufficient_15m_data,,,,
SHELL-USDT-SWAP,SHELL,none,daily_not_trending,False,530,neutral,insufficient,False,False,1.5890786435629898,,,,,,16,,0,0,0,0,,0.0,False,insufficient_15m_data,,2026-08-11 00:00:00+00:00,,
SHLD-USDT-SWAP,SHLD,none,daily_4h_not_aligned,False,91,long,neutral,False,False,0.9837488634890527,2.149694418188542,,,,,16,,0,0,0,0,,0.0,False,insufficient_15m_data,,2026-08-11 00:00:00+00:00,2026-08-11 20:00:00+00:00,
SHOP-USDT-SWAP,SHOP,none,listed_too_recently,False,5,insufficient,insufficient,False,False,,,,,,,16,,0,0,0,0,,0.0,False,insufficient_15m_data,,,,
SIMO-USDT-SWAP,SIMO,none,insufficient_daily_data,False,36,insufficient,insufficient,False,False,,,,,,,16,,0,0,0,0,,0.0,False,insufficient_15m_data,,,,
SKDD-USDT-SWAP,SKDD,none,listed_too_recently,False,1,insufficient,insufficient,False,False,,,,,,,16,,0,0,0,0,,0.0,False,insufficient_15m_data,,,,
SKHY-USDT-SWAP,SKHY,none,insufficient_daily_data,False,32,insufficient,insufficient,False,False,,,,,,,16,,0,0,0,0,,0.0,False,insufficient_15m_data,,,,
SKHYNIX-USDT-SWAP,SKHYNIX,none,daily_4h_not_aligned,False,62,short,neutral,False,False,1.522117400835438,1.4036726345673807,,,,,16,,0,0,0,0,,0.0,False,insufficient_15m_data,,2026-08-11 00:00:00+00:00,2026-08-11 20:00:00+00:00,
SKUU-USDT-SWAP,SKUU,none,listed_too_recently,False,1,insufficient,insufficient,False,False,,,,,,,16,,0,0,0,0,,0.0,False,insufficient_15m_data,,,,
SLX-USDT-SWAP,SLX,none,daily_4h_not_aligned,False,71,short,neutral,False,False,4.386099691847255,1.0644713095643692,,,,,16,,0,0,0,0,,0.0,False,insufficient_15m_data,,2026-08-11 00:00:00+00:00,2026-08-11 20:00:00+00:00,
SMCI-USDT-SWAP,SMCI,none,insufficient_daily_data,False,48,insufficient,insufficient,False,False,,,,,,,16,,0,0,0,0,,0.0,False,insufficient_15m_data,,,,
SMH-USDT-SWAP,SMH,none,insufficient_daily_data,False,54,insufficient,insufficient,False,False,,,,,,,16,,0,0,0,0,,0.0,False,insufficient_15m_data,,,,
SNDK-USDT-SWAP,SNDK,none,daily_4h_not_aligned,False,160,short,neutral,False,False,1.21814370216668,0.3980100991172308,,,,,16,,0,0,0,0,,0.0,False,insufficient_15m_data,,2026-08-11 00:00:00+00:00,2026-08-11 20:00:00+00:00,
SNOW-USDT-SWAP,SNOW,none,listed_too_recently,False,25,insufficient,insufficient,False,False,,,,,,,16,,0,0,0,0,,0.0,False,insufficient_15m_data,,,,
SNXX-USDT-SWAP,SNXX,none,listed_too_recently,False,28,insufficient,insufficient,False,False,,,,,,,16,,0,0,0,0,,0.0,False,insufficient_15m_data,,,,
SOFTBANK-USDT-SWAP,SOFTBANK,none,insufficient_daily_data,False,40,insufficient,insufficient,False,False,,,,,,,16,,0,0,0,0,,0.0,False,insufficient_15m_data,,,,
SOL-USDT-SWAP,SOL,none,daily_not_trending,False,2027,neutral,insufficient,False,False,0.3831571714640058,,,,,,16,,0,0,0,0,,0.0,False,insufficient_15m_data,,2026-08-11 00:00:00+00:00,,
SONY-USDT-SWAP,SONY,none,insufficient_daily_data,False,48,insufficient,insufficient,False,False,,,,,,,16,,0,0,0,0,,0.0,False,insufficient_15m_data,,,,
SOON-USDT-SWAP,SOON,none,daily_4h_not_aligned,False,445,long,neutral,True,False,0.8728322745296984,0.23180656441094874,,,,,16,,0,0,0,0,,0.0,False,insufficient_15m_data,,2026-08-11 00:00:00+00:00,2026-08-11 20:00:00+00:00,
SOXL-USDT-SWAP,SOXL,none,daily_4h_not_aligned,False,84,short,neutral,False,False,1.3601055882405457,0.5537912328364615,,,,,16,,0,0,0,0,,0.0,False,insufficient_15m_data,,2026-08-11 00:00:00+00:00,2026-08-11 20:00:00+00:00,
SOXS-USDT-SWAP,SOXS,none,listed_too_recently,False,25,insufficient,insufficient,False,False,,,,,,,16,,0,0,0,0,,0.0,False,insufficient_15m_data,,,,
SPCX-USDT-SWAP,SPCX,none,daily_not_trending,False,96,neutral,insufficient,False,False,17.248133742931884,,,,,,16,,0,0,0,0,,0.0,False,insufficient_15m_data,,2026-08-11 00:00:00+00:00,,
SPY-USDT-SWAP,SPY,none,daily_4h_not_aligned,False,160,long,neutral,True,False,1.5648961047605825,2.8258483622033066,,,,,16,,0,0,0,0,,0.0,False,insufficient_15m_data,,2026-08-11 00:00:00+00:00,2026-08-11 20:00:00+00:00,
SQQQ-USDT-SWAP,SQQQ,none,listed_too_recently,False,28,insufficient,insufficient,False,False,,,,,,,16,,0,0,0,0,,0.0,False,insufficient_15m_data,,,,
STRC-USDT-SWAP,STRC,none,insufficient_daily_data,False,43,insufficient,insufficient,False,False,,,,,,,16,,0,0,0,0,,0.0,False,insufficient_15m_data,,,,
SUI-USDT-SWAP,SUI,none,daily_4h_not_aligned,False,1194,short,neutral,True,False,1.7174667509006678,0.1282416917771454,,,,,16,,0,0,0,0,,0.0,False,insufficient_15m_data,,2026-08-11 00:00:00+00:00,2026-08-11 20:00:00+00:00,
SUSHI-USDT-SWAP,SUSHI,none,daily_not_trending,False,2169,neutral,insufficient,False,False,0.6297264049953172,,,,,,16,,0,0,0,0,,0.0,False,insufficient_15m_data,,2026-08-11 00:00:00+00:00,,
TAO-USDT-SWAP,TAO,none,daily_not_trending,False,690,neutral,insufficient,False,False,1.3214572517595704,,,,,,16,,0,0,0,0,,0.0,False,insufficient_15m_data,,2026-08-11 00:00:00+00:00,,
TER-USDT-SWAP,TER,none,insufficient_daily_data,False,56,insufficient,insufficient,False,False,,,,,,,16,,0,0,0,0,,0.0,False,insufficient_15m_data,,,,
THETA-USDT-SWAP,THETA,none,daily_not_trending,False,2303,neutral,insufficient,False,False,1.477151867470846,,,,,,16,,0,0,0,0,,0.0,False,insufficient_15m_data,,2026-08-11 00:00:00+00:00,,
TMF-USDT-SWAP,TMF,none,listed_too_recently,False,13,insufficient,insufficient,False,False,,,,,,,16,,0,0,0,0,,0.0,False,insufficient_15m_data,,,,
TQQQ-USDT-SWAP,TQQQ,none,insufficient_daily_data,False,40,insufficient,insufficient,False,False,,,,,,,16,,0,0,0,0,,0.0,False,insufficient_15m_data,,,,
TRUMP-USDT-SWAP,TRUMP,none,daily_4h_not_aligned,False,569,short,neutral,True,False,2.5477164406102886,0.16008845618242398,,,,,16,,0,0,0,0,,0.0,False,insufficient_15m_data,,2026-08-11 00:00:00+00:00,2026-08-11 20:00:00+00:00,
TRUST-USDT-SWAP,TRUST,none,daily_not_trending,False,279,neutral,insufficient,False,False,0.45537259634956856,,,,,,16,,0,0,0,0,,0.0,False,insufficient_15m_data,,2026-08-11 00:00:00+00:00,,
TRUTH-USDT-SWAP,TRUTH,none,daily_4h_not_aligned,False,256,long,neutral,False,False,0.23002767278747277,0.49631853677767046,,,,,16,,0,0,0,0,,0.0,False,insufficient_15m_data,,2026-08-11 00:00:00+00:00,2026-08-11 20:00:00+00:00,
TSEM-USDT-SWAP,TSEM,none,insufficient_daily_data,False,47,insufficient,insufficient,False,False,,,,,,,16,,0,0,0,0,,0.0,False,insufficient_15m_data,,,,
TSLA-USDT-SWAP,TSLA,none,daily_not_trending,False,167,neutral,insufficient,False,False,2.626711710671403,,,,,,16,,0,0,0,0,,0.0,False,insufficient_15m_data,,2026-08-11 00:00:00+00:00,,
TSM-USDT-SWAP,TSM,none,daily_not_trending,False,153,neutral,insufficient,False,False,0.19180091798680332,,,,,,16,,0,0,0,0,,0.0,False,insufficient_15m_data,,2026-08-11 00:00:00+00:00,,
TTMI-USDT-SWAP,TTMI,none,insufficient_daily_data,False,49,insufficient,insufficient,False,False,,,,,,,16,,0,0,0,0,,0.0,False,insufficient_15m_data,,,,
TTWO-USDT-SWAP,TTWO,none,insufficient_daily_data,False,36,insufficient,insufficient,False,False,,,,,,,16,,0,0,0,0,,0.0,False,insufficient_15m_data,,,,
TURBO-USDT-SWAP,TURBO,none,daily_not_trending,False,971,neutral,insufficient,False,False,0.8454926000193409,,,,,,16,,0,0,0,0,,0.0,False,insufficient_15m_data,,2026-08-11 00:00:00+00:00,,
TWLO-USDT-SWAP,TWLO,none,insufficient_daily_data,False,60,insufficient,insufficient,False,False,,,,,,,16,,0,0,0,0,,0.0,False,insufficient_15m_data,,,,
UB-USDT-SWAP,UB,none,daily_4h_not_aligned,False,105,long,neutral,False,False,0.49705907239263236,0.21972012635105034,,,,,16,,0,0,0,0,,0.0,False,insufficient_15m_data,,2026-08-11 00:00:00+00:00,2026-08-11 20:00:00+00:00,
UNH-USDT-SWAP,UNH,none,insufficient_daily_data,False,36,insufficient,insufficient,False,False,,,,,,,16,,0,0,0,0,,0.0,False,insufficient_15m_data,,,,
UNI-USDT-SWAP,UNI,none,daily_not_trending,False,2154,neutral,insufficient,False,False,1.1992063942406748,,,,,,16,,0,0,0,0,,0.0,False,insufficient_15m_data,,2026-08-11 00:00:00+00:00,,
URNM-USDT-SWAP,URNM,none,daily_not_trending,False,82,neutral,insufficient,False,False,0.2648296642685426,,,,,,16,,0,0,0,0,,0.0,False,insufficient_15m_data,,2026-08-11 00:00:00+00:00,,
USAR-USDT-SWAP,USAR,none,daily_not_trending,False,106,neutral,insufficient,False,False,0.9601770968243929,,,,,,16,,0,0,0,0,,0.0,False,insufficient_15m_data,,2026-08-11 00:00:00+00:00,,
USDC-USDT-SWAP,USDC,none,daily_not_trending,False,1248,neutral,insufficient,False,False,0.3594707150535406,,,,,,16,,0,0,0,0,,0.0,False,insufficient_15m_data,,2026-08-11 00:00:00+00:00,,
UVXY-USDT-SWAP,UVXY,none,insufficient_daily_data,False,48,insufficient,insufficient,False,False,,,,,,,16,,0,0,0,0,,0.0,False,insufficient_15m_data,,,,
VRT-USDT-SWAP,VRT,none,daily_not_trending,False,75,neutral,insufficient,False,False,1.0427736706058077,,,,,,16,,0,0,0,0,,0.0,False,insufficient_15m_data,,2026-08-11 00:00:00+00:00,,
VVV-USDT-SWAP,VVV,none,insufficient_daily_data,False,39,insufficient,insufficient,False,False,,,,,,,16,,0,0,0,0,,0.0,False,insufficient_15m_data,,,,
W-USDT-SWAP,W,none,daily_4h_not_aligned,False,860,short,neutral,True,False,2.031192477468691,0.08135851219583266,,,,,16,,0,0,0,0,,0.0,False,insufficient_15m_data,,2026-08-11 00:00:00+00:00,2026-08-11 20:00:00+00:00,
WEN-USDT-SWAP,WEN,none,insufficient_daily_data,False,47,insufficient,insufficient,False,False,,,,,,,16,,0,0,0,0,,0.0,False,insufficient_15m_data,,,,
WET-USDT-SWAP,WET,none,daily_not_trending,False,245,neutral,insufficient,False,False,0.18718274946898603,,,,,,16,,0,0,0,0,,0.0,False,insufficient_15m_data,,2026-08-11 00:00:00+00:00,,
WLD-USDT-SWAP,WLD,none,daily_not_trending,False,1114,neutral,insufficient,False,False,1.4965219209104565,,,,,,16,,0,0,0,0,,0.0,False,insufficient_15m_data,,2026-08-11 00:00:00+00:00,,
WLFI-USDT-SWAP,WLFI,none,daily_not_trending,False,353,neutral,insufficient,False,False,1.3075625620584108,,,,,,16,,0,0,0,0,,0.0,False,insufficient_15m_data,,2026-08-11 00:00:00+00:00,,
XAG-USDT-SWAP,XAG,none,daily_not_trending,False,195,neutral,insufficient,False,False,0.5013198211897127,,,,,,16,,0,0,0,0,,0.0,False,insufficient_15m_data,,2026-08-11 00:00:00+00:00,,
XBI-USDT-SWAP,XBI,none,listed_too_recently,False,28,insufficient,insufficient,False,False,,,,,,,16,,0,0,0,0,,0.0,False,insufficient_15m_data,,,,
XPD-USDT-SWAP,XPD,none,daily_4h_not_aligned,False,190,long,neutral,False,False,0.4762492296650387,1.4270890374944083,,,,,16,,0,0,0,0,,0.0,False,insufficient_15m_data,,2026-08-11 00:00:00+00:00,2026-08-11 20:00:00+00:00,
XPL-USDT-SWAP,XPL,none,daily_4h_not_aligned,False,348,short,long,False,False,1.0959146020800492,0.2315177468263175,,,,,16,,0,0,0,0,,0.0,False,insufficient_15m_data,,2026-08-11 00:00:00+00:00,2026-08-11 20:00:00+00:00,
XPT-USDT-SWAP,XPT,none,daily_not_trending,False,190,neutral,insufficient,False,False,0.07570287905275228,,,,,,16,,0,0,0,0,,0.0,False,insufficient_15m_data,,2026-08-11 00:00:00+00:00,,
YB-USDT-SWAP,YB,none,daily_not_trending,False,303,neutral,insufficient,False,False,1.1907703587358456,,,,,,16,,0,0,0,0,,0.0,False,insufficient_15m_data,,2026-08-11 00:00:00+00:00,,
YGG-USDT-SWAP,YGG,none,daily_not_trending,False,1831,neutral,insufficient,False,False,2.72540246679711,,,,,,16,,0,0,0,0,,0.0,False,insufficient_15m_data,,2026-08-11 00:00:00+00:00,,
ZAMA-USDT-SWAP,ZAMA,none,daily_not_trending,False,214,neutral,insufficient,False,False,1.169862363546293,,,,,,16,,0,0,0,0,,0.0,False,insufficient_15m_data,,2026-08-11 00:00:00+00:00,,
ZEC-USDT-SWAP,ZEC,none,daily_not_trending,False,278,neutral,insufficient,False,False,0.33359570591880044,,,,,,16,,0,0,0,0,,0.0,False,insufficient_15m_data,,2026-08-11 00:00:00+00:00,,
ZEN-USDT-SWAP,ZEN,none,daily_4h_not_aligned,False,281,short,neutral,False,False,1.270831527106129,0.455377486031148,,,,,16,,0,0,0,0,,0.0,False,insufficient_15m_data,,2026-08-11 00:00:00+00:00,2026-08-11 20:00:00+00:00,
ZHIPU-USDT-SWAP,ZHIPU,none,insufficient_daily_data,False,48,insufficient,insufficient,False,False,,,,,,,16,,0,0,0,0,,0.0,False,insufficient_15m_data,,,,
ZM-USDT-SWAP,ZM,none,listed_too_recently,False,25,insufficient,insufficient,False,False,,,,,,,16,,0,0,0,0,,0.0,False,insufficient_15m_data,,,,
ZRO-USDT-SWAP,ZRO,none,daily_not_trending,False,782,neutral,insufficient,False,False,1.5842406719583806,,,,,,16,,0,0,0,0,,0.0,False,insufficient_15m_data,,2026-08-11 00:00:00+00:00,,
