date,close_date,pair,side,entry_price,exit_price,stop_price,target_price,net_return,r_multiple,won,exit_reason,hold_minutes,max_hold_minutes,fees_return,funding_return,initial_risk_return,funding_actual_return,funding_imputed_return
2026-08-27 01:30:00+00:00,2026-08-27 02:30:00+00:00,SOL-USDT-SWAP,long,101.46954107438994,101.04945,100.36449289267925,102.57458925610062,-0.004838000669037456,-0.4001508423951685,False,max_hold_60m,60.0,60,0.0006979299646478052,0.0,0.012090442294407802,0.0,0.0
2026-08-27 02:10:00+00:00,2026-08-27 03:10:00+00:00,LINK-USDT-SWAP,long,11.581470822152797,11.5292325,11.487649865833559,11.675291778472035,-0.005208253208379128,-0.5599698161657136,False,max_hold_60m,60.0,60,0.0006977447457686948,0.0,0.00930095347645994,0.0,0.0
2026-08-27 03:15:00+00:00,2026-08-27 04:10:00+00:00,ADA-USDT-SWAP,short,0.208052940567703,0.209840154455842,0.2097352868124358,0.20637059432297017,-0.009294483164736689,-1.0008979147467512,False,initial_stop,55.0,60,0.0007042950940353507,0.0,0.009286144998202333,0.0,0.0
2026-08-27 03:25:00+00:00,2026-08-27 04:25:00+00:00,SOL-USDT-SWAP,long,101.55697286903973,101.20937,100.64367442847676,102.4702713096027,-0.0041210262258724204,-0.4043009738882345,False,max_hold_60m,60.0,60,0.0006982886312026651,0.0,0.010192966359293615,0.0,0.0
2026-08-27 04:20:00+00:00,2026-08-27 05:05:00+00:00,DOGE-USDT-SWAP,long,0.08694449466694185,0.08640071403530057,0.08644393600330222,0.08744505333058147,-0.006951215139123785,-0.999136755655171,False,initial_stop,45.0,60,0.0006968728288448605,0.0,0.006957220920739339,0.0,0.0
2026-08-27 04:20:00+00:00,2026-08-27 05:20:00+00:00,LINK-USDT-SWAP,long,11.556131656222563,11.5172385,11.48057987467076,11.631683437774367,-0.0040639033199764765,-0.5252007796740554,False,max_hold_60m,60.0,60,0.0006983172069434836,0.0,0.007737809000395189,0.0,0.0
2026-08-27 04:35:00+00:00,2026-08-27 05:30:00+00:00,AVAX-USDT-SWAP,short,7.333562032511179,7.298026864725649,7.3727443901341525,7.294379674888206,0.004147976360165649,0.6339677637393287,True,fixed_1r,55.0,60,0.0006975772232083131,0.0,0.0065428821423027285,0.0,0.0
2026-08-27 05:25:00+00:00,2026-08-27 05:55:00+00:00,LINK-USDT-SWAP,long,11.552148915812579,11.621697086453274,11.476786989750947,11.62751084187421,0.005317356343132424,0.6884531606997124,True,fixed_1r,30.0,60,0.0007030101832631978,0.0,0.007723628340565836,0.0,0.0
2026-08-27 05:35:00+00:00,2026-08-27 05:50:00+00:00,ADA-USDT-SWAP,short,0.20775949881314373,0.2096187427506037,0.20951398575772484,0.20600501186856263,-0.009653494641906601,-1.0009017201991282,False,initial_stop,15.0,60,0.0007044745100659203,0.0,0.009644797732974273,0.0,0.0
2026-08-27 05:35:00+00:00,2026-08-27 05:50:00+00:00,AVAX-USDT-SWAP,short,7.301028609018704,7.349015979878569,7.345343308224457,7.256713909812952,-0.007275972663083086,-1.0008695284652989,False,initial_stop,15.0,60,0.0007032863431599616,0.0,0.007269651494176098,0.0,0.0
2026-08-27 05:35:00+00:00,2026-08-27 05:50:00+00:00,DOGE-USDT-SWAP,short,0.08635179460691429,0.0869649960506129,0.08692153528297142,0.08578205393085717,-0.0078047515250058075,-1.0008783838873963,False,initial_stop,15.0,60,0.0007035506004622718,0.0,0.00779790197355674,0.0,0.0
2026-08-27 05:35:00+00:00,2026-08-27 05:50:00+00:00,XRP-USDT-SWAP,short,1.3960085320017084,1.4089064852125115,1.4082023840205014,1.3838146799829154,-0.009943784612766769,-1.0009045963153118,False,initial_stop,15.0,60,0.0007046195825151258,0.0,0.009934797631436003,0.0,0.0
2026-08-27 07:20:00+00:00,2026-08-27 08:00:00+00:00,LINK-USDT-SWAP,long,11.643918326252725,11.715955829103999,11.566019915032717,11.721816737472734,0.005383431892522049,0.6823063211083014,True,fixed_1r,40.0,60,0.00070309335314938,0.00010018105308845858,0.00789005132442199,0.00010018105308845858,0.0
2026-08-27 07:40:00+00:00,2026-08-27 08:00:00+00:00,SOL-USDT-SWAP,long,101.40337640966561,102.08516778539213,100.67051691598742,102.1362359033438,0.005919843478650389,0.7024710675125665,True,fixed_1r,20.0,60,0.0007033617784726029,0.00010035168808274554,0.008427170530470977,0.00010035168808274554,0.0
2026-08-27 08:00:00+00:00,2026-08-27 08:05:00+00:00,AVAX-USDT-SWAP,long,7.36900153862758,7.398283621417338,7.3360184635309595,7.4019846137242,0.0032716970603068117,0.5764168604090562,True,fixed_1r,5.0,60,0.000701986841951129,0.0,0.0056759218631894995,0.0,0.0
2026-08-27 08:45:00+00:00,2026-08-27 09:25:00+00:00,BTC-USDT-SWAP,long,79838.86669969858,80237.99393651268,79399.60039638299,80278.13300301418,0.0042966600189377644,0.6411097230123832,True,fixed_1r,40.0,60,0.0007024995797993685,0.0,0.006701910554014126,0.0,0.0
2026-08-27 12:30:00+00:00,2026-08-27 13:30:00+00:00,SOL-USDT-SWAP,long,104.33743569835742,104.717615,103.2092283802891,105.46564301642574,0.0029419259247496668,0.24489389602652975,True,max_hold_60m,60.0,60,0.0007018218738993245,0.0,0.012013063504167386,0.0,0.0
2026-08-27 13:00:00+00:00,2026-08-27 14:00:00+00:00,ETH-USDT-SWAP,short,2495.636929159563,2496.537645,2510.8931499147525,2480.3807084043733,-0.0010610966754930513,-0.14509419840003346,False,max_hold_60m,60.0,60,0.0007001804581086922,0.0,0.007313157157170019,0.0,0.0
2026-08-27 13:15:00+00:00,2026-08-27 14:00:00+00:00,AVAX-USDT-SWAP,long,7.4281135134612155,7.478123932955153,7.3743621615345845,7.481864865387847,0.006029220574457732,0.7146839835718746,True,fixed_1r,45.0,60,0.0007033662934339458,0.0,0.00843620497037679,0.0,0.0
2026-08-27 13:30:00+00:00,2026-08-27 13:55:00+00:00,XRP-USDT-SWAP,long,1.4279031839737717,1.4392481761821516,1.4158382076852607,1.4399681602622827,0.007241238481392739,0.7504312819783427,True,fixed_1r,25.0,60,0.0007039726055434681,0.0,0.009649435804838583,0.0,0.0
2026-08-27 13:35:00+00:00,2026-08-27 13:55:00+00:00,ADA-USDT-SWAP,short,0.21089702708348046,0.21317085716426626,0.2130643250017654,0.20872972916519553,-0.0114870984588402,-1.000917446509379,False,initial_stop,20.0,60,0.0007053908538025189,0.0,0.011476569320377572,0.0,0.0
2026-08-27 13:35:00+00:00,2026-08-27 13:55:00+00:00,BTC-USDT-SWAP,short,79153.9286606494,79565.8069497566,79526.0439277927,78781.81339350609,-0.005906112131445238,-1.0008392138591735,False,initial_stop,20.0,60,0.0007026017551881286,0.0,0.005901159796358937,0.0,0.0
2026-08-27 13:35:00+00:00,2026-08-27 14:00:00+00:00,DOGE-USDT-SWAP,short,0.08752513007088042,0.08839573663099029,0.08835156085056502,0.08669869929119582,-0.01065190595757505,-1.000910954649093,False,initial_stop,25.0,60,0.0007049734662456647,0.0,0.010642211385636672,0.0,0.0
2026-08-27 14:00:00+00:00,2026-08-27 14:35:00+00:00,SOL-USDT-SWAP,long,105.85620682319804,107.16432280213569,104.49448187837638,107.2179317680197,0.01165130145114604,0.8284537992773352,True,fixed_1r,35.0,60,0.0007061787400956208,0.0,0.014063912147315318,0.0,0.0
2026-08-27 14:25:00+00:00,2026-08-27 15:25:00+00:00,LINK-USDT-SWAP,long,11.812209402129037,11.83408,11.660512825548443,11.963905978709631,0.00115059897161049,0.0819377547608841,True,max_hold_60m,60.0,60,0.0007009257623669887,0.0,0.014042354162232543,0.0,0.0
2026-08-27 16:45:00+00:00,2026-08-27 17:45:00+00:00,ADA-USDT-SWAP,long,0.21675010763695132,0.21479255000000003,0.21400129164341578,0.21949892363048687,-0.00972688759633753,-0.7006855118270672,False,max_hold_60m,60.0,60,0.0006954842983510067,0.0,0.01388195907030282,0.0,0.0
2026-08-27 16:45:00+00:00,2026-08-27 17:45:00+00:00,BTC-USDT-SWAP,long,80472.7996418159,80407.5761,79931.59570179082,81014.00358184098,-0.0015100989444278411,-0.19054148386949893,False,max_hold_60m,60.0,60,0.000699594747901737,0.0,0.007925302741224067,0.0,0.0
2026-08-27 16:45:00+00:00,2026-08-27 17:45:00+00:00,ETH-USDT-SWAP,long,2527.9596329094043,2516.271235,2508.815594912853,2547.1036709059554,-0.005321337128316429,-0.6065639108115286,False,max_hold_60m,60.0,60,0.0006976881755236036,0.0,0.008772920764766491,0.0,0.0
2026-08-27 17:20:00+00:00,2026-08-27 18:00:00+00:00,AVAX-USDT-SWAP,long,7.564762022655396,7.503390699728815,7.507144271864747,7.622379773446045,-0.008808733239910393,-0.9991079672858628,False,initial_stop,40.0,60,0.0006959436051826361,0.0,0.008816597933694643,0.0,0.0
2026-08-27 19:30:00+00:00,2026-08-27 20:30:00+00:00,LINK-USDT-SWAP,long,11.904653416387282,11.870062,11.812840996647378,11.996465836127186,-0.003604252603565465,-0.40441267995426877,False,max_hold_60m,60.0,60,0.0006985471472718531,0.0,0.008912313540646243,0.0,0.0
2026-08-27 20:00:00+00:00,2026-08-27 21:00:00+00:00,ETH-USDT-SWAP,short,2498.1880418282594,2508.003375,2513.676501939109,2482.6995817174097,-0.004630945418800192,-0.6258137852648282,False,max_hold_60m,60.0,60,0.000701964490464168,0.0,0.007399877611900951,0.0,0.0
2026-08-27 20:00:00+00:00,2026-08-27 21:00:00+00:00,XRP-USDT-SWAP,long,1.4550931281030235,1.45297315,1.4407175372362824,1.4694687189697646,-0.0021562079038434647,-0.19461240400634588,False,max_hold_60m,60.0,60,0.0006992715318139852,0.0,0.011079498836945437,0.0,0.0
2026-08-27 20:55:00+00:00,2026-08-27 21:55:00+00:00,ADA-USDT-SWAP,short,0.21337021703281062,0.21360674999999998,0.21524260439372744,0.2114978296718938,-0.0018091109010615666,-0.1813590729073884,False,max_hold_60m,60.0,60,0.0007005542783113751,0.0,0.009975298572381846,0.0,0.0
2026-08-27 21:40:00+00:00,2026-08-27 22:05:00+00:00,ETH-USDT-SWAP,short,2499.7876461030355,2512.677464113046,2511.421753236428,2488.1535389696433,-0.005858943376298256,-1.0008379176113715,False,initial_stop,25.0,60,0.0007025781825968507,0.0,0.005854038174614105,0.0,0.0
2026-08-27 22:05:00+00:00,2026-08-27 23:05:00+00:00,AVAX-USDT-SWAP,long,7.525418992207798,7.504246,7.486027906493578,7.564810077922018,-0.0035121232496963164,-0.5458350257051443,False,max_hold_60m,60.0,60,0.0006985932349926481,0.0,0.006434404324198751,0.0,0.0
2026-08-27 22:05:00+00:00,2026-08-27 23:05:00+00:00,SOL-USDT-SWAP,long,109.66426699036374,108.92551000000002,108.50120388436494,110.82733009636254,-0.007433165069469952,-0.6296266635428273,False,max_hold_60m,60.0,60,0.000696631733331931,0.0,0.011805670725004718,0.0,0.0
2026-08-27 22:20:00+00:00,2026-08-27 23:20:00+00:00,DOGE-USDT-SWAP,long,0.08918139118572886,0.088985485,0.08853669422874633,0.0898260881427114,-0.0028956176062358632,-0.34352824515447783,False,max_hold_60m,60.0,60,0.000698901642017891,0.0,0.008429052478446893,0.0,0.0
2026-08-27 23:15:00+00:00,2026-08-28 00:15:00+00:00,ADA-USDT-SWAP,short,0.2135305164263261,0.21310649999999998,0.21496619711591305,0.21209483573673912,0.0013867669970395824,0.17501864388609695,True,max_hold_60m,60.0,60,0.0006990071292070507,-0.00010003254034825412,0.007923538694209616,-0.00010003254034825412,0.0
2026-08-28 00:15:00+00:00,2026-08-28 01:00:00+00:00,XRP-USDT-SWAP,short,1.4429758314213081,1.4544368320442254,1.4537099770556976,1.4322416857869187,-0.00864658571095687,-1.000890247504904,False,initial_stop,45.0,60,0.0007039713072018775,0.0,0.008638894956276916,0.0,0.0
2026-08-28 00:30:00+00:00,2026-08-28 01:30:00+00:00,SOL-USDT-SWAP,long,109.62072822269407,109.31531500000001,108.52873867232886,110.71271777305928,-0.0034846970279432386,-0.3122061940171652,False,max_hold_60m,60.0,60,0.0006986069549635101,0.0,0.011161524321812938,0.0,0.0
2026-08-28 00:35:00+00:00,2026-08-28 01:10:00+00:00,ETH-USDT-SWAP,long,2514.3448012820672,2523.3696711857383,2504.0576153848065,2524.631987179328,0.0028875578656195975,0.5457079082121498,True,fixed_1r,35.0,60,0.0007017946762709452,0.0,0.005291398241011066,0.0,0.0
2026-08-28 00:40:00+00:00,2026-08-28 01:20:00+00:00,DOGE-USDT-SWAP,long,0.08917401105313717,0.08974499452389396,0.08855813263764607,0.08978988946862827,0.005699824032602333,0.7031195891504355,True,fixed_1r,40.0,60,0.0007032015127726876,0.0,0.00810647878476734,0.0,0.0
2026-08-28 01:05:00+00:00,2026-08-28 01:50:00+00:00,LINK-USDT-SWAP,long,11.980986667455687,11.886893589463504,11.892840009468237,12.069133325443136,-0.008549606552742976,-0.9991112324097136,False,initial_stop,45.0,60,0.0006960732333402986,0.0,0.008557211925365453,0.0,0.0
2026-08-28 02:15:00+00:00,2026-08-28 02:20:00+00:00,LINK-USDT-SWAP,short,11.812213145609753,11.705718478174411,11.924557747317046,11.699868543902461,0.008320148337626345,0.7767937270821933,True,fixed_1r,5.0,60,0.0006954921797413162,0.0,0.010710885074830144,0.0,0.0
2026-08-28 02:15:00+00:00,2026-08-28 03:15:00+00:00,XRP-USDT-SWAP,short,1.4389021923529761,1.4289140999999999,1.4554263082357144,1.4223780764702378,0.006244937920215049,0.4923540664715813,True,max_hold_60m,60.0,60,0.0006965292664066891,0.0,0.012683835364596318,0.0,0.0
2026-08-28 02:55:00+00:00,2026-08-28 03:55:00+00:00,ADA-USDT-SWAP,short,0.20986858819210455,0.210105,0.21282305830525447,0.20691411807895463,-0.001827038666610152,-0.11958847904652556,False,max_hold_60m,60.0,60,0.0007005632377144478,0.0,0.015277714719486881,0.0,0.0
2026-08-28 04:10:00+00:00,2026-08-28 04:15:00+00:00,SOL-USDT-SWAP,short,106.45551795704503,107.67002359228265,107.61621548454038,105.29482042954969,-0.012114278107646174,-1.0009217330702675,False,initial_stop,5.0,60,0.0007057042869103679,0.0,0.012103122259606004,0.0,0.0
2026-08-28 07:10:00+00:00,2026-08-28 08:10:00+00:00,XRP-USDT-SWAP,short,1.417645614352653,1.42261095,1.4258473722318348,1.4094438564734713,-0.004191459148263996,-0.6000246502163805,False,max_hold_60m,60.0,60,0.0007017512612450801,-1.2814603141123759e-05,0.006985478257855698,-1.2814603141123759e-05,0.0
2026-08-28 07:40:00+00:00,2026-08-28 08:40:00+00:00,AVAX-USDT-SWAP,short,7.410922588068153,7.427712,7.454071056817835,7.3677741193184705,-0.0029227058037137052,-0.41620466142720175,False,max_hold_60m,60.0,60,0.0007011327477606417,-4.3922465330422446e-05,0.007022280321636702,-4.3922465330422446e-05,0.0
2026-08-28 08:00:00+00:00,2026-08-28 09:00:00+00:00,SOL-USDT-SWAP,short,106.37510529413282,106.063005,107.0912635295938,105.65894705867184,0.0022354268878651603,0.2818101613295291,True,max_hold_60m,60.0,60,0.0006985330200460443,0.0,0.007932385678780435,0.0,0.0
2026-08-28 08:50:00+00:00,2026-08-28 09:40:00+00:00,ADA-USDT-SWAP,short,0.20881610025127564,0.20764276698598721,0.21009320301530768,0.2075389974872436,0.004921788408597107,0.6727503531557905,True,fixed_1r,50.0,60,0.0006971905105404312,0.0,0.007315920958658132,0.0,0.0
2026-08-28 08:50:00+00:00,2026-08-28 08:55:00+00:00,DOGE-USDT-SWAP,short,0.08736329505534157,0.08693049297130757,0.08783954066409885,0.08688704944658429,0.00425652647718602,0.6399517767011055,True,fixed_1r,5.0,60,0.0006975229752737701,0.0,0.006651323790564401,0.0,0.0
2026-08-28 09:05:00+00:00,2026-08-28 10:00:00+00:00,XRP-USDT-SWAP,short,1.4139917863996492,1.4059847770715108,1.4227014367957893,1.405282136003509,0.004965529962660055,0.6746993417640105,True,fixed_1r,55.0,60,0.0006971686506933233,0.0,0.007359618803951416,0.0,0.0
2026-08-28 09:45:00+00:00,2026-08-28 10:00:00+00:00,SOL-USDT-SWAP,short,105.63968317854935,104.81554979861373,106.51619814259222,104.76316821450648,0.0071052623958740985,0.7481418301062511,True,fixed_1r,15.0,60,0.0006960993191424918,0.0,0.009497213108462348,0.0,0.0
2026-08-28 10:05:00+00:00,2026-08-28 10:35:00+00:00,ADA-USDT-SWAP,short,0.20626234474643343,0.20815216102567977,0.20804813695720117,0.20447655253566568,-0.009866778307064958,-1.0009038498479996,False,initial_stop,30.0,60,0.0007045810986042304,0.0,0.00985786827432361,0.0,0.0
2026-08-28 10:05:00+00:00,2026-08-28 10:30:00+00:00,XRP-USDT-SWAP,short,1.4046333277391165,1.4145068328358346,1.4137999328694,1.395466722608833,-0.0077327548508098025,-1.000877249378809,False,initial_stop,25.0,60,0.0007035146201153472,0.0,0.007725977242073502,0.0,0.0
2026-08-28 11:55:00+00:00,2026-08-28 12:30:00+00:00,SOL-USDT-SWAP,short,105.62482864108513,104.85411444594322,106.4479436930216,104.80171358914866,0.0066003626340515615,0.7339593363225633,True,fixed_1r,35.0,60,0.0006963516428615434,0.0,0.008992817867979008,0.0,0.0
2026-08-28 12:35:00+00:00,2026-08-28 13:00:00+00:00,XRP-USDT-SWAP,short,1.4146021817823318,1.4241378944786756,1.4234261813879816,1.405778182176682,-0.007444285195906744,-1.000872483653573,False,initial_stop,25.0,60,0.0007033704573692687,0.0,0.007437795840617193,0.0,0.0
2026-08-28 13:30:00+00:00,2026-08-28 13:50:00+00:00,LINK-USDT-SWAP,short,11.672820587866006,11.753720977919263,11.747847054392068,11.597794121339945,-0.00763412870000095,-1.0008756605180014,False,initial_stop,20.0,60,0.0007034653316841583,0.0,0.007627449643495097,0.0,0.0
2026-08-28 13:45:00+00:00,2026-08-28 13:50:00+00:00,AVAX-USDT-SWAP,short,7.363477651306056,7.405432681580508,7.4017318156726715,7.32522348693944,-0.006400568369640394,-1.0008516523645539,False,initial_stop,5.0,60,0.0007028488597549428,0.0,0.006395121948910993,0.0,0.0
2026-08-28 13:55:00+00:00,2026-08-28 14:00:00+00:00,ETH-USDT-SWAP,long,2510.273081095568,2494.868914660246,2496.1169731468194,2524.429189044317,-0.0068333822475541055,-0.9991391098468887,False,initial_stop,5.0,60,0.0006969317747636048,0.0,0.006839270107844417,0.0,0.0
2026-08-28 14:05:00+00:00,2026-08-28 14:30:00+00:00,ADA-USDT-SWAP,short,0.20543110259366207,0.20807721773950702,0.20797323112394506,0.20288897406337908,-0.01358723163139734,-1.0009302442742578,False,initial_stop,25.0,60,0.0007064403956178897,0.0,0.013574603933812593,0.0,0.0
2026-08-28 14:05:00+00:00,2026-08-28 14:35:00+00:00,BTC-USDT-SWAP,short,78820.10405621199,79432.94529888117,79393.2486745439,78246.95943788008,-0.008479077059492798,-1.0008880745909796,False,initial_stop,30.0,60,0.0007038875947323801,0.0,0.008471553687916439,0.0,0.0
2026-08-28 14:05:00+00:00,2026-08-28 14:30:00+00:00,DOGE-USDT-SWAP,short,0.08606566822276535,0.08705152268252077,0.08700801867318418,0.08512331777234651,-0.01216040468113626,-1.0009220308756415,False,initial_stop,25.0,60,0.0007057273386712325,0.0,0.012149202741094543,0.0,0.0
2026-08-28 14:05:00+00:00,2026-08-28 14:35:00+00:00,SOL-USDT-SWAP,short,104.01653316376913,105.46110216421214,105.40839796522953,102.62466836230873,-0.014594822688117176,-1.0009350769846075,False,initial_stop,30.0,60,0.0007069439393743714,0.0,0.014581188154665518,0.0,0.0
2026-08-28 14:05:00+00:00,2026-08-28 14:30:00+00:00,XRP-USDT-SWAP,short,1.3991041694544821,1.4185589584705132,1.4178500334537862,1.380358305455178,-0.014612128085593775,-1.0009351541651283,False,initial_stop,25.0,60,0.0007069525877489224,0.0,0.014598476259714974,0.0,0.0
2026-08-28 15:45:00+00:00,2026-08-28 16:00:00+00:00,BTC-USDT-SWAP,short,78835.41198943833,78127.42429566955,79582.44387325992,78088.38010561674,0.008384383268163945,0.7853603967909492,True,fixed_1r,15.0,60,0.0006955097101930309,-9.9313364418631e-05,0.010675841693091813,-9.9313364418631e-05,0.0
2026-08-28 15:45:00+00:00,2026-08-28 16:00:00+00:00,DOGE-USDT-SWAP,short,0.0864631967813257,0.08526064120283634,0.08770836137590843,0.08521803218674298,0.013220032305984595,0.8473785619196607,True,fixed_1r,15.0,60,0.0006930458528989464,-4.783956776393641e-06,0.015601093655279395,-4.783956776393641e-06,0.0
2026-08-28 16:05:00+00:00,2026-08-28 17:05:00+00:00,SOL-USDT-SWAP,short,104.7207156376678,104.822385,106.92858765201362,102.51284362332197,-0.0016713474205554443,-0.07500404213728869,False,max_hold_60m,60.0,60,0.0007004854309947804,0.0,0.022283431304891292,0.0,0.0
2026-08-28 18:15:00+00:00,2026-08-28 18:45:00+00:00,LINK-USDT-SWAP,short,11.405885437043361,11.291788702381169,11.525625244520336,11.286145629566386,0.00930832277858776,0.7957142607216785,True,fixed_1r,30.0,60,0.0006949983394409857,0.0,0.011698072081987712,0.0,0.0
2026-08-28 18:25:00+00:00,2026-08-28 19:25:00+00:00,BTC-USDT-SWAP,short,77549.03512014402,77734.94805,78082.92144172826,77015.14879855978,-0.0030985583577247755,-0.3832714961481143,False,max_hold_60m,60.0,60,0.0007011986798389429,0.0,0.008084499862017773,0.0,0.0
2026-08-28 18:40:00+00:00,2026-08-28 19:25:00+00:00,AVAX-USDT-SWAP,short,7.2149219848983925,7.283703850690102,7.280063818780713,7.149780151016072,-0.010238045853946245,-1.0009073453320647,False,initial_stop,45.0,60,0.0007047666396071695,0.0,0.01022876483192321,0.0,0.0
2026-08-28 18:40:00+00:00,2026-08-28 19:40:00+00:00,DOGE-USDT-SWAP,short,0.08420235795312167,0.08475235499999999,0.08510829543746007,0.08329642046878327,-0.007235114440715682,-0.6049906711882781,False,max_hold_60m,60.0,60,0.0007032659242582288,0.0,0.01195905124702998,0.0,0.0
2026-08-28 19:50:00+00:00,2026-08-28 20:50:00+00:00,BTC-USDT-SWAP,short,77423.45949775985,77441.40135,77832.2139731182,77014.7050224015,-0.0009318525067559566,-0.14381626409225343,False,max_hold_60m,60.0,60,0.0007001158683192184,0.0,0.006479465397308636,0.0,0.0
2026-08-28 19:50:00+00:00,2026-08-28 20:50:00+00:00,DOGE-USDT-SWAP,short,0.08458226183801158,0.08485240499999999,0.08526714205613896,0.0838973816198842,-0.0038954481672177207,-0.4189911546568387,False,max_hold_60m,60.0,60,0.0007015969256207984,0.0,0.009297208601952857,0.0,0.0
2026-08-28 20:05:00+00:00,2026-08-28 21:05:00+00:00,SOL-USDT-SWAP,short,103.13512274070278,103.701825,104.2914728884333,101.97877259297226,-0.006197502648562815,-0.49931572318480666,False,max_hold_60m,60.0,60,0.0007027473776354637,0.0,0.012411991773527621,0.0,0.0
2026-08-28 20:10:00+00:00,2026-08-28 21:10:00+00:00,LINK-USDT-SWAP,short,11.37108331336531,11.357676,11.45999976038371,11.282166866346909,0.00047966042920693185,0.053180243730952995,True,max_hold_60m,60.0,60,0.00069941046455312,0.0,0.00901952295731489,0.0,0.0
2026-08-28 20:35:00+00:00,2026-08-28 21:35:00+00:00,ETH-USDT-SWAP,short,2425.885702965647,2431.99539,2439.588435587766,2412.182970343528,-0.0032197979733329754,-0.47014313412504255,False,max_hold_60m,60.0,60,0.0007012592693519904,0.0,0.00684854832417188,0.0,0.0
2026-08-28 21:50:00+00:00,2026-08-28 22:35:00+00:00,ADA-USDT-SWAP,short,0.20004494909992399,0.2017402088936875,0.20163938919908794,0.19845050900076003,-0.009178631584010487,-1.0008966232172574,False,initial_stop,45.0,60,0.0007042371971934085,0.0,0.009170409182225954,0.0,0.0
2026-08-28 21:50:00+00:00,2026-08-28 22:50:00+00:00,XRP-USDT-SWAP,short,1.372764075620723,1.3828911,1.383368907448675,1.3621592437927708,-0.008080793299741072,-0.9053940658974396,False,max_hold_60m,60.0,60,0.0007036885523736837,0.0,0.008925167067150228,0.0,0.0
2026-08-28 23:15:00+00:00,2026-08-29 00:15:00+00:00,AVAX-USDT-SWAP,long,7.310095698151883,7.2953505000000005,7.2781483778226,7.342043018481167,-0.002718102795003171,-0.4879633390631579,False,max_hold_60m,60.0,60,0.0006989914497182567,2.010781798345124e-06,0.005570301244805939,2.010781798345124e-06,0.0
2026-08-29 00:10:00+00:00,2026-08-29 00:50:00+00:00,SOL-USDT-SWAP,long,104.40892523173748,103.79517922945948,103.8471027808499,104.97074768262507,-0.006575351440648661,-0.9991445597904219,False,initial_stop,40.0,60,0.0006970608547070292,0.0,0.006580981076479954,0.0,0.0
2026-08-29 03:20:00+00:00,2026-08-29 04:20:00+00:00,LINK-USDT-SWAP,short,11.35881141464235,11.347671,11.411736975708205,11.305885853576495,0.00028126330676668456,0.048001838910529504,True,max_hold_60m,60.0,60,0.0006995096135398467,0.0,0.005859427745902203,0.0,0.0
2026-08-29 04:10:00+00:00,2026-08-29 05:10:00+00:00,SOL-USDT-SWAP,short,103.6389071556157,103.97196,104.17688586738825,103.10092844384315,-0.003915195720909669,-0.6126208555163388,False,max_hold_60m,60.0,60,0.0007016067944632232,0.0,0.006390895258715609,0.0,0.0
2026-08-29 05:00:00+00:00,2026-08-29 05:35:00+00:00,XRP-USDT-SWAP,long,1.3849156120959119,1.3906482071013608,1.3784873451509425,1.3913438790408812,0.0034372403184010367,0.5884042389330251,True,fixed_1r,35.0,60,0.0007020696549866938,0.0,0.005841630788782063,0.0,0.0
2026-08-29 06:15:00+00:00,2026-08-29 06:20:00+00:00,DOGE-USDT-SWAP,short,0.08457256029120289,0.08425650428651514,0.08493072349443462,0.08421439708797115,0.0030389672442372694,0.5591495407269872,True,fixed_1r,5.0,60,0.0006981314506525552,0.0,0.005434981204287689,0.0,0.0
2026-08-29 08:05:00+00:00,2026-08-29 09:05:00+00:00,SOL-USDT-SWAP,short,103.43730270711215,103.361655,103.95763248534575,102.91697292887855,3.1704414025732664e-05,0.005088674002031564,True,max_hold_60m,60.0,60,0.0006996343306276732,0.0,0.0062303881154649,0.0,0.0
2026-08-29 09:35:00+00:00,2026-08-29 10:05:00+00:00,XRP-USDT-SWAP,long,1.3843759104992162,1.3779216205275981,1.3786109259905934,1.3901408950078389,-0.005359906877681728,-0.999177290141572,False,initial_stop,30.0,60,0.0006976688810016599,0.0,0.0053643201567584575,0.0,0.0
2026-08-29 11:45:00+00:00,2026-08-29 12:15:00+00:00,ADA-USDT-SWAP,short,0.19947919886337043,0.20045056155362545,0.20035038636044525,0.1986080113662956,-0.005571928387208935,-1.0008295571514616,False,initial_stop,30.0,60,0.0007024347468201944,0.0,0.005567309985396146,0.0,0.0
2026-08-29 15:00:00+00:00,2026-08-29 15:05:00+00:00,XRP-USDT-SWAP,long,1.3994783512869449,1.390844445335617,1.3915402154433385,1.4074164871305512,-0.006866289739613699,-0.9991384442528437,False,initial_stop,5.0,60,0.0006969153127865864,0.0,0.006872210532093291,0.0,0.0
2026-08-29 16:35:00+00:00,2026-08-29 17:35:00+00:00,LINK-USDT-SWAP,long,11.419847648736402,11.368313,11.352171784836829,11.487523512635976,-0.00521047010401517,-0.7311748335444501,False,max_hold_60m,60.0,60,0.0006977436367663756,0.0,0.007126161712591837,0.0,0.0
2026-08-29 17:30:00+00:00,2026-08-29 18:20:00+00:00,ADA-USDT-SWAP,short,0.1999073960764691,0.20118929729408783,0.201088752917629,0.19872603923530918,-0.0071156814274992534,-1.000866584162847,False,initial_stop,50.0,60,0.0007032062375949521,0.0,0.007109520429689447,0.0,0.0
2026-08-29 18:40:00+00:00,2026-08-29 19:40:00+00:00,LINK-USDT-SWAP,long,11.428691545699206,11.424285000000001,11.37029854839047,11.48708454300794,-0.0010853759119093752,-0.17202702961797728,False,max_hold_60m,60.0,60,0.0006998072156518712,0.0,0.006309333564147937,0.0,0.0
2026-08-29 18:50:00+00:00,2026-08-29 19:50:00+00:00,DOGE-USDT-SWAP,long,0.08546077784433867,0.08519738,0.08502933413206404,0.0858922215566133,-0.0037805493708004865,-0.6050388003680547,False,max_hold_60m,60.0,60,0.0006984589547919958,0.0,0.006248441204928871,0.0,0.0
2026-08-30 01:20:00+00:00,2026-08-30 02:20:00+00:00,AVAX-USDT-SWAP,short,7.2801767482724005,7.281638999999999,7.315120979268809,7.2452325172759915,-0.0009009543042769955,-0.15016117311556884,False,max_hold_60m,60.0,60,0.0007001004269386691,0.0,0.0059999151950124435,0.0,0.0
2026-08-30 12:05:00+00:00,2026-08-30 13:05:00+00:00,AVAX-USDT-SWAP,long,7.387623534507512,7.387304500000001,7.350482414090143,7.42476465492488,-0.0007431634054940117,-0.11933616058134332,False,max_hold_60m,60.0,60,0.0006999784075010035,0.0,0.006227478761455945,0.0,0.0
2026-08-30 13:00:00+00:00,2026-08-30 13:55:00+00:00,XRP-USDT-SWAP,long,1.401099190908254,1.4081036868720023,1.393390290899047,1.408808090917461,0.004296786638088112,0.6411164912743655,True,fixed_1r,55.0,60,0.0007024996431406144,0.0,0.006702037299878633,0.0,0.0
2026-08-30 16:05:00+00:00,2026-08-30 16:10:00+00:00,AVAX-USDT-SWAP,long,7.421542253330601,7.45584767796064,7.383507039967214,7.459577466693987,0.003920100613499391,0.619781270800129,True,fixed_1r,5.0,60,0.0007023112059097045,0.0,0.0063249743065623715,0.0,0.0
2026-08-30 16:05:00+00:00,2026-08-30 16:15:00+00:00,DOGE-USDT-SWAP,long,0.08547666600638491,0.08591036326618286,0.0849999920766189,0.08595333993615092,0.004371330357406136,0.6450571791253071,True,fixed_1r,10.0,60,0.0007025369336455258,0.0,0.006776655618860995,0.0,0.0
2026-08-30 16:05:00+00:00,2026-08-30 16:10:00+00:00,ETH-USDT-SWAP,long,2484.384923101965,2494.302993595863,2473.2190772235767,2495.550768980353,0.0032901672910950444,0.5777889117735395,True,fixed_1r,5.0,60,0.0007019960816863907,0.0,0.005694410578070427,0.0,0.0
2026-08-30 16:15:00+00:00,2026-08-30 16:45:00+00:00,LINK-USDT-SWAP,long,11.606356457645536,11.706579205832872,11.500277491746427,11.712435423544644,0.007930842692002234,0.7670260816057084,True,fixed_1r,30.0,60,0.0007043175801360692,0.0,0.010339730137206862,0.0,0.0
2026-08-30 16:15:00+00:00,2026-08-30 17:15:00+00:00,SOL-USDT-SWAP,long,106.856542839506,106.496725,105.93851407407207,107.77457160493994,-0.004065614505481572,-0.4152303589586662,False,max_hold_60m,60.0,60,0.0006983163509227206,0.0,0.00979122652707164,0.0,0.0
2026-08-30 16:50:00+00:00,2026-08-30 16:55:00+00:00,XRP-USDT-SWAP,long,1.4134854300148902,1.423933377001173,1.402325160178682,1.4246456998510986,0.006687924057115799,0.7352948506157956,True,fixed_1r,5.0,60,0.0007036958099335247,0.0,0.009095567650874731,0.0,0.0
2026-08-30 19:45:00+00:00,2026-08-30 20:40:00+00:00,SOL-USDT-SWAP,short,105.63072800743964,104.90514628556637,106.4087360892757,104.85271992560358,0.0061724747658946045,0.720632468361159,True,fixed_1r,55.0,60,0.0006965654798771142,0.0,0.008565357566988153,0.0,0.0
2026-08-30 20:45:00+00:00,2026-08-30 21:00:00+00:00,DOGE-USDT-SWAP,short,0.08483175216266402,0.08419455461254646,0.08551102595196824,0.08415247837335979,0.006815065204243133,0.7401801657115488,True,fixed_1r,15.0,60,0.0006962443452252659,0.0,0.009207305896520053,0.0,0.0
2026-08-30 20:45:00+00:00,2026-08-30 21:00:00+00:00,LINK-USDT-SWAP,short,11.486334112247008,11.400356206968693,11.578009346964086,11.39465887752993,0.006788977195886709,0.7394398000929221,True,fixed_1r,15.0,60,0.0006962573827107013,0.0,0.009181243956619008,0.0,0.0
2026-08-30 20:45:00+00:00,2026-08-30 21:00:00+00:00,SOL-USDT-SWAP,short,104.65232856014813,103.79858775571792,105.55794272177761,103.74671439851866,0.007461955749904843,0.7572860260797812,True,fixed_1r,15.0,60,0.0006959210615942504,0.0,0.00985355003648082,0.0,0.0
2026-08-30 20:45:00+00:00,2026-08-30 21:45:00+00:00,XRP-USDT-SWAP,short,1.3935784276430547,1.39379655,1.406541131716655,1.3806157235694545,-0.0008565978733560473,-0.08156723371191701,False,max_hold_60m,60.0,60,0.0007000782598067746,0.0,0.010501739906754959,0.0,0.0
2026-08-30 23:25:00+00:00,2026-08-30 23:35:00+00:00,BTC-USDT-SWAP,short,77994.19143476392,77579.85619518695,78447.29721716708,77541.08565236077,0.004615042050836532,0.6583999548003617,True,fixed_1r,10.0,60,0.0006973438070710462,0.0,0.007009481117348941,0.0,0.0
2026-08-30 23:25:00+00:00,2026-08-30 23:30:00+00:00,LINK-USDT-SWAP,short,11.296898049164271,11.182608018111459,11.416776589971262,11.177019508357281,0.00942199769978432,0.7976879547451492,True,fixed_1r,5.0,60,0.0006949415303849154,0.0,0.011811633413462442,0.0,0.0
2026-08-30 23:25:00+00:00,2026-08-30 23:35:00+00:00,XRP-USDT-SWAP,short,1.3717207152312145,1.3567708941116994,1.3873485827745735,1.3560928476878555,0.010204038893626926,0.8103013954186277,True,fixed_1r,10.0,60,0.0006945507052005862,0.0,0.012592893152251322,0.0,0.0
2026-08-31 01:10:00+00:00,2026-08-31 02:10:00+00:00,ADA-USDT-SWAP,short,0.19276261459606872,0.19319655,0.19565137515282455,0.1898738540393129,-0.002952264385098736,-0.18239499858782546,False,max_hold_60m,60.0,60,0.0007011255694078455,0.0,0.01618610382936122,0.0,0.0
2026-08-31 01:10:00+00:00,2026-08-31 02:10:00+00:00,DOGE-USDT-SWAP,short,0.08183990868906903,0.08194095,0.08282890426882829,0.08085091310930977,-0.0019352388120386483,-0.14567628968445864,False,max_hold_60m,60.0,60,0.000700617310750644,0.0,0.013284514701949522,0.0,0.0
2026-08-31 01:10:00+00:00,2026-08-31 02:10:00+00:00,XRP-USDT-SWAP,short,1.3549132804835904,1.3475734499999998,1.3715593658030851,1.3382671951640956,0.004719904361858001,0.349992757373676,True,max_hold_60m,60.0,60,0.000697291402118012,0.0,0.013485720096826777,0.0,0.0
2026-08-31 01:55:00+00:00,2026-08-31 02:55:00+00:00,SOL-USDT-SWAP,short,101.58760842172748,101.39067,102.66130106072978,100.51391578272518,0.0012395760368761907,0.10532435598056109,True,max_hold_60m,60.0,60,0.0006990306966332452,0.0,0.01176912999216411,0.0,0.0
2026-08-31 02:50:00+00:00,2026-08-31 03:50:00+00:00,AVAX-USDT-SWAP,short,7.101128410032458,7.1525745,7.157540920389488,7.0447158996754276,-0.007948399133271087,-0.869232154568889,False,max_hold_60m,60.0,60,0.0007036223883724493,0.0,0.009144161420504785,0.0,0.0
2026-08-31 02:55:00+00:00,2026-08-31 03:40:00+00:00,ADA-USDT-SWAP,short,0.19197767367137106,0.1940290500984808,0.19393208405645257,0.19002326328628955,-0.01139083751289019,-1.000916746817423,False,initial_stop,45.0,60,0.0007053427473827536,0.0,0.011380404563225867,0.0,0.0
2026-08-31 02:55:00+00:00,2026-08-31 03:55:00+00:00,SOL-USDT-SWAP,short,101.42267941408119,102.05099999999999,102.33215296897417,100.5132058591882,-0.0068981674103206735,-0.6784752412254419,False,max_hold_60m,60.0,60,0.0007030975349376914,0.0,0.01016716158700413,0.0,0.0
2026-08-31 02:55:00+00:00,2026-08-31 03:55:00+00:00,XRP-USDT-SWAP,short,1.344298318085646,1.3550772,1.358579817027752,1.33001681914354,-0.008722230787782663,-0.737686899074091,False,max_hold_60m,60.0,60,0.0007040091108384721,0.0,0.011823757204757718,0.0,0.0
2026-08-31 04:05:00+00:00,2026-08-31 05:05:00+00:00,BTC-USDT-SWAP,short,77587.75774567446,77668.71495,77912.89294809353,77262.62254325539,-0.0017439492683007777,-0.3235198637147622,False,max_hold_60m,60.0,60,0.0007005217137772618,0.0,0.005390547734152007,0.0,0.0
2026-08-31 04:20:00+00:00,2026-08-31 05:15:00+00:00,XRP-USDT-SWAP,short,1.3472634191197894,1.358539959952192,1.3578610294374733,1.3366658088021055,-0.009074144909382081,-1.0008954301038164,False,initial_stop,55.0,60,0.0007041849799647087,0.0,0.009066026915959521,0.0,0.0
2026-08-31 04:25:00+00:00,2026-08-31 05:15:00+00:00,DOGE-USDT-SWAP,short,0.08196882272690643,0.08254712565923862,0.08250587272287718,0.08143177273093569,-0.007758684809052754,-1.0008776604034262,False,initial_stop,50.0,60,0.0007035275786152188,0.0,0.007751881289792642,0.0,0.0
2026-08-31 06:20:00+00:00,2026-08-31 07:20:00+00:00,ADA-USDT-SWAP,long,0.1960474853610892,0.19580205,0.19436982433307037,0.19772514638910804,-0.0019512919661113211,-0.19998028199389517,False,max_hold_60m,60.0,60,0.000699374041037463,0.0,0.00975742181507119,0.0,0.0
2026-08-31 06:20:00+00:00,2026-08-31 07:20:00+00:00,BTC-USDT-SWAP,long,78041.72319730803,78098.83105,77702.0783676964,78381.36802691966,3.139464926092293e-05,0.005654561228220564,True,max_hold_60m,60.0,60,0.0007003658802647629,0.0,0.005552092902317467,0.0,0.0
2026-08-31 06:20:00+00:00,2026-08-31 07:20:00+00:00,ETH-USDT-SWAP,long,2439.074727301878,2439.3497150000003,2425.0467276225345,2453.102726981221,-0.0005873137418887372,-0.08448902703455377,False,max_hold_60m,60.0,60,0.000700056371314713,0.0,0.006951361170824484,0.0,0.0
2026-08-31 06:20:00+00:00,2026-08-31 07:20:00+00:00,LINK-USDT-SWAP,long,11.278930800804268,11.2613665,11.1901696096512,11.367691991957336,-0.0022564878412601637,-0.24879558414065361,False,max_hold_60m,60.0,60,0.0006992213667627513,0.0,0.009069645866320863,0.0,0.0
2026-08-31 07:20:00+00:00,2026-08-31 08:20:00+00:00,ADA-USDT-SWAP,long,0.19576088626272917,0.19560215000000003,0.19423063515275,0.19729113737270834,-0.001529755104146686,-0.1696534630882765,False,max_hold_60m,60.0,60,0.0006995945659376611,1.9292413531156476e-05,0.009016940039418482,1.9292413531156476e-05,0.0
2026-08-31 07:25:00+00:00,2026-08-31 08:25:00+00:00,DOGE-USDT-SWAP,long,0.08279040551903379,0.082408775,0.08235486622840547,0.0832259448096621,-0.005345055073555885,-0.8273123744487421,False,max_hold_60m,60.0,60,0.0006976952008107628,3.776149427065023e-05,0.006460745951149857,3.776149427065023e-05,0.0
2026-08-31 07:25:00+00:00,2026-08-31 08:20:00+00:00,LINK-USDT-SWAP,long,11.296326882751375,11.206316631719982,11.21192259301649,11.380731172486259,-0.008723201320023759,-1.0059233593287222,False,initial_stop,55.0,60,0.0006960159504958717,5.908636127138594e-05,0.00867183492571936,5.908636127138594e-05,0.0
2026-08-31 07:30:00+00:00,2026-08-31 08:30:00+00:00,XRP-USDT-SWAP,long,1.368654011038123,1.36661635,1.359348132457475,1.3779598896187708,-0.0022286486826808135,-0.27860573398765565,False,max_hold_60m,60.0,60,0.0006992555967316468,4.0586549242779554e-05,0.007999292228420394,4.0586549242779554e-05,0.0
2026-08-31 08:45:00+00:00,2026-08-31 09:45:00+00:00,SOL-USDT-SWAP,long,103.09558096070674,103.078435,102.38697152848093,103.80419039293255,-0.0008662281502921078,-0.10729509243658455,False,max_hold_60m,60.0,60,0.0006999168443470274,0.0,0.008073324982725387,0.0,0.0
2026-08-31 09:10:00+00:00,2026-08-31 10:05:00+00:00,BTC-USDT-SWAP,long,78676.47850521037,78257.59369149324,78296.7420625245,79056.21494789624,-0.0060214808194871666,-0.9991578358539012,False,initial_stop,55.0,60,0.0006973379285545336,0.0,0.006026556169017164,0.0,0.0
2026-08-31 09:10:00+00:00,2026-08-31 10:10:00+00:00,DOGE-USDT-SWAP,long,0.08299586093650954,0.08257869000000001,0.08251033123811452,0.08348139063490456,-0.005723893316321468,-0.811894333134239,False,max_hold_60m,60.0,60,0.0006974867967402094,0.0,0.007050047133873857,0.0,0.0
2026-08-31 09:50:00+00:00,2026-08-31 10:05:00+00:00,LINK-USDT-SWAP,long,11.326290743527169,11.235868177864866,11.241488922326027,11.41109256472831,-0.008679430903371551,-0.9991095721861134,False,initial_stop,15.0,60,0.0006960082886926605,0.0,0.008687166197777908,0.0,0.0
2026-08-31 10:50:00+00:00,2026-08-31 11:50:00+00:00,XRP-USDT-SWAP,long,1.3764264547507927,1.3714139500000002,1.3668174570095142,1.3860354524920713,-0.004339859202883597,-0.5304725269442115,False,max_hold_60m,60.0,60,0.0006981791599785475,0.0,0.008181119629103825,0.0,0.0
2026-08-31 10:55:00+00:00,2026-08-31 11:45:00+00:00,AVAX-USDT-SWAP,long,7.230082696118187,7.183398857241538,7.186992353418247,7.273173038818128,-0.007153660202567712,-0.9991328920993928,False,initial_stop,50.0,60,0.0006967715556765545,0.0,0.007159868581181764,0.0,0.0
2026-08-31 10:55:00+00:00,2026-08-31 11:50:00+00:00,DOGE-USDT-SWAP,long,0.0830568273859293,0.08254063766683616,0.08258192863115173,0.08353172614070688,-0.00691179065552658,-0.9991375343831127,False,initial_stop,55.0,60,0.0006968925509477106,0.0,0.006917756983070461,0.0,0.0
2026-08-31 10:55:00+00:00,2026-08-31 11:50:00+00:00,LINK-USDT-SWAP,long,11.315782235803562,11.230768636227927,11.236386829642747,11.395177641964377,-0.008209078118081472,-0.9991158367073472,False,initial_stop,55.0,60,0.0006962435827323254,0.0,0.008216342706702594,0.0,0.0
2026-08-31 12:05:00+00:00,2026-08-31 13:05:00+00:00,ETH-USDT-SWAP,long,2454.2056283999646,2451.71353,2442.4975407995757,2465.9137160003534,-0.001714932213478993,-0.28722839693072205,False,max_hold_60m,60.0,60,0.0006994922800332772,0.0,0.00597062209657712,0.0,0.0
2026-08-31 12:20:00+00:00,2026-08-31 12:25:00+00:00,ADA-USDT-SWAP,long,0.1976570973171795,0.19598712522225092,0.19608516780615398,0.19922902682820504,-0.009144610042019705,-0.9991040104746716,False,initial_stop,5.0,60,0.0006957755827703753,0.0,0.009152810864681771,0.0,0.0
2026-08-31 12:20:00+00:00,2026-08-31 12:40:00+00:00,LINK-USDT-SWAP,long,11.311222724536842,11.23105435809489,11.23667269444211,11.385772754631574,-0.007783962911004638,-0.9991221501576443,False,initial_stop,20.0,60,0.0006964562466678316,0.0,0.007790802065369548,0.0,0.0
2026-08-31 12:45:00+00:00,2026-08-31 13:45:00+00:00,AVAX-USDT-SWAP,short,7.1666689333124864,7.1625795,7.218027199749836,7.1153106668751365,-0.00012909626952002618,-0.01543056924722249,False,max_hold_60m,60.0,60,0.0006997146907893653,0.0,0.00836626746892462,0.0,0.0
2026-08-31 13:50:00+00:00,2026-08-31 14:40:00+00:00,LINK-USDT-SWAP,short,11.19949774401075,11.309624914593089,11.303972928129024,11.095022559892477,-0.01053814066363397,-1.0009099907413166,False,initial_stop,50.0,60,0.0007049166120258042,0.0,0.010528559771722306,0.0,0.0
2026-08-31 14:45:00+00:00,2026-08-31 15:45:00+00:00,ETH-USDT-SWAP,long,2462.5344752899023,2474.172295,2438.49370347883,2486.5752471009746,0.004023589016504285,0.36702827216032535,True,max_hold_60m,60.0,60,0.0007023629759962503,0.0,0.010962613296304052,0.0,0.0
2026-08-31 15:45:00+00:00,2026-08-31 16:45:00+00:00,ADA-USDT-SWAP,long,0.1967905712588356,0.19640175,0.19448685510602695,0.19909428741164423,-0.002753531988050116,-0.21334565711238485,False,max_hold_60m,60.0,60,0.0006990120937798281,7.870745392646166e-05,0.012906435618699415,7.870745392646166e-05,0.0
2026-08-31 15:45:00+00:00,2026-08-31 16:45:00+00:00,BTC-USDT-SWAP,long,78624.21184787237,78644.65800000001,78028.14217446855,79220.28152127619,-0.0005144621108670068,-0.05858644381196408,False,max_hold_60m,60.0,60,0.0007001300245283679,7.438114307448976e-05,0.008781248312633497,7.438114307448976e-05,0.0
2026-08-31 15:45:00+00:00,2026-08-31 16:45:00+00:00,ETH-USDT-SWAP,long,2473.3987974797365,2469.24476,2451.275569756842,2495.522025202631,-0.0024271468754173005,-0.23925825526987587,False,max_hold_60m,60.0,60,0.0006991602572371327,4.850109244563532e-05,0.01014446449373107,4.850109244563532e-05,0.0
2026-08-31 15:45:00+00:00,2026-08-31 16:45:00+00:00,XRP-USDT-SWAP,long,1.3757621410270988,1.3771111,1.359945692325185,1.3915785897290127,0.0002695503732701609,0.021230290621904,True,max_hold_60m,60.0,60,0.0007004902587928078,1.047695355261356e-05,0.012696499453100127,1.047695355261356e-05,0.0
2026-08-31 16:15:00+00:00,2026-08-31 17:15:00+00:00,SOL-USDT-SWAP,short,102.64688560197149,103.03149,103.71262722365795,101.58114398028503,-0.004448742087700888,-0.3840883597911166,False,max_hold_60m,60.0,60,0.000701873434326687,0.0,0.011582600655016727,0.0,0.0
2026-08-31 16:45:00+00:00,2026-08-31 17:45:00+00:00,ADA-USDT-SWAP,long,0.19630454127196373,0.19700145,0.19415449526356482,0.19845458728036264,0.0028483655607703003,0.23438313599824684,True,max_hold_60m,60.0,60,0.000701775070315543,0.0,0.012152604532058167,0.0,0.0
2026-08-31 16:45:00+00:00,2026-08-31 17:45:00+00:00,DOGE-USDT-SWAP,long,0.08303558799209848,0.08317839,0.08232705590518181,0.08374412007901515,0.0010189088479888326,0.10468737219659358,True,max_hold_60m,60.0,60,0.0007008598843661775,0.0,0.00973287251948031,0.0,0.0
2026-08-31 17:45:00+00:00,2026-08-31 18:45:00+00:00,BTC-USDT-SWAP,long,78830.5159884266,79108.22610000001,78373.0918611192,79287.940115734,0.002821114292317658,0.4028651037816377,True,max_hold_60m,60.0,60,0.0007017614378650914,0.0,0.007002627593793201,0.0,0.0
2026-08-31 17:55:00+00:00,2026-08-31 18:40:00+00:00,ETH-USDT-SWAP,long,2473.529000348011,2488.245251521631,2457.568004176131,2489.4899965198906,0.0052465213652089105,0.6855758042564931,True,fixed_1r,45.0,60,0.0007029747480566328,0.0,0.007652722474502674,0.0,0.0
2026-08-31 18:20:00+00:00,2026-08-31 18:40:00+00:00,ADA-USDT-SWAP,long,0.1984235358288812,0.20026445939033255,0.19648242994657425,0.20036464171118815,0.008573109119764047,0.7806055425393198,True,fixed_1r,20.0,60,0.0007046388739968805,0.0,0.010982639313417648,0.0,0.0
2026-08-31 18:20:00+00:00,2026-08-31 19:20:00+00:00,DOGE-USDT-SWAP,long,0.08336757709790255,0.083288335,0.08279092517483058,0.08394422902097451,-0.0016500393271664583,-0.20328240081257057,False,max_hold_60m,60.0,60,0.0006995247427077707,0.0,0.008116980715353807,0.0,0.0
2026-08-31 18:45:00+00:00,2026-08-31 19:25:00+00:00,AVAX-USDT-SWAP,long,7.252412926678444,7.198354142581264,7.201955120141334,7.302870733215554,-0.008150176272557767,-0.9991166721572271,False,initial_stop,40.0,60,0.0006962730483879151,0.0,0.008157381915127531,0.0,0.0
2026-08-31 18:45:00+00:00,2026-08-31 19:45:00+00:00,BTC-USDT-SWAP,long,79110.61916507376,78904.528,78701.629980885,79519.60834926252,-0.0033037986008098187,-0.5186627904164578,False,max_hold_60m,60.0,60,0.0006986974494243073,0.0,0.006369839251736276,0.0,0.0
2026-08-31 18:45:00+00:00,2026-08-31 19:45:00+00:00,LINK-USDT-SWAP,long,11.482164010182318,11.412291,11.384968122187828,11.579359898176808,-0.0067823093639226215,-0.7017431855619414,False,max_hold_60m,60.0,60,0.0006969573239800287,0.0,0.009664945101663493,0.0,0.0
2026-08-31 18:45:00+00:00,2026-08-31 19:30:00+00:00,SOL-USDT-SWAP,long,104.80135528618732,103.77435030253075,103.82626343424786,105.77644713812677,-0.010494639376195448,-0.999090661529844,False,initial_stop,45.0,60,0.0006951002304271158,0.0,0.010504191241389118,0.0,0.0
2026-08-31 18:45:00+00:00,2026-08-31 19:45:00+00:00,XRP-USDT-SWAP,long,1.3927412116568547,1.3858067500000002,1.3788945398822576,1.4065878834314518,-0.005676512770653733,-0.509468554388612,False,max_hold_60m,60.0,60,0.0006975104988641052,0.0,0.011142027749810456,0.0,0.0
2026-08-31 21:50:00+00:00,2026-08-31 22:15:00+00:00,AVAX-USDT-SWAP,long,7.242963367079071,7.20595562474637,7.209560404948844,7.2763663292092975,-0.005806920549903555,-0.999163659455876,False,initial_stop,25.0,60,0.0006974452623562264,0.0,0.005811781178136407,0.0,0.0
2026-08-31 22:50:00+00:00,2026-08-31 23:50:00+00:00,SOL-USDT-SWAP,short,103.13901625606695,103.01147999999999,103.67819507280333,102.59983743933057,0.0005371654183533893,0.08357052190533507,True,max_hold_60m,60.0,60,0.0006993817264276095,0.0,0.006427690124537767,0.0,0.0
2026-08-31 23:05:00+00:00,2026-09-01 00:05:00+00:00,DOGE-USDT-SWAP,short,0.08268612358684702,0.08280138,0.08308348304216424,0.08228876413152979,-0.00204624944120072,-0.34072149287235753,False,max_hold_60m,60.0,60,0.0007006969513635013,-4.83502371653586e-05,0.0060056365213429445,-4.83502371653586e-05,0.0
2026-09-01 01:30:00+00:00,2026-09-01 02:30:00+00:00,DOGE-USDT-SWAP,short,0.0827019818557287,0.08278136999999999,0.0831637822687445,0.0822401814427129,-0.001660410337952775,-0.2447571340116165,False,max_hold_60m,60.0,60,0.0007004799651863831,0.0,0.006783909873180529,0.0,0.0
2026-09-01 05:10:00+00:00,2026-09-01 05:40:00+00:00,DOGE-USDT-SWAP,long,0.0833364965751685,0.08366318173119075,0.0829679589020221,0.08370503424831491,0.003218113034062022,0.5723853352682923,True,fixed_1r,30.0,60,0.0007019600365352986,0.0,0.005622284212703679,0.0,0.0
2026-09-01 05:10:00+00:00,2026-09-01 06:10:00+00:00,SOL-USDT-SWAP,long,103.92063434133831,103.938005,103.37761209605979,104.46365658661684,-0.0005329304527209476,-0.08294178634148476,False,max_hold_60m,60.0,60,0.0007000835765619205,0.0,0.006425355375477285,0.0,0.0
2026-09-01 05:10:00+00:00,2026-09-01 05:45:00+00:00,XRP-USDT-SWAP,long,1.3841678831817468,1.3915250575984413,1.376114598180961,1.3922211681825325,0.004612575099331782,0.6572359521362163,True,fixed_1r,35.0,60,0.0007026576163578447,0.0,0.007018141786582905,0.0,0.0
2026-09-01 05:35:00+00:00,2026-09-01 06:35:00+00:00,ADA-USDT-SWAP,long,0.20206694420079507,0.20139925000000003,0.2006033304095409,0.20353055799204925,-0.004002669599593125,-0.4740695153436274,False,max_hold_60m,60.0,60,0.0006983478391197634,0.0,0.008443212377180181,0.0,0.0
2026-09-01 05:45:00+00:00,2026-09-01 06:45:00+00:00,LINK-USDT-SWAP,long,11.505547481142642,11.486254,11.434569773711695,11.576525188573589,-0.0023760466578123295,-0.322438197533837,False,max_hold_60m,60.0,60,0.0006991615574498187,0.0,0.007368998698000055,0.0,0.0
2026-09-01 07:20:00+00:00,2026-09-01 07:40:00+00:00,AVAX-USDT-SWAP,long,7.3248956319993175,7.287102210199808,7.290747583991803,7.359043680006832,-0.005857005230707906,-0.99916226187512,False,initial_stop,20.0,60,0.0006974202074883902,0.0,0.005861915981210209,0.0,0.0
2026-09-01 07:40:00+00:00,2026-09-01 08:25:00+00:00,SOL-USDT-SWAP,short,102.89778570508994,102.3132740205752,103.53342846107924,102.26214294910065,0.004986164714791943,0.675868428592599,True,fixed_1r,45.0,60,0.0006971597460503669,-2.8165615762314096e-06,0.007377419189671176,-2.8165615762314096e-06,0.0
2026-09-01 08:10:00+00:00,2026-09-01 08:25:00+00:00,XRP-USDT-SWAP,short,1.3715737463288427,1.363744067979929,1.380084955946112,1.3630625367115734,0.005011390444046805,0.6767180438035376,True,fixed_1r,15.0,60,0.0006971457319120206,0.0,0.007405433459229135,0.0,0.0
2026-09-01 08:30:00+00:00,2026-09-01 09:30:00+00:00,ADA-USDT-SWAP,short,0.196994371050413,0.1968984,0.19913245260495624,0.19485628949586978,-0.00021257979897485732,-0.01763633111647965,False,max_hold_60m,60.0,60,0.0006997564116936406,0.0,0.01205351598191642,0.0,0.0
2026-09-01 08:30:00+00:00,2026-09-01 09:30:00+00:00,AVAX-USDT-SWAP,short,7.222040268415741,7.219608,7.277483220988896,7.166597315842586,-0.0003630474963437656,-0.04089795882239022,False,max_hold_60m,60.0,60,0.0006998316079441998,0.0,0.008876909919157376,0.0,0.0
2026-09-01 08:30:00+00:00,2026-09-01 09:30:00+00:00,DOGE-USDT-SWAP,short,0.08242336770100783,0.08238116999999999,0.08301041241209403,0.08183632298992163,-0.0001877811834685505,-0.02256359126753857,False,max_hold_60m,60.0,60,0.0006997440185824431,0.0,0.008322309212306313,0.0,0.0
2026-09-01 08:30:00+00:00,2026-09-01 09:30:00+00:00,ETH-USDT-SWAP,short,2448.33468851504,2451.815295,2462.026262180477,2434.643114849603,-0.002122332822607077,-0.31246625238652376,False,max_hold_60m,60.0,60,0.0007007108110058006,0.0,0.006792198537913562,0.0,0.0
2026-09-01 08:30:00+00:00,2026-09-01 09:30:00+00:00,LINK-USDT-SWAP,short,11.295291199179458,11.330662499999999,11.386494390153485,11.20408800820543,-0.003833074291481967,-0.41329426158411997,False,max_hold_60m,60.0,60,0.0007015657542686067,0.0,0.009274443532775258,0.0,0.0
2026-09-01 11:40:00+00:00,2026-09-01 12:35:00+00:00,LINK-USDT-SWAP,long,11.466352595747654,11.376540033397358,11.382231148971844,11.550474042523465,-0.008528789086985858,-0.9991115033309258,False,initial_stop,55.0,60,0.0006960836472801471,0.0,0.008536373626518993,0.0,0.0
2026-09-01 12:35:00+00:00,2026-09-01 13:05:00+00:00,BTC-USDT-SWAP,short,77870.5169958417,77596.70900660382,78183.10395010035,77557.93004158304,0.002817953954859724,0.5404395742438861,True,fixed_1r,30.0,60,0.0006982419020715343,0.0,0.0052141887625499015,0.0,0.0
2026-09-01 12:40:00+00:00,2026-09-01 13:05:00+00:00,ADA-USDT-SWAP,short,0.19825549996995143,0.19664327280063598,0.1999659996394171,0.19654500030048574,0.007436133843169958,0.7566463196367714,True,fixed_1r,25.0,60,0.0006959339660953674,0.0,0.009827753932299147,0.0,0.0
2026-09-01 12:40:00+00:00,2026-09-01 13:40:00+00:00,SOL-USDT-SWAP,short,101.60454524546947,101.62078499999998,102.31454294563352,100.89454754530541,-0.0008599128697296797,-0.10502298873562248,False,max_hold_60m,60.0,60,0.0007000799164766265,0.0,0.008187853726905107,0.0,0.0
2026-09-01 13:05:00+00:00,2026-09-01 14:00:00+00:00,DOGE-USDT-SWAP,short,0.0822923957315167,0.0829101831525896,0.08286874877820051,0.08171604268483289,-0.00821097728154635,-1.0008844123323903,False,initial_stop,55.0,60,0.0007037536118348557,0.0,0.008203721808807142,0.0,0.0
2026-09-01 13:05:00+00:00,2026-09-01 14:00:00+00:00,XRP-USDT-SWAP,short,1.365450729187573,1.377697254626001,1.3770087502508754,1.3538927081242706,-0.00967333637841129,-1.0009019222814635,False,initial_stop,55.0,60,0.0007044844259762175,0.0,0.009664619642613746,0.0,0.0
2026-09-01 15:05:00+00:00,2026-09-01 16:05:00+00:00,DOGE-USDT-SWAP,short,0.08232398702137073,0.08255125499999999,0.08302784425644871,0.08162012978629274,-0.0034120907954069218,-0.3499636346923251,False,max_hold_60m,60.0,60,0.0007013803266025627,-4.994273632122632e-05,0.009749843861367779,-4.994273632122632e-05,0.0
2026-09-01 15:10:00+00:00,2026-09-01 16:10:00+00:00,ETH-USDT-SWAP,short,2436.7586628691424,2440.9598699999997,2454.1239544297123,2419.3933713085726,-0.0023416277395539357,-0.2812296632470113,False,max_hold_60m,60.0,60,0.0007008620482600257,-8.333082875727016e-05,0.008326389586781332,-8.333082875727016e-05,0.0
2026-09-01 15:50:00+00:00,2026-09-01 16:20:00+00:00,XRP-USDT-SWAP,long,1.3789447416762266,1.366653231664664,1.3673369001147213,1.390552583237732,-0.00970915307270067,-1.0094861157676758,False,initial_stop,30.0,60,0.000695543146276978,9.990248037970022e-05,0.009617916404246163,9.990248037970022e-05,0.0
2026-09-01 16:15:00+00:00,2026-09-01 16:35:00+00:00,ADA-USDT-SWAP,short,0.19779275243997535,0.1957703118380465,0.1999130292797043,0.1956724756002464,0.00953016160738185,0.7995310462308697,True,fixed_1r,20.0,60,0.0006948874754585798,0.0,0.01191968923822122,0.0,0.0
2026-09-01 16:15:00+00:00,2026-09-01 17:15:00+00:00,BTC-USDT-SWAP,short,77667.10816732104,77526.5439,78071.9980078525,77262.21832678959,0.0011107349787213023,0.1731966303223885,True,max_hold_60m,60.0,60,0.0006990950849681553,0.0,0.006413144278002282,0.0,0.0
2026-09-01 18:00:00+00:00,2026-09-01 18:25:00+00:00,AVAX-USDT-SWAP,short,7.247202754081484,7.193567445414751,7.304433048977809,7.189972459185159,0.006704529463570594,0.7370141207666184,True,fixed_1r,25.0,60,0.000696299585475477,0.0,0.009096880608741604,0.0,0.0
2026-09-01 18:00:00+00:00,2026-09-01 18:25:00+00:00,BTC-USDT-SWAP,short,77268.02744663332,76922.26744643375,77652.22935959972,76883.82553366692,0.0037770507495949648,0.6119330100065594,True,fixed_1r,25.0,60,0.0006977625933285382,0.0,0.0061723271793336955,0.0,0.0
2026-09-01 18:00:00+00:00,2026-09-01 18:05:00+00:00,LINK-USDT-SWAP,short,11.30965039518414,11.231108796182678,11.39380474220968,11.225496048158599,0.006248125455268116,0.7230846135945401,True,fixed_1r,5.0,60,0.0006965276734356481,0.0,0.008640932662372577,0.0,0.0
2026-09-01 18:10:00+00:00,2026-09-01 18:25:00+00:00,ADA-USDT-SWAP,short,0.1962084986497636,0.19401197100911513,0.19850198379716327,0.19391501350236395,0.010500462363210963,0.8146827315504294,True,fixed_1r,15.0,60,0.0006944025675346273,0.0,0.012889020420535302,0.0,0.0
2026-09-01 20:05:00+00:00,2026-09-01 21:05:00+00:00,XRP-USDT-SWAP,short,1.349491597780824,1.3510752,1.3636991733698876,1.3352840221917603,-0.0018740673472076616,-0.1597929898633675,False,max_hold_60m,60.0,60,0.0007005867403034521,0.0,0.011728094885827597,0.0,0.0
2026-09-01 20:45:00+00:00,2026-09-01 21:45:00+00:00,ADA-USDT-SWAP,short,0.19567618902602654,0.19539764999999998,0.1976142683123183,0.1937381097397348,0.0007241809232216337,0.06521495184527422,True,max_hold_60m,60.0,60,0.0006992882654056863,0.0,0.011104522854510262,0.0,0.0
2026-09-01 20:50:00+00:00,2026-09-01 21:15:00+00:00,AVAX-USDT-SWAP,short,7.210153634526434,7.168045886563028,7.255843614317208,7.16446365473566,0.0051429825455661295,0.6823742644727632,True,fixed_1r,25.0,60,0.0006970799687428455,0.0,0.007536894067275321,0.0,0.0
2026-09-01 21:15:00+00:00,2026-09-01 22:15:00+00:00,BTC-USDT-SWAP,short,77105.05532407844,77304.83309999999,77449.96388894119,76760.14675921568,-0.0032922770429177823,-0.5803180301706256,False,max_hold_60m,60.0,60,0.0007012954907760709,0.0,0.005673228939569196,0.0,0.0
2026-09-01 21:15:00+00:00,2026-09-01 22:15:00+00:00,SOL-USDT-SWAP,short,99.26554075423181,99.78987,100.0964890507818,98.43459245768182,-0.005984728279372278,-0.625300450416657,False,max_hold_60m,60.0,60,0.0007026410436178772,0.0,0.009570964286663264,0.0,0.0
2026-09-01 22:30:00+00:00,2026-09-01 23:30:00+00:00,BTC-USDT-SWAP,short,77066.64039104855,77400.681,77383.88469258256,76749.39608951454,-0.005036605664397668,-0.947354857759724,False,max_hold_60m,60.0,60,0.0007021672192225875,0.0,0.005316493205416269,0.0,0.0
2026-09-01 22:45:00+00:00,2026-09-01 23:35:00+00:00,LINK-USDT-SWAP,short,11.158812604995115,11.239368135571343,11.233751259941373,11.083873950048856,-0.00792261509306456,-1.0008801966540082,False,initial_stop,50.0,60,0.0007036095027951347,0.0,0.00791564776638628,0.0,0.0
2026-09-02 00:45:00+00:00,2026-09-02 01:35:00+00:00,DOGE-USDT-SWAP,short,0.08129970282885501,0.08090340319730562,0.08173643394626014,0.08086297171144989,0.004176989307080812,0.6355864901662632,True,fixed_1r,50.0,60,0.0006975627239844673,0.0,0.006571866098016263,0.0,0.0
2026-09-02 01:05:00+00:00,2026-09-02 02:05:00+00:00,LINK-USDT-SWAP,short,11.133630727178634,11.1005475,11.206568726143608,11.06069272821366,0.0022729537114450043,0.29324112884403614,True,max_hold_60m,60.0,60,0.0006985142660112718,0.0,0.00775114227804621,0.0,0.0
2026-09-02 01:30:00+00:00,2026-09-02 01:40:00+00:00,SOL-USDT-SWAP,short,99.52160694493777,99.00340751589754,100.08928333925331,98.95393055062223,0.004509507208234734,0.6531682241485574,True,fixed_1r,10.0,60,0.0006973965481218217,0.0,0.006904051730491235,0.0,0.0
2026-09-02 01:40:00+00:00,2026-09-02 02:40:00+00:00,AVAX-USDT-SWAP,short,7.142906697851286,7.181589,7.185880374215431,7.099933021487141,-0.0061181924721808575,-0.8478327403871031,False,max_hold_60m,60.0,60,0.0007027077423649079,0.0,0.007216272951888383,0.0,0.0
2026-09-02 01:40:00+00:00,2026-09-02 01:50:00+00:00,XRP-USDT-SWAP,short,1.3374214871602281,1.3290493209619183,1.3464578459227368,1.3283851283977195,0.0055630609436331455,0.6991798021245332,True,fixed_1r,10.0,60,0.000696870034510928,0.0,0.007956552701793136,0.0,0.0
2026-09-02 01:45:00+00:00,2026-09-02 02:20:00+00:00,ADA-USDT-SWAP,short,0.1943570704682284,0.1961828880415498,0.19608484561874043,0.19262929531771636,-0.010098837293170019,-1.0009060647977037,False,initial_stop,35.0,60,0.0007046970701115292,0.0,0.010089695375370841,0.0,0.0
2026-09-02 01:45:00+00:00,2026-09-02 02:45:00+00:00,DOGE-USDT-SWAP,short,0.08073150811130315,0.08113054499999998,0.08129809733563789,0.08016491888696842,-0.0056452365808744446,-0.6869195294067512,False,max_hold_60m,60.0,60,0.0007024713825991376,0.0,0.008218191999505207,0.0,0.0
2026-09-02 03:05:00+00:00,2026-09-02 04:05:00+00:00,ADA-USDT-SWAP,long,0.1976365807212356,0.1971014,0.19583896865482714,0.19943419278764407,-0.0034065492072516018,-0.33087610111954086,False,max_hold_60m,60.0,60,0.0006986460484205845,0.0,0.010295543243302615,0.0,0.0
2026-09-02 03:15:00+00:00,2026-09-02 04:15:00+00:00,SOL-USDT-SWAP,long,100.42152898064748,99.82006500000001,99.66834776776984,101.17471019352512,-0.006686398083751487,-0.7685341344435173,False,max_hold_60m,60.0,60,0.0006970053036099292,0.0,0.008700196626390572,0.0,0.0
2026-09-02 04:35:00+00:00,2026-09-02 05:25:00+00:00,AVAX-USDT-SWAP,long,7.211278956580396,7.248584328978936,7.170347478964759,7.252210434196034,0.004470611196272687,0.6501727620107094,True,fixed_1r,50.0,60,0.0007025865988975851,0.0,0.006876035813076784,0.0,0.0
2026-09-02 05:20:00+00:00,2026-09-02 06:20:00+00:00,SOL-USDT-SWAP,long,100.08549576963783,99.74010500000001,99.4859492356539,100.68504230362176,-0.004149231795260028,-0.5770561022177338,False,max_hold_60m,60.0,60,0.0006982745213630515,0.0,0.007190343849261378,0.0,0.0
2026-09-02 06:45:00+00:00,2026-09-02 07:45:00+00:00,ETH-USDT-SWAP,long,2420.496444589465,2419.219785,2410.0073350735834,2430.985554105347,-0.001227173366655014,-0.22177349102249355,False,max_hold_60m,60.0,60,0.0006997362814574012,0.0,0.0055334538000781485,0.0,0.0
2026-09-02 08:35:00+00:00,2026-09-02 08:40:00+00:00,AVAX-USDT-SWAP,short,7.179072948099941,7.148843154260089,7.2128753771992935,7.145270519000589,0.0035129267880996597,0.5945580643132992,True,fixed_1r,5.0,60,0.0006978945893112945,0.0,0.005908467143839028,0.0,0.0
2026-09-02 08:45:00+00:00,2026-09-02 09:35:00+00:00,DOGE-USDT-SWAP,short,0.0810170795164228,0.08064950943818983,0.08142495419707366,0.08060920483577194,0.0038392140208848577,0.6158085096562856,True,fixed_1r,50.0,60,0.0006977315272259446,0.0,0.00623442833394381,0.0,0.0
2026-09-02 08:45:00+00:00,2026-09-02 09:20:00+00:00,ETH-USDT-SWAP,short,2396.1141174786726,2385.380919625885,2408.0394097440667,2384.1888252132785,0.0037816581870540656,0.6122229293860093,True,fixed_1r,35.0,60,0.0006977602907610924,0.0,0.00617693001280864,0.0,0.0
2026-09-02 13:00:00+00:00,2026-09-02 13:25:00+00:00,LINK-USDT-SWAP,short,10.967633304870217,11.057125458271818,11.051599658442598,10.883666951297837,-0.008863739340058194,-1.0008929421780342,False,initial_stop,25.0,60,0.0007040798297551514,0.0,0.008855831594505892,0.0,0.0
2026-09-02 13:45:00+00:00,2026-09-02 14:45:00+00:00,DOGE-USDT-SWAP,long,0.08191557739259415,0.08179908,0.08120692871112985,0.08262422607405846,-0.0021214530081355284,-0.2153548714571355,False,max_hold_60m,60.0,60,0.0006992889179549097,0.0,0.009850963638673877,0.0,0.0
2026-09-02 13:45:00+00:00,2026-09-02 14:00:00+00:00,ETH-USDT-SWAP,long,2414.5067303666433,2394.4629340175206,2395.6607643997204,2433.352696333566,-0.008997253513104089,-0.9991057100374877,False,initial_stop,15.0,60,0.0006958492978923941,0.0,0.009005306868646062,0.0,0.0
2026-09-02 15:35:00+00:00,2026-09-02 16:35:00+00:00,BTC-USDT-SWAP,long,77212.36465780677,77448.95615,76617.9758936814,77806.75342193214,0.002286127746984157,0.25692303780126297,True,max_hold_60m,60.0,60,0.0007015320829328422,7.650603576738922e-05,0.008898103364138718,7.650603576738922e-05,0.0
2026-09-02 15:45:00+00:00,2026-09-02 16:45:00+00:00,LINK-USDT-SWAP,long,11.100819547685191,11.082456,10.97783457222229,11.223804523148091,-0.00241837982374708,-0.19695395736081656,False,max_hold_60m,60.0,60,0.0006991728742366135,6.495542273740799e-05,0.012278909528670431,6.495542273740799e-05,0.0
2026-09-02 16:25:00+00:00,2026-09-02 17:15:00+00:00,AVAX-USDT-SWAP,long,7.163124677272198,7.105941379202746,7.109496127266379,7.2167532272780175,-0.008679018793538919,-0.9991095773776832,False,initial_stop,50.0,60,0.0006960084948506559,0.0,0.0086867536755261,0.0,0.0
2026-09-02 16:25:00+00:00,2026-09-02 17:00:00+00:00,ETH-USDT-SWAP,long,2400.9675333394284,2379.4001048731056,2380.590400073142,2421.344666605715,-0.009678315805090116,-0.9990982880949792,False,initial_stop,35.0,60,0.0006955085963956528,0.0,0.009687050734061559,0.0,0.0
2026-09-02 17:50:00+00:00,2026-09-02 18:50:00+00:00,ADA-USDT-SWAP,long,0.1966334008221583,0.1969015,0.19480080986589968,0.19846599177841692,0.0006627650599154468,0.0630014659202373,True,max_hold_60m,60.0,60,0.0007006817233916535,0.0,0.010519835534534026,0.0,0.0
2026-09-02 18:10:00+00:00,2026-09-02 19:10:00+00:00,XRP-USDT-SWAP,long,1.3387901455096909,1.34262835,1.3287817461162919,1.34879854490309,0.0021654867239133072,0.24960356206788675,True,max_hold_60m,60.0,60,0.0007014334600920027,0.0,0.008675704408915214,0.0,0.0
2026-09-02 18:15:00+00:00,2026-09-02 19:15:00+00:00,DOGE-USDT-SWAP,long,0.08153143144159758,0.081409275,0.0809971772991709,0.08206568558402426,-0.002197525079812152,-0.28345146754699263,False,max_hold_60m,60.0,60,0.0006992508628915397,0.0,0.007752738409963711,0.0,0.0
2026-09-02 18:20:00+00:00,2026-09-02 19:20:00+00:00,BTC-USDT-SWAP,long,77388.88189656708,77233.56390000001,77063.08275880502,77714.68103432914,-0.002705977263972777,-0.5001902636378865,False,max_hold_60m,60.0,60,0.000698996509622825,0.0,0.005409895914990807,0.0,0.0
2026-09-02 18:55:00+00:00,2026-09-02 19:55:00+00:00,AVAX-USDT-SWAP,long,7.171487717894296,7.1414275,7.132852614731553,7.2101228210570385,-0.0048895334646366665,-0.7422643891239891,False,max_hold_60m,60.0,60,0.0006979041853603619,0.0,0.006587320550844735,0.0,0.0
2026-09-02 19:15:00+00:00,2026-09-02 20:15:00+00:00,XRP-USDT-SWAP,long,1.3449112240171537,1.3484254500000001,1.3362346882058458,1.3535877598284616,0.0019116734005412907,0.24984681815051757,True,max_hold_60m,60.0,60,0.0007013064899452433,0.0,0.007651381813434275,0.0,0.0
2026-09-02 20:05:00+00:00,2026-09-02 21:05:00+00:00,ADA-USDT-SWAP,long,0.19826590244371367,0.19780105,0.19679082932456404,0.1997409755628633,-0.0030434186704075875,-0.35225271222425164,False,max_hold_60m,60.0,60,0.0006988277045170548,0.0,0.008639872923022611,0.0,0.0
2026-09-02 20:05:00+00:00,2026-09-02 21:05:00+00:00,AVAX-USDT-SWAP,long,7.180621062294276,7.1654155,7.143452747531313,7.2177893770572386,-0.0028165243759949803,-0.44172475126328975,False,max_hold_60m,60.0,60,0.0006989412084162106,0.0,0.00637619777460963,0.0,0.0
2026-09-02 20:05:00+00:00,2026-09-02 21:05:00+00:00,SOL-USDT-SWAP,long,99.76983382168281,99.46024500000001,99.10800586019369,100.43166178317193,-0.0038014788280092762,-0.4852818832371406,False,max_hold_60m,60.0,60,0.0006984484848284096,0.0,0.007833547798345532,0.0,0.0
2026-09-02 21:45:00+00:00,2026-09-02 22:20:00+00:00,ADA-USDT-SWAP,long,0.19925575051261268,0.19757017164827675,0.1976690061513524,0.20084249487387296,-0.009155144057672348,-0.999103891074272,False,initial_stop,35.0,60,0.0006957703131277277,0.0,0.00916335542225585,0.0,0.0
2026-09-02 22:30:00+00:00,2026-09-02 23:05:00+00:00,DOGE-USDT-SWAP,short,0.08093257226747563,0.08144156764331237,0.08140086720970752,0.08046427732524375,-0.006992273422888667,-1.0008642253888476,False,initial_stop,35.0,60,0.0007031445644292296,0.0,0.006986235740589175,0.0,0.0
2026-09-02 22:45:00+00:00,2026-09-02 23:20:00+00:00,ADA-USDT-SWAP,long,0.19847146925952158,0.19978536475108172,0.19705763111425906,0.1998853074047841,0.005916762342284889,0.7108388239157067,True,fixed_1r,35.0,60,0.0007033100361892371,0.0,0.008323634195571899,0.0,0.0
2026-09-02 23:00:00+00:00,2026-09-02 23:45:00+00:00,LINK-USDT-SWAP,short,11.036982225020118,11.097332593591547,11.091786700241427,10.98217774979881,-0.006170747576165886,-1.0008461189072821,False,initial_stop,45.0,60,0.0007027340067846905,0.0,0.0061655308039792085,0.0,0.0
2026-09-03 00:05:00+00:00,2026-09-03 00:35:00+00:00,ADA-USDT-SWAP,long,0.20232664437472975,0.20031952263050848,0.20041973249675685,0.20423355625270265,-0.010615244675504135,-0.9990896342256658,False,initial_stop,30.0,60,0.0006950398976110535,0.0,0.010624917236511388,0.0,0.0
2026-09-03 00:35:00+00:00,2026-09-03 01:05:00+00:00,LINK-USDT-SWAP,short,11.040047396336705,11.101116540418486,11.095568756040466,10.984526036632944,-0.0062343674225616005,-1.0008476915290612,False,initial_stop,30.0,60,0.0007027658008108753,0.0,0.0062290870782116155,0.0,0.0
2026-09-03 01:10:00+00:00,2026-09-03 01:15:00+00:00,ADA-USDT-SWAP,long,0.2018767402879327,0.2042304308221126,0.1994208834551925,0.20433259712067292,0.010953218124868937,0.8195369554693304,True,fixed_1r,5.0,60,0.0007058295238243466,0.0,0.013365130213800152,0.0,0.0
2026-09-03 01:10:00+00:00,2026-09-03 01:20:00+00:00,DOGE-USDT-SWAP,long,0.08173041861621709,0.08223467593091027,0.081185023394605,0.08227581383782918,0.005466678142228799,0.6943489144491481,True,fixed_1r,10.0,60,0.0007030848815118703,0.0,0.007873099573527397,0.0,0.0
2026-09-03 01:15:00+00:00,2026-09-03 02:15:00+00:00,AVAX-USDT-SWAP,long,7.199117814510839,7.2033965,7.156413774130069,7.24182185489161,-0.0001059624725412594,-0.014857655274760325,False,max_hold_60m,60.0,60,0.0007002971673474031,0.0,0.007131843523201458,0.0,0.0
2026-09-03 01:15:00+00:00,2026-09-03 02:15:00+00:00,SOL-USDT-SWAP,long,100.26323286623979,100.30982,99.52879439487745,100.99767133760213,-0.00023558409336897542,-0.027634165056753163,False,max_hold_60m,60.0,60,0.0007002323241153732,0.0,0.008525102635999636,0.0,0.0
2026-09-03 01:15:00+00:00,2026-09-03 02:15:00+00:00,XRP-USDT-SWAP,long,1.357162198937146,1.35802065,1.346846387245752,1.3674780106285402,-6.778239329498714e-05,-0.007701655435271236,False,max_hold_60m,60.0,60,0.0007003162669368209,0.0,0.008801016075656205,0.0,0.0
2026-09-03 02:30:00+00:00,2026-09-03 02:50:00+00:00,AVAX-USDT-SWAP,long,7.216834965558484,7.259019019242947,7.1710195867018145,7.262650344415154,0.005142306476293075,0.6812442680974494,True,fixed_1r,20.0,60,0.0007029226145454192,0.0,0.007548403292484639,0.0,0.0
2026-09-03 02:30:00+00:00,2026-09-03 02:45:00+00:00,ETH-USDT-SWAP,long,2393.4327191378097,2405.2895622175893,2380.3726296537193,2406.4928086219,0.004251430037485542,0.6386755230484639,True,fixed_1r,15.0,60,0.0007024769534954905,0.0,0.00665663530863533,0.0,0.0
2026-09-03 02:30:00+00:00,2026-09-03 02:55:00+00:00,LINK-USDT-SWAP,long,11.14073337858707,11.215055881022227,11.060800543044849,11.220666214129292,0.005967904047207414,0.7126002710008482,True,fixed_1r,25.0,60,0.0007033356198335205,0.0,0.008374827080581211,0.0,0.0
2026-09-03 02:35:00+00:00,2026-09-03 03:35:00+00:00,BTC-USDT-SWAP,long,77812.3777379847,77626.3674,77438.13285581645,78186.62262015295,-0.003089302810431269,-0.5140629853849056,False,max_hold_60m,60.0,60,0.0006988047509702695,0.0,0.006009580339884125,0.0,0.0
2026-09-03 02:35:00+00:00,2026-09-03 03:35:00+00:00,SOL-USDT-SWAP,long,100.9938886996909,100.50972,100.15666439629082,101.83111300309098,-0.0054916425594822476,-0.5786858485233157,False,max_hold_60m,60.0,60,0.000697602980210364,0.0,0.009489851140296175,0.0,0.0
2026-09-03 02:35:00+00:00,2026-09-03 03:35:00+00:00,XRP-USDT-SWAP,long,1.3708761874955073,1.36661635,1.3574142499460877,1.384338125044927,-0.0038058294072042895,-0.3453580933197716,False,max_hold_60m,60.0,60,0.0006984463084506231,0.0,0.011019951409334492,0.0,0.0
2026-09-03 04:55:00+00:00,2026-09-03 05:20:00+00:00,ADA-USDT-SWAP,long,0.20651303347744518,0.20435417352847746,0.20445640172934212,0.20856966522554823,-0.011148640856505099,-0.9990853573575764,False,initial_stop,25.0,60,0.0006947730661047999,0.0,0.01115884721400732,0.0,0.0
2026-09-03 04:55:00+00:00,2026-09-03 05:20:00+00:00,ETH-USDT-SWAP,long,2405.1679301450513,2393.7177041597465,2394.915161740617,2415.4206985494857,-0.005458295971301231,-0.9991740983303584,False,initial_stop,25.0,60,0.0006976196618452721,0.0,0.005462807713312586,0.0,0.0
2026-09-03 04:55:00+00:00,2026-09-03 05:20:00+00:00,LINK-USDT-SWAP,long,11.228122869388683,11.15789269544786,11.163474432664191,11.292771306113174,-0.006951718089514856,-0.9991367457777663,False,initial_stop,25.0,60,0.0006968725772438645,0.0,0.006957724374458246,0.0,0.0
2026-09-03 05:00:00+00:00,2026-09-03 05:20:00+00:00,SOL-USDT-SWAP,long,100.86480433503617,100.09757819442369,100.1476520204339,101.58195664963844,-0.00830267699518854,-0.9991145335103557,False,initial_stop,20.0,60,0.0006961967598823469,0.0,0.008310035252932774,0.0,0.0
2026-09-03 05:55:00+00:00,2026-09-03 06:55:00+00:00,ADA-USDT-SWAP,long,0.20638043844622628,0.2048975,0.20396526135471543,0.20879561553773712,-0.007881867565366909,-0.6108768017407423,False,max_hold_60m,60.0,60,0.0006964072698522427,0.0,0.012902548505536463,0.0,0.0
2026-09-03 05:55:00+00:00,2026-09-03 06:55:00+00:00,AVAX-USDT-SWAP,long,7.281006656236176,7.2693635,7.226079874834119,7.335933437638233,-0.0022983139705126943,-0.2628493670893463,False,max_hold_60m,60.0,60,0.0006992004432363618,0.0,0.008743844415388925,0.0,0.0
2026-09-03 06:00:00+00:00,2026-09-03 07:00:00+00:00,SOL-USDT-SWAP,long,100.73787170327006,100.78958000000002,99.9444604392406,101.53128296729952,-0.00018696114273860363,-0.020599513706208744,False,max_hold_60m,60.0,60,0.0007002566477525069,0.0,0.009075997880583612,0.0,0.0
2026-09-03 06:00:00+00:00,2026-09-03 07:00:00+00:00,XRP-USDT-SWAP,long,1.3673892149216116,1.3635179000000002,1.3562705790593381,1.378507850783885,-0.003529757044977444,-0.37827113993308087,False,max_hold_60m,60.0,60,0.0006985844136843534,0.0,0.009331288254245052,0.0,0.0
2026-09-03 06:30:00+00:00,2026-09-03 07:00:00+00:00,ETH-USDT-SWAP,long,2405.6220562445756,2417.590037835472,2392.444674934902,2418.799437554249,0.004272517428101188,0.6398145173707185,True,fixed_1r,30.0,60,0.0007024875024652833,0.0,0.006677743802467715,0.0,0.0
2026-09-03 07:05:00+00:00,2026-09-03 07:45:00+00:00,BTC-USDT-SWAP,long,78076.89071754455,77722.2080662293,77761.08861053457,78392.69282455453,-0.005240463980207273,-0.9991813260476482,False,initial_stop,40.0,60,0.0006977286323260594,0.0,0.005244757726744554,0.0,0.0
2026-09-03 07:05:00+00:00,2026-09-03 07:30:00+00:00,DOGE-USDT-SWAP,long,0.08347943698171531,0.08288178215869348,0.08292324378058376,0.08403563018284686,-0.007855726214842148,-0.9991210364457395,False,initial_stop,25.0,60,0.000696420347066112,0.0,0.00786263718636934,0.0,0.0
2026-09-03 07:05:00+00:00,2026-09-03 07:45:00+00:00,LINK-USDT-SWAP,long,11.256646272774075,11.181161895652263,11.186755273288906,11.326537272259245,-0.0074024079024079025,-0.9991284342727951,False,initial_stop,40.0,60,0.0006966471196086004,0.0,0.007408865215407132,0.0,0.0
2026-09-03 07:05:00+00:00,2026-09-03 07:45:00+00:00,SOL-USDT-SWAP,long,101.15342196988605,100.4807981068134,100.5310636386327,101.7757803011394,-0.007346216589106258,-0.9991294148828626,False,initial_stop,40.0,60,0.000696675229320107,0.0,0.0073526176686205605,0.0,0.0
2026-09-03 07:05:00+00:00,2026-09-03 08:05:00+00:00,XRP-USDT-SWAP,long,1.3714035995269365,1.3703145,1.361543194323238,1.381264004730635,-0.0015933001033360894,-0.18990444081363111,False,max_hold_60m,60.0,60,0.000699602925233931,9.954764596439179e-05,0.008390009714937242,9.954764596439179e-05,0.0
2026-09-03 08:30:00+00:00,2026-09-03 08:45:00+00:00,ADA-USDT-SWAP,long,0.20731027875474073,0.20929251384636646,0.20522334505688872,0.20939721245259274,0.008856901789823164,0.786112102085974,True,fixed_1r,15.0,60,0.0007047808413155694,0.0,0.011266715989133213,0.0,0.0
2026-09-03 10:35:00+00:00,2026-09-03 11:15:00+00:00,SOL-USDT-SWAP,short,99.9727467796994,100.603237837071,100.55296135639281,99.392532203006,-0.007009782647968398,-1.000864565108752,False,initial_stop,40.0,60,0.0007031533146666509,0.0,0.007003727469567003,0.0,0.0
2026-09-03 10:45:00+00:00,2026-09-03 11:15:00+00:00,DOGE-USDT-SWAP,short,0.08258618274020679,0.08313573997892273,0.0830941928824815,0.08207817259793208,-0.007357675643695979,-1.0008709798692788,False,initial_stop,30.0,60,0.0007033271742347306,0.0,0.007351272833044821,0.0,0.0
2026-09-03 10:45:00+00:00,2026-09-03 11:00:00+00:00,LINK-USDT-SWAP,short,11.129333325831592,11.204599409934106,11.198999909979117,11.059666741684067,-0.007466237917394647,-1.0008728592727432,False,initial_stop,15.0,60,0.000703381428244575,0.0,0.007459726625837156,0.0,0.0
2026-09-03 11:30:00+00:00,2026-09-03 12:30:00+00:00,XRP-USDT-SWAP,long,1.370032082334763,1.3709142,1.3615849880171549,1.378479176652371,-5.6455503653595894e-05,-0.0076647342411366726,False,max_hold_60m,60.0,60,0.0007003219332147806,0.0,0.007365617890650256,0.0,0.0
2026-09-03 11:35:00+00:00,2026-09-03 12:35:00+00:00,AVAX-USDT-SWAP,long,7.285139672557251,7.299348500000001,7.2426760706870095,7.327603274427492,0.0012494098490006531,0.17775585351318068,True,max_hold_60m,60.0,60,0.0007009751925207607,0.0,0.0070287972199352,0.0,0.0
2026-09-03 11:45:00+00:00,2026-09-03 12:30:00+00:00,ETH-USDT-SWAP,long,2406.4152048422447,2415.5995476017624,2396.0224581069383,2416.807951577551,0.003114699379253509,0.5643831931388982,True,fixed_1r,45.0,60,0.0007019083038415475,0.0,0.0055187670666283686,0.0,0.0
2026-09-03 12:35:00+00:00,2026-09-03 13:30:00+00:00,ADA-USDT-SWAP,long,0.2079215073307466,0.20977998422918773,0.20595808796895923,0.20988492669253397,0.008233888965305792,0.7736378200300238,True,fixed_1r,55.0,60,0.000704469179072189,0.0,0.010643079684219996,0.0,0.0
2026-09-03 12:35:00+00:00,2026-09-03 13:35:00+00:00,AVAX-USDT-SWAP,long,7.299008018871089,7.29635,7.255096226453074,7.3429198112891045,-0.0010639795784282914,-0.14744459288443298,False,max_hold_60m,60.0,60,0.000699817919170371,0.0,0.007216131548901479,0.0,0.0
2026-09-03 12:35:00+00:00,2026-09-03 13:35:00+00:00,DOGE-USDT-SWAP,long,0.08333265494173245,0.08346824500000001,0.08281185930078941,0.08385345058267549,0.0009262803979206939,0.12433963918161364,True,max_hold_60m,60.0,60,0.0007008135469724466,0.0,0.007449598567418595,0.0,0.0
2026-09-03 12:35:00+00:00,2026-09-03 12:55:00+00:00,SOL-USDT-SWAP,long,101.1088796276122,101.73031312201611,100.43655553134634,101.78120372387805,0.005443108102318344,0.6934332096620593,True,fixed_1r,20.0,60,0.0007030730905964574,0.0,0.007849505945887725,0.0,0.0
2026-09-03 12:35:00+00:00,2026-09-03 12:55:00+00:00,XRP-USDT-SWAP,long,1.3748639206062205,1.3844682135408237,1.3645670472746485,1.3851607939377926,0.006282138846078068,0.7229677473938988,True,fixed_1r,20.0,60,0.0007034928158309544,0.0,0.008689376350084028,0.0,0.0
2026-09-03 13:40:00+00:00,2026-09-03 14:20:00+00:00,ADA-USDT-SWAP,long,0.21020763277410145,0.2122175104228559,0.20809159328921753,0.21232367225898538,0.00885661163878326,0.7861066139625774,True,fixed_1r,40.0,60,0.0007047806961674753,0.0,0.011266425547724597,0.0,0.0
2026-09-03 13:45:00+00:00,2026-09-03 14:25:00+00:00,AVAX-USDT-SWAP,long,7.313722460084058,7.35709501145983,7.2666695210087076,7.360775399159409,0.005227332536431158,0.6847871417300455,True,fixed_1r,40.0,60,0.0007029651488426368,0.0,0.007633514442494977,0.0,0.0
2026-09-03 14:25:00+00:00,2026-09-03 14:45:00+00:00,SOL-USDT-SWAP,long,102.31536351506922,103.19474166688315,101.38436218083065,103.2463648493078,0.007890483701976637,0.7661161572001112,True,fixed_1r,20.0,60,0.0007042973905462615,0.0,0.010299330757901801,0.0,0.0
2026-09-03 14:50:00+00:00,2026-09-03 15:00:00+00:00,AVAX-USDT-SWAP,long,7.419054462939598,7.480713142918724,7.35365355527517,7.484455370604025,0.007606698777719711,0.7595107249792353,True,fixed_1r,10.0,60,0.0007041554271024111,0.0,0.010015261835739942,0.0,0.0
2026-09-03 17:40:00+00:00,2026-09-03 18:40:00+00:00,XRP-USDT-SWAP,long,1.4598279567060235,1.4564714,1.4392354804722824,1.4804204329397646,-0.0029981327438340067,-0.19587831869680977,False,max_hold_60m,60.0,60,0.0006988503588074868,0.0,0.015306098009114862,0.0,0.0
2026-09-03 18:10:00+00:00,2026-09-03 19:00:00+00:00,ETH-USDT-SWAP,long,2506.0388470830576,2520.9604184048408,2489.85616499669,2522.221529169425,0.005251268693812067,0.6857703093601328,True,fixed_1r,50.0,60,0.0007029771229083602,0.0,0.00765747455399729,0.0,0.0
2026-09-03 19:00:00+00:00,2026-09-03 19:05:00+00:00,BTC-USDT-SWAP,long,81183.18328622039,81547.37305422722,80778.19943464466,81588.16713779612,0.003783781719170617,0.6114195859548827,True,fixed_1r,5.0,60,0.0007022430123657682,0.0,0.006188518991031842,0.0,0.0
2026-09-03 19:05:00+00:00,2026-09-03 20:05:00+00:00,DOGE-USDT-SWAP,long,0.08958867131949101,0.08915540000000001,0.08869405583389206,0.09048328680508996,-0.005533810764833173,-0.4947170180764899,False,max_hold_60m,60.0,60,0.0006975818855603636,0.0,0.011185810397930502,0.0,0.0
2026-09-03 20:00:00+00:00,2026-09-03 21:00:00+00:00,ETH-USDT-SWAP,long,2515.8108162408475,2502.8779350000004,2498.2197948901703,2533.401837591525,-0.005838071081012951,-0.7126388361057253,False,max_hold_60m,60.0,60,0.000697429679299143,0.0,0.008192187662569135,0.0,0.0
2026-09-03 20:30:00+00:00,2026-09-03 21:30:00+00:00,XRP-USDT-SWAP,long,1.479392087874504,1.46916505,1.461705054494047,1.4970791212549608,-0.007609543750671886,-0.5784258062700917,False,max_hold_60m,60.0,60,0.0006965434998746013,0.0,0.013155609013610755,0.0,0.0
2026-09-03 21:00:00+00:00,2026-09-03 22:00:00+00:00,ADA-USDT-SWAP,long,0.22367703790106683,0.22318835,0.22122445481280192,0.22612962098933173,-0.002883700042256134,-0.2370520185158087,False,max_hold_60m,60.0,60,0.0006989076037807623,0.0,0.012164840697459926,0.0,0.0
2026-09-03 21:15:00+00:00,2026-09-03 22:15:00+00:00,AVAX-USDT-SWAP,long,7.536765638668371,7.520238000000001,7.4901876640204454,7.583343613316296,-0.002891838733087399,-0.39184269160371776,False,max_hold_60m,60.0,60,0.0006989035323996561,0.0,0.007380101237187299,0.0,0.0
2026-09-03 21:35:00+00:00,2026-09-03 22:10:00+00:00,ETH-USDT-SWAP,long,2520.6148483452766,2502.2564260532486,2503.5081801433203,2537.721516547233,-0.007979669519096861,-0.9991191601207903,False,initial_stop,35.0,60,0.0006963583444126579,0.0,0.007986704526947662,0.0,0.0
2026-09-03 21:35:00+00:00,2026-09-03 22:25:00+00:00,SOL-USDT-SWAP,long,105.36462582657857,104.48324216398346,104.53550991894292,106.19374173421423,-0.009060898772741565,-0.9991049691909897,False,initial_stop,50.0,60,0.0006958174593433009,0.0,0.009069015821309038,0.0,0.0
2026-09-03 23:25:00+00:00,2026-09-04 00:25:00+00:00,SOL-USDT-SWAP,short,103.86631390312549,103.79186999999999,104.59576683750592,103.13686096874505,8.210442948927873e-05,0.00998473155506875,True,max_hold_60m,60.0,60,0.0006996416359629603,-6.501799137298459e-05,0.008222998188428853,-6.501799137298459e-05,0.0
2026-09-04 00:05:00+00:00,2026-09-04 00:55:00+00:00,DOGE-USDT-SWAP,short,0.08765763297404805,0.08706718209464925,0.0882915956885766,0.0870236702595195,0.006039243175929609,0.7162070209226019,True,fixed_1r,50.0,60,0.0006966320623808447,0.0,0.008432259108756,0.0,0.0
2026-09-04 00:40:00+00:00,2026-09-04 00:55:00+00:00,BTC-USDT-SWAP,long,81329.04500585956,80899.67000027958,80940.14007031474,81717.94994140438,-0.005976839510979941,-0.9991590130574496,False,initial_stop,15.0,60,0.0006973602603746973,0.0,0.005981870185698145,0.0,0.0
2026-09-04 00:40:00+00:00,2026-09-04 01:00:00+00:00,ETH-USDT-SWAP,long,2511.786966836866,2497.1943802413743,2498.4436020423955,2525.130331631337,-0.006506738586816385,-0.9991460817436825,False,initial_stop,20.0,60,0.0006970951782957396,0.0,0.006512299558299826,0.0,0.0
2026-09-04 01:00:00+00:00,2026-09-04 02:00:00+00:00,XRP-USDT-SWAP,short,1.4420984981795264,1.4449220999999999,1.456381978154316,1.4278150182047369,-0.0026589602408919697,-0.23944567301556258,False,max_hold_60m,60.0,60,0.0007009789906251335,0.0,0.011104649365366284,0.0,0.0
2026-09-04 02:00:00+00:00,2026-09-04 03:00:00+00:00,LINK-USDT-SWAP,long,11.881235524660198,11.8950495,11.762826295922373,11.999644753398023,0.0004620902829066283,0.04138342940954896,True,max_hold_60m,60.0,60,0.000700581335809358,0.0,0.011166070320890419,0.0,0.0
2026-09-04 04:30:00+00:00,2026-09-04 05:30:00+00:00,XRP-USDT-SWAP,long,1.4543545433191938,1.44697615,1.4450545198303246,1.463654566808063,-0.0057707746308567134,-0.7598518012406216,False,max_hold_60m,60.0,60,0.00069746334435675,0.0,0.0075946054499504805,0.0,0.0
2026-09-04 04:35:00+00:00,2026-09-04 04:55:00+00:00,ADA-USDT-SWAP,long,0.2256504944677395,0.22279448064606763,0.22290593361287406,0.22839505532260493,-0.013350474449410678,-0.999071319986024,False,initial_stop,20.0,60,0.0006936715985745819,0.0,0.013362884292982644,0.0,0.0
2026-09-04 05:05:00+00:00,2026-09-04 05:50:00+00:00,DOGE-USDT-SWAP,short,0.08707112400656539,0.08666206931431324,0.08752348807878471,0.08661875993434606,0.004000286395377384,0.6255002153924574,True,fixed_1r,45.0,60,0.0006976510312866679,0.0,0.006395339756785672,0.0,0.0
2026-09-04 05:35:00+00:00,2026-09-04 05:40:00+00:00,AVAX-USDT-SWAP,short,7.472926032786248,7.444460041973593,7.50511239343497,7.440739672137525,0.003111120795670765,0.5649328852542915,True,fixed_1r,5.0,60,0.0006980953919062115,0.0,0.005507062656248743,0.0,0.0
2026-09-04 05:35:00+00:00,2026-09-04 06:35:00+00:00,SOL-USDT-SWAP,short,103.65180546622703,103.51172999999999,104.22166559472451,103.08194533772955,0.0006520797185324774,0.09735684589521526,True,max_hold_60m,60.0,60,0.0006993242979917378,0.0,0.006697831185228698,0.0,0.0
2026-09-04 06:15:00+00:00,2026-09-04 06:35:00+00:00,ETH-USDT-SWAP,long,2512.609074616711,2498.698920952828,2499.948895400528,2525.2692538328943,-0.006233371158890736,-0.9991524782380236,False,initial_stop,20.0,60,0.0006972319303857475,0.0,0.006238658557783999,0.0,0.0
2026-09-04 06:30:00+00:00,2026-09-04 07:30:00+00:00,XRP-USDT-SWAP,short,1.4425201209719838,1.44782355,1.4537414516638065,1.431298790280161,-0.004378340887858814,-0.48762135586140626,False,max_hold_60m,60.0,60,0.0007018382513182703,0.0,0.008978976895144937,0.0,0.0
2026-09-04 07:40:00+00:00,2026-09-04 08:40:00+00:00,ADA-USDT-SWAP,short,0.22156641884644762,0.22081035,0.22339702615737123,0.21973581153552402,0.002813424484286815,0.29733567804265615,True,max_hold_60m,60.0,60,0.0006982938099320647,-9.933815834814576e-05,0.009462115353284976,-9.933815834814576e-05,0.0
2026-09-04 07:40:00+00:00,2026-09-04 08:40:00+00:00,XRP-USDT-SWAP,short,1.445591298806212,1.44962445,1.455395585674544,1.4357870119378802,-0.0033915129972059716,-0.42488458243387683,False,max_hold_60m,60.0,60,0.0007013949832145221,-9.984841505285612e-05,0.007982198313194336,-9.984841505285612e-05,0.0
2026-09-04 08:20:00+00:00,2026-09-04 08:45:00+00:00,ETH-USDT-SWAP,long,2513.4216035811046,2522.7019822068623,2502.8792429732525,2523.9639641889567,0.0029904824973370427,0.5543652961133615,True,fixed_1r,25.0,60,0.000701846164330834,0.0,0.005394425874605114,0.0,0.0
2026-09-04 08:30:00+00:00,2026-09-04 08:55:00+00:00,LINK-USDT-SWAP,long,11.980264600690116,12.05932131610228,11.895175208281405,12.065353993098828,0.005895612842299413,0.710104033681635,True,fixed_1r,25.0,60,0.0007032994561492243,0.0,0.008302463530213697,0.0,0.0
2026-09-04 09:05:00+00:00,2026-09-04 10:05:00+00:00,DOGE-USDT-SWAP,long,0.08770475756884091,0.08768613500000001,0.08709709082609093,0.08831242431159089,-0.0009122263155664109,-0.11222498309435729,False,max_hold_60m,60.0,60,0.0006998938337590963,0.0,0.008128549369434282,0.0,0.0
2026-09-04 10:10:00+00:00,2026-09-04 11:10:00+00:00,ADA-USDT-SWAP,short,0.21925829922903894,0.2211105,0.2220995907484674,0.21641700770961048,-0.009151798074976094,-0.646375056416437,False,max_hold_60m,60.0,60,0.000704223787143916,0.0,0.01415864981813269,0.0,0.0
2026-09-04 11:00:00+00:00,2026-09-04 12:00:00+00:00,BTC-USDT-SWAP,long,81117.28925780932,81142.8083,80776.1710937117,81458.40742190693,-0.00038556293112152645,-0.07133124452819976,False,max_hold_60m,60.0,60,0.0007001572971830308,0.0,0.005405246097579298,0.0,0.0
2026-09-04 11:30:00+00:00,2026-09-04 12:30:00+00:00,SOL-USDT-SWAP,long,104.13461967511651,104.26783999999999,103.52543610139809,104.74380324883494,0.0005786690452844432,0.08208115742529586,True,max_hold_60m,60.0,60,0.0007006396543498171,0.0,0.00704996205506854,0.0,0.0
2026-09-04 11:30:00+00:00,2026-09-04 12:30:00+00:00,XRP-USDT-SWAP,long,1.4509720099096943,1.4534729,1.4407641189163323,1.4611799009030564,0.0010227345725408237,0.12419048532407526,True,max_hold_60m,60.0,60,0.0007008617981853631,0.0,0.008235208759125116,0.0,0.0
2026-09-04 12:30:00+00:00,2026-09-04 12:30:00+00:00,ETH-USDT-SWAP,long,2527.9011382191056,2513.3463567999543,2514.603658629269,2541.1986178089423,-0.006454775694547311,-0.9991472559059904,False,initial_stop,0.0,60,0.0006971211727390959,0.0,0.006460284664140278,0.0,0.0
2026-09-04 12:30:00+00:00,2026-09-04 12:30:00+00:00,SOL-USDT-SWAP,long,104.2651361681694,103.60980320102385,103.66163401803286,104.86863831830595,-0.006982112360219071,-0.9991361515086015,False,initial_stop,0.0,60,0.0006968573725061435,0.0,0.0069881490622441585,0.0,0.0
2026-09-04 12:30:00+00:00,2026-09-04 12:30:00+00:00,XRP-USDT-SWAP,long,1.4532441828733818,1.4420088293833413,1.4427301944805815,1.463758171266182,-0.008427356452300942,-0.9991128425397676,False,initial_stop,0.0,60,0.0006961343889683337,0.0,0.008434839483074214,0.0,0.0
2026-09-04 12:35:00+00:00,2026-09-04 12:45:00+00:00,ADA-USDT-SWAP,short,0.21592026986014254,0.21250350004927399,0.21944323832171037,0.2123973013985747,0.01513213191604581,0.8639003510151455,True,fixed_1r,10.0,60,0.0006920878900969286,0.0,0.01751606177525505,0.0,0.0
2026-09-04 17:20:00+00:00,2026-09-04 17:50:00+00:00,ADA-USDT-SWAP,short,0.21297604021006256,0.211145117698324,0.2149124825207508,0.21103959789937432,0.007901145796436273,0.7676753357588151,True,fixed_1r,30.0,60,0.000695701576313625,0.0,0.01029230122213881,0.0,0.0
2026-09-04 17:20:00+00:00,2026-09-04 18:20:00+00:00,XRP-USDT-SWAP,short,1.3974701077096314,1.3965979499999999,1.4081412925155767,1.3867989229036861,-7.559037315187794e-05,-0.008554746745017449,False,max_hold_60m,60.0,60,0.0006996879512109705,0.0,0.008836073750038729,0.0,0.0
2026-09-04 17:30:00+00:00,2026-09-04 18:30:00+00:00,ETH-USDT-SWAP,short,2447.823786248685,2448.413595,2460.955434984215,2434.6921375131546,-0.0009410727679851096,-0.14335521575217158,False,max_hold_60m,60.0,60,0.0007001204761459196,0.0,0.006564621754760632,0.0,0.0
2026-09-04 20:15:00+00:00,2026-09-04 21:15:00+00:00,XRP-USDT-SWAP,short,1.3970548629167,1.39899915,1.4042583550003975,1.3898513708330023,-0.0020924000255656576,-0.32919048237422793,False,max_hold_60m,60.0,60,0.0007006958520867395,0.0,0.006356198424919803,0.0,0.0
2026-09-04 21:30:00+00:00,2026-09-04 21:55:00+00:00,ADA-USDT-SWAP,short,0.21231854669525493,0.21112004031397424,0.21362256034305935,0.21101453304745052,0.004947672580353662,0.6739064743483821,True,fixed_1r,25.0,60,0.000697177574922362,0.0,0.007341779265643198,0.0,0.0
2026-09-04 21:30:00+00:00,2026-09-04 21:50:00+00:00,LINK-USDT-SWAP,short,11.656740684048016,11.610395456099594,11.708888208576196,11.604593159519835,0.003277818656105978,0.57773233132218,True,fixed_1r,20.0,60,0.0006980120846296322,0.0,0.005673593943763655,0.0,0.0
2026-09-04 21:55:00+00:00,2026-09-04 22:55:00+00:00,SOL-USDT-SWAP,short,101.53852624799184,101.65079999999999,101.9623149759021,101.11473752008158,-0.0018062785036864338,-0.33613472541566847,False,max_hold_60m,60.0,60,0.000700552862820433,0.0,0.005373674205938607,0.0,0.0
2026-09-04 21:55:00+00:00,2026-09-04 22:55:00+00:00,XRP-USDT-SWAP,short,1.3961845711183365,1.39439685,1.4026148534200384,1.3897542888166345,0.0005810734453705357,0.10008825888871778,True,max_hold_60m,60.0,60,0.0006993597833856219,0.0,0.005805610486406772,0.0,0.0
2026-09-04 22:00:00+00:00,2026-09-04 23:00:00+00:00,DOGE-USDT-SWAP,short,0.08444562593183089,0.08452224,0.08483751118197068,0.0840537406816911,-0.0016077127957471048,-0.27526116744901347,False,max_hold_60m,60.0,60,0.000700453629583082,0.0,0.005840681454077248,0.0,0.0
2026-09-04 22:30:00+00:00,2026-09-04 23:30:00+00:00,ADA-USDT-SWAP,short,0.21072567780382168,0.21100544999999998,0.21210813364586018,0.20934322196178318,-0.0020283245079272443,-0.2613667766784603,False,max_hold_60m,60.0,60,0.0007006638303387943,0.0,0.007760452700622075,0.0,0.0
2026-09-05 00:05:00+00:00,2026-09-05 01:05:00+00:00,ADA-USDT-SWAP,short,0.2105121597946885,0.21060525,0.21174591753626218,0.20927840205311485,-0.0011424293138456785,-0.1618001471623611,False,max_hold_60m,60.0,60,0.0007002211041048703,0.0,0.0070607433545736425,0.0,0.0
2026-09-05 01:50:00+00:00,2026-09-05 02:00:00+00:00,ADA-USDT-SWAP,short,0.21042654061242916,0.20913911117264627,0.21181848734914988,0.20903459387570844,0.005421248540008041,0.6937083038536956,True,fixed_1r,10.0,60,0.0006969409052773574,0.0,0.007814882004283161,0.0,0.0
2026-09-05 06:15:00+00:00,2026-09-05 07:15:00+00:00,ADA-USDT-SWAP,long,0.21208663548328374,0.2128935,0.21083962579940485,0.21333364516716263,0.003102507794139046,0.4382247481875653,True,max_hold_60m,60.0,60,0.0007019022049995693,0.0,0.007079718356780564,0.0,0.0
2026-09-05 06:40:00+00:00,2026-09-05 07:40:00+00:00,LINK-USDT-SWAP,long,11.706302283002875,11.7471235,11.643627396034505,11.768977169971246,0.0027853709909633974,0.42499157566831536,True,max_hold_60m,60.0,60,0.0007017435572741188,0.0,0.006553944008380157,0.0,0.0
2026-09-05 07:40:00+00:00,2026-09-05 08:40:00+00:00,LINK-USDT-SWAP,long,11.747742710140425,11.73413,11.689912521685105,11.805572898595745,-0.0019061392885094137,-0.311325157257907,False,max_hold_60m,60.0,60,0.0006994206244349958,4.79675340658727e-05,0.006122663858257802,4.79675340658727e-05,0.0
2026-09-05 09:05:00+00:00,2026-09-05 10:05:00+00:00,ADA-USDT-SWAP,long,0.21406742626716577,0.21299345000000003,0.21260911520598924,0.2155257373283423,-0.0057144914513638095,-0.7132067412230036,False,max_hold_60m,60.0,60,0.0006974915000243303,0.0,0.008012391247963565,0.0,0.0
2026-09-05 10:35:00+00:00,2026-09-05 11:35:00+00:00,DOGE-USDT-SWAP,long,0.08613178379612861,0.08587704,0.08571140555354342,0.0865521620387138,-0.003656126217392809,-0.6012732417013144,False,max_hold_60m,60.0,60,0.0006985211974900486,0.0,0.006080640154628749,0.0,0.0
2026-09-05 14:30:00+00:00,2026-09-05 15:30:00+00:00,AVAX-USDT-SWAP,long,7.558641756773221,7.538229,7.521701081278642,7.5955824322678,-0.003399235001652418,-0.5584224241811954,False,max_hold_60m,60.0,60,0.0006986497073528502,0.0,0.006087210782476463,0.0,0.0
2026-09-05 16:35:00+00:00,2026-09-05 17:05:00+00:00,XRP-USDT-SWAP,long,1.413845045309517,1.4192395721313773,1.4077405437142045,1.4199495469048296,0.0031135929933318505,0.5642959577084367,True,fixed_1r,30.0,60,0.0007019077503718519,0.0,0.005517659573490331,0.0,0.0
2026-09-05 17:55:00+00:00,2026-09-05 18:00:00+00:00,DOGE-USDT-SWAP,long,0.09077843158289563,0.09206962632895814,0.0894411789947476,0.09211568417104365,0.013516473298627088,0.8484411047691872,True,fixed_1r,5.0,60,0.0007071117925455863,0.0,0.015930950566455822,0.0,0.0
2026-09-05 18:00:00+00:00,2026-09-05 18:40:00+00:00,XRP-USDT-SWAP,long,1.4249700234141067,1.416231810828798,1.4169402809692824,1.432999765858931,-0.006829141901589357,-0.9991391960796208,False,initial_stop,40.0,60,0.0006969338959972039,0.0,0.006835025518351447,0.0,0.0
2026-09-05 19:30:00+00:00,2026-09-05 19:50:00+00:00,LINK-USDT-SWAP,long,12.04802355159505,11.954302477831021,11.96028261914059,12.135764484049508,-0.008475068900387775,-0.9991122086018228,False,initial_stop,20.0,60,0.0006961105208102113,0.0,0.008482599679417342,0.0,0.0
2026-09-05 23:40:00+00:00,2026-09-06 00:40:00+00:00,XRP-USDT-SWAP,short,1.4101525001490252,1.41580755,1.4195300017883008,1.4007749985097495,-0.004640022765282146,-0.5910863693343179,False,max_hold_60m,60.0,60,0.0007020051199605635,-7.222227580555887e-05,0.007849991145131201,-7.222227580555887e-05,0.0
2026-09-06 00:00:00+00:00,2026-09-06 01:00:00+00:00,ADA-USDT-SWAP,short,0.21824475100337995,0.21940964999999998,0.21983701204055953,0.21665248996620037,-0.0060402496085704,-0.7109723608990169,False,max_hold_60m,60.0,60,0.0007026687904090807,0.0,0.008495758683125978,0.0,0.0
2026-09-06 00:05:00+00:00,2026-09-06 00:55:00+00:00,LINK-USDT-SWAP,long,12.062022866893697,12.143696445397499,11.974274402724365,12.149771331063029,0.006067748877230608,0.7159778456203223,True,fixed_1r,50.0,60,0.0007033855672222264,0.0,0.008474771830367905,0.0,0.0
2026-09-06 00:35:00+00:00,2026-09-06 01:10:00+00:00,AVAX-USDT-SWAP,long,7.604749133584019,7.636688409827718,7.568989603008242,7.640508664159797,0.0034978119257869107,0.5926221718591629,True,fixed_1r,35.0,60,0.0007020999559408639,0.0,0.005902263013234288,0.0,0.0
2026-09-06 01:15:00+00:00,2026-09-06 01:35:00+00:00,LINK-USDT-SWAP,long,12.199669662529915,12.2961522230135,12.09703595035898,12.30230337470085,0.007204666427119052,0.7494846535675138,True,fixed_1r,20.0,60,0.000703954310368744,0.0,0.009612827151063279,0.0,0.0
2026-09-06 01:20:00+00:00,2026-09-06 02:20:00+00:00,ADA-USDT-SWAP,long,0.22212591936803683,0.22058965000000003,0.22021103241644188,0.22404080631963177,-0.0076127512796407915,-0.7751718519630757,False,max_hold_60m,60.0,60,0.0006965418953078336,0.0,0.009820727185026083,0.0,0.0
2026-09-06 01:40:00+00:00,2026-09-06 02:40:00+00:00,AVAX-USDT-SWAP,long,7.682709320540125,7.6851555000000005,7.635511846481494,7.729906794598756,-0.0003817585739436091,-0.05198706840188426,False,max_hold_60m,60.0,60,0.0007001592003131848,0.0,0.007343337212101238,0.0,0.0
2026-09-06 01:40:00+00:00,2026-09-06 02:40:00+00:00,ETH-USDT-SWAP,long,2504.9921852094817,2501.7485,2493.466222513779,2516.5181479051844,-0.001994240910618128,-0.343763690071279,False,max_hold_60m,60.0,60,0.0006993525558226022,0.0,0.005801197067103348,0.0,0.0
2026-09-06 02:35:00+00:00,2026-09-06 03:35:00+00:00,DOGE-USDT-SWAP,long,0.09091880986696893,0.090884535,0.09024571840362708,0.09159190133031078,-0.0010767947423153575,-0.12516190617525674,False,max_hold_60m,60.0,60,0.0006998115083830339,0.0,0.008603214629917717,0.0,0.0
2026-09-06 05:30:00+00:00,2026-09-06 06:30:00+00:00,SOL-USDT-SWAP,long,106.00756770679253,105.68713,105.10081248151039,106.91432293207467,-0.00372127003635245,-0.3815245679588978,False,max_hold_60m,60.0,60,0.000698488609286467,0.0,0.009753683901041331,0.0,0.0
2026-09-06 05:40:00+00:00,2026-09-06 06:20:00+00:00,ADA-USDT-SWAP,long,0.22232722401799457,0.22031647487182665,0.2204266882159346,0.22422775982005452,-0.009739575699610094,-0.9990976713957327,False,initial_stop,40.0,60,0.0006954779511257578,0.0,0.009748371934451586,0.0,0.0
2026-09-06 05:40:00+00:00,2026-09-06 06:35:00+00:00,AVAX-USDT-SWAP,long,7.692631434857993,7.640754929686761,7.644577218295908,7.740685651420077,-0.007440290023995351,-0.9991277815412483,False,initial_stop,55.0,60,0.0006966281690725387,0.0,0.007446785247546621,0.0,0.0
2026-09-06 05:40:00+00:00,2026-09-06 06:40:00+00:00,LINK-USDT-SWAP,long,12.283612578886848,12.232880500000002,12.180350946642177,12.386874211131518,-0.004827996753541145,-0.5025784144943997,False,max_hold_60m,60.0,60,0.0006979349691077834,0.0,0.009606454663195535,0.0,0.0
2026-09-06 07:10:00+00:00,2026-09-06 08:10:00+00:00,ADA-USDT-SWAP,short,0.2195569785173576,0.2185092,0.22128374220829083,0.21783021482642434,0.004174372082560208,0.4605053539739727,True,max_hold_60m,60.0,60,0.0006976138801771797,-9.974631709676514e-05,0.009064763409452432,-9.974631709676514e-05,0.0
2026-09-06 07:15:00+00:00,2026-09-06 08:15:00+00:00,AVAX-USDT-SWAP,short,7.627615686634799,7.6708335,7.67838823961759,7.576843133652009,-0.006268558251605133,-0.7978907178363148,False,max_hold_60m,60.0,60,0.0007028329831457638,-0.00010024102306828875,0.007856412051770617,-0.00010024102306828875,0.0
2026-09-06 07:15:00+00:00,2026-09-06 08:15:00+00:00,XRP-USDT-SWAP,short,1.4107901382630772,1.41800865,1.4194816591569284,1.402098617369226,-0.0057543595592224744,-0.7817630031393433,False,max_hold_60m,60.0,60,0.0007025583222979606,-6.484335899674824e-05,0.007360746845418065,-6.484335899674824e-05,0.0
2026-09-06 09:15:00+00:00,2026-09-06 10:15:00+00:00,LINK-USDT-SWAP,long,12.252283068374577,12.2548695,12.167396820494927,12.337169316254228,-0.0004890076163615168,-0.0601618701519629,False,max_hold_60m,60.0,60,0.0007001055489663023,0.0,0.008128198394204372,0.0,0.0
2026-09-06 09:15:00+00:00,2026-09-06 09:20:00+00:00,SOL-USDT-SWAP,long,105.673932639443,106.23752826876739,105.05719167331581,106.29067360557018,0.004630679169779249,0.6581161801827676,True,fixed_1r,5.0,60,0.0007026666729213503,0.0,0.007036263974687946,0.0,0.0
2026-09-06 09:45:00+00:00,2026-09-06 10:45:00+00:00,DOGE-USDT-SWAP,short,0.08993771989186462,0.08997496499999999,0.0910126387023755,0.08886280108135375,-0.0011143281676946912,-0.08472810303942813,False,max_hold_60m,60.0,60,0.0007002070605535706,0.0,0.013151813007971391,0.0,0.0
2026-09-06 10:50:00+00:00,2026-09-06 11:50:00+00:00,LINK-USDT-SWAP,long,12.273181764889962,12.281856000000001,12.198181178679548,12.348182351100377,6.409972456052613e-06,0.0008767653637664733,True,max_hold_60m,60.0,60,0.0007003533816770665,0.0,0.007310932572103648,0.0,0.0
2026-09-06 11:30:00+00:00,2026-09-06 12:30:00+00:00,ADA-USDT-SWAP,long,0.22055715980313217,0.2206896,0.21898591763758596,0.2221284019686784,-9.982008796467442e-05,-0.01199188740799465,False,max_hold_60m,60.0,60,0.0007003002400760557,0.0,0.008323968076795585,0.0,0.0
2026-09-06 11:40:00+00:00,2026-09-06 12:40:00+00:00,DOGE-USDT-SWAP,short,0.08990103304201419,0.09000498,0.0905723965041703,0.08922966957985808,-0.0018568157555675646,-0.21421981337469168,False,max_hold_60m,60.0,60,0.0007005781188183746,0.0,0.008667805868730779,0.0,0.0
2026-09-06 12:25:00+00:00,2026-09-06 12:50:00+00:00,LINK-USDT-SWAP,long,12.314416480303352,12.39163627936798,12.230997763640243,12.397835196966462,0.005567547413922912,0.6982065068916796,True,fixed_1r,25.0,60,0.0007031353413776502,0.0,0.007974069790195562,0.0,0.0
2026-09-06 12:45:00+00:00,2026-09-06 13:20:00+00:00,DOGE-USDT-SWAP,short,0.08980100402380814,0.08928457974179949,0.09036204828569774,0.08923995976191854,0.0050536382779492635,0.6785557444078542,True,fixed_1r,35.0,60,0.0006971246185517495,0.0,0.007447639076962427,0.0,0.0
2026-09-06 13:30:00+00:00,2026-09-06 14:20:00+00:00,ADA-USDT-SWAP,short,0.2180774415678107,0.21623364711405413,0.2200292988137282,0.2161255843218932,0.007758996665227466,0.7644110173718135,True,fixed_1r,50.0,60,0.0006957726153597064,0.0,0.010150294133520383,0.0,0.0
2026-09-06 14:00:00+00:00,2026-09-06 14:15:00+00:00,SOL-USDT-SWAP,long,106.95067919729652,106.02511129237443,106.07815036755821,107.82320802703484,-0.00934982932238371,-0.999101732806038,False,initial_stop,15.0,60,0.000695672921799708,0.0,0.009358235518343208,0.0,0.0
2026-09-06 14:15:00+00:00,2026-09-06 14:20:00+00:00,DOGE-USDT-SWAP,short,0.0893588559265618,0.08875579645474926,0.09000627111874153,0.08871144073438207,0.006052111979189905,0.7166405598158823,True,fixed_1r,5.0,60,0.0006966256311948077,0.0,0.008445115052858299,0.0,0.0
2026-09-06 15:55:00+00:00,2026-09-06 16:55:00+00:00,ADA-USDT-SWAP,short,0.21717798163899557,0.21870929999999997,0.21913577966794676,0.21522018361004439,-0.0076544527893047986,-0.7493553505346665,False,max_hold_60m,60.0,60,0.0007035254917405712,-0.0001000561835781342,0.010214716934820485,-0.0001000561835781342,0.0
2026-09-06 17:10:00+00:00,2026-09-06 18:10:00+00:00,XRP-USDT-SWAP,short,1.407639916657382,1.4115054,1.4146789998885843,1.40060083342618,-0.003447447012921395,-0.5559835473348967,False,max_hold_60m,60.0,60,0.0007013730369879668,0.0,0.006200627751390681,0.0,0.0
2026-09-06 19:20:00+00:00,2026-09-06 20:20:00+00:00,SOL-USDT-SWAP,short,105.67320522539569,105.482715,106.25846270474827,105.08794774604311,0.0011035363846670539,0.16376900075646308,True,max_hold_60m,60.0,60,0.0006990986824664333,0.0,0.006738371606163099,0.0,0.0
2026-09-06 20:25:00+00:00,2026-09-06 20:30:00+00:00,LINK-USDT-SWAP,long,12.395339777651904,12.473362422369227,12.31107733182284,12.479602223480967,0.005591367142316276,0.6991032402202749,True,fixed_1r,5.0,60,0.000703147257199758,0.0,0.007997913356194052,0.0,0.0
2026-09-06 22:10:00+00:00,2026-09-06 22:30:00+00:00,SOL-USDT-SWAP,short,105.12847777512172,105.82461916811148,105.77173330146076,104.48522224878269,-0.0073251264968955485,-1.0008704055329014,False,initial_stop,20.0,60,0.0007033109077945504,0.0,0.007318756210995541,0.0,0.0
2026-09-06 23:05:00+00:00,2026-09-07 00:00:00+00:00,ADA-USDT-SWAP,long,0.22172176749835784,0.22357048385391307,0.21976120998029441,0.22368232501642127,0.007533120356083066,0.7501298067744512,True,fixed_1r,55.0,60,0.0007041690005821574,0.000100711807649492,0.010042422375502433,0.000100711807649492,0.0
2026-09-06 23:05:00+00:00,2026-09-06 23:45:00+00:00,ETH-USDT-SWAP,long,2509.4625579308563,2521.922828481093,2495.740695170274,2523.1844206914384,0.004262831732875223,0.6392922588486085,True,fixed_1r,40.0,60,0.0007024826571950352,0.0,0.00666804841427731,0.0,0.0
2026-09-06 23:05:00+00:00,2026-09-07 00:05:00+00:00,XRP-USDT-SWAP,long,1.4222316515248408,1.4196898000000002,1.4126798182980886,1.431783484751593,-0.0025648741248477567,-0.32400777464741004,False,max_hold_60m,60.0,60,0.0006991063862479382,7.854023447606601e-05,0.0079160882100403,7.854023447606601e-05,0.0
2026-09-06 23:10:00+00:00,2026-09-07 00:10:00+00:00,LINK-USDT-SWAP,long,13.130751364066747,13.2503715,12.89701636880096,13.364486359332533,0.008304665657507893,0.4370743148944113,True,max_hold_60m,60.0,60,0.0007045549615789925,0.00010070253889800777,0.019000580392179164,0.00010070253889800777,0.0
2026-09-06 23:20:00+00:00,2026-09-07 00:20:00+00:00,DOGE-USDT-SWAP,long,0.0906447002216151,0.09071462,0.09003640265938109,0.0912529977838491,5.6633348158026495e-05,0.00715900017799291,True,max_hold_60m,60.0,60,0.000700385680454643,1.4341880673307514e-05,0.0079107901592348,1.4341880673307514e-05,0.0
2026-09-06 23:40:00+00:00,2026-09-06 23:45:00+00:00,AVAX-USDT-SWAP,long,7.846982393257138,7.9092194793949036,7.780788719085658,7.913176067428617,0.007227374432259491,0.7500732724902686,True,fixed_1r,5.0,60,0.0007039656700511554,0.0,0.009635557881251207,0.0,0.0
2026-09-06 23:40:00+00:00,2026-09-07 00:40:00+00:00,SOL-USDT-SWAP,long,106.58569739969255,106.016965,105.87836879631054,107.29302600307456,-0.006050428779258263,-0.7721083521501506,False,max_hold_60m,60.0,60,0.0006973320416642778,1.7180066149561846e-05,0.007836243141793714,1.7180066149561846e-05,0.0
2026-09-07 00:05:00+00:00,2026-09-07 00:30:00+00:00,ADA-USDT-SWAP,long,0.22359025060789756,0.225784545174064,0.22128300729477063,0.22589749392102448,0.00910900291010221,0.7907759380555643,True,fixed_1r,25.0,60,0.0007049069549325173,0.0,0.011519069399734518,0.0,0.0
2026-09-07 01:45:00+00:00,2026-09-07 02:35:00+00:00,SOL-USDT-SWAP,short,105.1595569832407,106.08770114078789,106.03468379888845,104.28443016759296,-0.009530469205703732,-1.000900448439791,False,initial_stop,50.0,60,0.0007044130280888074,0.0,0.009521895230000025,0.0,0.0
2026-09-07 02:10:00+00:00,2026-09-07 02:35:00+00:00,XRP-USDT-SWAP,short,1.402831224294795,1.4126806788833073,1.4119746915375386,1.3936877570520512,-0.007724636424642209,-1.000877120123712,False,initial_stop,25.0,60,0.0007035105629308556,0.0,0.007717866928247311,0.0,0.0
2026-09-07 02:40:00+00:00,2026-09-07 03:00:00+00:00,AVAX-USDT-SWAP,long,7.925257879746175,7.836174509675623,7.8400945569541,8.01042120253825,-0.011934817811173604,-0.9990797506722536,False,initial_stop,20.0,60,0.0006943797809849057,0.0,0.011945810935656527,0.0,0.0
2026-09-07 02:40:00+00:00,2026-09-07 02:55:00+00:00,ETH-USDT-SWAP,long,2531.7778582228993,2513.666836525455,2514.924298674792,2548.6314177710065,-0.007849903032686182,-0.9991211260578832,False,initial_stop,15.0,60,0.0006964232601137137,0.0,0.00785680817666086,0.0,0.0
2026-09-07 03:30:00+00:00,2026-09-07 04:30:00+00:00,ADA-USDT-SWAP,short,0.22004959139830954,0.21890939999999998,0.22279509677971446,0.21730408601690462,0.004484110939537436,0.3278636001348564,True,max_hold_60m,60.0,60,0.0006974092399102762,0.0,0.013676757461618302,0.0,0.0
2026-09-07 03:30:00+00:00,2026-09-07 04:30:00+00:00,DOGE-USDT-SWAP,short,0.0895946709584508,0.08958477,0.09052605150140952,0.08866329041549209,-0.0005894364048210949,-0.05083324498170595,False,max_hold_60m,60.0,60,0.0006999447458294958,0.0,0.011595490412489372,0.0,0.0
2026-09-07 03:30:00+00:00,2026-09-07 04:30:00+00:00,XRP-USDT-SWAP,short,1.4072950710784558,1.4068030499999997,1.4204408529414712,1.3941492892154403,-0.00035020335883219106,-0.03322243867128335,False,max_hold_60m,60.0,60,0.0006998251890848736,0.0,0.01054116954800486,0.0,0.0
2026-09-07 03:45:00+00:00,2026-09-07 04:45:00+00:00,BTC-USDT-SWAP,short,79637.64205349624,79682.52135,79963.70464195481,79311.57946503766,-0.0012638255351890841,-0.23871313844848682,False,max_hold_60m,60.0,60,0.0007002817718816537,0.0,0.00529432750707943,0.0,0.0
2026-09-07 03:45:00+00:00,2026-09-07 04:45:00+00:00,ETH-USDT-SWAP,short,2498.3015038925405,2497.6582049999997,2514.048046710487,2482.554961074594,-0.0004423767543732286,-0.05896077453037522,False,max_hold_60m,60.0,60,0.0006998712527508112,0.0,0.007502899307154223,0.0,0.0
2026-09-07 04:25:00+00:00,2026-09-07 04:40:00+00:00,LINK-USDT-SWAP,long,13.173028151113755,13.01282814445838,13.019337813365063,13.326718488862447,-0.012855132807372696,-0.9990740586994316,False,initial_stop,15.0,60,0.0006939193932929601,0.0,0.012867046937548525,0.0,0.0
2026-09-07 05:25:00+00:00,2026-09-07 05:35:00+00:00,LINK-USDT-SWAP,long,13.278301937846233,13.44425513122691,13.10562325415479,13.450980621537678,0.011791824448668243,0.8301426692964062,True,fixed_1r,10.0,60,0.0007062490367427055,0.0,0.01420457577329749,0.0,0.0
2026-09-07 06:15:00+00:00,2026-09-07 06:40:00+00:00,DOGE-USDT-SWAP,long,0.09044333431622557,0.08977510178880962,0.08982001179470697,0.09106665683774418,-0.008084716808615267,-0.9991176149023542,False,initial_stop,25.0,60,0.0006963057944929388,0.0,0.008091856942593694,0.0,0.0
2026-09-07 06:40:00+00:00,2026-09-07 07:30:00+00:00,SOL-USDT-SWAP,short,104.90460512470483,104.35610072732811,105.50526149645802,104.30394875295164,0.004531216007372108,0.6542574177211232,True,fixed_1r,50.0,60,0.0006973856991467405,0.0,0.006925738837100256,0.0,0.0
2026-09-07 06:40:00+00:00,2026-09-07 07:30:00+00:00,XRP-USDT-SWAP,short,1.4068082071450518,1.3997174375137564,1.414598485740622,1.3990179285494817,0.004342844490158405,0.6445727174771949,True,fixed_1r,50.0,60,0.0006974798378360028,0.0,0.006737555550219291,0.0,0.0
2026-09-07 06:45:00+00:00,2026-09-07 07:35:00+00:00,ADA-USDT-SWAP,short,0.21829124060219865,0.2162956877750023,0.220394887226384,0.2161875939780133,0.008446269901174584,0.7794004754775813,True,fixed_1r,50.0,60,0.0006954291504741757,0.0,0.010836880611343087,0.0,0.0
2026-09-07 07:25:00+00:00,2026-09-07 07:35:00+00:00,DOGE-USDT-SWAP,short,0.08955349949521754,0.08900948755034853,0.09014199394261047,0.08896500504782462,0.005377751890315738,0.6919901109326427,True,fixed_1r,10.0,60,0.0006969626427334754,0.0,0.007771428818639866,0.0,0.0
2026-09-07 07:40:00+00:00,2026-09-07 08:40:00+00:00,SOL-USDT-SWAP,short,104.21247718203472,104.59227,105.00972618441656,103.41522817965287,-0.0043584189165168565,-0.492464137853379,False,max_hold_60m,60.0,60,0.0007018222041555632,1.218840123485682e-05,0.008850225999226944,1.218840123485682e-05,0.0
2026-09-07 07:40:00+00:00,2026-09-07 08:30:00+00:00,XRP-USDT-SWAP,short,1.3939674981330987,1.4053122825859843,1.4046099775971859,1.3833250186690116,-0.008754826830105679,-0.9909627092348932,False,initial_stop,50.0,60,0.0007040692428152304,-8.772804317030998e-05,0.008834668296312728,-8.772804317030998e-05,0.0
2026-09-07 09:15:00+00:00,2026-09-07 10:00:00+00:00,LINK-USDT-SWAP,long,13.487363734576322,13.286718132508394,13.29336481491585,13.681362654236793,-0.015569123663713031,-0.9990611916711006,False,initial_stop,45.0,60,0.0006925617190276574,0.0,0.015583753821596264,0.0,0.0
2026-09-07 09:55:00+00:00,2026-09-07 10:40:00+00:00,ADA-USDT-SWAP,short,0.2172846582168034,0.21942555655094187,0.21931589860164105,0.21525341783196575,-0.010557892411199662,-1.0009101595835022,False,initial_stop,45.0,60,0.0007049264829641177,0.0,0.010548291782344385,0.0,0.0
2026-09-07 09:55:00+00:00,2026-09-07 10:55:00+00:00,XRP-USDT-SWAP,short,1.3974479769066739,1.4017005,1.4056757228800865,1.3892202309332613,-0.0037445851474848394,-0.5283220725390001,False,max_hold_60m,60.0,60,0.0007015215318078385,0.0,0.0070876939316375405,0.0,0.0
2026-09-07 11:10:00+00:00,2026-09-07 12:10:00+00:00,DOGE-USDT-SWAP,short,0.08943998117543193,0.08999497499999999,0.08998977410518329,0.08889018824568058,-0.006908312146121812,-0.9402825287842169,False,max_hold_60m,60.0,60,0.0007031026047706755,0.0,0.007347059989569565,0.0,0.0
2026-09-07 11:35:00+00:00,2026-09-07 12:35:00+00:00,ADA-USDT-SWAP,long,0.2199415178049295,0.22078955000000003,0.2181982136591539,0.22168482195070507,0.003153788895486149,0.34557462052985277,True,max_hold_60m,60.0,60,0.0007019278583769316,0.0,0.00912621676513917,0.0,0.0
2026-09-07 12:20:00+00:00,2026-09-07 12:40:00+00:00,AVAX-USDT-SWAP,long,7.885161903476799,7.934411774749391,7.831942841721593,7.938380965232006,0.005542769259468262,0.697267983543021,True,fixed_1r,20.0,60,0.0007031229461027855,0.0,0.007949266838990431,0.0,0.0
2026-09-07 13:05:00+00:00,2026-09-07 13:35:00+00:00,XRP-USDT-SWAP,long,1.4124550124837612,1.4046574697302305,1.4053601498051331,1.4195498751623892,-0.006217799797707507,-0.9991528595245235,False,initial_stop,30.0,60,0.0006972397199611268,0.0,0.006223071613553137,0.0,0.0
2026-09-07 14:10:00+00:00,2026-09-07 15:10:00+00:00,LINK-USDT-SWAP,short,13.02534952702443,12.996495,13.183194324293169,12.86750472975569,0.0015163669564526015,0.11385608846391691,True,max_hold_60m,60.0,60,0.0006988923703366055,0.0,0.01331827728240608,0.0,0.0
2026-09-07 15:35:00+00:00,2026-09-07 16:35:00+00:00,ADA-USDT-SWAP,short,0.2178833154631622,0.22000995,0.22099978555794658,0.2147668453683778,-0.010365668294194344,-0.6686065507262495,False,max_hold_60m,60.0,60,0.0007048802142842308,-9.964048855163734e-05,0.015503390271804867,-9.964048855163734e-05,0.0
2026-09-07 15:35:00+00:00,2026-09-07 16:35:00+00:00,ETH-USDT-SWAP,short,2474.3492914244907,2475.4871249999997,2490.1814970938917,2458.5170857550897,-0.001119077975759064,-0.14727552954144743,False,max_hold_60m,60.0,60,0.0007002299258191745,-4.1003588408981865e-05,0.007598533030187642,-4.1003588408981865e-05,0.0
2026-09-07 16:00:00+00:00,2026-09-07 17:00:00+00:00,AVAX-USDT-SWAP,long,8.07667226912813,8.057969,7.963067229537551,8.19027730871871,-0.003014556895544784,-0.19747097606898067,False,max_hold_60m,60.0,60,0.0006988421426235394,0.0,0.015265822631533138,0.0,0.0
2026-09-07 17:45:00+00:00,2026-09-07 18:25:00+00:00,AVAX-USDT-SWAP,long,8.144059071080083,8.063674998534523,8.067708852961003,8.220409289199162,-0.010565336168126688,-0.999090056496588,False,initial_stop,40.0,60,0.0006950648643481108,0.0,0.010574958783170283,0.0,0.0
2026-09-07 18:10:00+00:00,2026-09-07 18:15:00+00:00,LINK-USDT-SWAP,short,12.881173775132657,12.786652379797756,12.982085301591894,12.78026224867342,0.006641617905592975,0.7351776004289404,True,fixed_1r,5.0,60,0.0006963310255344363,0.0,0.009034031915169768,0.0,0.0
2026-09-07 18:35:00+00:00,2026-09-07 19:25:00+00:00,SOL-USDT-SWAP,short,103.60657986860025,104.17101790241458,104.11895842320298,103.09420131399752,-0.006150621510211455,-1.0008456146373634,False,initial_stop,50.0,60,0.0007027239487807154,0.0,0.006145424849006318,0.0,0.0
2026-09-07 18:55:00+00:00,2026-09-07 19:55:00+00:00,AVAX-USDT-SWAP,long,8.095202993926952,8.089953,8.009435927123418,8.180970060730486,-0.001348207207889101,-0.11430520779872762,False,max_hold_60m,60.0,60,0.0006996757342631871,0.0,0.011794801250552545,0.0,0.0
2026-09-07 19:10:00+00:00,2026-09-07 19:30:00+00:00,ADA-USDT-SWAP,short,0.2190800455832583,0.22117107727259894,0.2210605469990994,0.2170995441674172,-0.010249373607329469,-1.0009074480021039,False,initial_stop,20.0,60,0.000704772300653338,0.0,0.010240081266043217,0.0,0.0
2026-09-07 21:05:00+00:00,2026-09-07 22:00:00+00:00,AVAX-USDT-SWAP,long,8.140629144286175,8.066514456568376,8.070549731434092,8.210708557138258,-0.009799742668652875,-0.9990970732046873,False,initial_stop,55.0,60,0.0006954478525919695,0.0,0.009808599115618847,0.0,0.0
2026-09-07 22:20:00+00:00,2026-09-07 22:35:00+00:00,XRP-USDT-SWAP,short,1.3917164519047411,1.3856279486930656,1.398497422856893,1.3849354809525893,0.0036770032717112116,0.6055292108116842,True,fixed_1r,15.0,60,0.0006978125920681104,0.0,0.00607237967394233,0.0,0.0
2026-09-07 22:40:00+00:00,2026-09-07 23:05:00+00:00,SOL-USDT-SWAP,short,103.28044485367678,103.8872559132434,103.83533824412135,102.72555146323222,-0.006578309935211127,-1.000855666794033,False,initial_stop,25.0,60,0.0007029376861245433,0.0,0.00657268590613364,0.0,0.0
2026-09-07 23:15:00+00:00,2026-09-08 00:15:00+00:00,DOGE-USDT-SWAP,long,0.09073215943217938,0.09095450000000001,0.08998591318615255,0.09147840567820621,0.001649590254115638,0.1750281121512165,True,max_hold_60m,60.0,60,0.0007012252577763611,9.97000408301945e-05,0.009424716028991191,9.97000408301945e-05,0.0
2026-09-08 00:45:00+00:00,2026-09-08 01:45:00+00:00,DOGE-USDT-SWAP,long,0.09126175118147473,0.09109443,0.0904010141776967,0.09212248818525275,-0.0025325039649023574,-0.23820714604017754,False,max_hold_60m,60.0,60,0.00069908328966238,0.0,0.010631519696202603,0.0,0.0
2026-09-08 01:00:00+00:00,2026-09-08 02:00:00+00:00,ADA-USDT-SWAP,long,0.22191303510487292,0.22218885000000002,0.21985642125847532,0.22396964895127053,0.000542274873800235,0.05180480070388553,True,max_hold_60m,60.0,60,0.0007006214481609806,0.0,0.010467656789181752,0.0,0.0
2026-09-08 01:10:00+00:00,2026-09-08 01:20:00+00:00,ETH-USDT-SWAP,long,2494.8434698690826,2503.672838658523,2484.761638428988,2504.925301309177,0.0028372776735802853,0.5413548954489411,True,fixed_1r,10.0,60,0.0007017695235985895,0.0,0.005241067731044262,0.0,0.0
2026-09-08 02:25:00+00:00,2026-09-08 02:30:00+00:00,DOGE-USDT-SWAP,long,0.09134658548560658,0.09060370131436521,0.09064902582727884,0.09204414514393432,-0.00882852199355327,-0.999107725816198,False,initial_stop,5.0,60,0.0006959337058561514,0.0,0.008836406490942719,0.0,0.0
2026-09-08 03:00:00+00:00,2026-09-08 04:00:00+00:00,ADA-USDT-SWAP,short,0.2177206485249162,0.2185092,0.2201477822989946,0.21529351475083783,-0.0043236606686895395,-0.3501527717981056,False,max_hold_60m,60.0,60,0.0007018109248719089,0.0,0.012347926439327223,0.0,0.0
2026-09-08 03:00:00+00:00,2026-09-08 03:20:00+00:00,SOL-USDT-SWAP,short,103.28379080224877,102.74343802350103,103.87548962698527,102.69209197751228,0.004534344624048683,0.654413827392896,True,fixed_1r,20.0,60,0.0006973841356201656,0.0,0.006928864327505047,0.0,0.0
2026-09-08 03:25:00+00:00,2026-09-08 04:25:00+00:00,ETH-USDT-SWAP,short,2480.9625540440447,2481.250005,2492.9806485285403,2468.944459559549,-0.0008159206054780337,-0.13499398343470073,False,max_hold_60m,60.0,60,0.0007000579313370705,0.0,0.006044125706333503,0.0,0.0
2026-09-08 05:00:00+00:00,2026-09-08 06:00:00+00:00,SOL-USDT-SWAP,short,102.9818261973914,102.95145,103.55191436869669,102.41173802608611,-0.00040488593364184787,-0.060109434574921385,False,max_hold_60m,60.0,60,0.0006998525167084668,0.0,0.006735813379465272,0.0,0.0
2026-09-08 06:00:00+00:00,2026-09-08 07:00:00+00:00,XRP-USDT-SWAP,short,1.387178244477804,1.38339135,1.3957389337336468,1.3786175552219613,0.0020312913391813507,0.27556768858481895,True,max_hold_60m,60.0,60,0.0006986350368120033,0.0,0.007371297228688425,0.0,0.0
2026-09-08 06:05:00+00:00,2026-09-08 07:05:00+00:00,DOGE-USDT-SWAP,short,0.08960127573604448,0.089314635,0.09038530883253386,0.08881724263955511,0.0025006693437863163,0.25131736914155794,True,max_hold_60m,60.0,60,0.000698400465095559,0.0,0.009950244793378289,0.0,0.0
2026-09-08 06:05:00+00:00,2026-09-08 06:20:00+00:00,SOL-USDT-SWAP,short,102.89718768305778,102.31925723100694,103.52625219669332,102.26812316942224,0.004919389900702471,0.6726428094931205,True,fixed_1r,15.0,60,0.0006971917091950512,0.0,0.007313524847473723,0.0,0.0
2026-09-08 06:20:00+00:00,2026-09-08 07:20:00+00:00,ADA-USDT-SWAP,short,0.2166220172100812,0.2163081,0.2190642065209742,0.2141798278991882,0.0007498718677411684,0.060114950830504825,True,max_hold_60m,60.0,60,0.0006992754263529529,0.0,0.012473966249351936,0.0,0.0
2026-09-08 06:20:00+00:00,2026-09-08 07:20:00+00:00,AVAX-USDT-SWAP,short,8.034154818802698,8.052024,8.079857825632372,7.9884518119730235,-0.0029252640372400373,-0.4246535721722687,False,max_hold_60m,60.0,60,0.0007011120759806297,0.0,0.006888589261774417,0.0,0.0
2026-09-08 06:45:00+00:00,2026-09-08 07:35:00+00:00,LINK-USDT-SWAP,short,12.59184358578513,12.706473090936253,12.700123029421542,12.483564142148717,-0.009808024501921897,-1.0009032724302978,False,initial_stop,50.0,60,0.0007045517363827695,0.0,0.009799173178949638,0.0,0.0
2026-09-08 06:50:00+00:00,2026-09-08 07:50:00+00:00,BTC-USDT-SWAP,short,78338.87092843474,78288.42465,78665.25114121693,78012.49071565256,-5.57285039241072e-05,-0.010384977536624776,False,max_hold_60m,60.0,60,0.0006996780252393423,0.0,0.005366261383577296,0.0,0.0
2026-09-08 09:55:00+00:00,2026-09-08 10:10:00+00:00,AVAX-USDT-SWAP,long,8.108062487411129,8.147299438325772,8.064749848933541,8.151375125888716,0.0041368315488535855,0.6323571976498376,True,fixed_1r,15.0,60,0.0007024196255872203,0.0,0.006541922135508483,0.0,0.0
2026-09-08 10:25:00+00:00,2026-09-08 11:05:00+00:00,SOL-USDT-SWAP,long,103.77101888765077,103.18061053848334,103.23222665180923,104.30981112349231,-0.006386685466890749,-0.9991488234098521,False,initial_stop,40.0,60,0.0006971552348839966,0.0,0.006392126295154453,0.0,0.0
2026-09-08 11:15:00+00:00,2026-09-08 11:30:00+00:00,LINK-USDT-SWAP,short,12.528400338976814,12.442214608536963,12.62080406772178,12.435996610231848,0.0061826682554840355,0.720965400163639,True,fixed_1r,15.0,60,0.0006965603856794183,0.0,0.008575540870727975,0.0,0.0
2026-09-08 11:50:00+00:00,2026-09-08 12:50:00+00:00,SOL-USDT-SWAP,short,102.7757748953877,103.21158,103.27929874465237,102.27225104612303,-0.004942468690782629,-0.8103408739883476,False,max_hold_60m,60.0,60,0.0007021201742582622,0.0,0.006099246439904622,0.0,0.0
2026-09-08 12:05:00+00:00,2026-09-08 13:05:00+00:00,ETH-USDT-SWAP,short,2468.8233680146277,2474.8568099999998,2478.8704161755327,2458.7763198537227,-0.0031450751659966407,-0.5968372168984595,False,max_hold_60m,60.0,60,0.0007012219266196885,0.0,0.005269569452019805,0.0,0.0
2026-09-08 12:50:00+00:00,2026-09-08 13:35:00+00:00,XRP-USDT-SWAP,long,1.3968673768572704,1.3881141180261019,1.3888085222872455,1.4049262314272952,-0.006963216069543065,-0.9991365203589725,False,initial_stop,45.0,60,0.0006968668253779175,0.0,0.006969233861095681,0.0,0.0
2026-09-08 13:15:00+00:00,2026-09-08 13:30:00+00:00,ADA-USDT-SWAP,long,0.21941880904325398,0.2173169956647882,0.21742570851904772,0.22141190956746024,-0.01027421326337803,-0.999092601425766,False,initial_stop,15.0,60,0.0006952104986176198,0.0,0.010283544537029003,0.0,0.0
2026-09-08 13:25:00+00:00,2026-09-08 13:30:00+00:00,AVAX-USDT-SWAP,short,8.022725930285723,7.9857315674913325,8.063711163428685,7.981740697142762,0.003913501732131333,0.62033982084212,True,fixed_1r,5.0,60,0.0006976944019329678,0.0,0.006308641813157665,0.0,0.0
2026-09-08 13:25:00+00:00,2026-09-08 13:30:00+00:00,ETH-USDT-SWAP,short,2469.3812247369033,2460.477376507285,2479.5146968428367,2459.24775263097,0.0029075029908280626,0.5482081045472456,True,fixed_1r,5.0,60,0.0006981971499296211,0.0,0.005303648316599246,0.0,0.0
2026-09-08 13:25:00+00:00,2026-09-08 13:35:00+00:00,SOL-USDT-SWAP,short,102.81048749756486,102.30625258686361,103.36584997077829,102.25512502435144,0.004206960762816698,0.6372437693857461,True,fixed_1r,10.0,60,0.0006975477457457188,0.0,0.006601807604759924,0.0,0.0
2026-09-08 13:30:00+00:00,2026-09-08 13:35:00+00:00,LINK-USDT-SWAP,short,12.46578485657006,12.375336010016563,12.562418278840708,12.369151434299413,0.006559396180664862,0.7327385008617401,True,fixed_1r,5.0,60,0.0006963721158517417,0.0,0.008951892350341434,0.0,0.0
2026-09-08 13:35:00+00:00,2026-09-08 13:40:00+00:00,DOGE-USDT-SWAP,short,0.08882237434991605,0.0880702696290899,0.08961849219899262,0.08802625650083948,0.007771748010497498,0.7647075643278752,True,fixed_1r,5.0,60,0.0006957662428733146,0.0,0.010163032737002312,0.0,0.0
2026-09-08 14:00:00+00:00,2026-09-08 14:45:00+00:00,XRP-USDT-SWAP,long,1.4017951346993187,1.4143411286803105,1.3885416163918236,1.4150486530068138,0.00824547332459604,0.7738830918794047,True,fixed_1r,45.0,60,0.0007044749741493727,0.0,0.010654675636563648,0.0,0.0
2026-09-08 15:40:00+00:00,2026-09-08 16:40:00+00:00,DOGE-USDT-SWAP,long,0.09035521739189888,0.09067464,0.08942260870278645,0.0912878260810113,0.0027331154940576385,0.23721705465013335,True,max_hold_60m,60.0,60,0.0007017675936006865,0.00010030411371477235,0.011521580933920014,0.00010030411371477235,0.0
2026-09-08 15:40:00+00:00,2026-09-08 16:40:00+00:00,ETH-USDT-SWAP,long,2490.359926249656,2500.679035,2473.419114995869,2507.3007375034426,0.003385389272929894,0.4230385323786556,True,max_hold_60m,60.0,60,0.000702071810713298,5.6160342952838455e-05,0.008002555355642359,5.6160342952838455e-05,0.0
2026-09-08 15:45:00+00:00,2026-09-08 16:40:00+00:00,LINK-USDT-SWAP,long,12.674307646472991,12.785527573502465,12.556691757675884,12.791923535270099,0.008112848099716746,0.7741365543082394,True,fixed_1r,55.0,60,0.0007043876135143534,-4.200868452439881e-05,0.010479866962187705,-4.200868452439881e-05,0.0
2026-09-08 16:40:00+00:00,2026-09-08 17:40:00+00:00,DOGE-USDT-SWAP,long,0.09063087485203601,0.090124915,0.08965049822443223,0.09161125147963979,-0.0062798520419847055,-0.5225699069846018,False,max_hold_60m,60.0,60,0.0006972086783181667,0.0,0.012017247755848576,0.0,0.0
2026-09-08 18:25:00+00:00,2026-09-08 18:45:00+00:00,ETH-USDT-SWAP,long,2502.011253090356,2487.1408445657294,2488.3850370842715,2515.637469096441,-0.006640410260747823,-0.9991431457260532,False,initial_stop,20.0,60,0.0006970283090241381,0.0,0.006646105004225793,0.0,0.0
2026-09-08 18:25:00+00:00,2026-09-08 18:45:00+00:00,LINK-USDT-SWAP,long,12.744539430638136,12.645147431073799,12.651473167657628,12.837605693618645,-0.008494891616540856,-0.9991119473187194,False,initial_stop,20.0,60,0.0006961006044939765,0.0,0.00850244223316345,0.0,0.0
2026-09-08 18:25:00+00:00,2026-09-08 18:45:00+00:00,XRP-USDT-SWAP,long,1.4417876498709437,1.427737572552098,1.4284517984513236,1.4551235012905637,-0.010440028138986526,-0.9990911345108274,False,initial_stop,20.0,60,0.0006951275497053594,0.0,0.010449525351957154,0.0,0.0
2026-09-08 21:35:00+00:00,2026-09-08 22:35:00+00:00,ADA-USDT-SWAP,short,0.22002375160482499,0.21970979999999998,0.22248501925789987,0.2175624839517501,0.000727612147944698,0.058742956874717166,True,max_hold_60m,60.0,60,0.0006992865506507023,0.0,0.012386372539885894,0.0,0.0
2026-09-08 21:35:00+00:00,2026-09-08 22:35:00+00:00,ETH-USDT-SWAP,short,2481.5459792150536,2483.8412999999996,2492.2817505806424,2470.810207849465,-0.0016254184546944481,-0.29412720397727093,False,max_hold_60m,60.0,60,0.000700462477988353,0.0,0.0055262431788528285,0.0,0.0
2026-09-08 21:55:00+00:00,2026-09-08 22:55:00+00:00,DOGE-USDT-SWAP,short,0.0893653253387092,0.08993494499999999,0.09008390406451025,0.08864674661290814,-0.007077243846664325,-0.765859881620102,False,max_hold_60m,60.0,60,0.0007031870284091276,0.0,0.009240912099603787,0.0,0.0
2026-09-08 23:20:00+00:00,2026-09-09 00:10:00+00:00,XRP-USDT-SWAP,short,1.4160499536194338,1.4250115931549212,1.4242994434332046,1.407800463805663,-0.00693262063775644,-0.9867508351538841,False,initial_stop,50.0,60,0.000703164309109499,-9.916189035122258e-05,0.007025705366314989,-9.916189035122258e-05,0.0
2026-09-09 00:15:00+00:00,2026-09-09 01:15:00+00:00,SOL-USDT-SWAP,long,103.68026725331843,103.58818000000001,103.24320703982119,104.11732746681568,-0.001587740860726032,-0.2931866012945273,False,max_hold_60m,60.0,60,0.0006995559075233987,0.0,0.005415461872116832,0.0,0.0
2026-09-09 01:20:00+00:00,2026-09-09 02:20:00+00:00,ADA-USDT-SWAP,short,0.21826956152269184,0.21780885,0.220134738272302,0.21640438477308166,0.001411801000733041,0.14487008275017765,True,max_hold_60m,60.0,60,0.0006989446271860405,0.0,0.00974529022094667,0.0,0.0
2026-09-09 02:20:00+00:00,2026-09-09 03:20:00+00:00,ADA-USDT-SWAP,short,0.2178938754915133,0.21670829999999996,0.22002650589815928,0.2157612450848673,0.004743788984813761,0.43174522637653234,True,max_hold_60m,60.0,60,0.0006972794657747058,0.0,0.010987472923850284,0.0,0.0
2026-09-09 02:20:00+00:00,2026-09-09 03:20:00+00:00,AVAX-USDT-SWAP,short,7.951359465830996,7.9269615,7.999313589971951,7.903405341690041,0.0023699360177097044,0.32774964036859205,True,max_hold_60m,60.0,60,0.0006984657990915993,0.0,0.007230933999025718,0.0,0.0
2026-09-09 03:05:00+00:00,2026-09-09 04:05:00+00:00,DOGE-USDT-SWAP,short,0.08978231710428532,0.0902451,0.09046780525142382,0.08909682895714681,-0.005857076605905903,-0.6629400626683146,False,max_hold_60m,60.0,60,0.0007025772496781139,0.0,0.008835001738062622,0.0,0.0
2026-09-09 03:15:00+00:00,2026-09-09 04:15:00+00:00,LINK-USDT-SWAP,short,12.404265174987875,12.4672305,12.484182099854506,12.324348250121245,-0.0057786408373192225,-0.7560996680123495,False,max_hold_60m,60.0,60,0.0007025380513929631,0.0,0.007642697228673877,0.0,0.0
2026-09-09 03:20:00+00:00,2026-09-09 04:00:00+00:00,AVAX-USDT-SWAP,short,7.927335860830663,7.979017845132939,7.9750303299679555,7.8796413916933705,-0.007222724178991628,-1.0008685648665763,False,initial_stop,40.0,60,0.0007032597322233841,0.0,0.007216456218658915,0.0,0.0
2026-09-09 03:25:00+00:00,2026-09-09 04:00:00+00:00,ADA-USDT-SWAP,short,0.21627604778520768,0.21832167970920344,0.2182125734224922,0.21433952214792315,-0.010163159517277535,-1.000906660836293,False,initial_stop,35.0,60,0.0007047292151510633,0.0,0.010153953325463788,0.0,0.0
2026-09-09 04:05:00+00:00,2026-09-09 04:40:00+00:00,ETH-USDT-SWAP,long,2501.0659494732236,2509.974890015129,2490.9013936786846,2511.2305052677625,0.002860276398753064,0.5433563418435162,True,fixed_1r,35.0,60,0.0007017810287137334,0.0,0.005264089472202771,0.0,0.0
2026-09-09 04:45:00+00:00,2026-09-09 05:30:00+00:00,AVAX-USDT-SWAP,long,8.037823678846403,7.976893704083753,7.98088414615683,8.094763211535975,-0.008276616781920872,-0.9991148933910327,False,initial_stop,45.0,60,0.0006962097965072932,0.0,0.008283948959893622,0.0,0.0
2026-09-09 04:45:00+00:00,2026-09-09 05:35:00+00:00,DOGE-USDT-SWAP,long,0.09066243728480541,0.08998423279395612,0.09002924741766495,0.09129562715194588,-0.008176805266931377,-0.9991162929669576,False,initial_stop,50.0,60,0.0006962597272301493,0.0,0.00818403755848049,0.0,0.0
2026-09-09 04:45:00+00:00,2026-09-09 05:45:00+00:00,SOL-USDT-SWAP,long,104.22404491481731,103.858045,103.60853897780771,104.83955085182691,-0.004209909015322552,-0.5924772915408972,False,max_hold_60m,60.0,60,0.0006982441675761268,0.0,0.007105604004456518,0.0,0.0
2026-09-09 04:45:00+00:00,2026-09-09 05:45:00+00:00,XRP-USDT-SWAP,long,1.4331342978376602,1.4244874,1.4225115740519247,1.4437570216233957,-0.006730540474665492,-0.7815094319874633,False,max_hold_60m,60.0,60,0.0006969832213733539,0.0,0.008612231918364693,0.0,0.0
2026-09-09 06:20:00+00:00,2026-09-09 07:20:00+00:00,XRP-USDT-SWAP,long,1.4368749516322203,1.4362815000000002,1.4266994195866445,1.4470504836777962,-0.00111280899616924,-0.1343694677954231,False,max_hold_60m,60.0,60,0.0006997934922480394,0.0,0.008281710230954302,0.0,0.0
2026-09-09 06:25:00+00:00,2026-09-09 07:25:00+00:00,DOGE-USDT-SWAP,long,0.09048781305105898,0.09073461000000001,0.08991375661270772,0.09106186948941024,0.0020260416861591184,0.26856263060301333,True,max_hold_60m,60.0,60,0.0007013637026944267,0.0,0.007544019365650292,0.0,0.0
2026-09-09 06:25:00+00:00,2026-09-09 07:25:00+00:00,SOL-USDT-SWAP,long,104.52248052037197,104.777585,103.88976624446359,105.15519479628036,0.0017394458122195109,0.2398117638587188,True,max_hold_60m,60.0,60,0.0007012203330726461,0.0,0.007253379835212242,0.0,0.0
2026-09-09 07:10:00+00:00,2026-09-09 08:10:00+00:00,ADA-USDT-SWAP,long,0.22113287741009535,0.221889,0.2192945289211444,0.2229712258990463,0.0026642503861991655,0.2800547273330249,True,max_hold_60m,60.0,60,0.0007017096566525077,5.335326216360219e-05,0.009513320526923271,5.335326216360219e-05,0.0
2026-09-09 07:10:00+00:00,2026-09-09 07:50:00+00:00,LINK-USDT-SWAP,long,12.598880396391078,12.514304474314583,12.520564756692929,12.677196036089226,-0.007409614779712535,-0.9991283095798517,False,initial_stop,40.0,60,0.0006966435143673273,0.0,0.007416079304997762,0.0,0.0
2026-09-09 08:00:00+00:00,2026-09-09 08:50:00+00:00,DOGE-USDT-SWAP,long,0.09079981099788009,0.09119626907618851,0.09035773197456108,0.0912418900211991,0.0036641043402448814,0.6037687068024888,True,fixed_1r,50.0,60,0.0007021831437419935,0.0,0.006068721844909265,0.0,0.0
2026-09-09 09:10:00+00:00,2026-09-09 09:35:00+00:00,LINK-USDT-SWAP,short,12.443063803405888,12.382550146924093,12.509765640870654,12.376361965941122,0.004165675710307324,0.6349569691356378,True,fixed_1r,25.0,60,0.0006975683779558684,0.0,0.006560563806360024,0.0,0.0
2026-09-09 09:45:00+00:00,2026-09-09 09:55:00+00:00,AVAX-USDT-SWAP,short,7.937939955776549,7.898547742455634,7.98127946931858,7.894600442234517,0.004265004730086789,0.6404109503177035,True,fixed_1r,10.0,60,0.0006975187382658237,0.0,0.006659793571566741,0.0,0.0
2026-09-09 12:35:00+00:00,2026-09-09 13:35:00+00:00,ADA-USDT-SWAP,long,0.22102776876161137,0.2206896,0.21913322513933622,0.22292231238388652,-0.0022292181571768916,-0.2281342601385151,False,max_hold_60m,60.0,60,0.0006992350084256244,0.0,0.00977151856026968,0.0,0.0
2026-09-09 12:45:00+00:00,2026-09-09 13:35:00+00:00,DOGE-USDT-SWAP,long,0.09122366372280981,0.0905586626913809,0.09060396467371774,0.09184336277190187,-0.007986141597347438,-0.9991190637429264,False,initial_stop,50.0,60,0.0006963551067547036,0.0,0.007993183082133917,0.0,0.0
2026-09-09 13:35:00+00:00,2026-09-09 13:35:00+00:00,AVAX-USDT-SWAP,long,8.003947907296247,7.955395200111201,7.9593748875549775,8.048520927037517,-0.006763061803190439,-0.9991405538758977,False,initial_stop,0.0,60,0.0006969669525746921,0.0,0.00676887929026097,0.0,0.0
2026-09-09 13:45:00+00:00,2026-09-09 14:45:00+00:00,LINK-USDT-SWAP,short,12.106280289984195,12.083038499999999,12.219363479810346,11.993197100158044,0.0012207725512869618,0.11581326365961025,True,max_hold_60m,60.0,60,0.0006990400936775177,0.0,0.010540869954886737,0.0,0.0
2026-09-09 15:05:00+00:00,2026-09-09 15:20:00+00:00,ADA-USDT-SWAP,short,0.2170811238734191,0.2140957556464417,0.22017348648102938,0.21398876126580882,0.013059192221763771,0.8455182027772777,True,fixed_1r,15.0,60,0.000693123841968134,0.0,0.015445193466998321,0.0,0.0
2026-09-09 15:05:00+00:00,2026-09-09 15:20:00+00:00,AVAX-USDT-SWAP,short,7.925822745897995,7.854697927290555,8.000872950775944,7.850772541020046,0.008278295793149365,0.7759150906997705,True,fixed_1r,15.0,60,0.0006955130955556475,0.0,0.010669074351529188,0.0,0.0
2026-09-09 15:05:00+00:00,2026-09-09 15:20:00+00:00,BTC-USDT-SWAP,short,78831.9109473763,78243.89292150017,79459.03136851553,78204.79052623706,0.006762866595759508,0.7386945726641608,True,fixed_1r,15.0,60,0.000696270431486377,0.0,0.009155159447521986,0.0,0.0
2026-09-09 15:05:00+00:00,2026-09-09 15:20:00+00:00,DOGE-USDT-SWAP,short,0.0895473144250838,0.08841103917703663,0.09072777310100555,0.08836685574916206,0.011995449249036838,0.8340301087918317,True,fixed_1r,15.0,60,0.0006936554476516557,0.0,0.014382513439968414,0.0,0.0
2026-09-09 15:05:00+00:00,2026-09-09 15:20:00+00:00,SOL-USDT-SWAP,short,103.31999007478576,102.27120930176837,104.41988089742922,102.2200992521423,0.009455877508741455,0.7982688766723325,True,fixed_1r,15.0,60,0.0006949245989461562,0.0,0.011845479368003512,0.0,0.0
2026-09-09 15:05:00+00:00,2026-09-09 15:20:00+00:00,XRP-USDT-SWAP,short,1.4211968856500177,1.4065340590715714,1.4365626278002137,1.4058311434998216,0.009622396664291726,0.8010765186184043,True,fixed_1r,15.0,60,0.0006948413809773654,0.0,0.012011832129204363,0.0,0.0
2026-09-09 15:25:00+00:00,2026-09-09 16:25:00+00:00,ETH-USDT-SWAP,short,2474.029333810455,2487.38307,2501.6320057254547,2446.426661895455,-0.00605692625402529,-0.4901627246748385,False,max_hold_60m,60.0,60,0.0007026987829139798,-4.333835684833971e-05,0.012356970347027716,-4.333835684833971e-05,0.0
2026-09-09 15:25:00+00:00,2026-09-09 16:00:00+00:00,LINK-USDT-SWAP,short,11.844785809524346,12.035444429149305,12.02942971429216,11.660141904756532,-0.016767652786151905,-0.9987509056773851,False,initial_stop,35.0,60,0.0007080482088359779,-3.6813094639832505e-05,0.016788623360275746,-3.6813094639832505e-05,0.0
2026-09-09 16:20:00+00:00,2026-09-09 17:20:00+00:00,XRP-USDT-SWAP,short,1.4147437910724139,1.4222107499999999,1.4306254928689661,1.3988620892758616,-0.005980597415724853,-0.48130287621672785,False,max_hold_60m,60.0,60,0.0007026389792182534,0.0,0.012425850148113026,0.0,0.0
2026-09-09 18:20:00+00:00,2026-09-09 19:05:00+00:00,LINK-USDT-SWAP,short,11.969057572338132,11.897369988756981,12.04669086805759,11.891424276618674,0.005292403908115708,0.6885622591518187,True,fixed_1r,45.0,60,0.0006970052953982431,0.0,0.00768616612045361,0.0,0.0
2026-09-09 18:55:00+00:00,2026-09-09 19:50:00+00:00,ADA-USDT-SWAP,short,0.21675469574920458,0.21516056902920785,0.21845634899045527,0.2150530425079539,0.006658197144675152,0.7356640583499187,True,fixed_1r,55.0,60,0.0006963227400576336,0.0,0.009050594587438959,0.0,0.0
2026-09-09 18:55:00+00:00,2026-09-09 19:35:00+00:00,AVAX-USDT-SWAP,short,7.924520267291964,7.889740225743903,7.963243207503564,7.885797327080364,0.003691108911975298,0.6064448149149207,True,fixed_1r,40.0,60,0.000697805542772626,0.0,0.006086471219138266,0.0,0.0
2026-09-09 18:55:00+00:00,2026-09-09 19:35:00+00:00,ETH-USDT-SWAP,short,2482.267256811954,2472.8632455964007,2492.9070817434476,2471.627431880461,0.0030903707569527234,0.5632852688064319,True,fixed_1r,40.0,60,0.0006981057617406533,0.0,0.0054863333520172395,0.0,0.0
2026-09-09 18:55:00+00:00,2026-09-09 19:35:00+00:00,XRP-USDT-SWAP,short,1.416635126423928,1.4092530101285996,1.4247215170871368,1.4085487357607194,0.004513627147676656,0.6533754592653471,True,fixed_1r,40.0,60,0.0006973944891815708,0.0,0.006908167553081594,0.0,0.0
2026-09-09 19:10:00+00:00,2026-09-09 19:50:00+00:00,SOL-USDT-SWAP,short,103.0932219244228,102.55903464614988,103.67866309307361,102.507780755772,0.004484185360933492,0.6518890758057153,True,fixed_1r,40.0,60,0.0006974092027181742,0.0,0.00687875518605857,0.0,0.0
2026-09-09 19:40:00+00:00,2026-09-09 19:50:00+00:00,DOGE-USDT-SWAP,short,0.08792561574595478,0.08735749946172247,0.08853738895145731,0.08731384254045226,0.005764559133901527,0.7066272921776884,True,fixed_1r,10.0,60,0.0006967693357651666,0.0,0.00815784954489413,0.0,0.0
2026-09-09 19:55:00+00:00,2026-09-09 20:25:00+00:00,ADA-USDT-SWAP,short,0.2141708615772398,0.21239752991971567,0.21605033892687772,0.21229138422760188,0.00758412562888735,0.7602677807081291,True,fixed_1r,30.0,60,0.0006958600071819653,0.0,0.009975597837150667,0.0,0.0
2026-09-09 19:55:00+00:00,2026-09-09 20:55:00+00:00,AVAX-USDT-SWAP,short,7.848023837180832,7.856926499999999,7.892286046169976,7.803761628191688,-0.0018349499358524778,-0.26827076016111906,False,max_hold_60m,60.0,60,0.0007005671913722401,0.0,0.006839917756040341,0.0,0.0
2026-09-09 21:45:00+00:00,2026-09-09 22:05:00+00:00,SOL-USDT-SWAP,short,102.06945108839534,101.35614186060461,102.83341306074409,101.30548911604659,0.0062919635580931,0.7244860531721672,True,fixed_1r,20.0,60,0.0006965057653382843,0.0,0.008684726959951395,0.0,0.0
2026-09-09 21:50:00+00:00,2026-09-09 22:05:00+00:00,AVAX-USDT-SWAP,short,7.790386415210656,7.735001415817387,7.849636982527871,7.731135847893441,0.006412958066466711,0.7282817360940995,True,fixed_1r,15.0,60,0.0006964452983176079,0.0,0.008805600564502017,0.0,0.0
2026-09-09 21:50:00+00:00,2026-09-09 22:05:00+00:00,ETH-USDT-SWAP,short,2458.210281767036,2446.0095759207984,2471.6333812044386,2444.7871823296337,0.004265729046738109,0.6404501244302369,True,fixed_1r,15.0,60,0.0006975183762884866,0.0,0.006660517164444345,0.0,0.0
2026-09-09 22:10:00+00:00,2026-09-09 23:10:00+00:00,BTC-USDT-SWAP,short,77851.83394414182,78184.97295,78202.00732970181,77501.66055858183,-0.004981280972780272,-0.8742238901941901,False,max_hold_60m,60.0,60,0.0007021395707010397,0.0,0.005697946519939861,0.0,0.0
2026-09-10 00:10:00+00:00,2026-09-10 01:10:00+00:00,SOL-USDT-SWAP,short,101.44812892410835,101.500725,102.08754708930019,100.8087107589165,-0.0012187121190669625,-0.1624319813378005,False,max_hold_60m,60.0,60,0.0007002592264463103,0.0,0.007502907426416702,0.0,0.0
2026-09-10 00:15:00+00:00,2026-09-10 01:15:00+00:00,DOGE-USDT-SWAP,short,0.08594914559516395,0.08594295,0.08648974714196736,0.08540854404836054,-0.0006278795278463227,-0.08383146182543118,False,max_hold_60m,60.0,60,0.0006999639577850307,0.0,0.007489783837407076,0.0,0.0
2026-09-10 00:45:00+00:00,2026-09-10 01:05:00+00:00,AVAX-USDT-SWAP,short,7.755712187068799,7.81145001794799,7.807546244825578,7.703878129312019,-0.007890274529218646,-1.0008797046400342,False,initial_stop,20.0,60,0.0007035933405943122,0.0,0.007883339518864935,0.0,0.0
2026-09-10 00:45:00+00:00,2026-09-10 01:05:00+00:00,LINK-USDT-SWAP,short,11.709959139193579,11.80340842515811,11.797509670322949,11.622408608064209,-0.00868431570052026,-1.000890725370875,False,initial_stop,20.0,60,0.0007039901627688757,0.0,0.008676587244129303,0.0,0.0
2026-09-10 00:45:00+00:00,2026-09-10 01:35:00+00:00,XRP-USDT-SWAP,short,1.3878912703813133,1.380977439834959,1.395495244575761,1.3802872961868657,0.00428402692577424,0.6414369354478193,True,fixed_1r,50.0,60,0.0006975092319211523,0.0,0.006678796759315623,0.0,0.0
2026-09-10 01:40:00+00:00,2026-09-10 02:40:00+00:00,ADA-USDT-SWAP,short,0.20971481008940793,0.21180585,0.21207772107289508,0.20735189910592078,-0.010675859261706114,-0.8563116930160514,False,max_hold_60m,60.0,60,0.0007049854369123969,0.0,0.012467258533051466,0.0,0.0
2026-09-10 03:05:00+00:00,2026-09-10 04:05:00+00:00,ETH-USDT-SWAP,long,2476.242149751661,2474.172295,2464.715797019936,2487.7685024833863,-0.0015354674943615448,-0.26225896138046606,False,max_hold_60m,60.0,60,0.00069958205728146,0.0,0.0058547760819276685,0.0,0.0
2026-09-10 05:05:00+00:00,2026-09-10 05:30:00+00:00,DOGE-USDT-SWAP,short,0.08553162884286578,0.08603254088744658,0.08598954611438939,0.08507371157134216,-0.006559382165208188,-1.0008552496448124,False,initial_stop,25.0,60,0.0007029282269691195,0.0,0.00655377704971424,0.0,0.0
2026-09-10 05:15:00+00:00,2026-09-10 06:15:00+00:00,LINK-USDT-SWAP,long,11.844408867601523,11.790102,11.77190641121827,11.916911323984776,-0.005282728844847306,-0.7215621443871757,False,max_hold_60m,60.0,60,0.0006977074893222375,0.0,0.007321238906364661,0.0,0.0
2026-09-10 05:35:00+00:00,2026-09-10 06:20:00+00:00,AVAX-USDT-SWAP,long,7.848364415878402,7.79347430404556,7.79737299054083,7.899355841215974,-0.007690331216773048,-0.9991236345056709,False,initial_stop,45.0,60,0.0006965030859345807,0.0,0.007697076669173117,0.0,0.0
2026-09-10 07:35:00+00:00,2026-09-10 08:35:00+00:00,SOL-USDT-SWAP,short,100.9231031119364,101.240595,101.50723734323681,100.33896888063599,-0.0038803560941519477,-0.5552953499226234,False,max_hold_60m,60.0,60,0.0007015729395860503,3.290398246531753e-05,0.006987913899679961,3.290398246531753e-05,0.0
2026-09-10 09:20:00+00:00,2026-09-10 10:20:00+00:00,ADA-USDT-SWAP,long,0.21354664233931783,0.21309340000000002,0.21185970807181392,0.21523357660682174,-0.0028213900307003286,-0.3100562960368394,False,max_hold_60m,60.0,60,0.0006989387743718357,0.0,0.009099605674077667,0.0,0.0
2026-09-10 09:40:00+00:00,2026-09-10 10:40:00+00:00,SOL-USDT-SWAP,short,100.89788978565085,101.21058,101.42467742781022,100.37110214349147,-0.003800625395842642,-0.5919057477322552,False,max_hold_60m,60.0,60,0.0007015495379289568,0.0,0.006420997617279146,0.0,0.0
2026-09-10 10:35:00+00:00,2026-09-10 11:35:00+00:00,ADA-USDT-SWAP,short,0.21189375168946328,0.21340664999999998,0.2140250202735593,0.20976248310536727,-0.00784346103942823,-0.69668906376934,False,max_hold_60m,60.0,60,0.0007035699455469406,0.0,0.011258194576777574,0.0,0.0
2026-09-10 11:05:00+00:00,2026-09-10 11:15:00+00:00,AVAX-USDT-SWAP,short,7.698349609729868,7.750068414416797,7.746195316758418,7.650503902701318,-0.007421526913232506,-1.0008720919052951,False,initial_stop,10.0,60,0.0007033590839146589,0.0,0.007415060299168325,0.0,0.0
2026-09-10 11:05:00+00:00,2026-09-10 11:30:00+00:00,DOGE-USDT-SWAP,short,0.08488865113427915,0.08546652551815559,0.08542381361134992,0.08435348865720839,-0.0075108435384822,-1.0008736157288725,False,initial_stop,25.0,60,0.0007034037199092864,0.0,0.007504287674735568,0.0,0.0
2026-09-10 11:05:00+00:00,2026-09-10 12:05:00+00:00,ETH-USDT-SWAP,short,2459.7091226445787,2459.58918,2470.2594717349457,2449.1587735542116,-0.0006512126800700802,-0.1186338146568379,False,max_hold_60m,60.0,60,0.0006999756185307696,0.0,0.005489266967885915,0.0,0.0
2026-09-10 11:05:00+00:00,2026-09-10 11:15:00+00:00,LINK-USDT-SWAP,short,11.757167363372197,11.830920864646597,11.825008360466365,11.68932636627803,-0.0069762037610283986,-1.0008639120992826,False,initial_stop,10.0,60,0.0007031365336137073,0.0,0.006970182136346606,0.0,0.0
2026-09-10 12:05:00+00:00,2026-09-10 12:30:00+00:00,ETH-USDT-SWAP,short,2459.3236853020953,2449.9475085525387,2469.924223625141,2448.7231469790495,0.003114408365192115,0.5651927907131917,True,fixed_1r,25.0,60,0.0006980937489429324,0.0,0.0055103469406645855,0.0,0.0
2026-09-10 12:25:00+00:00,2026-09-10 12:30:00+00:00,AVAX-USDT-SWAP,short,7.714068653716341,7.673148119568013,7.758823844596087,7.669313462836595,0.004607315277221243,0.6580222570599643,True,fixed_1r,5.0,60,0.0006973476685271258,0.0,0.007001762064715977,0.0,0.0
2026-09-10 12:35:00+00:00,2026-09-10 12:45:00+00:00,ADA-USDT-SWAP,short,0.2109197331593183,0.20860691974102036,0.21333679791181964,0.20850266840681697,0.01027085507527757,0.8113068769731652,True,fixed_1r,10.0,60,0.0006945173138054585,0.0,0.012659642567799027,0.0,0.0
2026-09-10 12:35:00+00:00,2026-09-10 12:45:00+00:00,DOGE-USDT-SWAP,short,0.08470321808175484,0.08404982309204287,0.08539861698105802,0.08400781918245165,0.007017790445409713,0.7457936557918626,True,fixed_1r,10.0,60,0.0006961430332606648,0.0,0.009409828564388123,0.0,0.0
2026-09-10 12:35:00+00:00,2026-09-10 12:45:00+00:00,SOL-USDT-SWAP,short,100.48222816630012,99.73756219616732,101.27673799560141,99.68771833699883,0.006714627608424578,0.7373065458861946,True,fixed_1r,10.0,60,0.0006962945389263245,0.0,0.009106968663019303,0.0,0.0
2026-09-10 12:35:00+00:00,2026-09-10 12:45:00+00:00,XRP-USDT-SWAP,short,1.3671655123433815,1.3561225990044694,1.3788861481205765,1.3554448765661864,0.007381270845286325,0.7552759453855528,True,fixed_1r,10.0,60,0.0006959613838854142,0.0,0.009772945756293535,0.0,0.0
2026-09-10 14:20:00+00:00,2026-09-10 15:20:00+00:00,AVAX-USDT-SWAP,short,7.590595990690868,7.5787875,7.674151888290416,7.507040093091321,0.0008564515554118928,0.07015599102083496,True,max_hold_60m,60.0,60,0.0006992221631407237,0.0,0.012207817792176058,0.0,0.0
2026-09-10 14:20:00+00:00,2026-09-10 15:20:00+00:00,LINK-USDT-SWAP,short,11.63163854190216,11.641817999999999,11.770662502825912,11.492614580978406,-0.0015755901234550404,-0.11979646971874781,False,max_hold_60m,60.0,60,0.0007004375762735907,0.0,0.013152224995896227,0.0,0.0
2026-09-10 15:20:00+00:00,2026-09-10 16:05:00+00:00,ADA-USDT-SWAP,short,0.20966078689211456,0.20689552714439388,0.21252944270537466,0.20679213107885447,0.012576411593518954,0.845054531185214,True,fixed_1r,45.0,60,0.0006934053959524066,-8.060889428470011e-05,0.01488236691173073,-8.060889428470011e-05,0.0
2026-09-10 16:10:00+00:00,2026-09-10 17:10:00+00:00,BTC-USDT-SWAP,short,76928.2164329315,77160.76109999999,77340.89719517803,76515.53567068497,-0.0037243901417481334,-0.5673539448591219,False,max_hold_60m,60.0,60,0.0007015114393511985,0.0,0.006564491488065578,0.0,0.0
2026-09-10 16:10:00+00:00,2026-09-10 17:10:00+00:00,DOGE-USDT-SWAP,short,0.08323234173100243,0.08357176499999999,0.08402810077202921,0.08243658268997564,-0.00478006038962103,-0.4442148345487607,False,max_hold_60m,60.0,60,0.0007020390106894658,0.0,0.010760695091321474,0.0,0.0
2026-09-10 16:10:00+00:00,2026-09-10 17:10:00+00:00,LINK-USDT-SWAP,short,11.566497705110393,11.6248095,11.681972461324726,11.45102294889606,-0.0057439599154785245,-0.5136077347360932,False,max_hold_60m,60.0,60,0.0007025207195979403,0.0,0.011183554154280679,0.0,0.0
2026-09-10 16:10:00+00:00,2026-09-10 17:10:00+00:00,SOL-USDT-SWAP,short,99.2536443214867,99.71983499999999,100.17373185784047,98.33355678513294,-0.00539931131537877,-0.5156904321118461,False,max_hold_60m,60.0,60,0.0007023484814169809,0.0,0.010470063005178531,0.0,0.0
2026-09-10 16:10:00+00:00,2026-09-10 17:10:00+00:00,XRP-USDT-SWAP,short,1.3495403349996682,1.3542767999999998,1.3620840199960167,1.3369966500033197,-0.00421144245928224,-0.4012891291410464,False,max_hold_60m,60.0,60,0.0007017548438077372,0.0,0.010494783320686438,0.0,0.0
2026-09-10 16:20:00+00:00,2026-09-10 17:20:00+00:00,ADA-USDT-SWAP,short,0.20666963600898802,0.2087043,0.20963563210785627,0.20370363991011978,-0.010549929396106167,-0.6783915051202547,False,max_hold_60m,60.0,60,0.0007049225034463298,0.0,0.015551387829120942,0.0,0.0
2026-09-10 16:20:00+00:00,2026-09-10 17:05:00+00:00,AVAX-USDT-SWAP,short,7.531571336692973,7.607657968335827,7.603856040315669,7.459286633070276,-0.010807409404436641,-1.0009122393708576,False,initial_stop,45.0,60,0.000705051179112662,0.0,0.010797559445601188,0.0,0.0
2026-09-10 17:35:00+00:00,2026-09-10 18:35:00+00:00,ETH-USDT-SWAP,long,2468.7289908961866,2455.761505,2452.877890754239,2484.580091038134,-0.005950070866844525,-0.7807719957914063,False,max_hold_60m,60.0,60,0.0006973736513922738,0.0,0.007620753432394066,0.0,0.0
2026-09-10 18:20:00+00:00,2026-09-10 18:50:00+00:00,AVAX-USDT-SWAP,short,7.554437754424316,7.618060179618336,7.61425305309179,7.494622455756842,-0.009126071995806367,-1.0008960264639157,False,initial_stop,30.0,60,0.0007042109305326369,0.0,0.009117902114216637,0.0,0.0
2026-09-10 18:20:00+00:00,2026-09-10 19:20:00+00:00,XRP-USDT-SWAP,short,1.3483334255945343,1.3537765499999999,1.3586011071344113,1.3380657440546573,-0.004738946053174505,-0.5375946919516439,False,max_hold_60m,60.0,60,0.0007020184637946899,0.0,0.008815090855846412,0.0,0.0
2026-09-10 18:55:00+00:00,2026-09-10 19:55:00+00:00,ETH-USDT-SWAP,long,2465.4813005066203,2458.8699500000002,2450.0956060794433,2480.8669949337973,-0.0033802250862778353,-0.4543043053041701,False,max_hold_60m,60.0,60,0.0006986592170653938,0.0,0.007440442555380749,0.0,0.0
2026-09-10 19:35:00+00:00,2026-09-10 20:35:00+00:00,LINK-USDT-SWAP,short,11.621053020816234,11.619807,11.698636249794802,11.543469791837666,-0.0005927253989454127,-0.0752562736694967,False,max_hold_60m,60.0,60,0.0006999463895047203,0.0,0.007876092849726886,0.0,0.0
2026-09-10 19:45:00+00:00,2026-09-10 20:45:00+00:00,DOGE-USDT-SWAP,long,0.08408864550609017,0.084187885,0.08352374607308206,0.08465354493909828,0.00047958701279939,0.06056994674325038,True,max_hold_60m,60.0,60,0.000700590088550675,0.0,0.007917903821713907,0.0,0.0
2026-09-10 19:55:00+00:00,2026-09-10 20:55:00+00:00,ADA-USDT-SWAP,short,0.20888980355098868,0.20900444999999998,0.21097764261186433,0.20680196449011304,-0.0012491113988615705,-0.11157830796847325,False,max_hold_60m,60.0,60,0.0007002744184901857,0.0,0.011194930462778753,0.0,0.0
2026-09-10 19:55:00+00:00,2026-09-10 20:55:00+00:00,XRP-USDT-SWAP,short,1.3514820855958543,1.3544768999999999,1.3611850271502504,1.3417791440414581,-0.0029170562549681515,-0.34811891608651907,False,max_hold_60m,60.0,60,0.0007011079741404139,0.0,0.008379482183160557,0.0,0.0
2026-09-10 21:20:00+00:00,2026-09-10 22:20:00+00:00,LINK-USDT-SWAP,short,11.564687805108981,11.599796999999999,11.627253661307778,11.502121948910185,-0.0037374144188263166,-0.5654115964790083,False,max_hold_60m,60.0,60,0.0007015179482352954,0.0,0.006610077405734768,0.0,0.0
2026-09-10 21:25:00+00:00,2026-09-10 22:25:00+00:00,ADA-USDT-SWAP,short,0.20844208900338326,0.20880434999999997,0.21000506804059887,0.20687910996616765,-0.0024388145016582255,-0.2803755520972925,False,max_hold_60m,60.0,60,0.0007008689727644469,0.0,0.008698385017577916,0.0,0.0
2026-09-10 22:35:00+00:00,2026-09-10 23:00:00+00:00,ADA-USDT-SWAP,short,0.20736196034620824,0.20568318673618657,0.20914352415449886,0.20558039653791763,0.007399908941941049,0.755743210509375,True,fixed_1r,25.0,60,0.0006959520694942823,0.0,0.009791565228820872,0.0,0.0
2026-09-10 23:00:00+00:00,2026-09-10 23:05:00+00:00,DOGE-USDT-SWAP,short,0.08352954168803836,0.08313613041117614,0.08396450025646039,0.08309458311961633,0.004012200911752646,0.6261977745773196,True,fixed_1r,5.0,60,0.0006976450770056208,0.0,0.006407242367574464,0.0,0.0
2026-09-10 23:00:00+00:00,2026-09-10 23:05:00+00:00,LINK-USDT-SWAP,short,11.519956406125619,11.449157656713188,11.59647687350742,11.443435938743818,0.005448820906081865,0.6947875998179088,True,fixed_1r,5.0,60,0.000696927125983967,0.0,0.00784242681865638,0.0,0.0
