date,close_date,pair,side,entry_price,exit_price,stop_price,target_price,net_return,r_multiple,won,exit_reason,hold_minutes,max_hold_minutes,fees_return,funding_return,initial_risk_return,funding_actual_return,funding_imputed_return
2026-08-27 01:30:00+00:00,2026-08-27 02:30:00+00:00,SOL-USDT-SWAP,long,101.46954107438994,100.99889999999999,100.36449289267925,102.57458925610062,-0.006033611508805991,-0.45398124269684725,False,max_hold_60m,60.0,60,0.0013953617502414353,0.0,0.0132904422944078,0.0,0.0
2026-08-27 02:10:00+00:00,2026-08-27 03:10:00+00:00,LINK-USDT-SWAP,long,11.581470822152797,11.523465,11.487649865833559,11.675291778472035,-0.006403493703045287,-0.6098011687605362,False,max_hold_60m,60.0,60,0.0013949914977947494,0.0,0.010500953476459938,0.0,0.0
2026-08-27 03:15:00+00:00,2026-08-27 04:10:00+00:00,ADA-USDT-SWAP,short,0.208052940567703,0.20994502209924823,0.2097352868124358,0.20637059432297017,-0.010503325374343675,-1.0016383881916842,False,initial_stop,55.0,60,0.0014090942311432003,0.0,0.010486144998202333,0.0,0.0
2026-08-27 03:25:00+00:00,2026-08-27 04:25:00+00:00,SOL-USDT-SWAP,long,101.55697286903973,101.15874000000001,100.64367442847676,102.4702713096027,-0.005317354219327656,-0.4667225419295754,False,max_hold_60m,60.0,60,0.0013960787245051775,0.0,0.011392966359293613,0.0,0.0
2026-08-27 04:20:00+00:00,2026-08-27 05:05:00+00:00,DOGE-USDT-SWAP,long,0.08694449466694185,0.08635749206729891,0.08644393600330222,0.08744505333058147,-0.00814471223611885,-0.9984665507110779,False,initial_stop,45.0,60,0.0013932485363001813,0.0,0.008157220920739339,0.0,0.0
2026-08-27 04:20:00+00:00,2026-08-27 05:20:00+00:00,LINK-USDT-SWAP,long,11.556131656222563,11.511477,11.48057987467076,11.631683437774367,-0.005260288450618366,-0.5885433947386636,False,max_hold_60m,60.0,60,0.0013961358473967784,0.0,0.008937809000395189,0.0,0.0
2026-08-27 04:35:00+00:00,2026-08-27 05:30:00+00:00,AVAX-USDT-SWAP,short,7.333562032511179,7.301674054563093,7.3727443901341525,7.294379674888206,0.002952573249469642,0.3813274172595824,True,fixed_1r,55.0,60,0.0013956517749755548,0.0,0.007742882142302729,0.0,0.0
2026-08-27 05:25:00+00:00,2026-08-27 05:55:00+00:00,LINK-USDT-SWAP,long,11.552148915812579,11.615883331032336,11.476786989750947,11.62751084187421,0.004111587607513028,0.4607528967586202,True,fixed_1r,30.0,60,0.0014055171047122252,0.0,0.008923628340565835,0.0,0.0
2026-08-27 05:35:00+00:00,2026-08-27 05:50:00+00:00,ADA-USDT-SWAP,short,0.20775949881314373,0.20972349974348253,0.20951398575772484,0.20600501186856263,-0.010862695773237797,-1.0016503802748764,False,initial_stop,15.0,60,0.001409453242530707,0.0,0.010844797732974271,0.0,0.0
2026-08-27 05:35:00+00:00,2026-08-27 05:50:00+00:00,AVAX-USDT-SWAP,short,7.301028609018704,7.352688651532681,7.345343308224457,7.256713909812952,-0.008482796866815821,-1.0015520559079394,False,initial_stop,15.0,60,0.0014070757211456701,0.0,0.008469651494176098,0.0,0.0
2026-08-27 05:35:00+00:00,2026-08-27 05:50:00+00:00,DOGE-USDT-SWAP,short,0.08635179460691429,0.08700845681825438,0.08692153528297142,0.08578205393085717,-0.009012104375405701,-1.001578412600037,False,initial_stop,15.0,60,0.0014076044998755303,0.0,0.008997901973556741,0.0,0.0
2026-08-27 05:35:00+00:00,2026-08-27 05:50:00+00:00,XRP-USDT-SWAP,short,1.3960085320017084,1.4096105864045216,1.4082023840205014,1.3838146799829154,-0.01115327596149635,-1.00165951197965,False,initial_stop,15.0,60,0.0014097435324290672,0.0,0.011134797631436003,0.0,0.0
2026-08-27 07:20:00+00:00,2026-08-27 08:00:00+00:00,LINK-USDT-SWAP,long,11.643918326252725,11.710094920735262,11.566019915032717,11.721816737472734,0.004177496858736076,0.45956801668572655,True,fixed_1r,40.0,60,0.0014056833612730976,0.00010018105308845858,0.009090051324421991,0.00010018105308845858,0.0
2026-08-27 07:40:00+00:00,2026-08-27 08:00:00+00:00,SOL-USDT-SWAP,long,101.40337640966561,102.03409966744046,100.67051691598742,102.1362359033438,0.004713371728497812,0.48959055140651236,True,fixed_1r,20.0,60,0.0014062199433599405,0.00010035168808274554,0.009627170530470977,0.00010035168808274554,0.0
2026-08-27 08:00:00+00:00,2026-08-27 08:05:00+00:00,AVAX-USDT-SWAP,long,7.36900153862758,7.3945826291104755,7.3360184635309595,7.4019846137242,0.0020679744953849364,0.3007559621141005,True,fixed_1r,5.0,60,0.0014034714459413263,0.0,0.006875921863189499,0.0,0.0
2026-08-27 08:45:00+00:00,2026-08-27 09:25:00+00:00,BTC-USDT-SWAP,long,79838.86669969858,80197.85487001117,79399.60039638299,80278.13300301418,0.0030919122348166787,0.391286665886898,True,fixed_1r,40.0,60,0.00140449640864346,0.0,0.007901910554014128,0.0,0.0
2026-08-27 12:30:00+00:00,2026-08-27 13:30:00+00:00,SOL-USDT-SWAP,long,104.33743569835742,104.66523,103.2092283802891,105.46564301642574,0.0017385332134061853,0.1315768453589778,True,max_hold_60m,60.0,60,0.0014031416748882944,0.0,0.013213063504167386,0.0,0.0
2026-08-27 13:00:00+00:00,2026-08-27 14:00:00+00:00,ETH-USDT-SWAP,short,2495.636929159563,2497.78529,2510.8931499147525,2480.3807084043733,-0.002261707556956835,-0.26567200806952823,False,max_hold_60m,60.0,60,0.0014008608467102467,0.0,0.008513157157170019,0.0,0.0
2026-08-27 13:15:00+00:00,2026-08-27 14:00:00+00:00,AVAX-USDT-SWAP,long,7.4281135134612155,7.474383000522459,7.3743621615345845,7.481864865387847,0.004822739796641041,0.5004812383575173,True,fixed_1r,45.0,60,0.0014062289687654065,0.0,0.009636204970376792,0.0,0.0
2026-08-27 13:30:00+00:00,2026-08-27 13:55:00+00:00,XRP-USDT-SWAP,long,1.4279031839737717,1.4385281921020203,1.4158382076852607,1.4399681602622827,0.006033545382664646,0.5561160498294144,True,fixed_1r,25.0,60,0.0014074409863690338,0.0,0.010849435804838582,0.0,0.0
2026-08-27 13:35:00+00:00,2026-08-27 13:55:00+00:00,ADA-USDT-SWAP,short,0.21089702708348046,0.21327738932676713,0.2130643250017654,0.20872972916519553,-0.012698132735587491,-1.0017010450276367,False,initial_stop,20.0,60,0.0014112868458896978,0.0,0.01267656932037757,0.0,0.0
2026-08-27 13:35:00+00:00,2026-08-27 13:55:00+00:00,BTC-USDT-SWAP,short,79153.9286606494,79605.56997172048,79526.0439277927,78781.81339350609,-0.007111566817111255,-1.001465538172744,False,initial_stop,20.0,60,0.001405705860956155,0.0,0.007101159796358936,0.0,0.0
2026-08-27 13:35:00+00:00,2026-08-27 14:00:00+00:00,DOGE-USDT-SWAP,short,0.08752513007088042,0.08843991241141558,0.08835156085056502,0.08669869929119582,-0.011862105250619282,-1.0016799113218617,False,initial_stop,25.0,60,0.0014104516535970223,0.0,0.01184221138563667,0.0,0.0
2026-08-27 14:00:00+00:00,2026-08-27 14:35:00+00:00,SOL-USDT-SWAP,long,105.85620682319804,107.11071383625168,104.49448187837638,107.2179317680197,0.010439197186932835,0.6839136052528267,True,fixed_1r,35.0,60,0.001411851048235168,0.0,0.015263912147315317,0.0,0.0
2026-08-27 14:25:00+00:00,2026-08-27 15:25:00+00:00,LINK-USDT-SWAP,long,11.812209402129037,11.82816,11.660512825548443,11.963905978709631,-5.1001964948191184e-05,-0.0033460687506240796,False,max_hold_60m,60.0,60,0.0014013503483834352,0.0,0.015242354162232543,0.0,0.0
2026-08-27 16:45:00+00:00,2026-08-27 17:45:00+00:00,ADA-USDT-SWAP,long,0.21675010763695132,0.21468510000000002,0.21400129164341578,0.21949892363048687,-0.010917608326957368,-0.7238852907680091,False,max_hold_60m,60.0,60,0.0013904728645375802,0.0,0.015081959070302818,0.0,0.0
2026-08-27 16:45:00+00:00,2026-08-27 17:45:00+00:00,BTC-USDT-SWAP,long,80472.7996418159,80367.35220000001,79931.59570179082,81014.00358184098,-0.002709038517896162,-0.29687108414035723,False,max_hold_60m,60.0,60,0.001398689651133237,0.0,0.009125302741224067,0.0,0.0
2026-08-27 16:45:00+00:00,2026-08-27 17:45:00+00:00,ETH-USDT-SWAP,long,2527.9596329094043,2515.01247,2508.815594912853,2547.1036709059554,-0.006516464510791603,-0.6534158512332451,False,max_hold_60m,60.0,60,0.0013948784139031114,0.0,0.009972920764766493,0.0,0.0
2026-08-27 17:20:00+00:00,2026-08-27 18:00:00+00:00,AVAX-USDT-SWAP,long,7.564762022655396,7.499637127592882,7.507144271864747,7.622379773446045,-0.010000372354425227,-0.9983801307213463,False,initial_stop,40.0,60,0.001391391018664239,0.0,0.010016597933694645,0.0,0.0
2026-08-27 19:30:00+00:00,2026-08-27 20:30:00+00:00,LINK-USDT-SWAP,long,11.904653416387282,11.864123999999999,11.812840996647378,11.996465836127186,-0.004801097499836586,-0.47477735738104554,False,max_hold_60m,60.0,60,0.0013965954979981616,0.0,0.01011231354064624,0.0,0.0
2026-08-27 20:00:00+00:00,2026-08-27 21:00:00+00:00,ETH-USDT-SWAP,short,2498.1880418282594,2509.2567499999996,2513.676501939109,2482.6995817174097,-0.005835125256545263,-0.6785125928385677,False,max_hold_60m,60.0,60,0.0014044306945619834,0.0,0.00859987761190095,0.0,0.0
2026-08-27 20:00:00+00:00,2026-08-27 21:00:00+00:00,XRP-USDT-SWAP,long,1.4550931281030235,1.4522463,1.4407175372362824,1.4694687189697646,-0.0033545012068251674,-0.2731789995152286,False,max_hold_60m,60.0,60,0.0013980435423355103,0.0,0.012279498836945436,0.0,0.0
2026-08-27 20:55:00+00:00,2026-08-27 21:55:00+00:00,ADA-USDT-SWAP,short,0.21337021703281062,0.21371349999999997,0.21524260439372744,0.2114978296718938,-0.0030104696097473884,-0.26938605624258977,False,max_hold_60m,60.0,60,0.0014016088607489985,0.0,0.011175298572381843,0.0,0.0
2026-08-27 21:40:00+00:00,2026-08-27 22:05:00+00:00,ETH-USDT-SWAP,short,2499.7876461030355,2513.9331749896637,2511.421753236428,2488.1535389696433,-0.007064350905001311,-1.0014619612386446,False,initial_stop,25.0,60,0.0014056586922127886,0.0,0.007054038174614106,0.0,0.0
2026-08-27 22:05:00+00:00,2026-08-27 23:05:00+00:00,AVAX-USDT-SWAP,long,7.525418992207798,7.500492,7.486027906493578,7.564810077922018,-0.004709060298353427,-0.6168209199278497,False,max_hold_60m,60.0,60,0.0013966876273289756,0.0,0.00763440432419875,0.0,0.0
2026-08-27 22:05:00+00:00,2026-08-27 23:05:00+00:00,SOL-USDT-SWAP,long,109.66426699036374,108.87102,108.50120388436494,110.82733009636254,-0.008626180096047244,-0.6632629933850732,False,max_hold_60m,60.0,60,0.0013927665864904432,0.0,0.013005670725004716,0.0,0.0
2026-08-27 22:20:00+00:00,2026-08-27 23:20:00+00:00,DOGE-USDT-SWAP,long,0.08918139118572886,0.08894097,0.08853669422874633,0.0898260881427114,-0.004093171314662931,-0.4250855755355832,False,max_hold_60m,60.0,60,0.0013973041328181552,0.0,0.009629052478446892,0.0,0.0
2026-08-27 23:15:00+00:00,2026-08-28 00:15:00+00:00,ADA-USDT-SWAP,short,0.2135305164263261,0.21321299999999996,0.21496619711591305,0.21209483573673912,0.00018850335975040071,0.02066121118881614,True,max_hold_60m,60.0,60,0.0013985130161644334,-0.00010003254034825412,0.009123538694209617,-0.00010003254034825412,0.0
2026-08-28 00:15:00+00:00,2026-08-28 01:00:00+00:00,XRP-USDT-SWAP,short,1.4429758314213081,1.4551636870327531,1.4537099770556976,1.4322416857869187,-0.0098547801850843,-1.001614533835149,False,initial_stop,45.0,60,0.0014084463338512332,0.0,0.009838894956276916,0.0,0.0
2026-08-28 00:30:00+00:00,2026-08-28 01:30:00+00:00,SOL-USDT-SWAP,long,109.62072822269407,109.26063,108.52873867232886,110.71271777305928,-0.004681661509678739,-0.3787284955964175,False,max_hold_60m,60.0,60,0.001396715053543865,0.0,0.012361524321812936,0.0,0.0
2026-08-28 00:35:00+00:00,2026-08-28 01:10:00+00:00,ETH-USDT-SWAP,long,2514.3448012820672,2522.1073551921486,2504.0576153848065,2524.631987179328,0.0016842195359272497,0.25945404570725034,True,fixed_1r,35.0,60,0.00140308730684277,0.0,0.006491398241011067,0.0,0.0
2026-08-28 00:40:00+00:00,2026-08-28 01:20:00+00:00,DOGE-USDT-SWAP,long,0.08917401105313717,0.08970009957915964,0.08855813263764607,0.08978988946862827,0.004493672733676565,0.4828542392458594,True,fixed_1r,40.0,60,0.0014058995723059825,0.0,0.009306478784767341,0.0,0.0
2026-08-28 01:05:00+00:00,2026-08-28 01:50:00+00:00,LINK-USDT-SWAP,long,11.980986667455687,11.88094716945877,11.892840009468237,12.069133325443136,-0.009741504858726609,-0.9983902095435674,False,initial_stop,45.0,60,0.0013916501452865598,0.0,0.009757211925365453,0.0,0.0
2026-08-28 02:15:00+00:00,2026-08-28 02:20:00+00:00,LINK-USDT-SWAP,short,11.812213145609753,11.711568412446363,11.924557747317046,11.699868543902461,0.007128916355864932,0.5985211267741659,True,fixed_1r,5.0,60,0.001391479604040095,0.0,0.011910885074830142,0.0,0.0
2026-08-28 02:15:00+00:00,2026-08-28 03:15:00+00:00,XRP-USDT-SWAP,short,1.4389021923529761,1.4296281999999998,1.4554263082357144,1.4223780764702378,0.00505163124683879,0.3638498379000096,True,max_hold_60m,60.0,60,0.001393554813939222,0.0,0.013883835364596316,0.0,0.0
2026-08-28 02:55:00+00:00,2026-08-28 03:55:00+00:00,ADA-USDT-SWAP,short,0.20986858819210455,0.21020999999999998,0.21282305830525447,0.20691411807895463,-0.003028415298579606,-0.18378855018033177,False,max_hold_60m,60.0,60,0.0014016267885100695,0.0,0.01647771471948688,0.0,0.0
2026-08-28 04:10:00+00:00,2026-08-28 04:15:00+00:00,SOL-USDT-SWAP,short,106.45551795704503,107.7238317000249,107.61621548454038,105.29482042954969,-0.013325939407247342,-1.0017151723630038,False,initial_stop,5.0,60,0.0014119140253818655,0.0,0.013303122259606004,0.0,0.0
2026-08-28 07:10:00+00:00,2026-08-28 08:10:00+00:00,XRP-USDT-SWAP,short,1.417645614352653,1.4233218999999997,1.4258473722318348,1.4094438564734713,-0.005395212421009485,-0.6591199989849875,False,max_hold_60m,60.0,60,0.0014040040230011493,-1.2814603141123759e-05,0.008185478257855698,-1.2814603141123759e-05,0.0
2026-08-28 07:40:00+00:00,2026-08-28 08:40:00+00:00,AVAX-USDT-SWAP,short,7.410922588068153,7.431424,7.454071056817835,7.3677741193184705,-0.004125221740388314,-0.501712612440725,False,max_hold_60m,60.0,60,0.0014027663778278909,-4.3922465330422446e-05,0.008222280321636702,-4.3922465330422446e-05,0.0
2026-08-28 08:00:00+00:00,2026-08-28 09:00:00+00:00,SOL-USDT-SWAP,short,106.37510529413282,106.11600999999999,107.0912635295938,105.65894705867184,0.001038111705834162,0.11367366013091931,True,max_hold_60m,60.0,60,0.0013975643239701957,0.0,0.009132385678780434,0.0,0.0
2026-08-28 08:50:00+00:00,2026-08-28 09:40:00+00:00,ADA-USDT-SWAP,short,0.20881610025127564,0.20774653648473082,0.21009320301530768,0.2075389974872436,0.003727158916496563,0.437669505693,True,fixed_1r,50.0,60,0.001394877963120383,0.0,0.008515920958658132,0.0,0.0
2026-08-28 08:50:00+00:00,2026-08-28 08:55:00+00:00,DOGE-USDT-SWAP,short,0.08736329505534157,0.08697393649603087,0.08783954066409885,0.08688704944658429,0.003061231889469375,0.3899000947010128,True,fixed_1r,5.0,60,0.001395543224885645,0.0,0.007851323790564402,0.0,0.0
2026-08-28 09:05:00+00:00,2026-08-28 10:00:00+00:00,XRP-USDT-SWAP,short,1.4139917863996492,1.4066874181395124,1.4227014367957893,1.405282136003509,0.003770944201178252,0.4405504833273011,True,fixed_1r,55.0,60,0.0013948342215772446,0.0,0.008559618803951417,0.0,0.0
2026-08-28 09:45:00+00:00,2026-08-28 10:00:00+00:00,SOL-USDT-SWAP,short,105.63968317854935,104.86793138272097,106.51619814259222,104.76316821450648,0.005912815831892539,0.5527435764755431,True,fixed_1r,15.0,60,0.001392694489678429,0.0,0.010697213108462347,0.0,0.0
2026-08-28 10:05:00+00:00,2026-08-28 10:35:00+00:00,ADA-USDT-SWAP,short,0.20626234474643343,0.20825618509415836,0.20804813695720117,0.20447655253566568,-0.011076192668740447,-1.0016571362546784,False,initial_stop,30.0,60,0.0014096665261425978,0.0,0.011057868274323607,0.0,0.0
2026-08-28 10:05:00+00:00,2026-08-28 10:30:00+00:00,XRP-USDT-SWAP,short,1.4046333277391165,1.4152137328022691,1.4137999328694,1.395466722608833,-0.008940035722534722,-1.0015750074283132,False,initial_stop,25.0,60,0.0014075325032193154,0.0,0.008925977242073502,0.0,0.0
2026-08-28 11:55:00+00:00,2026-08-28 12:30:00+00:00,SOL-USDT-SWAP,short,105.62482864108513,104.9065153027378,106.4479436930216,104.80171358914866,0.005407411296532915,0.530511912070992,True,fixed_1r,35.0,60,0.0013931993893141529,0.0,0.010192817867979008,0.0,0.0
2026-08-28 12:35:00+00:00,2026-08-28 13:00:00+00:00,XRP-USDT-SWAP,short,1.4146021817823318,1.4248496075693695,1.4234261813879816,1.405778182176682,-0.008651277670094217,-1.0015607951062733,False,initial_stop,25.0,60,0.0014072440336364578,0.0,0.008637795840617194,0.0,0.0
2026-08-28 13:30:00+00:00,2026-08-28 13:50:00+00:00,LINK-USDT-SWAP,short,11.672820587866006,11.759594901446459,11.747847054392068,11.597794121339945,-0.008841310970231622,-1.0015702527112955,False,initial_stop,20.0,60,0.0014074338770931384,0.0,0.008827449643495099,0.0,0.0
2026-08-28 13:45:00+00:00,2026-08-28 13:50:00+00:00,AVAX-USDT-SWAP,short,7.363477651306056,7.409133547488343,7.4017318156726715,7.32522348693944,-0.00760651738793065,-1.001500362877161,False,initial_stop,5.0,60,0.0014062003170708598,0.0,0.007595121948910994,0.0,0.0
2026-08-28 13:55:00+00:00,2026-08-28 14:00:00+00:00,ETH-USDT-SWAP,long,2510.273081095568,2493.6208561736726,2496.1169731468194,2524.429189044317,-0.00802699720689885,-0.9984733811924553,False,initial_stop,5.0,60,0.0013933663691622635,0.0,0.008039270107844417,0.0,0.0
2026-08-28 14:05:00+00:00,2026-08-28 14:30:00+00:00,ADA-USDT-SWAP,short,0.20543110259366207,0.20818120435506898,0.20797323112394506,0.20288897406337908,-0.014800365516284057,-1.001743639463154,False,initial_stop,25.0,60,0.0014133869785377463,0.0,0.01477460393381259,0.0,0.0
2026-08-28 14:05:00+00:00,2026-08-28 14:35:00+00:00,BTC-USDT-SWAP,short,78820.10405621199,79472.64192321843,79393.2486745439,78246.95943788008,-0.009687104066845817,-1.0016078470358705,False,initial_stop,30.0,60,0.0014082788252416042,0.0,0.009671553687916438,0.0,0.0
2026-08-28 14:05:00+00:00,2026-08-28 14:30:00+00:00,DOGE-USDT-SWAP,short,0.08606566822276535,0.08709502669185736,0.08700801867318418,0.08512331777234651,-0.01337211209577935,-1.0017161590193162,False,initial_stop,25.0,60,0.0014119601519438356,0.0,0.013349202741094541,0.0,0.0
2026-08-28 14:05:00+00:00,2026-08-28 14:35:00+00:00,SOL-USDT-SWAP,short,104.01653316376913,105.51380636319475,105.40839796522953,102.62466836230873,-0.015808963912162913,-1.0017600548973358,False,initial_stop,30.0,60,0.00141439456934282,0.0,0.015781188154665518,0.0,0.0
2026-08-28 14:05:00+00:00,2026-08-28 14:30:00+00:00,XRP-USDT-SWAP,short,1.3991041694544821,1.4192678834872399,1.4178500334537862,1.380358305455178,-0.01582628661071055,-1.0017603185610051,False,initial_stop,25.0,60,0.0014144118747359746,0.0,0.015798476259714974,0.0,0.0
2026-08-28 15:45:00+00:00,2026-08-28 16:00:00+00:00,BTC-USDT-SWAP,short,78835.41198943833,78166.46848572235,79582.44387325992,78088.38010561674,0.007193116216738477,0.6056931712825644,True,fixed_1r,15.0,60,0.001391514682465215,-9.9313364418631e-05,0.011875841693091811,-9.9313364418631e-05,0.0
2026-08-28 15:45:00+00:00,2026-08-28 16:00:00+00:00,DOGE-USDT-SWAP,short,0.0864631967813257,0.08530325021892972,0.08770836137590843,0.08521803218674298,0.012033694200460066,0.7162446949802419,True,fixed_1r,15.0,60,0.0013865845052510651,-4.783956776393641e-06,0.016801093655279393,-4.783956776393641e-06,0.0
2026-08-28 16:05:00+00:00,2026-08-28 17:05:00+00:00,SOL-USDT-SWAP,short,104.7207156376678,104.87476999999998,106.92858765201362,102.51284362332197,-0.002872568400201548,-0.12232319727497527,False,max_hold_60m,60.0,60,0.0014014710973028986,0.0,0.023483431304891295,0.0,0.0
2026-08-28 18:15:00+00:00,2026-08-28 18:45:00+00:00,LINK-USDT-SWAP,short,11.405885437043361,11.297431775195951,11.525625244520336,11.286145629566386,0.008118078724223852,0.6294024930718779,True,fixed_1r,30.0,60,0.0013904914298459301,0.0,0.012898072081987712,0.0,0.0
2026-08-28 18:25:00+00:00,2026-08-28 19:25:00+00:00,BTC-USDT-SWAP,short,77549.03512014402,77773.79609999999,78082.92144172826,77015.14879855978,-0.004301206191505348,-0.4632674086302995,False,max_hold_60m,60.0,60,0.0014028983078836217,0.0,0.009284499862017775,0.0,0.0
2026-08-28 18:40:00+00:00,2026-08-28 19:25:00+00:00,AVAX-USDT-SWAP,short,7.2149219848983925,7.287343882599493,7.280063818780713,7.149780151016072,-0.011447831390351819,-1.0016682956302814,False,initial_stop,45.0,60,0.001410037793596755,0.0,0.011428764831923208,0.0,0.0
2026-08-28 18:40:00+00:00,2026-08-28 19:40:00+00:00,DOGE-USDT-SWAP,short,0.08420235795312167,0.08479470999999998,0.08510829543746007,0.08329642046878327,-0.00844189779644059,-0.641527845584304,False,max_hold_60m,60.0,60,0.0014070348629335071,0.0,0.013159051247029978,0.0,0.0
2026-08-28 19:50:00+00:00,2026-08-28 20:50:00+00:00,BTC-USDT-SWAP,short,77423.45949775985,77480.10269999999,77832.2139731182,77014.7050224015,-0.00213233417636192,-0.2776670075379496,False,max_hold_60m,60.0,60,0.001400731602573788,0.0,0.0076794653973086355,0.0,0.0
2026-08-28 19:50:00+00:00,2026-08-28 20:50:00+00:00,DOGE-USDT-SWAP,short,0.08458226183801158,0.08489480999999999,0.08526714205613896,0.0838973816198842,-0.00509889269158551,-0.4857379599598443,False,max_hold_60m,60.0,60,0.0014036951974940916,0.0,0.010497208601952857,0.0,0.0
2026-08-28 20:05:00+00:00,2026-08-28 21:05:00+00:00,SOL-USDT-SWAP,short,103.13512274070278,103.75365,104.2914728884333,101.97877259297226,-0.007403248651898467,-0.543876956074583,False,max_hold_60m,60.0,60,0.0014059972514004978,0.0,0.01361199177352762,0.0,0.0
2026-08-28 20:10:00+00:00,2026-08-28 21:10:00+00:00,LINK-USDT-SWAP,short,11.37108331336531,11.363351999999999,11.45999976038371,11.282166866346909,-0.0007194100803413061,-0.07039566165134642,False,max_hold_60m,60.0,60,0.0013993200899903508,0.0,0.010219522957314889,0.0,0.0
2026-08-28 20:35:00+00:00,2026-08-28 21:35:00+00:00,ETH-USDT-SWAP,short,2425.885702965647,2433.21078,2439.588435587766,2412.182970343528,-0.004422567016419377,-0.5494862971919122,False,max_hold_60m,60.0,60,0.0014030195474689505,0.0,0.00804854832417188,0.0,0.0
2026-08-28 21:50:00+00:00,2026-08-28 22:35:00+00:00,ADA-USDT-SWAP,short,0.20004494909992399,0.201841028588287,0.20163938919908794,0.19845050900076003,-0.010387357970999473,-1.0016343413722353,False,initial_stop,45.0,60,0.001408978379591408,0.0,0.010370409182225954,0.0,0.0
2026-08-28 21:50:00+00:00,2026-08-28 22:50:00+00:00,XRP-USDT-SWAP,short,1.372764075620723,1.3835822,1.383368907448675,1.3621592437927708,-0.009288422122905458,-0.9173598876250172,False,max_hold_60m,60.0,60,0.001407880541581324,0.0,0.010125167067150227,0.0,0.0
2026-08-28 23:15:00+00:00,2026-08-29 00:15:00+00:00,AVAX-USDT-SWAP,long,7.310095698151883,7.291701000000001,7.2781483778226,7.342043018481167,-0.003915836073904539,-0.5783843188526807,False,max_hold_60m,60.0,60,0.00139748365836626,2.010781798345124e-06,0.006770301244805939,2.010781798345124e-06,0.0
2026-08-29 00:10:00+00:00,2026-08-29 00:50:00+00:00,SOL-USDT-SWAP,long,104.40892523173748,103.74325567806905,103.8471027808499,104.97074768262507,-0.007769224495308043,-0.9984890618475544,False,initial_stop,40.0,60,0.0013936243999045966,0.0,0.007780981076479954,0.0,0.0
2026-08-29 03:20:00+00:00,2026-08-29 04:20:00+00:00,LINK-USDT-SWAP,short,11.35881141464235,11.353342,11.411736975708205,11.305885853576495,-0.0009180055503047423,-0.13003965524508956,False,max_hold_60m,60.0,60,0.0013995184870632415,0.0,0.007059427745902204,0.0,0.0
2026-08-29 04:10:00+00:00,2026-08-29 05:10:00+00:00,SOL-USDT-SWAP,short,103.6389071556157,104.02391999999999,104.17688586738825,103.10092844384315,-0.0051186599878942605,-0.6743157181647564,False,max_hold_60m,60.0,60,0.0014037149450428514,0.0,0.007590895258715609,0.0,0.0
2026-08-29 05:00:00+00:00,2026-08-29 05:35:00+00:00,XRP-USDT-SWAP,long,1.3849156120959119,1.3899525351618403,1.3784873451509425,1.3913438790408812,0.002233352168835245,0.31716405415534865,True,fixed_1r,35.0,60,0.0014036369891579931,0.0,0.007041630788782063,0.0,0.0
2026-08-29 06:15:00+00:00,2026-08-29 06:20:00+00:00,DOGE-USDT-SWAP,short,0.08457256029120289,0.08429861148505911,0.08493072349443462,0.08421439708797115,0.0018424554016776152,0.27768811168402024,True,fixed_1r,5.0,60,0.0013967607838145078,0.0,0.00663498120428769,0.0,0.0
2026-08-29 08:05:00+00:00,2026-08-29 09:05:00+00:00,SOL-USDT-SWAP,short,103.43730270711215,103.41331,103.95763248534575,102.91697292887855,-0.001167813939548736,-0.15716728674215008,False,max_hold_60m,60.0,60,0.001399768045893655,0.0,0.0074303881154649,0.0,0.0
2026-08-29 09:35:00+00:00,2026-08-29 10:05:00+00:00,XRP-USDT-SWAP,long,1.3843759104992162,1.3772323150646029,1.3786109259905934,1.3901408950078389,-0.006554995680765076,-0.998579521447658,False,initial_stop,30.0,60,0.0013948398441633982,0.0,0.006564320156758458,0.0,0.0
2026-08-29 11:45:00+00:00,2026-08-29 12:15:00+00:00,ADA-USDT-SWAP,short,0.19947919886337043,0.20055073674680568,0.20035038636044525,0.1986080113662956,-0.006777048972676856,-1.001439122384186,False,initial_stop,30.0,60,0.0014053716772953813,0.0,0.006767309985396147,0.0,0.0
2026-08-29 15:00:00+00:00,2026-08-29 15:05:00+00:00,XRP-USDT-SWAP,long,1.3994783512869449,1.390148675227895,1.3915402154433385,1.4074164871305512,-0.008059871783239688,-0.9984714535374729,False,initial_stop,5.0,60,0.0013933334616784388,0.0,0.008072210532093293,0.0,0.0
2026-08-29 16:35:00+00:00,2026-08-29 17:35:00+00:00,LINK-USDT-SWAP,long,11.419847648736402,11.362626,11.352171784836829,11.487523512635976,-0.006405708381231379,-0.769347101623535,False,max_hold_60m,60.0,60,0.0013949892808996682,0.0,0.008326161712591838,0.0,0.0
2026-08-29 17:30:00+00:00,2026-08-29 18:20:00+00:00,ADA-USDT-SWAP,short,0.1999073960764691,0.20128984167054662,0.201088752917629,0.19872603923530918,-0.008322345380069136,-1.0015434043983895,False,initial_stop,50.0,60,0.001406915429950119,0.0,0.008309520429689446,0.0,0.0
2026-08-29 18:40:00+00:00,2026-08-29 19:40:00+00:00,LINK-USDT-SWAP,long,11.428691545699206,11.418569999999999,11.37029854839047,11.48708454300794,-0.0022847403145911673,-0.30425340612105445,False,max_hold_60m,60.0,60,0.0013991143740594682,0.0,0.007509333564147937,0.0,0.0
2026-08-29 18:50:00+00:00,2026-08-29 19:50:00+00:00,DOGE-USDT-SWAP,long,0.08546077784433867,0.08515476,0.08502933413206404,0.0858922215566133,-0.004977217926230088,-0.6682227581975815,False,max_hold_60m,60.0,60,0.0013964192012750451,0.0,0.007448441204928872,0.0,0.0
2026-08-30 01:20:00+00:00,2026-08-30 02:20:00+00:00,AVAX-USDT-SWAP,short,7.2801767482724005,7.285277999999999,7.315120979268809,7.2452325172759915,-0.00210140508340514,-0.29186525486589543,False,max_hold_60m,60.0,60,0.0014007007043790262,0.0,0.007199915195012444,0.0,0.0
2026-08-30 12:05:00+00:00,2026-08-30 13:05:00+00:00,AVAX-USDT-SWAP,long,7.387623534507512,7.383609,7.350482414090143,7.42476465492488,-0.0019428701062352677,-0.261578682165686,False,max_hold_60m,60.0,60,0.0013994565864802449,0.0,0.007427478761455945,0.0,0.0
2026-08-30 13:00:00+00:00,2026-08-30 13:55:00+00:00,XRP-USDT-SWAP,long,1.401099190908254,1.4073992828265436,1.393390290899047,1.408808090917461,0.003092038727316241,0.3912963973687813,True,fixed_1r,55.0,60,0.0014044965352625787,0.0,0.007902037299878633,0.0,0.0
2026-08-30 16:05:00+00:00,2026-08-30 16:10:00+00:00,AVAX-USDT-SWAP,long,7.421542253330601,7.452117889227293,7.383507039967214,7.459577466693987,0.0027157294829235645,0.36089551569036377,True,fixed_1r,5.0,60,0.0014041198493322557,0.0,0.007524974306562371,0.0,0.0
2026-08-30 16:05:00+00:00,2026-08-30 16:15:00+00:00,DOGE-USDT-SWAP,long,0.08547666600638491,0.08586738659621478,0.0849999920766189,0.08595333993615092,0.0031665078842789216,0.3969718683594208,True,fixed_1r,10.0,60,0.0014045710789632423,0.0,0.007976655618860996,0.0,0.0
2026-08-30 16:05:00+00:00,2026-08-30 16:10:00+00:00,ETH-USDT-SWAP,long,2484.384923101965,2493.055218211373,2473.2190772235767,2495.550768980353,0.00208642625132495,0.3026257615061981,True,fixed_1r,5.0,60,0.0014034899161674925,0.0,0.006894410578070427,0.0,0.0
2026-08-30 16:15:00+00:00,2026-08-30 16:45:00+00:00,LINK-USDT-SWAP,long,11.606356457645536,11.700722988121099,11.500277491746427,11.712435423544644,0.006722459816662521,0.5825491356151992,True,fixed_1r,30.0,60,0.0014081305904070696,0.0,0.011539730137206862,0.0,0.0
2026-08-30 16:15:00+00:00,2026-08-30 17:15:00+00:00,SOL-USDT-SWAP,long,106.856542839506,106.44345,105.93851407407207,107.77457160493994,-0.005261997924510137,-0.47874528939511135,False,max_hold_60m,60.0,60,0.0013961341362117015,0.0,0.01099122652707164,0.0,0.0
2026-08-30 16:50:00+00:00,2026-08-30 16:55:00+00:00,XRP-USDT-SWAP,long,1.4134854300148902,1.4232210541512476,1.402325160178682,1.4246456998510986,0.0054807844111406925,0.532344072419847,True,fixed_1r,5.0,60,0.001406887672083224,0.0,0.010295567650874731,0.0,0.0
2026-08-30 19:45:00+00:00,2026-08-30 20:40:00+00:00,SOL-USDT-SWAP,short,105.63072800743964,104.95757264552917,106.4087360892757,104.85271992560358,0.004979095647479838,0.5098733572554168,True,fixed_1r,55.0,60,0.0013936272770754448,0.0,0.009765357566988153,0.0,0.0
2026-08-30 20:45:00+00:00,2026-08-30 21:00:00+00:00,DOGE-USDT-SWAP,short,0.08483175216266402,0.08423663085173314,0.08551102595196824,0.08415247837335979,0.005622328515619163,0.5402290056160579,True,fixed_1r,15.0,60,0.0013929846867975833,0.0,0.010407305896520051,0.0,0.0
2026-08-30 20:45:00+00:00,2026-08-30 21:00:00+00:00,LINK-USDT-SWAP,short,11.486334112247008,11.406053536407459,11.578009346964086,11.39465887752993,0.005596214425776234,0.539069734721736,True,fixed_1r,15.0,60,0.0013930107747994244,0.0,0.010381243956619008,0.0,0.0
2026-08-30 20:45:00+00:00,2026-08-30 21:00:00+00:00,SOL-USDT-SWAP,short,104.65232856014813,103.85046111291717,105.55794272177761,103.74671439851866,0.006269865790103888,0.5672264357976401,True,fixed_1r,15.0,60,0.0013923377964134827,0.0,0.011053550036480817,0.0,0.0
2026-08-30 20:45:00+00:00,2026-08-30 21:45:00+00:00,XRP-USDT-SWAP,short,1.3935784276430547,1.3944930999999998,1.406541131716655,1.3806157235694545,-0.0020570043071422668,-0.17578619278273638,False,max_hold_60m,60.0,60,0.001400656347959183,0.0,0.011701739906754959,0.0,0.0
2026-08-30 23:25:00+00:00,2026-08-30 23:35:00+00:00,BTC-USDT-SWAP,short,77994.19143476392,77618.62673801312,78447.29721716708,77541.08565236077,0.0034201058890648657,0.41660439194350796,True,fixed_1r,10.0,60,0.0013951847094015337,0.0,0.00820948111734894,0.0,0.0
2026-08-30 23:25:00+00:00,2026-08-30 23:30:00+00:00,LINK-USDT-SWAP,short,11.296898049164271,11.188196527865637,11.416776589971262,11.177019508357281,0.008231867291922908,0.6326544124280228,True,fixed_1r,5.0,60,0.001390377754953124,0.0,0.01301163341346244,0.0,0.0
2026-08-30 23:25:00+00:00,2026-08-30 23:35:00+00:00,XRP-USDT-SWAP,short,1.3717207152312145,1.3574489405355432,1.3873485827745735,1.3560928476878555,0.009014690331449108,0.6535750137365272,True,fixed_1r,10.0,60,0.0013895957139545962,0.0,0.01379289315225132,0.0,0.0
2026-08-31 01:10:00+00:00,2026-08-31 02:10:00+00:00,ADA-USDT-SWAP,short,0.19276261459606872,0.19329309999999997,0.19565137515282455,0.1898738540393129,-0.0041547659614802075,-0.23897050208936071,False,max_hold_60m,60.0,60,0.0014027520139475325,0.0,0.01738610382936122,0.0,0.0
2026-08-31 01:10:00+00:00,2026-08-31 02:10:00+00:00,DOGE-USDT-SWAP,short,0.08183990868906903,0.0819819,0.08282890426882829,0.08085091310930977,-0.0031367236171035047,-0.21655703913099156,False,max_hold_60m,60.0,60,0.001401734988628475,0.0,0.01448451470194952,0.0,0.0
2026-08-31 01:10:00+00:00,2026-08-31 02:10:00+00:00,XRP-USDT-SWAP,short,1.3549132804835904,1.3482469,1.3715593658030851,1.3382671951640956,0.0035250730361815813,0.24003406117914936,True,max_hold_60m,60.0,60,0.0013950798471167017,0.0,0.014685720096826775,0.0,0.0
2026-08-31 01:55:00+00:00,2026-08-31 02:55:00+00:00,SOL-USDT-SWAP,short,101.58760842172748,101.44134,102.66130106072978,100.51391578272518,4.126525295674276e-05,0.0031818057943497403,True,max_hold_60m,60.0,60,0.001398560174572471,0.0,0.012969129992164107,0.0,0.0
2026-08-31 02:50:00+00:00,2026-08-31 03:50:00+00:00,AVAX-USDT-SWAP,short,7.101128410032458,7.156148999999999,7.157540920389488,7.0447158996754276,-0.009155895595367376,-0.8851269062002493,False,max_hold_60m,60.0,60,0.0014077481474479194,0.0,0.010344161420504785,0.0,0.0
2026-08-31 02:55:00+00:00,2026-08-31 03:40:00+00:00,ADA-USDT-SWAP,short,0.19197767367137106,0.194126016140509,0.19393208405645257,0.19002326328628955,-0.012601775552756796,-1.0016987521683842,False,initial_stop,45.0,60,0.001411190584967789,0.0,0.012580404563225865,0.0,0.0
2026-08-31 02:55:00+00:00,2026-08-31 03:55:00+00:00,SOL-USDT-SWAP,short,101.42267941408119,102.10199999999999,102.33215296897417,100.5132058591882,-0.008104613903252017,-0.7129848415736322,False,max_hold_60m,60.0,60,0.0014066979159872647,0.0,0.01136716158700413,0.0,0.0
2026-08-31 02:55:00+00:00,2026-08-31 03:55:00+00:00,XRP-USDT-SWAP,short,1.344298318085646,1.3557544,1.358579817027752,1.33001681914354,-0.009930500888075669,-0.762491248258832,False,max_hold_60m,60.0,60,0.0014085219789091664,0.0,0.013023757204757718,0.0,0.0
2026-08-31 04:05:00+00:00,2026-08-31 05:05:00+00:00,BTC-USDT-SWAP,short,77587.75774567446,77707.52989999998,77912.89294809353,77262.62254325539,-0.0029452428316441067,-0.4468889310037089,False,max_hold_60m,60.0,60,0.0014015436991325115,0.0,0.006590547734152008,0.0,0.0
2026-08-31 04:20:00+00:00,2026-08-31 05:15:00+00:00,XRP-USDT-SWAP,short,1.3472634191197894,1.3592188904669107,1.3578610294374733,1.3366658088021055,-0.010282766835818268,-1.0016306132835793,False,initial_stop,55.0,60,0.0014088738929428754,0.0,0.010266026915959521,0.0,0.0
2026-08-31 04:25:00+00:00,2026-08-31 05:15:00+00:00,DOGE-USDT-SWAP,short,0.08196882272690643,0.08258837859560005,0.08250587272287718,0.08143177273093569,-0.008965991604253341,-1.0015762401224855,False,initial_stop,50.0,60,0.0014075584331710823,0.0,0.008951881289792643,0.0,0.0
2026-08-31 06:20:00+00:00,2026-08-31 07:20:00+00:00,ADA-USDT-SWAP,long,0.1960474853610892,0.1957041,0.19436982433307037,0.19772514638910804,-0.0031497902362598333,-0.2874572403453074,False,max_hold_60m,60.0,60,0.001398248458221962,0.0,0.01095742181507119,0.0,0.0
2026-08-31 06:20:00+00:00,2026-08-31 07:20:00+00:00,BTC-USDT-SWAP,long,78041.72319730803,78059.76209999999,77702.0783676964,78381.36802691966,-0.0011690868031744334,-0.17314435984332754,False,max_hold_60m,60.0,60,0.0014002311443411669,0.0,0.006752092902317467,0.0,0.0
2026-08-31 06:20:00+00:00,2026-08-31 07:20:00+00:00,ETH-USDT-SWAP,long,2439.074727301878,2438.12943,2425.0467276225345,2453.102726981221,-0.00178717633125601,-0.21924882161432216,False,max_hold_60m,60.0,60,0.0013996124361048488,0.0,0.008151361170824486,0.0,0.0
2026-08-31 06:20:00+00:00,2026-08-31 07:20:00+00:00,LINK-USDT-SWAP,long,11.278930800804268,11.255733,11.1901696096512,11.367691991957336,-0.0034546808392345156,-0.33639727057814967,False,max_hold_60m,60.0,60,0.0013979432624231887,0.0,0.010269645866320863,0.0,0.0
2026-08-31 07:20:00+00:00,2026-08-31 08:20:00+00:00,ADA-USDT-SWAP,long,0.19576088626272917,0.19550430000000002,0.19423063515275,0.19729113737270834,-0.00272869431377797,-0.2670754945463378,False,max_hold_60m,60.0,60,0.0013986892873871402,1.9292413531156476e-05,0.01021694003941848,1.9292413531156476e-05,0.0
2026-08-31 07:25:00+00:00,2026-08-31 08:25:00+00:00,DOGE-USDT-SWAP,long,0.08279040551903379,0.08236755,0.08235486622840547,0.0832259448096621,-0.006540196503091032,-0.8537284155871748,False,max_hold_60m,60.0,60,0.0013948924574486282,3.776149427065023e-05,0.007660745951149857,3.776149427065023e-05,0.0
2026-08-31 07:25:00+00:00,2026-08-31 08:20:00+00:00,LINK-USDT-SWAP,long,11.296326882751375,11.200710670423474,11.21192259301649,11.380731172486259,-0.009914985088974235,-1.004371037763451,False,initial_stop,55.0,60,0.0013915356369092063,5.908636127138594e-05,0.009871834925719362,5.908636127138594e-05,0.0
2026-08-31 07:30:00+00:00,2026-08-31 08:30:00+00:00,XRP-USDT-SWAP,long,1.368654011038123,1.3659326999999999,1.359348132457475,1.3779598896187708,-0.00342691012346943,-0.37251888932088667,False,max_hold_60m,60.0,60,0.0013980116881138873,4.0586549242779554e-05,0.009199292228420395,4.0586549242779554e-05,0.0
2026-08-31 08:45:00+00:00,2026-08-31 09:45:00+00:00,SOL-USDT-SWAP,long,103.09558096070674,103.02687,102.38697152848093,103.80419039293255,-0.0020658117555222236,-0.2227692612272811,False,max_hold_60m,60.0,60,0.001399333521766244,0.0,0.009273324982725387,0.0,0.0
2026-08-31 09:10:00+00:00,2026-08-31 10:05:00+00:00,BTC-USDT-SWAP,long,78676.47850521037,78218.44532046198,78296.7420625245,79056.21494789624,-0.007215907883235254,-0.9985265061901043,False,initial_stop,55.0,60,0.001394178270387152,0.0,0.007226556169017164,0.0,0.0
2026-08-31 09:10:00+00:00,2026-08-31 10:10:00+00:00,DOGE-USDT-SWAP,long,0.08299586093650954,0.08253738,0.08251033123811452,0.08348139063490456,-0.0069186180419698005,-0.8386155775477521,False,max_hold_60m,60.0,60,0.001394475857815846,0.0,0.008250047133873856,0.0,0.0
2026-08-31 09:50:00+00:00,2026-08-31 10:05:00+00:00,LINK-USDT-SWAP,long,11.326290743527169,11.2302474334037,11.241488922326027,11.41109256472831,-0.009871199352548609,-0.9983850938772642,False,initial_stop,15.0,60,0.0013915203209684199,0.0,0.009887166197777908,0.0,0.0
2026-08-31 10:50:00+00:00,2026-08-31 11:50:00+00:00,XRP-USDT-SWAP,long,1.3764264547507927,1.3707279,1.3668174570095142,1.3860354524920713,-0.0055359683086536856,-0.5901180805198339,False,max_hold_60m,60.0,60,0.0013958598915829292,0.0,0.009381119629103825,0.0,0.0
2026-08-31 10:55:00+00:00,2026-08-31 11:45:00+00:00,AVAX-USDT-SWAP,long,7.230082696118187,7.179805361064829,7.186992353418247,7.273173038818128,-0.00834695480388795,-0.998455265514235,False,initial_stop,50.0,60,0.0013930460912873995,0.0,0.008359868581181764,0.0,0.0
2026-08-31 10:55:00+00:00,2026-08-31 11:50:00+00:00,DOGE-USDT-SWAP,long,0.0830568273859293,0.08249934670252057,0.08258192863115173,0.08353172614070688,-0.008105327186861359,-0.9984688139550093,False,initial_stop,55.0,60,0.0013932879607739125,0.0,0.008117756983070462,0.0,0.0
2026-08-31 10:55:00+00:00,2026-08-31 11:50:00+00:00,LINK-USDT-SWAP,long,11.315782235803562,11.225150442813105,11.236386829642747,11.395177641964377,-0.009401317037631859,-0.9984042988303686,False,initial_stop,55.0,60,0.0013919906736360043,0.0,0.009416342706702593,0.0,0.0
2026-08-31 12:05:00+00:00,2026-08-31 13:05:00+00:00,ETH-USDT-SWAP,long,2454.2056283999646,2450.48706,2442.4975407995757,2465.9137160003534,-0.0029136669024700185,-0.4063339084430137,False,max_hold_60m,60.0,60,0.0013984848179154454,0.0,0.00717062209657712,0.0,0.0
2026-08-31 12:20:00+00:00,2026-08-31 12:25:00+00:00,ADA-USDT-SWAP,long,0.1976570973171795,0.19588908263834784,0.19608516780615398,0.19922902682820504,-0.010335913195763213,-0.9983678182534751,False,initial_stop,5.0,60,0.0013910551419461829,0.0,0.010352810864681771,0.0,0.0
2026-08-31 12:20:00+00:00,2026-08-31 12:40:00+00:00,LINK-USDT-SWAP,long,11.311222724536842,11.225436021747667,11.23667269444211,11.385772754631574,-0.008976627052040918,-0.9984233872322437,False,initial_stop,20.0,60,0.001392415788736696,0.0,0.00899080206536955,0.0,0.0
2026-08-31 12:45:00+00:00,2026-08-31 13:45:00+00:00,AVAX-USDT-SWAP,short,7.1666689333124864,7.166158999999999,7.218027199749836,7.1153106668751365,-0.0013287753835777665,-0.13890217766691182,False,max_hold_60m,60.0,60,0.0013999288465370407,0.0,0.009566267468924621,0.0,0.0
2026-08-31 13:50:00+00:00,2026-08-31 14:40:00+00:00,LINK-USDT-SWAP,short,11.19949774401075,11.315276901057151,11.303972928129024,11.095022559892477,-0.011748226219825362,-1.0016767999213743,False,initial_stop,50.0,60,0.0014103378883314939,0.0,0.011728559771722304,0.0,0.0
2026-08-31 14:45:00+00:00,2026-08-31 15:45:00+00:00,ETH-USDT-SWAP,long,2462.5344752899023,2472.93459,2438.49370347883,2486.5752471009746,0.0028191143716533515,0.23178525066730668,True,max_hold_60m,60.0,60,0.0014042233377093627,0.0,0.01216261329630405,0.0,0.0
2026-08-31 15:45:00+00:00,2026-08-31 16:45:00+00:00,ADA-USDT-SWAP,long,0.1967905712588356,0.19630350000000002,0.19448685510602695,0.19909428741164423,-0.003951306544747421,-0.2801066585175911,False,max_hold_60m,60.0,60,0.0013975249258350142,7.870745392646166e-05,0.014106435618699415,7.870745392646166e-05,0.0
2026-08-31 15:45:00+00:00,2026-08-31 16:45:00+00:00,BTC-USDT-SWAP,long,78624.21184787237,78605.316,78028.14217446855,79220.28152127619,-0.001714471969816478,-0.17176929339053024,False,max_hold_60m,60.0,60,0.0013997596688421,7.438114307448976e-05,0.009981248312633497,7.438114307448976e-05,0.0
2026-08-31 15:45:00+00:00,2026-08-31 16:45:00+00:00,ETH-USDT-SWAP,long,2473.3987974797365,2468.00952,2451.275569756842,2495.522025202631,-0.0036252176849104474,-0.3195582909104027,False,max_hold_60m,60.0,60,0.0013978211045120473,4.850109244563532e-05,0.011344464493731068,4.850109244563532e-05,0.0
2026-08-31 15:45:00+00:00,2026-08-31 16:45:00+00:00,XRP-USDT-SWAP,long,1.3757621410270988,1.3764222,1.359945692325185,1.3915785897290127,-0.000931179774000976,-0.06700822585886851,False,max_hold_60m,60.0,60,0.0014004797769565083,1.047695355261356e-05,0.013896499453100127,1.047695355261356e-05,0.0
2026-08-31 16:15:00+00:00,2026-08-31 17:15:00+00:00,SOL-USDT-SWAP,short,102.64688560197149,103.08297999999999,103.71262722365795,101.58114398028503,-0.0056527397676656415,-0.44222141645699753,False,max_hold_60m,60.0,60,0.0014042484912763892,0.0,0.012782600655016726,0.0,0.0
2026-08-31 16:45:00+00:00,2026-08-31 17:45:00+00:00,ADA-USDT-SWAP,long,0.19630454127196373,0.1969029,0.19415449526356482,0.19845458728036264,0.001645066433180879,0.1232019138461902,True,max_hold_60m,60.0,60,0.0014030481145477286,0.0,0.013352604532058165,0.0,0.0
2026-08-31 16:45:00+00:00,2026-08-31 17:45:00+00:00,DOGE-USDT-SWAP,long,0.08303558799209848,0.08313678000000001,0.08232705590518181,0.08374412007901515,-0.00018256036552369943,-0.016698298200990766,False,max_hold_60m,60.0,60,0.0014012186582927691,0.0,0.01093287251948031,0.0,0.0
2026-08-31 17:45:00+00:00,2026-08-31 18:45:00+00:00,BTC-USDT-SWAP,long,78830.5159884266,79068.6522,78373.0918611192,79287.940115734,0.0016178424228092958,0.19723465490905515,True,max_hold_60m,60.0,60,0.0014030208632860954,0.0,0.008202627593793203,0.0,0.0
2026-08-31 17:55:00+00:00,2026-08-31 18:40:00+00:00,ETH-USDT-SWAP,long,2473.529000348011,2487.000506523371,2457.568004176131,2489.4899965198906,0.0040408234822762,0.45644980896153126,True,fixed_1r,45.0,60,0.0014054462697520283,0.0,0.008852722474502674,0.0,0.0
2026-08-31 18:20:00+00:00,2026-08-31 18:40:00+00:00,ADA-USDT-SWAP,long,0.1984235358288812,0.20016427706947695,0.19648242994657425,0.20036464171118815,0.007364083817430103,0.6044735978778826,True,fixed_1r,20.0,60,0.0014087728566741042,0.0,0.012182639313417648,0.0,0.0
2026-08-31 18:20:00+00:00,2026-08-31 19:20:00+00:00,DOGE-USDT-SWAP,long,0.08336757709790255,0.08324667,0.08279092517483058,0.08394422902097451,-0.0028488389252671097,-0.30576846859545387,False,max_hold_60m,60.0,60,0.0013985497107855183,0.0,0.009316980715353806,0.0,0.0
2026-08-31 18:45:00+00:00,2026-08-31 19:25:00+00:00,AVAX-USDT-SWAP,long,7.252412926678444,7.194753165021193,7.201955120141334,7.302870733215554,-0.009342474108679206,-0.9984068400132067,False,initial_stop,40.0,60,0.0013920495754667875,0.0,0.00935738191512753,0.0,0.0
2026-08-31 18:45:00+00:00,2026-08-31 19:45:00+00:00,BTC-USDT-SWAP,long,79110.61916507376,78865.056,78701.629980885,79519.60834926252,-0.004500944026197102,-0.5945891156360726,False,max_hold_60m,60.0,60,0.0013968959519257286,0.0,0.007569839251736276,0.0,0.0
2026-08-31 18:45:00+00:00,2026-08-31 19:45:00+00:00,LINK-USDT-SWAP,long,11.482164010182318,11.406581999999998,11.384968122187828,11.579359898176808,-0.00797597540891932,-0.7341017680520215,False,max_hold_60m,60.0,60,0.0013934174420331138,0.0,0.010864945101663491,0.0,0.0
2026-08-31 18:45:00+00:00,2026-08-31 19:30:00+00:00,SOL-USDT-SWAP,long,104.80135528618732,103.72243717081362,103.82626343424786,105.77644713812677,-0.011684592163097534,-0.9983254649648688,False,initial_stop,45.0,60,0.0013897051129498524,0.0,0.011704191241389116,0.0,0.0
2026-08-31 18:45:00+00:00,2026-08-31 19:45:00+00:00,XRP-USDT-SWAP,long,1.3927412116568547,1.3851135,1.3788945398822576,1.4065878834314518,-0.006871284888692731,-0.5567387327255245,False,max_hold_60m,60.0,60,0.0013945232383496568,0.0,0.012342027749810455,0.0,0.0
2026-08-31 21:50:00+00:00,2026-08-31 22:15:00+00:00,AVAX-USDT-SWAP,long,7.242963367079071,7.202350844543895,7.209560404948844,7.2763663292092975,-0.007001562227561291,-0.9985426027544927,False,initial_stop,25.0,60,0.0013943928306030418,0.0,0.0070117811781364075,0.0,0.0
2026-08-31 22:50:00+00:00,2026-08-31 23:50:00+00:00,SOL-USDT-SWAP,short,103.13901625606695,103.06295999999998,103.67819507280333,102.59983743933057,-0.0006618476005818458,-0.08676907291405644,False,max_hold_60m,60.0,60,0.0013992625850155662,0.0,0.007627690124537767,0.0,0.0
2026-08-31 23:05:00+00:00,2026-09-01 00:05:00+00:00,DOGE-USDT-SWAP,short,0.08268612358684702,0.08284275999999999,0.08308348304216424,0.08228876413152979,-0.0032478935672916455,-0.45074346418549605,False,max_hold_60m,60.0,60,0.001401894349455002,-4.83502371653586e-05,0.007205636521342944,-4.83502371653586e-05,0.0
2026-09-01 01:30:00+00:00,2026-09-01 02:30:00+00:00,DOGE-USDT-SWAP,short,0.0827019818557287,0.08282273999999999,0.0831637822687445,0.0822401814427129,-0.002861620383250659,-0.3584234327172688,False,max_hold_60m,60.0,60,0.0014014601602230278,0.0,0.007983909873180529,0.0,0.0
2026-09-01 05:10:00+00:00,2026-09-01 05:40:00+00:00,DOGE-USDT-SWAP,long,0.0833364965751685,0.08362132921406659,0.0829679589020221,0.08370503424831491,0.002014444066562472,0.295274134550332,True,fixed_1r,30.0,60,0.001403417861928491,0.0,0.006822284212703679,0.0,0.0
2026-09-01 05:10:00+00:00,2026-09-01 06:10:00+00:00,SOL-USDT-SWAP,long,103.92063434133831,103.88601,103.37761209605979,104.46365658661684,-0.001732847438973121,-0.22724808925572976,False,max_hold_60m,60.0,60,0.0013996668193804072,0.0,0.007625355375477286,0.0,0.0
2026-09-01 05:10:00+00:00,2026-09-01 05:45:00+00:00,XRP-USDT-SWAP,long,1.3841678831817468,1.39082894701435,1.376114598180961,1.3922211681825325,0.003407511321151553,0.4146328220711306,True,fixed_1r,35.0,60,0.0014048123236447964,0.0,0.008218141786582905,0.0,0.0
2026-09-01 05:35:00+00:00,2026-09-01 06:35:00+00:00,ADA-USDT-SWAP,long,0.20206694420079507,0.20129850000000002,0.2006033304095409,0.20353055799204925,-0.00519911597926386,-0.5391477213098732,False,max_hold_60m,60.0,60,0.001396197081101838,0.0,0.009643212377180181,0.0,0.0
2026-09-01 05:45:00+00:00,2026-09-01 06:45:00+00:00,LINK-USDT-SWAP,long,11.505547481142642,11.480508,11.434569773711695,11.576525188573589,-0.003574120067080448,-0.4170989158762065,False,max_hold_60m,60.0,60,0.001397823703636556,0.0,0.008568998698000055,0.0,0.0
2026-09-01 07:20:00+00:00,2026-09-01 07:40:00+00:00,AVAX-USDT-SWAP,long,7.3248956319993175,7.283456836407812,7.290747583991803,7.359043680006832,-0.0070515968111637154,-0.9985387577430898,False,initial_stop,20.0,60,0.001394342745934771,0.0,0.00706191598121021,0.0,0.0
2026-09-01 07:40:00+00:00,2026-09-01 08:25:00+00:00,SOL-USDT-SWAP,short,102.89778570508994,102.36440509204974,103.53342846107924,102.26214294910065,0.0037915967670460724,0.44204400918307307,True,fixed_1r,45.0,60,0.001394816403391139,-2.8165615762314096e-06,0.008577419189671176,-2.8165615762314096e-06,0.0
2026-09-01 08:10:00+00:00,2026-09-01 08:25:00+00:00,XRP-USDT-SWAP,short,1.3715737463288427,1.3644255992482848,1.380084955946112,1.3630625367115734,0.0038168505315812028,0.44353960200432613,True,fixed_1r,15.0,60,0.0013947883611073115,0.0,0.008605433459229136,0.0,0.0
2026-09-01 08:30:00+00:00,2026-09-01 09:30:00+00:00,ADA-USDT-SWAP,short,0.196994371050413,0.19699679999999997,0.19913245260495624,0.19485628949586978,-0.001412342375691172,-0.10656360000004704,False,max_hold_60m,60.0,60,0.0014000123300456455,0.0,0.01325351598191642,0.0,0.0
2026-09-01 08:30:00+00:00,2026-09-01 09:30:00+00:00,AVAX-USDT-SWAP,short,7.222040268415741,7.223215999999999,7.277483220988896,7.166597315842586,-0.0015629605031405368,-0.15510315321655974,False,max_hold_60m,60.0,60,0.001400162797705435,0.0,0.010076909919157374,0.0,0.0
2026-09-01 08:30:00+00:00,2026-09-01 09:30:00+00:00,DOGE-USDT-SWAP,short,0.08242336770100783,0.08242233999999998,0.08301041241209403,0.08183632298992163,-0.0013875189677690768,-0.14571244609195147,False,max_hold_60m,60.0,60,0.0013999875314363328,0.0,0.009522309212306315,0.0,0.0
2026-09-01 08:30:00+00:00,2026-09-01 09:30:00+00:00,ETH-USDT-SWAP,short,2448.33468851504,2453.04059,2462.026262180477,2434.643114849603,-0.0033240046749091123,-0.4159061688896525,False,max_hold_60m,60.0,60,0.0014019220825923168,0.0,0.007992198537913563,0.0,0.0
2026-09-01 08:30:00+00:00,2026-09-01 09:30:00+00:00,LINK-USDT-SWAP,short,11.295291199179458,11.336324999999999,11.386494390153485,11.20408800820543,-0.0050364564575675124,-0.48083284250930297,False,max_hold_60m,60.0,60,0.0014036328236339336,0.0,0.010474443532775258,0.0,0.0
2026-09-01 11:40:00+00:00,2026-09-01 12:35:00+00:00,LINK-USDT-SWAP,long,11.466352595747654,11.370848917822872,11.382231148971844,11.550474042523465,-0.009720708215639534,-0.9983910425502991,False,initial_stop,55.0,60,0.0013916709627471075,0.0,0.009736373626518992,0.0,0.0
2026-09-01 12:35:00+00:00,2026-09-01 13:05:00+00:00,BTC-USDT-SWAP,short,77870.5169958417,77635.4879716246,78183.10395010035,77557.93004158304,0.0016212211542639282,0.2527554480045309,True,fixed_1r,30.0,60,0.0013969817970486875,0.0,0.006414188762549901,0.0,0.0
2026-09-01 12:40:00+00:00,2026-09-01 13:05:00+00:00,ADA-USDT-SWAP,short,0.19825549996995143,0.19674154530078622,0.1999659996394171,0.19654500030048574,0.006244018067917734,0.5662094118394911,True,fixed_1r,25.0,60,0.0013923636183137684,0.0,0.011027753932299145,0.0,0.0
2026-09-01 12:40:00+00:00,2026-09-01 13:40:00+00:00,SOL-USDT-SWAP,short,101.60454524546947,101.67156999999999,102.31454294563352,100.89454754530541,-0.0020603226176837174,-0.21946684275437084,False,max_hold_60m,60.0,60,0.001400659662954729,0.0,0.009387853726905107,0.0,0.0
2026-09-01 13:05:00+00:00,2026-09-01 14:00:00+00:00,DOGE-USDT-SWAP,short,0.0822923957315167,0.0829516175269787,0.08286874877820051,0.08171604268483289,-0.009418736256146462,-1.0015966494590745,False,initial_stop,55.0,60,0.0014080107255306157,0.0,0.009403721808807143,0.0,0.0
2026-09-01 13:05:00+00:00,2026-09-01 14:00:00+00:00,XRP-USDT-SWAP,short,1.365450729187573,1.3783857590011261,1.3770087502508754,1.3538927081242706,-0.010882557346518494,-1.0016510199615634,False,initial_stop,55.0,60,0.0014094730842622563,0.0,0.010864619642613746,0.0,0.0
2026-09-01 15:05:00+00:00,2026-09-01 16:05:00+00:00,DOGE-USDT-SWAP,short,0.08232398702137073,0.08259251,0.08302784425644871,0.08162012978629274,-0.004615102013492956,-0.4214765134483361,False,max_hold_60m,60.0,60,0.0014032617829668472,-4.994273632122632e-05,0.010949843861367776,-4.994273632122632e-05,0.0
2026-09-01 15:10:00+00:00,2026-09-01 16:10:00+00:00,ETH-USDT-SWAP,short,2436.7586628691424,2442.1797399999996,2454.1239544297123,2419.3933713085726,-0.003543602141945141,-0.37197745375248853,False,max_hold_60m,60.0,60,0.00140222470826244,-8.333082875727016e-05,0.009526389586781332,-8.333082875727016e-05,0.0
2026-09-01 15:50:00+00:00,2026-09-01 16:20:00+00:00,XRP-USDT-SWAP,long,1.3789447416762266,1.3659695632146065,1.3673369001147213,1.390552583237732,-0.010899991469733842,-1.007586956898231,False,initial_stop,30.0,60,0.0013905905015121581,9.990248037970022e-05,0.010817916404246161,9.990248037970022e-05,0.0
2026-09-01 16:15:00+00:00,2026-09-01 16:35:00+00:00,ADA-USDT-SWAP,short,0.19779275243997535,0.19586814807584663,0.1999130292797043,0.1956724756002464,0.008340139336386962,0.6356964090345884,True,fixed_1r,20.0,60,0.0013902695910725405,0.0,0.013119689238221217,0.0,0.0
2026-09-01 16:15:00+00:00,2026-09-01 17:15:00+00:00,BTC-USDT-SWAP,short,77667.10816732104,77565.28779999999,78071.9980078525,77262.21832678959,-8.7704614045906e-05,-0.011520156566495549,False,max_hold_60m,60.0,60,0.0013986890155984475,0.0,0.007613144278002281,0.0,0.0
2026-09-01 18:00:00+00:00,2026-09-01 18:25:00+00:00,AVAX-USDT-SWAP,short,7.247202754081484,7.197162431644344,7.304433048977809,7.189972459185159,0.005511682266839768,0.5352768936798771,True,fixed_1r,25.0,60,0.0013930952225106497,0.0,0.010296880608741604,0.0,0.0
2026-09-01 18:00:00+00:00,2026-09-01 18:25:00+00:00,BTC-USDT-SWAP,short,77268.02744663332,76960.70935920058,77652.22935959972,76883.82553366692,0.002581276806019637,0.3501305277464545,True,fixed_1r,25.0,60,0.001396022700493487,0.0,0.007372327179333695,0.0,0.0
2026-09-01 18:00:00+00:00,2026-09-01 18:05:00+00:00,LINK-USDT-SWAP,short,11.30965039518414,11.236721544206755,11.39380474220968,11.225496048158599,0.005054821968630142,0.5136527341516695,True,fixed_1r,5.0,60,0.0013935516264049648,0.0,0.009840932662372577,0.0,0.0
2026-09-01 18:10:00+00:00,2026-09-01 18:25:00+00:00,ADA-USDT-SWAP,short,0.1962084986497636,0.1941089285158663,0.19850198379716327,0.19391501350236395,0.009311410150396838,0.6608983359002796,True,fixed_1r,15.0,60,0.0013892992905590441,0.0,0.014089020420535302,0.0,0.0
2026-09-01 20:05:00+00:00,2026-09-01 21:05:00+00:00,XRP-USDT-SWAP,short,1.349491597780824,1.3517503999999998,1.3636991733698876,1.3352840221917603,-0.003075490996100482,-0.2378920500863576,False,max_hold_60m,60.0,60,0.0014016738171789215,0.0,0.012928094885827596,0.0,0.0
2026-09-01 20:45:00+00:00,2026-09-01 21:45:00+00:00,ADA-USDT-SWAP,short,0.19567618902602654,0.19549529999999998,0.1976142683123183,0.1937381097397348,-0.00047464512696277937,-0.038574850286762385,False,max_hold_60m,60.0,60,0.0013990755695574054,0.0,0.01230452285451026,0.0,0.0
2026-09-01 20:50:00+00:00,2026-09-01 21:15:00+00:00,AVAX-USDT-SWAP,short,7.210153634526434,7.1716281183903945,7.255843614317208,7.16446365473566,0.003948574192304093,0.45194255096828595,True,fixed_1r,25.0,60,0.0013946567690386572,0.0,0.008736894067275323,0.0,0.0
2026-09-01 21:15:00+00:00,2026-09-01 22:15:00+00:00,BTC-USDT-SWAP,short,77105.05532407844,77343.4662,77449.96388894119,76760.14675921568,-0.004495118546954153,-0.654003902165363,False,max_hold_60m,60.0,60,0.0014030920265204337,0.0,0.006873228939569195,0.0,0.0
2026-09-01 21:15:00+00:00,2026-09-01 22:15:00+00:00,SOL-USDT-SWAP,short,99.26554075423181,99.83973999999998,100.0964890507818,98.43459245768182,-0.007190261561532221,-0.6675596882662853,False,max_hold_60m,60.0,60,0.0014057844770844479,0.0,0.010770964286663263,0.0,0.0
2026-09-01 22:30:00+00:00,2026-09-01 23:30:00+00:00,BTC-USDT-SWAP,short,77066.64039104855,77439.362,77383.88469258256,76749.39608951454,-0.006241191060973348,-0.9577530220987416,False,max_hold_60m,60.0,60,0.001404836354706267,0.0,0.00651649320541627,0.0,0.0
2026-09-01 22:45:00+00:00,2026-09-01 23:35:00+00:00,LINK-USDT-SWAP,short,11.158812604995115,11.244985011201313,11.233751259941373,11.083873950048856,-0.009130085777566724,-1.0015838711137657,False,initial_stop,50.0,60,0.0014077223634141524,0.0,0.009115647766386282,0.0,0.0
2026-09-02 00:45:00+00:00,2026-09-02 01:35:00+00:00,DOGE-USDT-SWAP,short,0.08129970282885501,0.08094383468316133,0.08173643394626014,0.08086297171144989,0.0029816152020785817,0.38364212204320236,True,fixed_1r,50.0,60,0.0013956227620358854,0.0,0.007771866098016262,0.0,0.0
2026-09-02 01:05:00+00:00,2026-09-02 02:05:00+00:00,LINK-USDT-SWAP,short,11.133630727178634,11.106095,11.206568726143608,11.06069272821366,0.0010756760468556951,0.12017193040199177,True,max_hold_60m,60.0,60,0.0013975267971559882,0.0,0.00895114227804621,0.0,0.0
2026-09-02 01:30:00+00:00,2026-09-02 01:40:00+00:00,SOL-USDT-SWAP,short,99.52160694493777,99.05288448117284,100.08928333925331,98.95393055062223,0.0033144655380040995,0.408988694572806,True,fixed_1r,10.0,60,0.0013952902442177781,0.0,0.008104051730491234,0.0,0.0
2026-09-02 01:40:00+00:00,2026-09-02 02:40:00+00:00,AVAX-USDT-SWAP,short,7.142906697851286,7.185177999999999,7.185880374215431,7.099933021487141,-0.007323859185167581,-0.8702021936591667,False,max_hold_60m,60.0,60,0.0014059179412439235,0.0,0.008416272951888383,0.0,0.0
2026-09-02 01:40:00+00:00,2026-09-02 01:50:00+00:00,XRP-USDT-SWAP,short,1.3374214871602281,1.329713513526117,1.3464578459227368,1.3283851283977195,0.0043690725637495036,0.47715256014350294,True,fixed_1r,10.0,60,0.001394236690745505,0.0,0.009156552701793136,0.0,0.0
2026-09-02 01:45:00+00:00,2026-09-02 02:20:00+00:00,ADA-USDT-SWAP,short,0.1943570704682284,0.19628093046435915,0.19608484561874043,0.19262929531771636,-0.011308483655816888,-1.0016641972897724,False,initial_stop,35.0,60,0.0014098985850707461,0.0,0.011289695375370841,0.0,0.0
2026-09-02 01:45:00+00:00,2026-09-02 02:45:00+00:00,DOGE-USDT-SWAP,short,0.08073150811130315,0.08117108999999999,0.08129809733563789,0.08016491888696842,-0.0068504304562089875,-0.7273615208278702,False,max_hold_60m,60.0,60,0.0014054449854707383,0.0,0.009418191999505207,0.0,0.0
2026-09-02 03:05:00+00:00,2026-09-02 04:05:00+00:00,ADA-USDT-SWAP,long,0.1976365807212356,0.19700279999999998,0.19583896865482714,0.19943419278764407,-0.004603591856344848,-0.400467534148674,False,max_hold_60m,60.0,60,0.001396793201345,0.0,0.011495543243302615,0.0,0.0
2026-09-02 03:15:00+00:00,2026-09-02 04:15:00+00:00,SOL-USDT-SWAP,long,100.42152898064748,99.77013000000001,99.66834776776984,101.17471019352512,-0.007880160064006107,-0.7959599552801071,False,max_hold_60m,60.0,60,0.0013935133532892831,0.0,0.009900196626390571,0.0,0.0
2026-09-02 04:35:00+00:00,2026-09-02 05:25:00+00:00,AVAX-USDT-SWAP,long,7.211278956580396,7.244958223761838,7.170347478964759,7.252210434196034,0.0032656894174864955,0.40436787219277354,True,fixed_1r,50.0,60,0.0014046703597772638,0.0,0.008076035813076785,0.0,0.0
2026-09-02 05:20:00+00:00,2026-09-02 06:20:00+00:00,SOL-USDT-SWAP,long,100.08549576963783,99.69021000000001,99.4859492356539,100.68504230362176,-0.005345531576094568,-0.6371051856909473,False,max_hold_60m,60.0,60,0.0013960505189428484,0.0,0.008390343849261378,0.0,0.0
2026-09-02 06:45:00+00:00,2026-09-02 07:45:00+00:00,ETH-USDT-SWAP,long,2420.496444589465,2418.0095699999997,2410.0073350735834,2430.985554105347,-0.002426395936432545,-0.3603493850963059,False,max_hold_60m,60.0,60,0.0013989725766402077,0.0,0.006733453800078148,0.0,0.0
2026-09-02 08:35:00+00:00,2026-09-02 08:40:00+00:00,AVAX-USDT-SWAP,short,7.179072948099941,7.152415789519589,7.2128753771992935,7.145270519000589,0.0023168887865939874,0.32593367032751297,True,fixed_1r,5.0,60,0.001396286824389017,0.0,0.007108467143839028,0.0,0.0
2026-09-02 08:45:00+00:00,2026-09-02 09:35:00+00:00,DOGE-USDT-SWAP,short,0.0810170795164228,0.08068981404060771,0.08142495419707366,0.08060920483577194,0.0026435022250400715,0.3555757223417538,True,fixed_1r,50.0,60,0.001395960537237722,0.0,0.007434428333943811,0.0,0.0
2026-09-02 08:45:00+00:00,2026-09-02 09:20:00+00:00,ETH-USDT-SWAP,short,2396.1141174786726,2386.5730140384917,2408.0394097440667,2384.1888252132785,0.0025858888497643077,0.35053726215029857,True,fixed_1r,35.0,60,0.0013960180930571785,0.0,0.00737693001280864,0.0,0.0
2026-09-02 13:00:00+00:00,2026-09-02 13:25:00+00:00,LINK-USDT-SWAP,short,10.967633304870217,11.06265125810104,11.051599658442598,10.883666951297837,-0.010072150913526458,-1.0016228711536383,False,initial_stop,25.0,60,0.0014086634874261005,0.0,0.01005583159450589,0.0,0.0
2026-09-02 13:45:00+00:00,2026-09-02 14:45:00+00:00,DOGE-USDT-SWAP,long,0.08191557739259415,0.08175816,0.08120692871112985,0.08262422607405846,-0.003319781074701696,-0.3004064788597995,False,max_hold_60m,60.0,60,0.0013980782972225208,0.0,0.011050963638673875,0.0,0.0
2026-09-02 13:45:00+00:00,2026-09-02 14:00:00+00:00,ETH-USDT-SWAP,long,2414.5067303666433,2393.265103635321,2395.6607643997204,2433.352696333566,-0.01018870406021555,-0.9983731201183649,False,initial_stop,15.0,60,0.0013912024984382226,0.0,0.010205306868646062,0.0,0.0
2026-09-02 15:35:00+00:00,2026-09-02 16:35:00+00:00,BTC-USDT-SWAP,long,77212.36465780677,77410.2123,76617.9758936814,77806.75342193214,0.001083314472605697,0.10727900413981296,True,max_hold_60m,60.0,60,0.0014025623828912643,7.650603576738922e-05,0.01009810336413872,7.650603576738922e-05,0.0
2026-09-02 15:45:00+00:00,2026-09-02 16:45:00+00:00,LINK-USDT-SWAP,long,11.100819547685191,11.076911999999998,10.97783457222229,11.223804523148091,-0.003616475860927741,-0.2683062641851913,False,max_hold_60m,60.0,60,0.0013978463258876974,6.495542273740799e-05,0.013478909528670431,6.495542273740799e-05,0.0
2026-09-02 16:25:00+00:00,2026-09-02 17:15:00+00:00,AVAX-USDT-SWAP,long,7.163124677272198,7.102386631139113,7.109496127266379,7.2167532272780175,-0.009870787654928697,-0.9983851099034734,False,initial_stop,50.0,60,0.0013915207330781494,0.0,0.009886753675526102,0.0,0.0
2026-09-02 16:25:00+00:00,2026-09-02 17:00:00+00:00,ETH-USDT-SWAP,long,2400.9675333394284,2378.209809673069,2380.590400073142,2421.344666605715,-0.010869085119644229,-0.998349818067705,False,initial_stop,35.0,60,0.0013905214363166723,0.0,0.010887050734061557,0.0,0.0
2026-09-02 17:50:00+00:00,2026-09-02 18:50:00+00:00,ADA-USDT-SWAP,long,0.1966334008221583,0.196803,0.19480080986589968,0.19846599177841692,-0.000538347920773124,-0.04593476753038142,False,max_hold_60m,60.0,60,0.0014008625145938206,0.0,0.011719835534534026,0.0,0.0
2026-09-02 18:10:00+00:00,2026-09-02 19:10:00+00:00,XRP-USDT-SWAP,long,1.3387901455096909,1.3419567,1.3287817461162919,1.34879854490309,0.000962870645880323,0.09749893334303315,True,max_hold_60m,60.0,60,0.001402365235881762,0.0,0.009875704408915213,0.0,0.0
2026-09-02 18:15:00+00:00,2026-09-02 19:15:00+00:00,DOGE-USDT-SWAP,long,0.08153143144159758,0.08136855,0.0809971772991709,0.08206568558402426,-0.003395777055288698,-0.3793003771348283,False,max_hold_60m,60.0,60,0.0013980022251698812,0.0,0.00895273840996371,0.0,0.0
2026-09-02 18:20:00+00:00,2026-09-02 19:20:00+00:00,BTC-USDT-SWAP,long,77388.88189656708,77194.92779999999,77063.08275880502,77714.68103432914,-0.0039037206601523133,-0.5905873118665806,False,max_hold_60m,60.0,60,0.0013974937731129607,0.0,0.006609895914990807,0.0,0.0
2026-09-02 18:55:00+00:00,2026-09-02 19:55:00+00:00,AVAX-USDT-SWAP,long,7.171487717894296,7.137854999999999,7.132852614731553,7.2101228210570385,-0.006085092758726485,-0.7814103347866423,False,max_hold_60m,60.0,60,0.0013953102174587323,0.0,0.007787320550844735,0.0,0.0
2026-09-02 19:15:00+00:00,2026-09-02 20:15:00+00:00,XRP-USDT-SWAP,long,1.3449112240171537,1.3477508999999999,1.3362346882058458,1.3535877598284616,0.0007093111992848909,0.08013564596302088,True,max_hold_60m,60.0,60,0.0014021114226219068,0.0,0.008851381813434277,0.0,0.0
2026-09-02 20:05:00+00:00,2026-09-02 21:05:00+00:00,ADA-USDT-SWAP,long,0.19826590244371367,0.1977021,0.19679082932456404,0.1997409755628633,-0.0042408245408202,-0.4309836696059184,False,max_hold_60m,60.0,60,0.0013971563317909707,0.0,0.009839872923022613,0.0,0.0
2026-09-02 20:05:00+00:00,2026-09-02 21:05:00+00:00,AVAX-USDT-SWAP,long,7.180621062294276,7.161830999999999,7.143452747531313,7.2177893770572386,-0.004014157197425568,-0.5298379631638379,False,max_hold_60m,60.0,60,0.001397383226028603,0.0,0.007576197774609631,0.0,0.0
2026-09-02 20:05:00+00:00,2026-09-02 21:05:00+00:00,SOL-USDT-SWAP,long,99.76983382168281,99.41049000000001,99.10800586019369,100.43166178317193,-0.004998126448749269,-0.5532849950342502,False,max_hold_60m,60.0,60,0.001396398271823074,0.0,0.009033547798345531,0.0,0.0
2026-09-02 21:45:00+00:00,2026-09-02 22:20:00+00:00,ADA-USDT-SWAP,long,0.19925575051261268,0.19747133714520107,0.1976690061513524,0.20084249487387296,-0.010346436674766701,-0.9983674450214441,False,initial_stop,35.0,60,0.0013910446079331666,0.0,0.01036335542225585,0.0,0.0
2026-09-02 22:30:00+00:00,2026-09-02 23:05:00+00:00,DOGE-USDT-SWAP,short,0.08093257226747563,0.08148226807691722,0.08140086720970752,0.08046427732524375,-0.008198813998306029,-1.001536513009818,False,initial_stop,35.0,60,0.0014067920219763296,0.0,0.008186235740589177,0.0,0.0
2026-09-02 22:45:00+00:00,2026-09-02 23:20:00+00:00,ADA-USDT-SWAP,long,0.19847146925952158,0.19968542209737933,0.19705763111425906,0.1998853074047841,0.004710394050814975,0.49460048066578577,True,fixed_1r,35.0,60,0.0014061165105613764,0.0,0.009523634195571899,0.0,0.0
2026-09-02 23:00:00+00:00,2026-09-02 23:45:00+00:00,LINK-USDT-SWAP,short,11.036982225020118,11.102878486941666,11.091786700241427,10.98217774979881,-0.007376466831117803,-1.0014847575048749,False,initial_stop,45.0,60,0.001405970496334783,0.0,0.007365530803979208,0.0,0.0
2026-09-03 00:05:00+00:00,2026-09-03 00:35:00+00:00,ADA-USDT-SWAP,long,0.20232664437472975,0.20021931276426008,0.20041973249675685,0.20423355625270265,-0.01180507682695564,-0.9983221523534654,False,initial_stop,30.0,60,0.001389584507680725,0.0,0.011824917236511388,0.0,0.0
2026-09-03 00:35:00+00:00,2026-09-03 01:05:00+00:00,LINK-USDT-SWAP,short,11.040047396336705,11.106664324796505,11.095568756040466,10.984526036632944,-0.007440150281454964,-1.0014891739896004,False,initial_stop,30.0,60,0.0014060341161652896,0.0,0.007429087078211615,0.0,0.0
2026-09-03 01:10:00+00:00,2026-09-03 01:15:00+00:00,ADA-USDT-SWAP,long,0.2018767402879327,0.20412826452355226,0.1994208834551925,0.20433259712067292,0.009741812118502828,0.6688448352677733,True,fixed_1r,5.0,60,0.0014111529650835863,0.0,0.01456513021380015,0.0,0.0
2026-09-03 01:10:00+00:00,2026-09-03 01:20:00+00:00,DOGE-USDT-SWAP,long,0.08173041861621709,0.08219353802399136,0.081185023394605,0.08227581383782918,0.0042607600474799875,0.46960358066736274,True,fixed_1r,10.0,60,0.0014056664264739539,0.0,0.009073099573527397,0.0,0.0
2026-09-03 01:15:00+00:00,2026-09-03 02:15:00+00:00,AVAX-USDT-SWAP,long,7.199117814510839,7.199793,7.156413774130069,7.24182185489161,-0.0013063065335156062,-0.1567848135743272,False,max_hold_60m,60.0,60,0.0014000937872537382,0.0,0.008331843523201458,0.0,0.0
2026-09-03 01:15:00+00:00,2026-09-03 02:15:00+00:00,SOL-USDT-SWAP,long,100.26323286623979,100.25964,99.52879439487745,100.99767133760213,-0.0014357985003169975,-0.14763839046819607,False,max_hold_60m,60.0,60,0.0013999641656653485,0.0,0.009725102635999638,0.0,0.0
2026-09-03 01:15:00+00:00,2026-09-03 02:15:00+00:00,XRP-USDT-SWAP,long,1.357162198937146,1.3573413,1.346846387245752,1.3674780106285402,-0.0012681646438934989,-0.1268035801862552,False,max_hold_60m,60.0,60,0.00140013196732343,0.0,0.010001016075656205,0.0,0.0
2026-09-03 02:30:00+00:00,2026-09-03 02:50:00+00:00,AVAX-USDT-SWAP,long,7.216834965558484,7.2553876940707385,7.1710195867018145,7.262650344415154,0.00393671283430291,0.44999215316065316,True,fixed_1r,20.0,60,0.0014053420548891921,0.0,0.008748403292484639,0.0,0.0
2026-09-03 02:30:00+00:00,2026-09-03 02:45:00+00:00,ETH-USDT-SWAP,long,2393.4327191378097,2404.0863158132784,2380.3726296537193,2406.4928086219,0.003046727494653408,0.3877903676278203,True,fixed_1r,15.0,60,0.0014044511786733267,0.0,0.00785663530863533,0.0,0.0
2026-09-03 02:30:00+00:00,2026-09-03 02:55:00+00:00,LINK-USDT-SWAP,long,11.14073337858707,11.209445547915163,11.060800543044849,11.220666214129292,0.004761484601247158,0.4972919679044611,True,fixed_1r,25.0,60,0.0014061676522535006,0.0,0.009574827080581213,0.0,0.0
2026-09-03 02:35:00+00:00,2026-09-03 03:35:00+00:00,BTC-USDT-SWAP,long,77812.3777379847,77587.5348,77438.13285581645,78186.62262015295,-0.004286662785232867,-0.5945786832443792,False,max_hold_60m,60.0,60,0.0013971104476624297,0.0,0.0072095803398841245,0.0,0.0
2026-09-03 02:35:00+00:00,2026-09-03 03:35:00+00:00,SOL-USDT-SWAP,long,100.9938886996909,100.45944,100.15666439629082,101.83111300309098,-0.006686599593949901,-0.6255091400425845,False,max_hold_60m,60.0,60,0.0013947081085145647,0.0,0.010689851140296174,0.0,0.0
2026-09-03 02:35:00+00:00,2026-09-03 03:35:00+00:00,XRP-USDT-SWAP,long,1.3708761874955073,1.3659326999999999,1.3574142499460877,1.384338125044927,-0.005002472676277422,-0.4093692772342915,False,max_hold_60m,60.0,60,0.0013963939212449676,0.0,0.01221995140933449,0.0,0.0
2026-09-03 04:55:00+00:00,2026-09-03 05:20:00+00:00,ADA-USDT-SWAP,long,0.20651303347744518,0.2042519453276128,0.20445640172934212,0.20856966522554823,-0.012337939478426489,-0.9983082778499655,False,initial_stop,25.0,60,0.0013890511116332067,0.0,0.012358847214007318,0.0,0.0
2026-09-03 04:55:00+00:00,2026-09-03 05:20:00+00:00,ETH-USDT-SWAP,long,2405.1679301450513,2392.520246578876,2394.915161740617,2415.4206985494857,-0.006653286360693731,-0.9985709699231106,False,initial_stop,25.0,60,0.0013947414550944007,0.0,0.006662807713312586,0.0,0.0
2026-09-03 04:55:00+00:00,2026-09-03 05:20:00+00:00,LINK-USDT-SWAP,long,11.228122869388683,11.152310958231528,11.163474432664191,11.292771306113174,-0.008145214683433655,-0.9984665219796149,False,initial_stop,25.0,60,0.0013932480333499163,0.0,0.008157724374458246,0.0,0.0
2026-09-03 05:00:00+00:00,2026-09-03 05:20:00+00:00,SOL-USDT-SWAP,long,100.86480433503617,100.04750436841346,100.1476520204339,101.58195664963844,-0.009494822292462214,-0.9984003255439174,False,initial_stop,20.0,60,0.00139189707478232,0.0,0.009510035252932775,0.0,0.0
2026-09-03 05:55:00+00:00,2026-09-03 06:55:00+00:00,ADA-USDT-SWAP,long,0.20638043844622628,0.20479499999999998,0.20396526135471543,0.20879561553773712,-0.009074433777272729,-0.6434605613099103,False,max_hold_60m,60.0,60,0.001392317884106834,0.0,0.014102548505536463,0.0,0.0
2026-09-03 05:55:00+00:00,2026-09-03 06:55:00+00:00,AVAX-USDT-SWAP,long,7.281006656236176,7.265727,7.226079874834119,7.335933437638233,-0.0034964651319012332,-0.35162106181892416,False,max_hold_60m,60.0,60,0.0013979014363044032,0.0,0.009943844415388925,0.0,0.0
2026-09-03 06:00:00+00:00,2026-09-03 07:00:00+00:00,SOL-USDT-SWAP,long,100.73787170327006,100.73916,99.9444604392406,101.53128296729952,-0.0013872241847931821,-0.1349965425172311,False,max_hold_60m,60.0,60,0.0014000127886038105,0.0,0.010275997880583611,0.0,0.0
2026-09-03 06:00:00+00:00,2026-09-03 07:00:00+00:00,XRP-USDT-SWAP,long,1.3673892149216116,1.3628358,1.3562705790593381,1.378507850783885,-0.004726676455430946,-0.4488222467489362,False,max_hold_60m,60.0,60,0.0013966699935381072,0.0,0.010531288254245052,0.0,0.0
2026-09-03 06:30:00+00:00,2026-09-03 07:00:00+00:00,ETH-USDT-SWAP,long,2405.6220562445756,2416.3806381166946,2392.444674934902,2418.799437554249,0.003067793792606562,0.38942543316089706,True,fixed_1r,30.0,60,0.0014044722660586653,0.0,0.007877743802467715,0.0,0.0
2026-09-03 07:05:00+00:00,2026-09-03 07:45:00+00:00,BTC-USDT-SWAP,long,78076.89071754455,77683.32752192403,77761.08861053457,78392.69282455453,-0.006435672256048854,-0.9985902541133551,False,initial_stop,40.0,60,0.001394959287030982,0.0,0.006444757726744555,0.0,0.0
2026-09-03 07:05:00+00:00,2026-09-03 07:30:00+00:00,DOGE-USDT-SWAP,long,0.08347943698171531,0.08284032053680318,0.08292324378058376,0.08403563018284686,-0.009048318574633715,-0.9984200391738993,False,initial_stop,25.0,60,0.001392344025450817,0.0,0.009062637186369342,0.0,0.0
2026-09-03 07:05:00+00:00,2026-09-03 07:45:00+00:00,LINK-USDT-SWAP,long,11.256646272774075,11.175568518015616,11.186755273288906,11.326537272259245,-0.008595453693841595,-0.9984421266647855,False,initial_stop,40.0,60,0.0013927973436498081,0.0,0.008608865215407133,0.0,0.0
2026-09-03 07:05:00+00:00,2026-09-03 07:45:00+00:00,SOL-USDT-SWAP,long,101.15342196988605,100.43053257499407,100.5310636386327,101.7757803011394,-0.00853931858590093,-0.9984450277991002,False,initial_stop,40.0,60,0.0013928535349490483,0.0,0.00855261766862056,0.0,0.0
2026-09-03 07:05:00+00:00,2026-09-03 08:05:00+00:00,XRP-USDT-SWAP,long,1.3714035995269365,1.369629,1.361543194323238,1.381264004730635,-0.002792256027378207,-0.2911630029976961,False,max_hold_60m,60.0,60,0.0013987059976162024,9.954764596439179e-05,0.009590009714937241,9.954764596439179e-05,0.0
2026-09-03 08:30:00+00:00,2026-09-03 08:45:00+00:00,ADA-USDT-SWAP,long,0.20731027875474073,0.20918781524014016,0.20522334505688872,0.20939721245259274,0.007647592623870977,0.6134408316141242,True,fixed_1r,15.0,60,0.001409056649273144,0.0,0.012466715989133213,0.0,0.0
2026-09-03 10:35:00+00:00,2026-09-03 11:15:00+00:00,SOL-USDT-SWAP,short,99.9727467796994,100.6535143177492,100.55296135639281,99.392532203006,-0.008216340728233528,-1.001537503374328,False,initial_stop,40.0,60,0.0014068095311970364,0.0,0.008203727469567003,0.0,0.0
2026-09-03 10:45:00+00:00,2026-09-03 11:15:00+00:00,DOGE-USDT-SWAP,short,0.08258618274020679,0.08317728707536397,0.0830941928824815,0.08207817259793208,-0.008564581529983552,-1.001556341049873,False,initial_stop,30.0,60,0.0014071574241058778,0.0,0.008551272833044821,0.0,0.0
2026-09-03 10:45:00+00:00,2026-09-03 11:00:00+00:00,LINK-USDT-SWAP,short,11.129333325831592,11.210198909889094,11.198999909979117,11.059666741684067,-0.008673252338815293,-1.0015619099265538,False,initial_stop,15.0,60,0.0014072659863524628,0.0,0.008659726625837156,0.0,0.0
2026-09-03 11:30:00+00:00,2026-09-03 12:30:00+00:00,XRP-USDT-SWAP,long,1.370032082334763,1.3702284,1.3615849880171549,1.378479176652371,-0.0012568490839735456,-0.14673186453314138,False,max_hold_60m,60.0,60,0.0014001432942102366,0.0,0.008565617890650256,0.0,0.0
2026-09-03 11:35:00+00:00,2026-09-03 12:35:00+00:00,AVAX-USDT-SWAP,long,7.285139672557251,7.295697,7.2426760706870095,7.327603274427492,4.77100768617024e-05,0.005797940523569993,True,max_hold_60m,60.0,60,0.0014014491592360978,0.0,0.008228797219935201,0.0,0.0
2026-09-03 11:45:00+00:00,2026-09-03 12:30:00+00:00,ETH-USDT-SWAP,long,2406.4152048422447,2414.3911436259737,2396.0224581069383,2416.807951577551,0.0019111338512621833,0.2844471064869397,True,fixed_1r,45.0,60,0.0014033144482995617,0.0,0.006718767066628369,0.0,0.0
2026-09-03 12:35:00+00:00,2026-09-03 13:30:00+00:00,ADA-USDT-SWAP,long,0.2079215073307466,0.20967504176584145,0.20595808796895923,0.20988492669253397,0.007025202967931297,0.5931905513809762,True,fixed_1r,55.0,60,0.0014084336366045357,0.0,0.011843079684219996,0.0,0.0
2026-09-03 12:35:00+00:00,2026-09-03 13:35:00+00:00,AVAX-USDT-SWAP,long,7.299008018871089,7.2927,7.255096226453074,7.3429198112891045,-0.0022633653827925115,-0.26893179718512583,False,max_hold_60m,60.0,60,0.001399135770387595,0.0,0.008416131548901478,0.0,0.0
2026-09-03 12:35:00+00:00,2026-09-03 13:35:00+00:00,DOGE-USDT-SWAP,long,0.08333265494173245,0.08342649,0.08281185930078941,0.08385345058267549,-0.0002750961639847462,-0.03180450073382382,False,max_hold_60m,60.0,60,0.0014011260298658812,0.0,0.008649598567418596,0.0,0.0
2026-09-03 12:35:00+00:00,2026-09-03 12:55:00+00:00,SOL-USDT-SWAP,long,101.1088796276122,101.67942252015418,100.43655553134634,101.78120372387805,0.004237213583501935,0.46822595717807214,True,fixed_1r,20.0,60,0.0014056428564399419,0.0,0.009049505945887725,0.0,0.0
2026-09-03 12:35:00+00:00,2026-09-03 12:55:00+00:00,XRP-USDT-SWAP,long,1.3748639206062205,1.3837756331438549,1.3645670472746485,1.3851607939377926,0.005075405086760284,0.5132179125448247,True,fixed_1r,20.0,60,0.001406481886973734,0.0,0.00988937635008403,0.0,0.0
2026-09-03 13:40:00+00:00,2026-09-03 14:20:00+00:00,ADA-USDT-SWAP,long,0.21020763277410145,0.2121113485867264,0.20809159328921753,0.21232367225898538,0.007647302763054696,0.6134318721736963,True,fixed_1r,40.0,60,0.0014090563591221768,0.0,0.012466425547724595,0.0,0.0
2026-09-03 13:45:00+00:00,2026-09-03 14:25:00+00:00,AVAX-USDT-SWAP,long,7.313722460084058,7.35341462376025,7.2666695210087076,7.360775399159409,0.0040216538471244375,0.4552722331870149,True,fixed_1r,40.0,60,0.0014054270809280526,0.0,0.008833514442494979,0.0,0.0
2026-09-03 14:25:00+00:00,2026-09-03 14:45:00+00:00,SOL-USDT-SWAP,long,102.31536351506922,103.14311848445848,101.38436218083065,103.2463648493078,0.006682141195716713,0.5810895726366563,True,fixed_1r,20.0,60,0.0014080902314271438,0.0,0.011499330757901799,0.0,0.0
2026-09-03 14:50:00+00:00,2026-09-03 15:00:00+00:00,AVAX-USDT-SWAP,long,7.419054462939598,7.476970915233421,7.35365355527517,7.484455370604025,0.006398640127330279,0.5705297139777497,True,fixed_1r,10.0,60,0.001407806446573904,0.0,0.01121526183573994,0.0,0.0
2026-09-03 17:40:00+00:00,2026-09-03 18:40:00+00:00,XRP-USDT-SWAP,long,1.4598279567060235,1.4557428000000001,1.4392354804722824,1.4804204329397646,-0.004195583911494577,-0.2541838724802025,False,max_hold_60m,60.0,60,0.0013972016177062115,0.0,0.016506098009114862,0.0,0.0
2026-09-03 18:10:00+00:00,2026-09-03 19:00:00+00:00,ETH-USDT-SWAP,long,2506.0388470830576,2519.699307640256,2489.85616499669,2522.221529169425,0.004045566062363939,0.4567403538899489,True,fixed_1r,50.0,60,0.0014054510170794434,0.0,0.00885747455399729,0.0,0.0
2026-09-03 19:00:00+00:00,2026-09-03 19:05:00+00:00,BTC-USDT-SWAP,long,81183.18328622039,81506.57897065832,80778.19943464466,81588.16713779612,0.0025795469415687087,0.3491290940308543,True,fixed_1r,5.0,60,0.0014039835304720408,0.0,0.007388518991031842,0.0,0.0
2026-09-03 19:05:00+00:00,2026-09-03 20:05:00+00:00,DOGE-USDT-SWAP,long,0.08958867131949101,0.0891108,0.08869405583389206,0.09048328680508996,-0.006728725620553483,-0.5432608286719585,False,max_hold_60m,60.0,60,0.0013946659403197663,0.0,0.012385810397930502,0.0,0.0
2026-09-03 20:00:00+00:00,2026-09-03 21:00:00+00:00,ETH-USDT-SWAP,long,2515.8108162408475,2501.6258700000003,2498.2197948901703,2533.401837591525,-0.007032681600352009,-0.7487799278521116,False,max_hold_60m,60.0,60,0.0013943616800797278,0.0,0.009392187662569135,0.0,0.0
2026-09-03 20:30:00+00:00,2026-09-03 21:30:00+00:00,XRP-USDT-SWAP,long,1.479392087874504,1.4684301,1.461705054494047,1.4970791212549608,-0.008802382354473184,-0.6131667661140341,False,max_hold_60m,60.0,60,0.00139259020785338,0.0,0.014355609013610753,0.0,0.0
2026-09-03 21:00:00+00:00,2026-09-03 22:00:00+00:00,ADA-USDT-SWAP,long,0.22367703790106683,0.2230767,0.22122445481280192,0.22612962098933173,-0.004081265671226556,-0.3053733122312656,False,max_hold_60m,60.0,60,0.0013973160503791527,0.0,0.013364840697459926,0.0,0.0
2026-09-03 21:15:00+00:00,2026-09-03 22:15:00+00:00,AVAX-USDT-SWAP,long,7.536765638668371,7.516476,7.4901876640204454,7.583343613316296,-0.004089396221332357,-0.47661398254933984,False,max_hold_60m,60.0,60,0.001397307911690358,0.0,0.0085801012371873,0.0,0.0
2026-09-03 21:35:00+00:00,2026-09-03 22:10:00+00:00,ETH-USDT-SWAP,long,2520.6148483452766,2501.004671963177,2503.5081801433203,2537.721516547233,-0.009172137904598324,-0.998414380009,False,initial_stop,35.0,60,0.0013922200821775794,0.0,0.009186704526947663,0.0,0.0
2026-09-03 21:35:00+00:00,2026-09-03 22:25:00+00:00,SOL-USDT-SWAP,long,105.36462582657857,104.43097440902397,104.53550991894292,106.19374173421423,-0.010252285658682274,-0.9983708114859413,False,initial_stop,50.0,60,0.0013911388531945123,0.0,0.010269015821309038,0.0,0.0
2026-09-03 23:25:00+00:00,2026-09-04 00:25:00+00:00,SOL-USDT-SWAP,short,103.86631390312549,103.84373999999998,104.59576683750592,103.13686096874505,-0.0011174285384065795,-0.11858524389601885,False,max_hold_60m,60.0,60,0.0013997826638659137,-6.501799137298459e-05,0.009422998188428854,-6.501799137298459e-05,0.0
2026-09-04 00:05:00+00:00,2026-09-04 00:55:00+00:00,DOGE-USDT-SWAP,short,0.08765763297404805,0.087110693929779,0.0882915956885766,0.0870236702595195,0.004845730859232771,0.5030731425017275,True,fixed_1r,50.0,60,0.001393760508632135,0.0,0.009632259108756001,0.0,0.0
2026-09-04 00:40:00+00:00,2026-09-04 00:55:00+00:00,BTC-USDT-SWAP,long,81329.04500585956,80859.19993024442,80940.14007031474,81717.94994140438,-0.007171311227197009,-0.9985297759179549,False,initial_stop,15.0,60,0.0013942229116844873,0.0,0.007181870185698144,0.0,0.0
2026-09-04 00:40:00+00:00,2026-09-04 01:00:00+00:00,ETH-USDT-SWAP,long,2511.786966836866,2495.945158440353,2498.4436020423955,2525.130331631337,-0.007700680271482724,-0.998493408259201,False,initial_stop,20.0,60,0.0013936930127412585,0.0,0.007712299558299826,0.0,0.0
2026-09-04 01:00:00+00:00,2026-09-04 02:00:00+00:00,XRP-USDT-SWAP,short,1.4420984981795264,1.4456441999999998,1.456381978154316,1.4278150182047369,-0.0038611685864553564,-0.3137975306572596,False,max_hold_60m,60.0,60,0.0014024587098765788,0.0,0.012304649365366283,0.0,0.0
2026-09-04 02:00:00+00:00,2026-09-04 03:00:00+00:00,LINK-USDT-SWAP,long,11.881235524660198,11.889099,11.762826295922373,11.999644753398023,-0.0007388219728363171,-0.05974589773989885,False,max_hold_60m,60.0,60,0.0014006618398670306,0.0,0.012366070320890418,0.0,0.0
2026-09-04 04:30:00+00:00,2026-09-04 05:30:00+00:00,XRP-USDT-SWAP,long,1.4543545433191938,1.4462523,1.4450545198303246,1.463654566808063,-0.006965452463469964,-0.7920142072444176,False,max_hold_60m,60.0,60,0.001394428976513043,0.0,0.00879460544995048,0.0,0.0
2026-09-04 04:35:00+00:00,2026-09-04 04:55:00+00:00,ADA-USDT-SWAP,long,0.2256504944677395,0.22268302767926118,0.22290593361287406,0.22839505532260493,-0.014537570687280984,-0.9982617725175598,False,initial_stop,20.0,60,0.0013868492785913103,0.0,0.014562884292982643,0.0,0.0
2026-09-04 05:05:00+00:00,2026-09-04 05:50:00+00:00,DOGE-USDT-SWAP,short,0.08707112400656539,0.0867053786942804,0.08752348807878471,0.08661875993434606,0.002804735631639135,0.3692705950557888,True,fixed_1r,45.0,60,0.0013957994649034574,0.0,0.007595339756785672,0.0,0.0
2026-09-04 05:35:00+00:00,2026-09-04 05:40:00+00:00,AVAX-USDT-SWAP,short,7.472926032786248,7.448180411809662,7.50511239343497,7.440739672137525,0.001914681088623998,0.2854723724461042,True,fixed_1r,5.0,60,0.0013966886302810948,0.0,0.006707062656248743,0.0,0.0
2026-09-04 05:35:00+00:00,2026-09-04 06:35:00+00:00,SOL-USDT-SWAP,short,103.65180546622703,103.56345999999998,104.22166559472451,103.08194533772955,-0.0005468184148312277,-0.06923652861230326,False,max_hold_60m,60.0,60,0.0013991476707440871,0.0,0.007897831185228698,0.0,0.0
2026-09-04 06:15:00+00:00,2026-09-04 06:35:00+00:00,ETH-USDT-SWAP,long,2512.609074616711,2497.4489465051274,2499.948895400528,2525.2692538328943,-0.007427586279326935,-0.9985115221553653,False,initial_stop,20.0,60,0.0013939663801007737,0.0,0.007438658557783999,0.0,0.0
2026-09-04 06:30:00+00:00,2026-09-04 07:30:00+00:00,XRP-USDT-SWAP,short,1.4425201209719838,1.4485470999999999,1.4537414516638065,1.431298790280161,-0.005582268184224007,-0.5484115193233792,False,max_hold_60m,60.0,60,0.00140417809009413,0.0,0.010178976895144937,0.0,0.0
2026-09-04 07:40:00+00:00,2026-09-04 08:40:00+00:00,ADA-USDT-SWAP,short,0.22156641884644762,0.22092069999999997,0.22339702615737123,0.21973581153552402,0.001616587842029001,0.15161980418181595,True,max_hold_60m,60.0,60,0.0013970856646516674,-9.933815834814576e-05,0.010662115353284974,-9.933815834814576e-05,0.0
2026-09-04 07:40:00+00:00,2026-09-04 08:40:00+00:00,XRP-USDT-SWAP,short,1.445591298806212,1.4503488999999998,1.455395585674544,1.4357870119378802,-0.004594553535840435,-0.5003762039465324,False,max_hold_60m,60.0,60,0.0014032911108400532,-9.984841505285612e-05,0.009182198313194338,-9.984841505285612e-05,0.0
2026-09-04 08:20:00+00:00,2026-09-04 08:45:00+00:00,ETH-USDT-SWAP,long,2513.4216035811046,2521.4400002247676,2502.8792429732525,2523.9639641889567,0.0017870412172817291,0.2709926915948146,True,fixed_1r,25.0,60,0.0014031902314487303,0.0,0.006594425874605113,0.0,0.0
2026-09-04 08:30:00+00:00,2026-09-04 08:55:00+00:00,LINK-USDT-SWAP,long,11.980264600690116,12.053288639105729,11.895175208281405,12.065353993098828,0.004689265705616745,0.4934789479282842,True,fixed_1r,25.0,60,0.0014060953610666835,0.0,0.009502463530213699,0.0,0.0
2026-09-04 09:05:00+00:00,2026-09-04 10:05:00+00:00,DOGE-USDT-SWAP,long,0.08770475756884091,0.08764227000000001,0.08709709082609093,0.08831242431159089,-0.0021117639111317933,-0.2263764522757581,False,max_hold_60m,60.0,60,0.0013992875236124806,0.0,0.009328549369434284,0.0,0.0
2026-09-04 10:10:00+00:00,2026-09-04 11:10:00+00:00,ADA-USDT-SWAP,short,0.21925829922903894,0.22122099999999997,0.2220995907484674,0.21641700770961048,-0.010360497635164482,-0.6745708612310893,False,max_hold_60m,60.0,60,0.0014089515460890755,0.0,0.015358649818132689,0.0,0.0
2026-09-04 11:00:00+00:00,2026-09-04 12:00:00+00:00,BTC-USDT-SWAP,long,81117.28925780932,81102.2166,80776.1710937117,81458.40742190693,-0.0015856273217371767,-0.24005575239933605,False,max_hold_60m,60.0,60,0.001399814186865128,0.0,0.006605246097579298,0.0,0.0
2026-09-04 11:30:00+00:00,2026-09-04 12:30:00+00:00,SOL-USDT-SWAP,long,104.13461967511651,104.21567999999999,103.52543610139809,104.74380324883494,-0.0006223598183654975,-0.07543790070926902,False,max_hold_60m,60.0,60,0.0014007784186002346,0.0,0.00824996205506854,0.0,0.0
2026-09-04 11:30:00+00:00,2026-09-04 12:30:00+00:00,XRP-USDT-SWAP,long,1.4509720099096943,1.4527458,1.4407641189163323,1.4611799009030564,-0.0001787384676527079,-0.018943774559290354,False,max_hold_60m,60.0,60,0.0014012224840163636,0.0,0.009435208759125117,0.0,0.0
2026-09-04 12:30:00+00:00,2026-09-04 12:30:00+00:00,ETH-USDT-SWAP,long,2527.9011382191056,2512.0890549706396,2514.603658629269,2541.1986178089423,-0.0076487693550966775,-0.9984967518116519,False,initial_stop,0.0,60,0.0013937449756205238,0.0,0.007660284664140277,0.0,0.0
2026-09-04 12:30:00+00:00,2026-09-04 12:30:00+00:00,SOL-USDT-SWAP,long,104.2651361681694,103.55797238401482,103.66163401803286,104.86863831830595,-0.008175578552268789,-0.9984647922406137,False,initial_stop,0.0,60,0.001393217639086818,0.0,0.008188149062244158,0.0,0.0
2026-09-04 12:30:00+00:00,2026-09-04 12:30:00+00:00,XRP-USDT-SWAP,long,1.4532441828733818,1.4412874642861009,1.4427301944805815,1.463758171266182,-0.009619377038947562,-0.9983951529079632,False,initial_stop,0.0,60,0.001391772395356409,0.0,0.009634839483074215,0.0,0.0
2026-09-04 12:35:00+00:00,2026-09-04 12:45:00+00:00,ADA-USDT-SWAP,short,0.21592026986014254,0.21260969869997326,0.21944323832171037,0.2123973013985747,0.01394771021486746,0.7452267673805211,True,fixed_1r,10.0,60,0.0013846676221629696,0.0,0.018716061775255054,0.0,0.0
2026-09-04 17:20:00+00:00,2026-09-04 17:50:00+00:00,ADA-USDT-SWAP,short,0.21297604021006256,0.21125063749727366,0.2149124825207508,0.21103959789937432,0.006709494916884481,0.5838251875924805,True,fixed_1r,30.0,60,0.0013918986064766388,0.0,0.011492301222138807,0.0,0.0
2026-09-04 17:20:00+00:00,2026-09-04 18:20:00+00:00,XRP-USDT-SWAP,short,1.3974701077096314,1.3972958999999998,1.4081412925155767,1.3867989229036861,-0.0012752159946898284,-0.12706323473209905,False,max_hold_60m,60.0,60,0.0013998753406540359,0.0,0.010036073750038729,0.0,0.0
2026-09-04 17:30:00+00:00,2026-09-04 18:30:00+00:00,ETH-USDT-SWAP,short,2447.823786248685,2449.63719,2460.955434984215,2434.6921375131546,-0.0021415636555473586,-0.2758104287867373,False,max_hold_60m,60.0,60,0.0014007408228327147,0.0,0.007764621754760633,0.0,0.0
2026-09-04 20:15:00+00:00,2026-09-04 21:15:00+00:00,XRP-USDT-SWAP,short,1.3970548629167,1.3996982999999998,1.4042583550003975,1.3898513708330023,-0.0032940419525536004,-0.4359390486213392,False,max_hold_60m,60.0,60,0.0014018921498027508,0.0,0.0075561984249198026,0.0,0.0
2026-09-04 21:30:00+00:00,2026-09-04 21:55:00+00:00,ADA-USDT-SWAP,short,0.21231854669525493,0.21122554758049794,0.21362256034305935,0.21101453304745052,0.003753068965953889,0.43937789179937115,True,fixed_1r,25.0,60,0.001394852078955091,0.0,0.008541779265643198,0.0,0.0
2026-09-04 21:30:00+00:00,2026-09-04 21:50:00+00:00,LINK-USDT-SWAP,short,11.656740684048016,11.616197752679353,11.708888208576196,11.604593159519835,0.002081545605245274,0.30283220426976776,True,fixed_1r,20.0,60,0.0013965219324622925,0.0,0.006873593943763656,0.0,0.0
2026-09-04 21:55:00+00:00,2026-09-04 22:55:00+00:00,SOL-USDT-SWAP,short,101.53852624799184,101.70159999999998,101.9623149759021,101.11473752008158,-0.003007634380682986,-0.457527143338791,False,max_hold_60m,60.0,60,0.0014016060283523306,0.0,0.006573674205938606,0.0,0.0
2026-09-04 21:55:00+00:00,2026-09-04 22:55:00+00:00,XRP-USDT-SWAP,short,1.3961845711183365,1.3950936999999999,1.4026148534200384,1.3897542888166345,-0.0006178956765148233,-0.08820011870682043,False,max_hold_60m,60.0,60,0.0013992186769995153,0.0,0.007005610486406771,0.0,0.0
2026-09-04 22:00:00+00:00,2026-09-04 23:00:00+00:00,DOGE-USDT-SWAP,short,0.08444562593183089,0.08456447999999998,0.08483751118197068,0.0840537406816911,-0.0028088701566770014,-0.3989486209535,False,max_hold_60m,60.0,60,0.001401407462693983,0.0,0.007040681454077249,0.0,0.0
2026-09-04 22:30:00+00:00,2026-09-04 23:30:00+00:00,ADA-USDT-SWAP,short,0.21072567780382168,0.2111109,0.21210813364586018,0.20934322196178318,-0.003229902375416629,-0.3604619636229311,False,max_hold_60m,60.0,60,0.0014018280743011155,0.0,0.008960452700622075,0.0,0.0
2026-09-05 00:05:00+00:00,2026-09-05 01:05:00+00:00,ADA-USDT-SWAP,short,0.2105121597946885,0.21071049999999997,0.21174591753626218,0.20927840205311485,-0.002343121507614566,-0.2836453581767885,False,max_hold_60m,60.0,60,0.0014009421793282862,0.0,0.008260743354573642,0.0,0.0
2026-09-05 01:50:00+00:00,2026-09-05 02:00:00+00:00,ADA-USDT-SWAP,short,0.21042654061242916,0.20924362846958414,0.21181848734914988,0.20903459387570844,0.004227118383173793,0.46890446055371543,True,fixed_1r,10.0,60,0.0013943785031137125,0.0,0.009014882004283162,0.0,0.0
2026-09-05 06:15:00+00:00,2026-09-05 07:15:00+00:00,ADA-USDT-SWAP,long,0.21208663548328374,0.212787,0.21083962579940485,0.21333364516716263,0.0018989544607806838,0.22935012749866796,True,max_hold_60m,60.0,60,0.001403302256717498,0.0,0.008279718356780564,0.0,0.0
2026-09-05 06:40:00+00:00,2026-09-05 07:40:00+00:00,LINK-USDT-SWAP,long,11.706302283002875,11.741247,11.643627396034505,11.768977169971246,0.0015821348736923355,0.2040425971586107,True,max_hold_60m,60.0,60,0.001402985119993686,0.0,0.007753944008380157,0.0,0.0
2026-09-05 07:40:00+00:00,2026-09-05 08:40:00+00:00,LINK-USDT-SWAP,long,11.747742710140425,11.72826,11.689912521685105,11.805572898595745,-0.0031047307021495572,-0.4239892424733299,False,max_hold_60m,60.0,60,0.0013983415784103266,4.79675340658727e-05,0.007322663858257803,4.79675340658727e-05,0.0
2026-09-05 09:05:00+00:00,2026-09-05 10:05:00+00:00,ADA-USDT-SWAP,long,0.21406742626716577,0.21288690000000002,0.21260911520598924,0.2155257373283423,-0.006909225581227417,-0.7499926344047455,False,max_hold_60m,60.0,60,0.001394485259678451,0.0,0.009212391247963567,0.0,0.0
2026-09-05 10:35:00+00:00,2026-09-05 11:35:00+00:00,DOGE-USDT-SWAP,long,0.08613178379612861,0.08583408,0.08571140555354342,0.0865521620387138,-0.004852919227081615,-0.6665511718768736,False,max_hold_60m,60.0,60,0.0013965436243973156,0.0,0.007280640154628749,0.0,0.0
2026-09-05 14:30:00+00:00,2026-09-05 15:30:00+00:00,AVAX-USDT-SWAP,long,7.558641756773221,7.534458,7.521701081278642,7.5955824322678,-0.004596284966779707,-0.6307330889662724,False,max_hold_60m,60.0,60,0.001396800515548769,0.0,0.007287210782476463,0.0,0.0
2026-09-05 16:35:00+00:00,2026-09-05 17:05:00+00:00,XRP-USDT-SWAP,long,1.413845045309517,1.4185295973579246,1.4077405437142045,1.4199495469048296,0.0019100285720028438,0.284329467890919,True,fixed_1r,30.0,60,0.0014033133419139167,0.0,0.006717659573490331,0.0,0.0
2026-09-05 17:55:00+00:00,2026-09-05 18:00:00+00:00,DOGE-USDT-SWAP,long,0.09077843158289563,0.09202356848687261,0.0894411789947476,0.09211568417104365,0.012302503396273482,0.7181448191417387,True,fixed_1r,5.0,60,0.0014137162196158895,0.0,0.017130950566455822,0.0,0.0
2026-09-05 18:00:00+00:00,2026-09-05 18:40:00+00:00,XRP-USDT-SWAP,long,1.4249700234141067,1.415523340688313,1.4169402809692824,1.432999765858931,-0.008022761102340339,-0.9984736307329584,False,initial_stop,40.0,60,0.0013933706095071669,0.0,0.008035025518351446,0.0,0.0
2026-09-05 19:30:00+00:00,2026-09-05 19:50:00+00:00,LINK-USDT-SWAP,long,12.04802355159505,11.94832233652145,11.96028261914059,12.135764484049508,-0.009667041762658198,-0.9983932087172606,False,initial_stop,20.0,60,0.001391724682920262,0.0,0.009682599679417342,0.0,0.0
2026-09-05 23:40:00+00:00,2026-09-06 00:40:00+00:00,XRP-USDT-SWAP,short,1.4101525001490252,1.4165150999999998,1.4195300017883008,1.4007749985097495,-0.005844283882324537,-0.6457778564201909,False,max_hold_60m,60.0,60,0.001404511994163966,-7.222227580555887e-05,0.009049991145131202,-7.222227580555887e-05,0.0
2026-09-06 00:00:00+00:00,2026-09-06 01:00:00+00:00,ADA-USDT-SWAP,short,0.21824475100337995,0.21951929999999997,0.21983701204055953,0.21665248996620037,-0.007245838398179319,-0.7473204145220342,False,max_hold_60m,60.0,60,0.0014058399983997796,0.0,0.009695758683125978,0.0,0.0
2026-09-06 00:05:00+00:00,2026-09-06 00:55:00+00:00,LINK-USDT-SWAP,long,12.062022866893697,12.137621559731965,11.974274402724365,12.149771331063029,0.00486122956147893,0.5024645176871392,True,fixed_1r,50.0,60,0.0014062674970585374,0.0,0.009674771830367905,0.0,0.0
2026-09-06 00:35:00+00:00,2026-09-06 01:10:00+00:00,AVAX-USDT-SWAP,long,7.604749133584019,7.632868155495637,7.568989603008242,7.640508664159797,0.0022938631894708064,0.32297637882410773,True,fixed_1r,35.0,60,0.001403697560750221,0.0,0.007102263013234288,0.0,0.0
2026-09-06 01:15:00+00:00,2026-09-06 01:35:00+00:00,LINK-USDT-SWAP,long,12.199669662529915,12.290001071326149,12.09703595035898,12.30230337470085,0.005997009909588257,0.5546199736484776,True,fixed_1r,20.0,60,0.001407404414323912,0.0,0.010812827151063277,0.0,0.0
2026-09-06 01:20:00+00:00,2026-09-06 02:20:00+00:00,ADA-USDT-SWAP,long,0.22212591936803683,0.22047930000000002,0.22021103241644188,0.22404080631963177,-0.008805586675111273,-0.7990023278205696,False,max_hold_60m,60.0,60,0.0013925870003252138,0.0,0.011020727185026082,0.0,0.0
2026-09-06 01:40:00+00:00,2026-09-06 02:40:00+00:00,AVAX-USDT-SWAP,long,7.682709320540125,7.681311,7.635511846481494,7.729906794598756,-0.0015818267698675323,-0.18515326395251597,False,max_hold_60m,60.0,60,0.001399817991221354,0.0,0.008543337212101237,0.0,0.0
2026-09-06 01:40:00+00:00,2026-09-06 02:40:00+00:00,ETH-USDT-SWAP,long,2504.9921852094817,2500.497,2493.466222513779,2516.5181479051844,-0.003192696221084954,-0.45602147611106875,False,max_hold_60m,60.0,60,0.0013982055092882032,0.0,0.007001197067103348,0.0,0.0
2026-09-06 02:35:00+00:00,2026-09-06 03:35:00+00:00,DOGE-USDT-SWAP,long,0.09091880986696893,0.09083907,0.09024571840362708,0.09159190133031078,-0.002276167728311941,-0.2321858506867197,False,max_hold_60m,60.0,60,0.001399122955226915,0.0,0.009803214629917716,0.0,0.0
2026-09-06 05:30:00+00:00,2026-09-06 06:30:00+00:00,SOL-USDT-SWAP,long,106.00756770679253,105.63426,105.10081248151039,106.91432293207467,-0.004917997885936234,-0.448981176594725,False,max_hold_60m,60.0,60,0.0013964784805946583,0.0,0.01095368390104133,0.0,0.0
2026-09-06 05:40:00+00:00,2026-09-06 06:20:00+00:00,ADA-USDT-SWAP,long,0.22232722401799457,0.2202062615277187,0.2204266882159346,0.22422775982005452,-0.01093028373895457,-0.998347864357796,False,initial_stop,40.0,60,0.001390460176437483,0.0,0.010948371934451584,0.0,0.0
2026-09-06 05:40:00+00:00,2026-09-06 06:35:00+00:00,AVAX-USDT-SWAP,long,7.692631434857993,7.636932641077612,7.644577218295908,7.740685651420077,-0.008633297923836821,-0.9984401921264752,False,initial_stop,55.0,60,0.0013927594615377008,0.0,0.008646785247546623,0.0,0.0
2026-09-06 05:40:00+00:00,2026-09-06 06:40:00+00:00,LINK-USDT-SWAP,long,12.283612578886848,12.226761000000002,12.180350946642177,12.386874211131518,-0.006023617599726183,-0.5574092324878142,False,max_hold_60m,60.0,60,0.0013953717541544282,0.0,0.010806454663195533,0.0,0.0
2026-09-06 07:10:00+00:00,2026-09-06 08:10:00+00:00,ADA-USDT-SWAP,short,0.2195569785173576,0.2186184,0.22128374220829083,0.21783021482642434,0.0029788956396070427,0.29020597170938117,True,max_hold_60m,60.0,60,0.0013957251255519378,-9.974631709676514e-05,0.01026476340945243,-9.974631709676514e-05,0.0
2026-09-06 07:15:00+00:00,2026-09-06 08:15:00+00:00,AVAX-USDT-SWAP,short,7.627615686634799,7.674666999999999,7.67838823961759,7.576843133652009,-0.007474475508742671,-0.8253241422778832,False,max_hold_60m,60.0,60,0.0014061685479838271,-0.00010024102306828875,0.009056412051770619,-0.00010024102306828875,0.0
2026-09-06 07:15:00+00:00,2026-09-06 08:15:00+00:00,XRP-USDT-SWAP,short,1.4107901382630772,1.4187173,1.4194816591569284,1.402098617369226,-0.0069597273574027365,-0.8129813301426808,False,max_hold_60m,60.0,60,0.0014056189517646347,-6.484335899674824e-05,0.008560746845418065,-6.484335899674824e-05,0.0
2026-09-06 09:15:00+00:00,2026-09-06 10:15:00+00:00,LINK-USDT-SWAP,long,12.252283068374577,12.248738999999999,12.167396820494927,12.337169316254228,-0.0016889685364308007,-0.18106052905994793,False,max_hold_60m,60.0,60,0.0013997107422057751,0.0,0.009328198394204373,0.0,0.0
2026-09-06 09:15:00+00:00,2026-09-06 09:20:00+00:00,SOL-USDT-SWAP,long,105.673932639443,106.1843829319646,105.05719167331581,106.29067360557018,0.0034255972830025388,0.41591640257406,True,fixed_1r,5.0,60,0.0014048304277107133,0.0,0.008236263974687946,0.0,0.0
2026-09-06 09:45:00+00:00,2026-09-06 10:45:00+00:00,DOGE-USDT-SWAP,short,0.08993771989186462,0.09001992999999998,0.0910126387023755,0.08886280108135375,-0.002314992267342772,-0.16130312358842483,False,max_hold_60m,60.0,60,0.0014009140781891536,0.0,0.014351813007971389,0.0,0.0
2026-09-06 10:50:00+00:00,2026-09-06 11:50:00+00:00,LINK-USDT-SWAP,long,12.273181764889962,12.275712,12.198181178679548,12.348182351100377,-0.0011940464890563874,-0.14029561143159835,False,max_hold_60m,60.0,60,0.0014002061596706142,0.0,0.008510932572103648,0.0,0.0
2026-09-06 11:30:00+00:00,2026-09-06 12:30:00+00:00,ADA-USDT-SWAP,long,0.22055715980313217,0.2205792,0.21898591763758596,0.2221284019686784,-0.0013001702928591664,-0.13651560802969628,False,max_hold_60m,60.0,60,0.0014000999296367776,0.0,0.009523968076795584,0.0,0.0
2026-09-06 11:40:00+00:00,2026-09-06 12:40:00+00:00,DOGE-USDT-SWAP,short,0.08990103304201419,0.09004995999999998,0.0905723965041703,0.08922966957985808,-0.00305822215718158,-0.30991916519887275,False,max_hold_60m,60.0,60,0.00140165656559159,0.0,0.009867805868730779,0.0,0.0
2026-09-06 12:25:00+00:00,2026-09-06 12:50:00+00:00,LINK-USDT-SWAP,long,12.314416480303352,12.385437361769496,12.230997763640243,12.397835196966462,0.0043615284246850145,0.4754191459657558,True,fixed_1r,25.0,60,0.0014057672957204055,0.0,0.009174069790195562,0.0,0.0
2026-09-06 12:45:00+00:00,2026-09-06 13:20:00+00:00,DOGE-USDT-SWAP,short,0.08980100402380814,0.08932919972168045,0.09036204828569774,0.08923995976191854,0.0038591406027554827,0.4462652255037274,True,fixed_1r,35.0,60,0.0013947461132839604,0.0,0.008647639076962428,0.0,0.0
2026-09-06 13:30:00+00:00,2026-09-06 14:20:00+00:00,ADA-USDT-SWAP,short,0.2180774415678107,0.21634170990621507,0.2200292988137282,0.2161255843218932,0.006567203672081616,0.5785932588907056,True,fixed_1r,50.0,60,0.001392040755572346,0.0,0.011350294133520383,0.0,0.0
2026-09-06 14:00:00+00:00,2026-09-06 14:15:00+00:00,SOL-USDT-SWAP,long,106.95067919729652,105.97207221719066,106.07815036755821,107.82320802703484,-0.010540927205541976,-0.998360681311649,False,initial_stop,15.0,60,0.0013908499227171752,0.0,0.010558235518343208,0.0,0.0
2026-09-06 14:15:00+00:00,2026-09-06 14:20:00+00:00,DOGE-USDT-SWAP,short,0.0893588559265618,0.08880015217511644,0.09000627111874153,0.08871144073438207,0.004858612528079193,0.5037381619039742,True,fixed_1r,5.0,60,0.0013937476398320887,0.0,0.0096451150528583,0.0,0.0
2026-09-06 15:55:00+00:00,2026-09-06 16:55:00+00:00,ADA-USDT-SWAP,short,0.21717798163899557,0.21881859999999997,0.21913577966794676,0.21522018361004439,-0.008861755409713377,-0.776344736388572,False,max_hold_60m,60.0,60,0.0014075542573359556,-0.0001000561835781342,0.011414716934820483,-0.0001000561835781342,0.0
2026-09-06 17:10:00+00:00,2026-09-06 18:10:00+00:00,XRP-USDT-SWAP,short,1.407639916657382,1.4122108,1.4146789998885843,1.40060083342618,-0.00465044364813518,-0.6283850241300539,False,max_hold_60m,60.0,60,0.0014032471964516835,0.0,0.007400627751390681,0.0,0.0
2026-09-06 19:20:00+00:00,2026-09-06 20:20:00+00:00,SOL-USDT-SWAP,short,105.67320522539569,105.53542999999999,106.25846270474827,105.08794774604311,-9.491040489465635e-05,-0.011955903503052305,False,max_hold_60m,60.0,60,0.001398696214190704,0.0,0.007938371606163099,0.0,0.0
2026-09-06 20:25:00+00:00,2026-09-06 20:30:00+00:00,LINK-USDT-SWAP,long,12.395339777651904,12.467122621257486,12.31107733182284,12.479602223480967,0.004385324327395036,0.4767738244068014,True,fixed_1r,5.0,60,0.001405791115442838,0.0,0.009197913356194052,0.0,0.0
2026-09-06 22:10:00+00:00,2026-09-06 22:30:00+00:00,SOL-USDT-SWAP,short,105.12847777512172,105.87750503476221,105.77173330146076,104.48522224878269,-0.008531999842173663,-1.00155464375903,False,initial_stop,20.0,60,0.0014071248749672064,0.0,0.008518756210995541,0.0,0.0
2026-09-06 23:05:00+00:00,2026-09-07 00:00:00+00:00,ADA-USDT-SWAP,long,0.22172176749835784,0.22345864269140484,0.21976120998029441,0.22368232501642127,0.006325034565524255,0.5626042461548759,True,fixed_1r,55.0,60,0.0014078335799531268,0.000100711807649492,0.011242422375502433,0.000100711807649492,0.0
2026-09-06 23:05:00+00:00,2026-09-06 23:45:00+00:00,ETH-USDT-SWAP,long,2509.4625579308563,2520.661236270747,2495.740695170274,2523.1844206914384,0.0030581177854971642,0.388675517037735,True,fixed_1r,40.0,60,0.001404462580365863,0.0,0.00786804841427731,0.0,0.0
2026-09-06 23:05:00+00:00,2026-09-07 00:05:00+00:00,XRP-USDT-SWAP,long,1.4222316515248408,1.4189796000000001,1.4126798182980886,1.431783484751593,-0.0037628372193115665,-0.4127688469674135,False,max_hold_60m,60.0,60,0.001397713416431596,7.854023447606601e-05,0.009116088210040299,7.854023447606601e-05,0.0
2026-09-06 23:10:00+00:00,2026-09-07 00:10:00+00:00,LINK-USDT-SWAP,long,13.130751364066747,13.243743,12.89701636880096,13.364486359332533,0.007095808138032562,0.3512675378762764,True,max_hold_60m,60.0,60,0.0014086051157927233,0.00010070253889800777,0.020200580392179167,0.00010070253889800777,0.0
2026-09-06 23:20:00+00:00,2026-09-07 00:20:00+00:00,DOGE-USDT-SWAP,long,0.0906447002216151,0.09066924,0.09003640265938109,0.0912529977838491,-0.0011438876947520065,-0.12555307220993878,False,max_hold_60m,60.0,60,0.001400270724910832,1.4341880673307514e-05,0.0091107901592348,1.4341880673307514e-05,0.0
2026-09-06 23:40:00+00:00,2026-09-06 23:45:00+00:00,AVAX-USDT-SWAP,long,7.846982393257138,7.905262891361189,7.780788719085658,7.913176067428617,0.006019695201046603,0.5555500941453598,True,fixed_1r,5.0,60,0.00140742712232337,0.0,0.010835557881251207,0.0,0.0
2026-09-06 23:40:00+00:00,2026-09-07 00:40:00+00:00,SOL-USDT-SWAP,long,106.58569739969255,105.96392999999999,105.87836879631054,107.29302600307456,-0.007244844072170857,-0.8017539987013607,False,max_hold_60m,60.0,60,0.0013941665024964753,1.7180066149561846e-05,0.009036243141793715,1.7180066149561846e-05,0.0
2026-09-07 00:05:00+00:00,2026-09-07 00:30:00+00:00,ADA-USDT-SWAP,long,0.22359025060789756,0.22567159642710347,0.22128300729477063,0.22589749392102448,0.007899441580004479,0.6210707192280406,True,fixed_1r,25.0,60,0.0014093087503303347,0.0,0.012719069399734516,0.0,0.0
2026-09-07 01:45:00+00:00,2026-09-07 02:35:00+00:00,SOL-USDT-SWAP,short,105.1595569832407,106.14071848268733,106.03468379888845,104.28443016759296,-0.01073954734235519,-1.001646361205412,False,initial_stop,50.0,60,0.00140933021712523,0.0,0.010721895230000025,0.0,0.0
2026-09-07 02:10:00+00:00,2026-09-07 02:35:00+00:00,XRP-USDT-SWAP,short,1.402831224294795,1.413386666229076,1.4119746915375386,1.3936877570520512,-0.008931909179970571,-1.0015746200112923,False,initial_stop,25.0,60,0.0014075243847951754,0.0,0.008917866928247312,0.0,0.0
2026-09-07 02:40:00+00:00,2026-09-07 03:00:00+00:00,AVAX-USDT-SWAP,long,7.925257879746175,7.832254462397146,7.8400945569541,8.01042120253825,-0.013123330059596152,-0.9982898829010695,False,initial_stop,20.0,60,0.0013882649348752791,0.0,0.013145810935656525,0.0,0.0
2026-09-07 02:40:00+00:00,2026-09-07 02:55:00+00:00,ETH-USDT-SWAP,long,2531.7778582228993,2512.4093743761173,2514.924298674792,2548.6314177710065,-0.009042501217115773,-0.9984203088697456,False,initial_stop,15.0,60,0.0013923498486315157,0.0,0.009056808176660859,0.0,0.0
2026-09-07 03:30:00+00:00,2026-09-07 04:30:00+00:00,ADA-USDT-SWAP,short,0.22004959139830954,0.21901879999999996,0.22279509677971446,0.21730408601690462,0.003289043879387177,0.2210860725445606,True,max_hold_60m,60.0,60,0.0013953156404801327,0.0,0.0148767574616183,0.0,0.0
2026-09-07 03:30:00+00:00,2026-09-07 04:30:00+00:00,DOGE-USDT-SWAP,short,0.0895946709584508,0.08962953999999998,0.09052605150140952,0.08866329041549209,-0.0017895757439291163,-0.13985987924170176,False,max_hold_60m,60.0,60,0.0014003891865573717,0.0,0.012795490412489372,0.0,0.0
2026-09-07 03:30:00+00:00,2026-09-07 04:30:00+00:00,XRP-USDT-SWAP,short,1.4072950710784558,1.4075060999999998,1.4204408529414712,1.3941492892154403,-0.001550103524702658,-0.13202292313086156,False,max_hold_60m,60.0,60,0.0014001499535711316,0.0,0.01174116954800486,0.0,0.0
2026-09-07 03:45:00+00:00,2026-09-07 04:45:00+00:00,BTC-USDT-SWAP,short,79637.64205349624,79722.3427,79963.70464195481,79311.57946503766,-0.002464639094830373,-0.37950643729372807,False,max_hold_60m,60.0,60,0.0014010635755193112,0.0,0.00649432750707943,0.0,0.0
2026-09-07 03:45:00+00:00,2026-09-07 04:45:00+00:00,ETH-USDT-SWAP,short,2498.3015038925405,2498.9064099999996,2514.048046710487,2482.554961074594,-0.0016423690705958142,-0.188715164065578,False,max_hold_60m,60.0,60,0.001400242126943652,0.0,0.008702899307154222,0.0,0.0
2026-09-07 04:25:00+00:00,2026-09-07 04:40:00+00:00,LINK-USDT-SWAP,long,13.173028151113755,13.006318475551698,13.019337813365063,13.326718488862447,-0.01404272451072034,-0.998270964265907,False,initial_stop,15.0,60,0.001387344620109389,0.0,0.014067046937548525,0.0,0.0
2026-09-07 05:25:00+00:00,2026-09-07 05:35:00+00:00,LINK-USDT-SWAP,long,13.278301937846233,13.43752964091614,13.10562325415479,13.450980621537678,0.010579579626326614,0.686781627876141,True,fixed_1r,10.0,60,0.0014119915711975242,0.0,0.015404575773297489,0.0,0.0
2026-09-07 06:15:00+00:00,2026-09-07 06:40:00+00:00,DOGE-USDT-SWAP,long,0.09044333431622557,0.08973019178291226,0.08982001179470697,0.09106665683774418,-0.009277080120565464,-0.9984097019444526,False,initial_stop,25.0,60,0.0013921150349143487,0.0,0.009291856942593695,0.0,0.0
2026-09-07 06:40:00+00:00,2026-09-07 07:30:00+00:00,SOL-USDT-SWAP,short,104.90460512470483,104.40825270170458,105.50526149645802,104.30394875295164,0.0033361960405133787,0.4105714086306927,True,fixed_1r,50.0,60,0.0013952685354240626,0.0,0.008125738837100256,0.0,0.0
2026-09-07 06:40:00+00:00,2026-09-07 07:30:00+00:00,XRP-USDT-SWAP,short,1.4068082071450518,1.400416946478031,1.414598485740622,1.3990179285494817,0.0031476361988754522,0.39654981674912393,True,fixed_1r,50.0,60,0.0013954569068942303,0.0,0.007937555550219293,0.0,0.0
2026-09-07 06:45:00+00:00,2026-09-07 07:35:00+00:00,ADA-USDT-SWAP,short,0.21829124060219865,0.21640378157199128,0.220394887226384,0.2161875939780133,0.007255164009446516,0.6027445352086929,True,fixed_1r,50.0,60,0.0013913534825080454,0.0,0.012036880611343087,0.0,0.0
2026-09-07 07:25:00+00:00,2026-09-07 07:35:00+00:00,DOGE-USDT-SWAP,short,0.08955349949521754,0.08905397005287244,0.09014199394261047,0.08896500504782462,0.004183578247706019,0.4663224032958754,True,fixed_1r,10.0,60,0.0013944219997525415,0.0,0.008971428818639868,0.0,0.0
2026-09-07 07:40:00+00:00,2026-09-07 08:40:00+00:00,SOL-USDT-SWAP,short,104.21247718203472,104.64453999999999,105.00972618441656,103.41522817965287,-0.005562314110537138,-0.5534516448649998,False,max_hold_60m,60.0,60,0.0014041459797295727,1.218840123485682e-05,0.010050225999226944,1.218840123485682e-05,0.0
2026-09-07 07:40:00+00:00,2026-09-07 08:30:00+00:00,XRP-USDT-SWAP,short,1.3939674981330987,1.406014587574783,1.4046099775971859,1.3833250186690116,-0.00996321722440325,-0.9928795780986868,False,initial_stop,50.0,60,0.001408642302964609,-8.772804317030998e-05,0.010034668296312728,-8.772804317030998e-05,0.0
2026-09-07 09:15:00+00:00,2026-09-07 10:00:00+00:00,LINK-USDT-SWAP,long,13.487363734576322,13.280071450100936,13.29336481491585,13.681362654236793,-0.01675400069770684,-0.998227266426469,False,initial_stop,45.0,60,0.0013846306299322255,0.0,0.01678375382159626,0.0,0.0
2026-09-07 09:55:00+00:00,2026-09-07 10:40:00+00:00,ADA-USDT-SWAP,short,0.2172846582168034,0.21953521450024266,0.21931589860164105,0.21525341783196575,-0.0117679977142007,-1.0016773444362295,False,initial_stop,45.0,60,0.0014103576400741266,0.0,0.011748291782344385,0.0,0.0
2026-09-07 09:55:00+00:00,2026-09-07 10:55:00+00:00,XRP-USDT-SWAP,short,1.3974479769066739,1.4024009999999998,1.4056757228800865,1.3892202309332613,-0.004947878846548532,-0.5970151513028783,False,max_hold_60m,60.0,60,0.0014035443345120364,0.0,0.00828769393163754,0.0,0.0
2026-09-07 11:10:00+00:00,2026-09-07 12:10:00+00:00,DOGE-USDT-SWAP,short,0.08943998117543193,0.09003995,0.08998977410518329,0.08889018824568058,-0.008114768781252784,-0.9494222330433707,False,max_hold_60m,60.0,60,0.0014067080607205323,0.0,0.008547059989569564,0.0,0.0
2026-09-07 11:35:00+00:00,2026-09-07 12:35:00+00:00,ADA-USDT-SWAP,long,0.2199415178049295,0.22067910000000002,0.2181982136591539,0.22168482195070507,0.001950184268206157,0.18885757606695694,True,max_hold_60m,60.0,60,0.0014033535378060122,0.0,0.01032621676513917,0.0,0.0
2026-09-07 12:20:00+00:00,2026-09-07 12:40:00+00:00,AVAX-USDT-SWAP,long,7.885161903476799,7.930442584266774,7.831942841721593,7.938380965232006,0.004336775054579287,0.47400246718105604,True,fixed_1r,20.0,60,0.0014057425175721513,0.0,0.009149266838990432,0.0,0.0
2026-09-07 13:05:00+00:00,2026-09-07 13:35:00+00:00,XRP-USDT-SWAP,long,1.4124550124837612,1.403954789655328,1.4053601498051331,1.4195498751623892,-0.007412030493397684,-0.9985125941483181,False,initial_stop,30.0,60,0.0013939819514580602,0.0,0.007423071613553137,0.0,0.0
2026-09-07 14:10:00+00:00,2026-09-07 15:10:00+00:00,LINK-USDT-SWAP,short,13.02534952702443,13.002989999999999,13.183194324293169,12.86750472975569,0.00031833289425504236,0.02192635448840841,True,max_hold_60m,60.0,60,0.0013982833837220229,0.0,0.014518277282406077,0.0,0.0
2026-09-07 15:35:00+00:00,2026-09-07 16:35:00+00:00,ADA-USDT-SWAP,short,0.2178833154631622,0.22011989999999998,0.22099978555794658,0.2147668453683778,-0.011575681036712835,-0.6930138641526238,False,max_hold_60m,60.0,60,0.0014102650564687957,-9.964048855163734e-05,0.016703390271804865,-9.964048855163734e-05,0.0
2026-09-07 15:35:00+00:00,2026-09-07 16:35:00+00:00,ETH-USDT-SWAP,short,2474.3492914244907,2476.7242499999998,2490.1814970938917,2458.5170857550897,-0.0023197878173653813,-0.2636562037564924,False,max_hold_60m,60.0,60,0.0014009598315742001,-4.1003588408981865e-05,0.008798533030187641,-4.1003588408981865e-05,0.0
2026-09-07 16:00:00+00:00,2026-09-07 17:00:00+00:00,AVAX-USDT-SWAP,long,8.07667226912813,8.053937999999999,7.963067229537551,8.19027730871871,-0.004211991634947781,-0.2558020773818819,False,max_hold_60m,60.0,60,0.0013971851935586108,0.0,0.016465822631533136,0.0,0.0
2026-09-07 17:45:00+00:00,2026-09-07 18:25:00+00:00,AVAX-USDT-SWAP,long,8.144059071080083,8.059641144108042,8.067708852961003,8.220409289199162,-0.011755218240562703,-0.9983235149293438,False,initial_stop,40.0,60,0.001389634416175613,0.0,0.01177495878317028,0.0,0.0
2026-09-07 18:10:00+00:00,2026-09-07 18:15:00+00:00,LINK-USDT-SWAP,short,12.881173775132657,12.793042510922092,12.982085301591894,12.78026224867342,0.0054487078130321396,0.5324106723720095,True,fixed_1r,5.0,60,0.0013931581340529148,0.0,0.010234031915169767,0.0,0.0
2026-09-07 18:35:00+00:00,2026-09-07 19:25:00+00:00,SOL-USDT-SWAP,short,103.60657986860025,104.22307738162617,104.11895842320298,103.09420131399752,-0.007356320644129015,-1.0014833444418358,False,initial_stop,50.0,60,0.0014059503702738552,0.0,0.007345424849006319,0.0,0.0
2026-09-07 18:55:00+00:00,2026-09-07 19:55:00+00:00,AVAX-USDT-SWAP,long,8.095202993926952,8.085906,8.009435927123418,8.180970060730486,-0.0025473087135669086,-0.1960252153497612,False,max_hold_60m,60.0,60,0.0013988515428292624,0.0,0.012994801250552544,0.0,0.0
2026-09-07 19:10:00+00:00,2026-09-07 19:30:00+00:00,ADA-USDT-SWAP,short,0.2190800455832583,0.2212816075460985,0.2210605469990994,0.2170995441674172,-0.01145917046865648,-1.0016686247387003,False,initial_stop,20.0,60,0.0014100491213473092,0.0,0.011440081266043216,0.0,0.0
2026-09-07 21:05:00+00:00,2026-09-07 22:00:00+00:00,AVAX-USDT-SWAP,long,8.140629144286175,8.062479181702658,8.070549731434092,8.210708557138258,-0.01099039052598668,-0.9983459666901368,False,initial_stop,55.0,60,0.0013904000094834969,0.0,0.011008599115618845,0.0,0.0
2026-09-07 22:20:00+00:00,2026-09-07 22:35:00+00:00,XRP-USDT-SWAP,short,1.3917164519047411,1.3863204164335419,1.398497422856893,1.3849354809525893,0.0024811293056699302,0.3411715857685575,True,fixed_1r,15.0,60,0.0013961227479463837,0.0,0.007272379673942331,0.0,0.0
2026-09-07 22:40:00+00:00,2026-09-07 23:05:00+00:00,SOL-USDT-SWAP,short,103.28044485367678,103.93917358236546,103.83533824412135,102.72555146323222,-0.007784436650631705,-1.0015117997356349,False,initial_stop,25.0,60,0.0014063780585920397,0.0,0.00777268590613364,0.0,0.0
2026-09-07 23:15:00+00:00,2026-09-08 00:15:00+00:00,DOGE-USDT-SWAP,long,0.09073215943217938,0.090909,0.08998591318615255,0.09147840567820621,0.0004473904765607605,0.042108464390011556,True,max_hold_60m,60.0,60,0.001401949039556948,9.97000408301945e-05,0.01062471602899119,9.97000408301945e-05,0.0
2026-09-08 00:45:00+00:00,2026-09-08 01:45:00+00:00,DOGE-USDT-SWAP,long,0.09126175118147473,0.09104886,0.0904010141776967,0.09212248818525275,-0.0037304208777491415,-0.3152951584863982,False,max_hold_60m,60.0,60,0.0013976672463686193,0.0,0.011831519696202601,0.0,0.0
2026-09-08 01:00:00+00:00,2026-09-08 02:00:00+00:00,ADA-USDT-SWAP,long,0.22191303510487292,0.2220777,0.21985642125847532,0.22396964895127053,-0.0006587175865798189,-0.0564567160726378,False,max_hold_60m,60.0,60,0.001400742024437858,0.0,0.01166765678918175,0.0,0.0
2026-09-08 01:10:00+00:00,2026-09-08 01:20:00+00:00,ETH-USDT-SWAP,long,2494.8434698690826,2502.420376007868,2484.761638428988,2504.925301309177,0.001633989636649992,0.2536830390363059,True,fixed_1r,10.0,60,0.0014030370266633133,0.0,0.006441067731044262,0.0,0.0
2026-09-08 02:25:00+00:00,2026-09-08 02:30:00+00:00,DOGE-USDT-SWAP,long,0.09134658548560658,0.09055837680145155,0.09064902582727884,0.09204414514393432,-0.010020141314367369,-0.9983793824423086,False,initial_stop,5.0,60,0.0013913712299155482,0.0,0.010036406490942718,0.0,0.0
2026-09-08 03:00:00+00:00,2026-09-08 04:00:00+00:00,ADA-USDT-SWAP,short,0.2177206485249162,0.2186184,0.2201477822989946,0.21529351475083783,-0.005527533298505775,-0.40799847292205016,False,max_hold_60m,60.0,60,0.0014041234098886171,0.0,0.013547926439327222,0.0,0.0
2026-09-08 03:00:00+00:00,2026-09-08 03:20:00+00:00,SOL-USDT-SWAP,short,103.28379080224877,102.79478406948978,103.87548962698527,102.69209197751228,0.0033393277850244816,0.4107988090938412,True,fixed_1r,20.0,60,0.0013952654068081674,0.0,0.008128864327505047,0.0,0.0
2026-09-08 03:25:00+00:00,2026-09-08 04:25:00+00:00,ETH-USDT-SWAP,short,2480.9625540440447,2482.49001,2492.9806485285403,2468.944459559549,-0.002016286372165881,-0.27833398451424607,False,max_hold_60m,60.0,60,0.0014006156707014644,0.0,0.007244125706333503,0.0,0.0
2026-09-08 05:00:00+00:00,2026-09-08 06:00:00+00:00,SOL-USDT-SWAP,short,102.9818261973914,103.0029,103.55191436869669,102.41173802608611,-0.0016048407684164825,-0.20222763460758442,False,max_hold_60m,60.0,60,0.0014002046361322842,0.0,0.007935813379465272,0.0,0.0
2026-09-08 06:00:00+00:00,2026-09-08 07:00:00+00:00,XRP-USDT-SWAP,short,1.387178244477804,1.3840826999999998,1.3957389337336468,1.3786175552219613,0.000833772072635494,0.0972748990485163,True,max_hold_60m,60.0,60,0.0013977684594678966,0.0,0.008571297228688424,0.0,0.0
2026-09-08 06:05:00+00:00,2026-09-08 07:05:00+00:00,DOGE-USDT-SWAP,short,0.08960127573604448,0.08935926999999999,0.09038530883253386,0.08881724263955511,0.0013036193379006393,0.11691396575210708,True,max_hold_60m,60.0,60,0.0013972990815805189,0.0,0.011150244793378287,0.0,0.0
2026-09-08 06:05:00+00:00,2026-09-08 06:20:00+00:00,SOL-USDT-SWAP,short,102.89718768305778,102.37039129259165,103.52625219669332,102.26812316942224,0.003724758010693643,0.4375106759451012,True,fixed_1r,15.0,60,0.0013948803616276786,0.0,0.008513524847473723,0.0,0.0
2026-09-08 06:20:00+00:00,2026-09-08 07:20:00+00:00,ADA-USDT-SWAP,short,0.2166220172100812,0.21641619999999998,0.2190642065209742,0.2141798278991882,-0.00044892849792130686,-0.03283089117925704,False,max_hold_60m,60.0,60,0.001399049878619302,0.0,0.013673966249351934,0.0,0.0
2026-09-08 06:20:00+00:00,2026-09-08 07:20:00+00:00,AVAX-USDT-SWAP,short,8.034154818802698,8.056047999999999,8.079857825632372,7.9884518119730235,-0.004127738620023797,-0.5103162599108516,False,max_hold_60m,60.0,60,0.0014027250136064175,0.0,0.008088589261774417,0.0,0.0
2026-09-08 06:45:00+00:00,2026-09-08 07:35:00+00:00,LINK-USDT-SWAP,short,12.59184358578513,12.712823152450962,12.700123029421542,12.483564142148717,-0.011017380124480603,-1.0016553012880833,False,initial_stop,50.0,60,0.0014096077723521284,0.0,0.010999173178949637,0.0,0.0
2026-09-08 06:50:00+00:00,2026-09-08 07:50:00+00:00,BTC-USDT-SWAP,short,78338.87092843474,78327.5493,78665.25114121693,78012.49071565256,-0.0012553342685583074,-0.1911794543692688,False,max_hold_60m,60.0,60,0.0013998554787897684,0.0,0.006566261383577295,0.0,0.0
2026-09-08 09:55:00+00:00,2026-09-08 10:10:00+00:00,AVAX-USDT-SWAP,long,8.108062487411129,8.143223750762827,8.064749848933541,8.151375125888716,0.0029322436331595354,0.37874878897460623,True,fixed_1r,15.0,60,0.0014043365802133727,0.0,0.007741922135508484,0.0,0.0
2026-09-08 10:25:00+00:00,2026-09-08 11:05:00+00:00,SOL-USDT-SWAP,long,103.77101888765077,103.12899442515742,103.23222665180923,104.30981112349231,-0.007580747234690467,-0.9985012024271451,False,initial_stop,40.0,60,0.0013938130658311405,0.0,0.007592126295154452,0.0,0.0
2026-09-08 11:15:00+00:00,2026-09-08 11:30:00+00:00,LINK-USDT-SWAP,short,12.528400338976814,12.44843260684208,12.62080406772178,12.435996610231848,0.004989299328010389,0.5103860128036927,True,fixed_1r,15.0,60,0.0013936170835884012,0.0,0.009775540870727975,0.0,0.0
2026-09-08 11:50:00+00:00,2026-09-08 12:50:00+00:00,SOL-USDT-SWAP,short,102.7757748953877,103.26315999999998,103.27929874465237,102.27225104612303,-0.006146959973918847,-0.8421362430392428,False,max_hold_60m,60.0,60,0.0014047422177561628,0.0,0.007299246439904622,0.0,0.0
2026-09-08 12:05:00+00:00,2026-09-08 13:05:00+00:00,ETH-USDT-SWAP,short,2468.8233680146277,2476.0936199999996,2478.8704161755327,2458.7763198537227,-0.004347769504956417,-0.6720338250019157,False,max_hold_60m,60.0,60,0.0014029448246802763,0.0,0.006469569452019806,0.0,0.0
2026-09-08 12:50:00+00:00,2026-09-08 13:35:00+00:00,XRP-USDT-SWAP,long,1.3968673768572704,1.3874197137649582,1.3888085222872455,1.4049262314272952,-0.008156701162607381,-0.9984658661140815,False,initial_stop,45.0,60,0.0013932365353727654,0.0,0.00816923386109568,0.0,0.0
2026-09-08 13:15:00+00:00,2026-09-08 13:30:00+00:00,ADA-USDT-SWAP,long,0.21941880904325398,0.21720828281052867,0.21742570851904772,0.22141190956746024,-0.011464386531499456,-0.9983316992878138,False,initial_stop,15.0,60,0.001389925539007508,0.0,0.011483544537029003,0.0,0.0
2026-09-08 13:25:00+00:00,2026-09-08 13:30:00+00:00,AVAX-USDT-SWAP,short,8.022725930285723,7.989722437839903,8.063711163428685,7.981740697142762,0.002717864205425906,0.3619648230740337,True,fixed_1r,5.0,60,0.0013958862495450292,0.0,0.007508641813157665,0.0,0.0
2026-09-08 13:25:00+00:00,2026-09-08 13:30:00+00:00,ETH-USDT-SWAP,short,2469.3812247369033,2461.7070003836006,2479.5146968428367,2459.24775263097,0.0017108597168808528,0.2630615361710487,True,fixed_1r,5.0,60,0.001396892248035084,0.0,0.006503648316599247,0.0,0.0
2026-09-08 13:25:00+00:00,2026-09-08 13:35:00+00:00,SOL-USDT-SWAP,short,102.81048749756486,102.35738014937579,103.36584997077829,102.25512502435144,0.0030116166217771367,0.38601523830704737,True,fixed_1r,10.0,60,0.0013955927905876353,0.0,0.0078018076047599244,0.0,0.0
2026-09-08 13:30:00+00:00,2026-09-08 13:35:00+00:00,LINK-USDT-SWAP,short,12.46578485657006,12.38152058573371,12.562418278840708,12.369151434299413,0.00536640388693461,0.5286111891005351,True,fixed_1r,5.0,60,0.0013932403557573082,0.0,0.010151892350341432,0.0,0.0
2026-09-08 13:35:00+00:00,2026-09-08 13:40:00+00:00,DOGE-USDT-SWAP,short,0.08882237434991605,0.0881142827573403,0.08961849219899262,0.08802625650083948,0.006579967765509211,0.5790679229570781,True,fixed_1r,5.0,60,0.0013920280042302605,0.0,0.011363032737002312,0.0,0.0
2026-09-08 14:00:00+00:00,2026-09-08 14:45:00+00:00,XRP-USDT-SWAP,long,1.4017951346993187,1.413633604353807,1.3885416163918236,1.4150486530068138,0.007036775739966095,0.5935865270123803,True,fixed_1r,45.0,60,0.001408445220960927,0.0,0.011854675636563648,0.0,0.0
2026-09-08 15:40:00+00:00,2026-09-08 16:40:00+00:00,DOGE-USDT-SWAP,long,0.09035521739189888,0.09062927999999999,0.08942260870278645,0.0912878260810113,0.0015298313161576258,0.12025481141880574,True,max_hold_60m,60.0,60,0.0014030331685984708,0.00010030411371477235,0.012721580933920014,0.00010030411371477235,0.0
2026-09-08 15:40:00+00:00,2026-09-08 16:40:00+00:00,ETH-USDT-SWAP,long,2490.359926249656,2499.42807,2473.419114995869,2507.3007375034426,0.0021814968129893267,0.23705337579434238,True,max_hold_60m,60.0,60,0.0014036412984543966,5.6160342952838455e-05,0.00920255535564236,5.6160342952838455e-05,0.0
2026-09-08 15:45:00+00:00,2026-09-08 16:40:00+00:00,LINK-USDT-SWAP,long,12.674307646472991,12.77913161173483,12.556691757675884,12.791923535270099,0.006904325192654731,0.5911304653560465,True,fixed_1r,55.0,60,0.0014082705870952256,-4.200868452439881e-05,0.011679866962187705,-4.200868452439881e-05,0.0
2026-09-08 16:40:00+00:00,2026-09-08 17:40:00+00:00,DOGE-USDT-SWAP,long,0.09063087485203601,0.09007983,0.08965049822443223,0.09161125147963979,-0.007474020669917532,-0.5654748104884626,False,max_hold_60m,60.0,60,0.0013939198992293119,0.0,0.013217247755848576,0.0,0.0
2026-09-08 18:25:00+00:00,2026-09-08 18:45:00+00:00,ETH-USDT-SWAP,long,2502.011253090356,2485.896652047187,2488.3850370842715,2515.637469096441,-0.007834218240322354,-0.9984850108560827,False,initial_stop,20.0,60,0.0013935593411007784,0.0,0.007846105004225792,0.0,0.0
2026-09-08 18:25:00+00:00,2026-09-08 18:45:00+00:00,LINK-USDT-SWAP,long,12.744539430638136,12.63882169448997,12.651473167657628,12.837605693618645,-0.009686844651139379,-0.9983924066076109,False,initial_stop,20.0,60,0.0013917048602090697,0.0,0.009702442233163449,0.0,0.0
2026-09-08 18:25:00+00:00,2026-09-08 18:45:00+00:00,XRP-USDT-SWAP,long,1.4417876498709437,1.4270233466528723,1.4284517984513236,1.4551235012905637,-0.011630035550778576,-0.9983269875304146,False,initial_stop,20.0,60,0.0013897597241733948,0.0,0.011649525351957152,0.0,0.0
2026-09-08 21:35:00+00:00,2026-09-08 22:35:00+00:00,ADA-USDT-SWAP,short,0.22002375160482499,0.21981959999999998,0.22248501925789987,0.2175624839517501,-0.00047121047187274315,-0.034682581424099586,False,max_hold_60m,60.0,60,0.0013990721383335392,0.0,0.013586372539885892,0.0,0.0
2026-09-08 21:35:00+00:00,2026-09-08 22:35:00+00:00,ETH-USDT-SWAP,short,2481.5459792150536,2485.0825999999997,2492.2817505806424,2470.810207849465,-0.002826593516857111,-0.4202336195253635,False,max_hold_60m,60.0,60,0.0014014251683485085,0.0,0.006726243178852829,0.0,0.0
2026-09-08 21:55:00+00:00,2026-09-08 22:55:00+00:00,DOGE-USDT-SWAP,short,0.0893653253387092,0.08997988999999999,0.09008390406451025,0.08864674661290814,-0.008283869371262947,-0.7934047612159577,False,max_hold_60m,60.0,60,0.001406876992378884,0.0,0.010440912099603787,0.0,0.0
2026-09-08 23:20:00+00:00,2026-09-09 00:10:00+00:00,XRP-USDT-SWAP,short,1.4160499536194338,1.4257237428766376,1.4242994434332046,1.407800463805663,-0.00813920071240164,-0.9894836187219163,False,initial_stop,50.0,60,0.001406831531071681,-9.916189035122258e-05,0.008225705366314989,-9.916189035122258e-05,0.0
2026-09-09 00:15:00+00:00,2026-09-09 01:15:00+00:00,SOL-USDT-SWAP,long,103.68026725331843,103.53636,103.24320703982119,104.11732746681568,-0.002786602772867677,-0.42122573249386935,False,max_hold_60m,60.0,60,0.0013986120092363686,0.0,0.006615461872116832,0.0,0.0
2026-09-09 01:20:00+00:00,2026-09-09 02:20:00+00:00,ADA-USDT-SWAP,short,0.21826956152269184,0.2179177,0.220134738272302,0.21640438477308166,0.00021366239872121608,0.0195209441146035,True,max_hold_60m,60.0,60,0.0013983879496516272,0.0,0.010945290220946667,0.0,0.0
2026-09-09 02:20:00+00:00,2026-09-09 03:20:00+00:00,ADA-USDT-SWAP,short,0.2178938754915133,0.21681659999999997,0.22002650589815928,0.2157612450848673,0.003548981537789173,0.29119913208947457,True,max_hold_60m,60.0,60,0.001395055962499711,0.0,0.012187472923850282,0.0,0.0
2026-09-09 02:20:00+00:00,2026-09-09 03:20:00+00:00,AVAX-USDT-SWAP,short,7.951359465830996,7.930922999999999,7.999313589971951,7.903405341690041,0.0011727553111812506,0.1391014698154172,True,max_hold_60m,60.0,60,0.0013974298148739447,0.0,0.008430933999025718,0.0,0.0
2026-09-09 03:05:00+00:00,2026-09-09 04:05:00+00:00,DOGE-USDT-SWAP,short,0.08978231710428532,0.09029019999999999,0.09046780525142382,0.08909682895714681,-0.007062482268305363,-0.7037848575070463,False,max_hold_60m,60.0,60,0.0014056568254428624,0.0,0.01003500173806262,0.0,0.0
2026-09-09 03:15:00+00:00,2026-09-09 04:15:00+00:00,LINK-USDT-SWAP,short,12.404265174987875,12.473460999999999,12.484182099854506,12.324348250121245,-0.0069839680835590496,-0.7898006573053753,False,max_hold_60m,60.0,60,0.001405578389693865,0.0,0.008842697228673879,0.0,0.0
2026-09-09 03:20:00+00:00,2026-09-09 04:00:00+00:00,AVAX-USDT-SWAP,short,7.927335860830663,7.9830053602979225,7.9750303299679555,7.8796413916933705,-0.008429495147552337,-1.0015492184067343,False,initial_stop,40.0,60,0.0014070224726748775,0.0,0.008416456218658917,0.0,0.0
2026-09-09 03:25:00+00:00,2026-09-09 04:00:00+00:00,ADA-USDT-SWAP,short,0.21627604778520768,0.21843078599591467,0.2182125734224922,0.21433952214792315,-0.011372870186067944,-1.0016661034321614,False,initial_stop,35.0,60,0.0014099629072787893,0.0,0.011353953325463788,0.0,0.0
2026-09-09 04:05:00+00:00,2026-09-09 04:40:00+00:00,ETH-USDT-SWAP,long,2501.0659494732236,2508.719274762495,2490.9013936786846,2511.2305052677625,0.0016569653573479122,0.2563339143855116,True,fixed_1r,35.0,60,0.0014030600253827307,0.0,0.006464089472202771,0.0,0.0
2026-09-09 04:45:00+00:00,2026-09-09 05:30:00+00:00,AVAX-USDT-SWAP,long,8.037823678846403,7.972903262010673,7.98088414615683,8.094763211535975,-0.009468788145922823,-0.9984014239179363,False,initial_stop,45.0,60,0.0013919231349890661,0.0,0.009483948959893622,0.0,0.0
2026-09-09 04:45:00+00:00,2026-09-09 05:35:00+00:00,DOGE-USDT-SWAP,long,0.09066243728480541,0.08993921817024729,0.09002924741766495,0.09129562715194588,-0.009369076467401045,-0.9984056872123319,False,initial_stop,50.0,60,0.001392022946479078,0.0,0.009384037558480489,0.0,0.0
2026-09-09 04:45:00+00:00,2026-09-09 05:45:00+00:00,SOL-USDT-SWAP,long,104.22404491481731,103.80609,103.60853897780771,104.83955085182691,-0.005406148103767727,-0.6509036670742986,False,max_hold_60m,60.0,60,0.0013959898417379702,0.0,0.00830560400445652,0.0,0.0
2026-09-09 04:45:00+00:00,2026-09-09 05:45:00+00:00,XRP-USDT-SWAP,long,1.4331342978376602,1.4237748000000001,1.4225115740519247,1.4437570216233957,-0.007924258301493521,-0.8075897886863417,False,max_hold_60m,60.0,60,0.0013934692109094158,0.0,0.009812231918364694,0.0,0.0
2026-09-09 06:20:00+00:00,2026-09-09 07:20:00+00:00,XRP-USDT-SWAP,long,1.4368749516322203,1.4355630000000001,1.4266994195866445,1.4470504836777962,-0.0023121459589083623,-0.2438532609191172,False,max_hold_60m,60.0,60,0.0013990869409820736,0.0,0.009481710230954302,0.0,0.0
2026-09-09 06:25:00+00:00,2026-09-09 07:25:00+00:00,DOGE-USDT-SWAP,long,0.09048781305105898,0.09068922,0.08991375661270772,0.09106186948941024,0.000823565088025171,0.09418610064616689,True,max_hold_60m,60.0,60,0.001402225790878904,0.0,0.008744019365650293,0.0,0.0
2026-09-09 06:25:00+00:00,2026-09-09 07:25:00+00:00,SOL-USDT-SWAP,long,104.52248052037197,104.72516999999999,103.88976624446359,105.15519479628036,0.0005372558816084216,0.06355515688180743,True,max_hold_60m,60.0,60,0.001401939195076685,0.0,0.008453379835212244,0.0,0.0
2026-09-09 07:10:00+00:00,2026-09-09 08:10:00+00:00,ADA-USDT-SWAP,long,0.22113287741009535,0.221778,0.2192945289211444,0.2229712258990463,0.001461082053212636,0.13637994397169784,True,max_hold_60m,60.0,60,0.0014029173526680443,5.335326216360219e-05,0.01071332052692327,5.335326216360219e-05,0.0
2026-09-09 07:10:00+00:00,2026-09-09 07:50:00+00:00,LINK-USDT-SWAP,long,12.598880396391078,12.508044191936236,12.520564756692929,12.677196036089226,-0.0086026533624671,-0.99844175731729,False,initial_stop,40.0,60,0.0013927901367743072,0.0,0.008616079304997762,0.0,0.0
2026-09-09 08:00:00+00:00,2026-09-09 08:50:00+00:00,DOGE-USDT-SWAP,long,0.09079981099788009,0.0911506481311779,0.09035773197456108,0.0912418900211991,0.0024599892699412665,0.33843491640337686,True,fixed_1r,50.0,60,0.0014038638531230644,0.0,0.0072687218449092655,0.0,0.0
2026-09-09 09:10:00+00:00,2026-09-09 09:35:00+00:00,LINK-USDT-SWAP,short,12.443063803405888,12.388738327907062,12.509765640870654,12.376361965941122,0.0029702902945366715,0.38274155958906314,True,fixed_1r,25.0,60,0.0013956340756298335,0.0,0.007760563806360024,0.0,0.0
2026-09-09 09:45:00+00:00,2026-09-09 09:55:00+00:00,AVAX-USDT-SWAP,short,7.937939955776549,7.902495042676751,7.98127946931858,7.894600442234517,0.0030697186185035114,0.3905596998893706,True,fixed_1r,10.0,60,0.0013955347466348617,0.0,0.007859793571566742,0.0,0.0
2026-09-09 12:35:00+00:00,2026-09-09 13:35:00+00:00,ADA-USDT-SWAP,long,0.22102776876161137,0.2205792,0.21913322513933622,0.22292231238388652,-0.003427438431652787,-0.31239416976099443,False,max_hold_60m,60.0,60,0.0013979705321004476,0.0,0.010971518560269677,0.0,0.0
2026-09-09 12:45:00+00:00,2026-09-09 13:35:00+00:00,DOGE-USDT-SWAP,long,0.09122366372280981,0.09051336070904402,0.09060396467371774,0.09184336277190187,-0.009178603509152804,-0.9984140886947581,False,initial_stop,50.0,60,0.001392213610100948,0.0,0.009193183082133918,0.0,0.0
2026-09-09 13:35:00+00:00,2026-09-09 13:35:00+00:00,AVAX-USDT-SWAP,long,8.003947907296247,7.951415512667422,7.9593748875549775,8.048520927037517,-0.007956747100559776,-0.9984775538367081,False,initial_stop,0.0,60,0.0013934366895890292,0.0,0.00796887929026097,0.0,0.0
2026-09-09 13:45:00+00:00,2026-09-09 14:45:00+00:00,LINK-USDT-SWAP,short,12.106280289984195,12.089076999999998,12.219363479810346,11.993197100158044,2.2442968582849247e-05,0.0019115251824681123,True,max_hold_60m,60.0,60,0.0013985789780533637,0.0,0.011740869954886737,0.0,0.0
2026-09-09 15:05:00+00:00,2026-09-09 15:20:00+00:00,ADA-USDT-SWAP,short,0.2170811238734191,0.21420275002707462,0.22017348648102938,0.21398876126580882,0.01187269809912583,0.7132808713016942,True,fixed_1r,15.0,60,0.0013867405613395348,0.0,0.01664519346699832,0.0,0.0
2026-09-09 15:05:00+00:00,2026-09-09 15:20:00+00:00,AVAX-USDT-SWAP,short,7.925822745897995,7.858623313561065,8.000872950775944,7.850772541020046,0.00708702196930672,0.5970998040292537,True,fixed_1r,15.0,60,0.0013915214565741192,0.0,0.011869074351529188,0.0,0.0
2026-09-09 15:05:00+00:00,2026-09-09 15:20:00+00:00,BTC-USDT-SWAP,short,78831.9109473763,78282.99531676329,79459.03136851553,78204.79052623706,0.005570077721576569,0.5379036170137875,True,fixed_1r,15.0,60,0.0013930368853930304,0.0,0.010355159447521984,0.0,0.0
2026-09-09 15:05:00+00:00,2026-09-09 15:20:00+00:00,DOGE-USDT-SWAP,short,0.0895473144250838,0.08845522260491122,0.09072777310100555,0.08836685574916206,0.010807891649361828,0.6935910365807929,True,fixed_1r,15.0,60,0.0013878043040465916,0.0,0.015582513439968412,0.0,0.0
2026-09-09 15:05:00+00:00,2026-09-09 15:20:00+00:00,SOL-USDT-SWAP,short,103.31999007478576,102.32231935139444,104.41988089742922,102.2200992521423,0.008265780972218945,0.6336126668133273,True,fixed_1r,15.0,60,0.0013903438751526284,0.0,0.013045479368003512,0.0,0.0
2026-09-09 15:05:00+00:00,2026-09-09 15:20:00+00:00,XRP-USDT-SWAP,short,1.4211968856500177,1.4072369746433213,1.4365626278002137,1.4058311434998216,0.008432466605294998,0.6382511163349768,True,fixed_1r,15.0,60,0.0013901773560386665,0.0,0.013211832129204362,0.0,0.0
2026-09-09 15:25:00+00:00,2026-09-09 16:25:00+00:00,ETH-USDT-SWAP,short,2474.029333810455,2488.6261399999994,2501.6320057254547,2446.426661895455,-0.007262575043632629,-0.5357078209752746,False,max_hold_60m,60.0,60,0.001405900013387094,-4.333835684833971e-05,0.013556970347027714,-4.333835684833971e-05,0.0
2026-09-09 15:25:00+00:00,2026-09-09 16:00:00+00:00,LINK-USDT-SWAP,short,11.844785809524346,12.041459144006451,12.02942971429216,11.660141904756532,-0.017984003100979723,-0.9997431565938376,False,initial_stop,35.0,60,0.0014166042119836359,-3.6813094639832505e-05,0.01798862336027575,-3.6813094639832505e-05,0.0
2026-09-09 16:20:00+00:00,2026-09-09 17:20:00+00:00,XRP-USDT-SWAP,short,1.4147437910724139,1.4229214999999997,1.4306254928689661,1.3988620892758616,-0.00718612656805393,-0.5273892263558396,False,max_hold_60m,60.0,60,0.001405780346221832,0.0,0.013625850148113024,0.0,0.0
2026-09-09 18:20:00+00:00,2026-09-09 19:05:00+00:00,LINK-USDT-SWAP,short,11.969057572338132,11.903315700895291,12.04669086805759,11.891424276618674,0.004098144938860718,0.4611825711234308,True,fixed_1r,45.0,60,0.0013945073477134259,0.0,0.00888616612045361,0.0,0.0
2026-09-09 18:55:00+00:00,2026-09-09 19:50:00+00:00,ADA-USDT-SWAP,short,0.21675469574920458,0.21526809555046184,0.21845634899045527,0.2150530425079539,0.005465303627208513,0.5331694254990512,True,fixed_1r,55.0,60,0.0013931415548179735,0.0,0.010250594587438957,0.0,0.0
2026-09-09 18:55:00+00:00,2026-09-09 19:35:00+00:00,AVAX-USDT-SWAP,short,7.924520267291964,7.893683124407444,7.963243207503564,7.885797327080364,0.0024952490480478276,0.34244958540341675,True,fixed_1r,40.0,60,0.0013961086423096426,0.0,0.007286471219138266,0.0,0.0
2026-09-09 18:55:00+00:00,2026-09-09 19:35:00+00:00,ETH-USDT-SWAP,short,2482.267256811954,2474.099059312341,2492.9070817434476,2471.627431880461,0.0018939103050546996,0.2832509546481577,True,fixed_1r,40.0,60,0.0013967093803146306,0.0,0.00668633335201724,0.0,0.0
2026-09-09 18:55:00+00:00,2026-09-09 19:35:00+00:00,XRP-USDT-SWAP,short,1.416635126423928,1.4099572844964798,1.4247215170871368,1.4085487357607194,0.003318589596355492,0.409289716157164,True,fixed_1r,40.0,60,0.0013952861242793651,0.0,0.008108167553081594,0.0,0.0
2026-09-09 19:10:00+00:00,2026-09-09 19:50:00+00:00,SOL-USDT-SWAP,short,103.0932219244228,102.61028853652776,103.67866309307361,102.507780755772,0.0032891183751860083,0.40713182903004763,True,fixed_1r,40.0,60,0.0013953155660587553,0.0,0.00807875518605857,0.0,0.0
2026-09-09 19:40:00+00:00,2026-09-09 19:50:00+00:00,DOGE-USDT-SWAP,short,0.08792561574595478,0.0874011563829927,0.08853738895145731,0.08731384254045226,0.004570772201833538,0.4884425828717733,True,fixed_1r,10.0,60,0.001394035192605561,0.0,0.009357849544894131,0.0,0.0
2026-09-09 19:55:00+00:00,2026-09-09 20:25:00+00:00,ADA-USDT-SWAP,short,0.2141708615772398,0.21250367561182945,0.21605033892687772,0.21229138422760188,0.006392157808422954,0.5719745736710136,True,fixed_1r,30.0,60,0.001392215626565012,0.0,0.011175597837150667,0.0,0.0
2026-09-09 19:55:00+00:00,2026-09-09 20:55:00+00:00,AVAX-USDT-SWAP,short,7.848023837180832,7.860852999999999,7.892286046169976,7.803761628191688,-0.003036334477113322,-0.3776574051186211,False,max_hold_60m,60.0,60,0.001401634699777336,0.0,0.00803991775604034,0.0,0.0
2026-09-09 21:45:00+00:00,2026-09-09 22:05:00+00:00,SOL-USDT-SWAP,short,102.06945108839534,101.40679460516262,102.83341306074409,101.30548911604659,0.005098703898598424,0.5158163618738433,True,fixed_1r,20.0,60,0.0013935077883130884,0.0,0.009884726959951396,0.0,0.0
2026-09-09 21:50:00+00:00,2026-09-09 22:05:00+00:00,AVAX-USDT-SWAP,short,7.790386415210656,7.7388669837413335,7.849636982527871,7.731135847893441,0.005219819371231687,0.5216897614072884,True,fixed_1r,15.0,60,0.0013933867938349333,0.0,0.010005600564502018,0.0,0.0
2026-09-09 21:50:00+00:00,2026-09-09 22:05:00+00:00,ETH-USDT-SWAP,short,2458.210281767036,2447.231969511963,2471.6333812044386,2444.7871823296337,0.0030704436592904555,0.39061598557141547,True,fixed_1r,15.0,60,0.0013955340223183912,0.0,0.007860517164444344,0.0,0.0
2026-09-09 22:10:00+00:00,2026-09-09 23:10:00+00:00,BTC-USDT-SWAP,short,77851.83394414182,78224.04589999998,78202.00732970181,77501.66055858183,-0.006185811058495379,-0.8967612376544358,False,max_hold_60m,60.0,60,0.0014047810300284668,0.0,0.006897946519939861,0.0,0.0
2026-09-10 00:10:00+00:00,2026-09-10 01:10:00+00:00,SOL-USDT-SWAP,short,101.44812892410835,101.55144999999999,102.08754708930019,100.8087107589165,-0.00241948057657036,-0.27800830895044304,False,max_hold_60m,60.0,60,0.0014010184621144558,0.0,0.008702907426416703,0.0,0.0
2026-09-10 00:15:00+00:00,2026-09-10 01:15:00+00:00,DOGE-USDT-SWAP,short,0.08594914559516395,0.08598589999999999,0.08648974714196736,0.08540854404836054,-0.0018280573004665888,-0.21036855860525736,False,max_hold_60m,60.0,60,0.0014004276296707959,0.0,0.008689783837407077,0.0,0.0
2026-09-10 00:45:00+00:00,2026-09-10 01:05:00+00:00,AVAX-USDT-SWAP,short,7.755712187068799,7.815353791070403,7.807546244825578,7.703878129312019,-0.009097712881242115,-1.0015823874410206,False,initial_stop,20.0,60,0.0014076900228583837,0.0,0.009083339518864936,0.0,0.0
2026-09-10 00:45:00+00:00,2026-09-10 01:05:00+00:00,LINK-USDT-SWAP,short,11.709959139193579,11.80930717999327,11.797509670322949,11.622408608064209,-0.009892547895204686,-1.0016160087164592,False,initial_stop,20.0,60,0.0014084840638313733,0.0,0.009876587244129303,0.0,0.0
2026-09-10 00:45:00+00:00,2026-09-10 01:35:00+00:00,XRP-USDT-SWAP,short,1.3878912703813133,1.3816675834830525,1.395495244575761,1.3802872961868657,0.0030887598316310773,0.392034459827769,True,fixed_1r,50.0,60,0.001395515724443925,0.0,0.007878796759315623,0.0,0.0
2026-09-10 01:40:00+00:00,2026-09-10 02:40:00+00:00,ADA-USDT-SWAP,short,0.20971481008940793,0.21191169999999998,0.21207772107289508,0.20735189910592078,-0.011886082502066053,-0.8696756905067682,False,max_hold_60m,60.0,60,0.0014104756068951708,0.0,0.013667258533051466,0.0,0.0
2026-09-10 03:05:00+00:00,2026-09-10 04:05:00+00:00,ETH-USDT-SWAP,long,2476.242149751661,2472.93459,2464.715797019936,2487.7685024833863,-0.002734381692937833,-0.3875929811496841,False,max_hold_60m,60.0,60,0.0013986642825896517,0.0,0.007054776081927668,0.0,0.0
2026-09-10 05:05:00+00:00,2026-09-10 05:30:00+00:00,DOGE-USDT-SWAP,short,0.08553162884286578,0.08607553566050377,0.08598954611438939,0.08507371157134216,-0.00776548995759066,-1.0015106067406017,False,initial_stop,25.0,60,0.001406359130826764,0.0,0.0077537770497142396,0.0,0.0
2026-09-10 05:15:00+00:00,2026-09-10 06:15:00+00:00,LINK-USDT-SWAP,long,11.844408867601523,11.784203999999999,11.77190641121827,11.916911323984776,-0.006477894845258019,-0.7602057536985105,False,max_hold_60m,60.0,60,0.001394917022176919,0.0,0.00852123890636466,0.0,0.0
2026-09-10 05:35:00+00:00,2026-09-10 06:20:00+00:00,AVAX-USDT-SWAP,long,7.848364415878402,7.789575617550289,7.79737299054083,7.899355841215974,-0.008883089012911426,-0.9984278368298032,False,initial_stop,45.0,60,0.001392509420407496,0.0,0.008897076669173117,0.0,0.0
2026-09-10 07:35:00+00:00,2026-09-10 08:35:00+00:00,SOL-USDT-SWAP,short,100.9231031119364,101.29118999999999,101.50723734323681,100.33896888063599,-0.005083752634463143,-0.6208849649312813,False,max_hold_60m,60.0,60,0.0014036472014505473,3.290398246531753e-05,0.00818791389967996,3.290398246531753e-05,0.0
2026-09-10 09:20:00+00:00,2026-09-10 10:20:00+00:00,ADA-USDT-SWAP,long,0.21354664233931783,0.2129868,0.21185970807181392,0.21523357660682174,-0.004019017985259779,-0.390210859758928,False,max_hold_60m,60.0,60,0.0013973783603751153,0.0,0.010299605674077665,0.0,0.0
2026-09-10 09:40:00+00:00,2026-09-10 10:40:00+00:00,SOL-USDT-SWAP,short,100.89788978565085,101.26115999999999,101.42467742781022,100.37110214349147,-0.005003975121144763,-0.6566036852969502,False,max_hold_60m,60.0,60,0.0014036003747463983,0.0,0.007620997617279145,0.0,0.0
2026-09-10 10:35:00+00:00,2026-09-10 11:35:00+00:00,ADA-USDT-SWAP,short,0.21189375168946328,0.21351329999999996,0.2140250202735593,0.20976248310536727,-0.009050852589665245,-0.7264979314527877,False,max_hold_60m,60.0,60,0.001407643209380285,0.0,0.012458194576777572,0.0,0.0
2026-09-10 11:05:00+00:00,2026-09-10 11:15:00+00:00,AVAX-USDT-SWAP,short,7.698349609729868,7.753941512075175,7.746195316758418,7.650503902701318,-0.008628496634826836,-1.0015596333852486,False,initial_stop,10.0,60,0.0014072212753594674,0.0,0.008615060299168325,0.0,0.0
2026-09-10 11:05:00+00:00,2026-09-10 11:30:00+00:00,DOGE-USDT-SWAP,short,0.08488865113427915,0.08550923742496126,0.08542381361134992,0.08435348865720839,-0.008717902554372669,-1.00156415782036,False,initial_stop,25.0,60,0.0014073105919624102,0.0,0.008704287674735568,0.0,0.0
2026-09-10 11:05:00+00:00,2026-09-10 12:05:00+00:00,ETH-USDT-SWAP,short,2459.7091226445787,2460.8183599999998,2470.2594717349457,2449.1587735542116,-0.0018514137800093706,-0.27677379134331276,False,max_hold_60m,60.0,60,0.0014004509628171922,0.0,0.006689266967885915,0.0,0.0
2026-09-10 11:05:00+00:00,2026-09-10 11:15:00+00:00,LINK-USDT-SWAP,short,11.757167363372197,11.836833368826829,11.825008360466365,11.68932636627803,-0.00818272827080126,-1.001535600338558,False,initial_stop,10.0,60,0.0014067759523184828,0.0,0.008170182136346606,0.0,0.0
2026-09-10 12:05:00+00:00,2026-09-10 12:30:00+00:00,ETH-USDT-SWAP,short,2459.3236853020953,2451.1718701260284,2469.924223625141,2448.7231469790495,0.0019179719448929303,0.2858230672500782,True,fixed_1r,25.0,60,0.0013966853427123946,0.0,0.006710346940664585,0.0,0.0
2026-09-10 12:25:00+00:00,2026-09-10 12:30:00+00:00,AVAX-USDT-SWAP,short,7.714068653716341,7.676982776299431,7.758823844596087,7.669313462836595,0.003412371390607543,0.4160534484763442,True,fixed_1r,5.0,60,0.0013951924361732192,0.0,0.008201762064715977,0.0,0.0
2026-09-10 12:35:00+00:00,2026-09-10 12:45:00+00:00,ADA-USDT-SWAP,short,0.2109197331593183,0.20871117107522377,0.21333679791181964,0.20850266840681697,0.009081573312577263,0.6552530679021298,True,fixed_1r,10.0,60,0.0013895288977896331,0.0,0.013859642567799025,0.0,0.0
2026-09-10 12:35:00+00:00,2026-09-10 12:45:00+00:00,DOGE-USDT-SWAP,short,0.08470321808175484,0.08409182700163409,0.08539861698105802,0.08400781918245165,0.005825256431345587,0.5490434078169797,True,fixed_1r,10.0,60,0.0013927819616070473,0.0,0.010609828564388121,0.0,0.0
2026-09-10 12:35:00+00:00,2026-09-10 12:45:00+00:00,SOL-USDT-SWAP,short,100.48222816630012,99.78740605533582,101.27673799560141,99.68771833699883,0.005521790507314045,0.5357337048210743,True,fixed_1r,10.0,60,0.0013930851243683176,0.0,0.010306968663019302,0.0,0.0
2026-09-10 12:35:00+00:00,2026-09-10 12:45:00+00:00,XRP-USDT-SWAP,short,1.3671655123433815,1.3568003214427524,1.3788861481205765,1.3554448765661864,0.006189100220751994,0.5640326998975855,True,fixed_1r,10.0,60,0.00139241848129795,0.0,0.010972945756293533,0.0,0.0
2026-09-10 14:20:00+00:00,2026-09-10 15:20:00+00:00,AVAX-USDT-SWAP,short,7.590595990690868,7.582574999999999,7.674151888290416,7.507040093091321,-0.0003422422572079045,-0.025525574893150407,False,max_hold_60m,60.0,60,0.0013989432989582496,0.0,0.013407817792176056,0.0,0.0
2026-09-10 14:20:00+00:00,2026-09-10 15:20:00+00:00,LINK-USDT-SWAP,short,11.63163854190216,11.647635999999999,11.770662502825912,11.492614580978406,-0.002776715369743459,-0.1934693310993531,False,max_hold_60m,60.0,60,0.0014013753400297139,0.0,0.014352224995896227,0.0,0.0
2026-09-10 15:20:00+00:00,2026-09-10 16:05:00+00:00,ADA-USDT-SWAP,short,0.20966078689211456,0.2069989232099333,0.21252944270537466,0.20679213107885447,0.011389354222205939,0.7081889304427177,True,fixed_1r,45.0,60,0.0013873039507213574,-8.060889428470011e-05,0.01608236691173073,-8.060889428470011e-05,0.0
2026-09-10 16:10:00+00:00,2026-09-10 17:10:00+00:00,BTC-USDT-SWAP,short,76928.2164329315,77199.3222,77340.89719517803,76515.53567068497,-0.004927663650855086,-0.6346408722875359,False,max_hold_60m,60.0,60,0.0014035241395113438,0.0,0.0077644914880655785,0.0,0.0
2026-09-10 16:10:00+00:00,2026-09-10 17:10:00+00:00,DOGE-USDT-SWAP,short,0.08323234173100243,0.08361352999999998,0.08402810077202921,0.08243658268997564,-0.0059843893050581,-0.5003379201097014,False,max_hold_60m,60.0,60,0.0014045798094955626,0.0,0.011960695091321472,0.0,0.0
2026-09-10 16:10:00+00:00,2026-09-10 17:10:00+00:00,LINK-USDT-SWAP,short,11.566497705110393,11.630619,11.681972461324726,11.45102294889606,-0.0069492524894667895,-0.561167852370122,False,max_hold_60m,60.0,60,0.001405543708780686,0.0,0.012383554154280677,0.0,0.0
2026-09-10 16:10:00+00:00,2026-09-10 17:10:00+00:00,SOL-USDT-SWAP,short,99.2536443214867,99.76966999999999,100.17373185784047,98.33355678513294,-0.006604259326929099,-0.5659146247966693,False,max_hold_60m,60.0,60,0.0014051990602666623,0.0,0.011670063005178529,0.0,0.0
2026-09-10 16:10:00+00:00,2026-09-10 17:10:00+00:00,XRP-USDT-SWAP,short,1.3495403349996682,1.3549535999999998,1.3620840199960167,1.3369966500033197,-0.005415202898943537,-0.4630443121904448,False,max_hold_60m,60.0,60,0.0014040111917072364,0.0,0.011694783320686436,0.0,0.0
2026-09-10 16:20:00+00:00,2026-09-10 17:20:00+00:00,ADA-USDT-SWAP,short,0.20666963600898802,0.20880859999999998,0.20963563210785627,0.20370363991011978,-0.011760026738082881,-0.7020329812697083,False,max_hold_60m,60.0,60,0.0014103496770610218,0.0,0.01675138782912094,0.0,0.0
2026-09-10 16:20:00+00:00,2026-09-10 17:05:00+00:00,AVAX-USDT-SWAP,short,7.531571336692973,7.611459896355984,7.603856040315669,7.459286633070276,-0.0120177641620517,-1.0016840688760182,False,initial_stop,45.0,60,0.0014106071570050467,0.0,0.011997559445601186,0.0,0.0
2026-09-10 17:35:00+00:00,2026-09-10 18:35:00+00:00,ETH-USDT-SWAP,long,2468.7289908961866,2454.5330099999996,2452.877890754239,2484.580091038134,-0.00714456935839788,-0.8099726869316596,False,max_hold_60m,60.0,60,0.001394249680321924,0.0,0.008820753432394066,0.0,0.0
2026-09-10 18:20:00+00:00,2026-09-10 18:50:00+00:00,AVAX-USDT-SWAP,short,7.554437754424316,7.621867306144881,7.61425305309179,7.494622455756842,-0.01033474583634704,-1.001632475472625,False,initial_stop,30.0,60,0.0014089258200163308,0.0,0.010317902114216636,0.0,0.0
2026-09-10 18:20:00+00:00,2026-09-10 19:20:00+00:00,XRP-USDT-SWAP,short,1.3483334255945343,1.3544530999999997,1.3586011071344113,1.3380657440546573,-0.005943233864553803,-0.5934278530368378,False,max_hold_60m,60.0,60,0.0014045386951693844,0.0,0.010015090855846412,0.0,0.0
2026-09-10 18:55:00+00:00,2026-09-10 19:55:00+00:00,ETH-USDT-SWAP,long,2465.4813005066203,2457.6399,2450.0956060794433,2480.8669949337973,-0.004577294066072971,-0.5297522709901596,False,max_hold_60m,60.0,60,0.0013968195254593864,0.0,0.00864044255538075,0.0,0.0
2026-09-10 19:35:00+00:00,2026-09-10 20:35:00+00:00,LINK-USDT-SWAP,short,11.621053020816234,11.625613999999999,11.698636249794802,11.543469791837666,-0.001792868026225385,-0.19753742672204316,False,max_hold_60m,60.0,60,0.0014003924755506747,0.0,0.009076092849726887,0.0,0.0
2026-09-10 19:45:00+00:00,2026-09-10 20:45:00+00:00,DOGE-USDT-SWAP,long,0.08408864550609017,0.08414577,0.08352374607308206,0.08465354493909828,-0.0007213427440476674,-0.07911278273519617,False,max_hold_60m,60.0,60,0.001400679336592545,0.0,0.009117903821713909,0.0,0.0
2026-09-10 19:55:00+00:00,2026-09-10 20:55:00+00:00,ADA-USDT-SWAP,short,0.20888980355098868,0.2091089,0.21097764261186433,0.20680196449011304,-0.0024499102480451136,-0.19765421479386674,False,max_hold_60m,60.0,60,0.0014010488613866584,0.0,0.012394930462778751,0.0,0.0
2026-09-10 19:55:00+00:00,2026-09-10 20:55:00+00:00,XRP-USDT-SWAP,short,1.3514820855958543,1.3551537999999999,1.3611850271502504,1.3417791440414581,-0.004119522632021648,-0.4300360450863634,False,max_hold_60m,60.0,60,0.0014027168058261953,0.0,0.009579482183160556,0.0,0.0
2026-09-10 21:20:00+00:00,2026-09-10 22:20:00+00:00,LINK-USDT-SWAP,short,11.564687805108981,11.605593999999998,11.627253661307778,11.502121948910185,-0.004940700948954144,-0.6326058875327274,False,max_hold_60m,60.0,60,0.001403537163785169,0.0,0.007810077405734768,0.0,0.0
2026-09-10 21:25:00+00:00,2026-09-10 22:25:00+00:00,ADA-USDT-SWAP,short,0.20844208900338326,0.20890869999999997,0.21000506804059887,0.20687910996616765,-0.0036408027565188504,-0.3678178561506123,False,max_hold_60m,60.0,60,0.0014022385641923264,0.0,0.009898385017577917,0.0,0.0
2026-09-10 22:35:00+00:00,2026-09-10 23:00:00+00:00,ADA-USDT-SWAP,short,0.20736196034620824,0.20578597693445552,0.20914352415449886,0.20558039653791763,0.006207756950843842,0.5647746086759824,True,fixed_1r,25.0,60,0.0013923998432059503,0.0,0.01099156522882087,0.0,0.0
2026-09-10 23:00:00+00:00,2026-09-10 23:05:00+00:00,DOGE-USDT-SWAP,short,0.08352954168803836,0.08317767770273594,0.08396450025646039,0.08309458311961633,0.00281666205955201,0.37026059161173935,True,fixed_1r,5.0,60,0.0013957875503900579,0.0,0.007607242367574465,0.0,0.0
2026-09-10 23:00:00+00:00,2026-09-10 23:05:00+00:00,LINK-USDT-SWAP,short,11.519956406125619,11.45487937468256,11.59647687350742,11.443435938743818,0.004254718314720605,0.4705283658964481,True,fixed_1r,5.0,60,0.0013943509307545248,0.0,0.009042426818656382,0.0,0.0
