stage,direction,daily_bias,daily_direction,daily_strong_direction,four_hour_state,four_hour_context,four_hour_context_score,four_hour_context_direction,risk_labels,four_hour_coil_score,four_hour_zone_high,four_hour_zone_low,four_hour_breakout_at,fifteen_minute_state,fifteen_minute_coil_score,fifteen_minute_current_compression_atr,fifteen_minute_compressed_fraction,fifteen_minute_trailing_compressed_bars,fifteen_minute_contraction_ratio,fifteen_minute_zone_high,fifteen_minute_zone_low,fifteen_minute_breakout_at,first_pullback_at,initial_stop_price,next_executable_at,reason,playbook,four_hour_expanded,odds_stop_price,target_price,planned_rr,odds_ok,target_source,instrument,role,market_reference,bitget_available,scanner_eligible,scanner_exclusion_reason,inst_category,age_days,list_time,list_time_utc,current_close,current_close_vs_six_lines,change_24h_pct,fifteen_minute_window_end,four_hour_window_end,momentum_status,momentum_candidate,daily_streak,four_hour_streak,volume_ratio,atr_ratio,daily_change_pct,momentum_score
wait_first_pullback,long,neutral,neutral,neutral,unknown,unknown,0.0,neutral,[],0.0,,,,breakout_long,84.35890461246342,,0.0,0,0.0,0.017395,0.0172294097657196,2026-08-17 07:00:00+00:00,,,,fifteen_minute_breakout_waiting_for_pullback,coil_retest,False,0.0172294097657196,,,False,none,PIPPIN-USDT-SWAP,trade,False,True,True,,1,257,1764687600000,2025-12-02T15:00:00+00:00,0.0174,above_all,0.9866511897852481,2026-08-17 07:30:00+00:00,2026-08-17 04:00:00+00:00,none,False,1,1,0.42811305285256307,0.8522696787074191,-0.01265822784810115,16.69737430038507
wait_first_pullback,short,short,short,short,trend_aligned,trend_aligned,35.0,short,['expanded_risk'],0.0,,,,breakout_short,83.74301224821649,,0.0,0,0.0,0.08206826633199792,0.08058936940635464,2026-08-17 05:45:00+00:00,,,,fifteen_minute_breakout_waiting_for_pullback,pullback_20,True,0.08033461894271578,,,False,none,LAB-USDT-SWAP,trade,False,True,True,,1,288,1761998401879,2025-11-01T12:00:01.879000+00:00,0.07899,below_all,-2.8413284132841277,2026-08-17 07:30:00+00:00,2026-08-17 04:00:00+00:00,none,False,1,1,0.7023537429258261,0.04481127365402889,-0.0648148148148149,15.646202535591218
wait_first_pullback,short,short,short,short,daily_trend_only,daily_trend_only,20.0,short,"['expanded_risk', 'higher_timeframe_unconfirmed']",0.0,,,,breakout_short,83.74065063051545,,0.0,0,0.0,0.764985,0.7610616666666666,2026-08-17 07:30:00+00:00,,,,fifteen_minute_breakout_waiting_for_pullback,pullback_20,True,0.7652016709275876,,,False,none,DOT-USDT-SWAP,trade,False,True,True,,1,2182,1598350371000,2020-08-25T10:12:51+00:00,0.7603,below_all,0.03947368421051145,2026-08-17 07:30:00+00:00,2026-08-17 04:00:00+00:00,watch_down,False,6,1,0.5256926440734974,0.5535154616420935,-0.003680820297094813,66.28900960529377
wait_first_pullback,short,neutral,neutral,unknown,unknown,unknown,0.0,short,"['daily_not_aligned', 'daily_strong_unknown', 'expanded_risk']",0.0,,,,breakout_short,82.01134185006131,,0.0,0,0.0,0.1187353883933571,0.1167835,2026-08-17 07:00:00+00:00,,,,fifteen_minute_breakout_waiting_for_pullback,pullback_20,True,0.11862492366115777,,,False,none,UB-USDT-SWAP,trade,False,True,True,,1,110,1777383000000,2026-04-28T13:30:00+00:00,0.11591,below_all,-0.557652711050105,2026-08-17 07:30:00+00:00,2026-08-17 04:00:00+00:00,watch_down,False,3,2,0.0916753995589681,0.26052030312841595,-0.02539419087136924,35.23993790718009
wait_first_pullback,short,short,short,neutral,daily_trend_only,daily_trend_only,20.0,short,"['expanded_risk', 'higher_timeframe_unconfirmed']",0.0,,,,breakout_short,81.83839830693695,,0.0,0,0.0,44.36366666666667,44.178999999999995,2026-08-17 07:00:00+00:00,,,,fifteen_minute_breakout_waiting_for_pullback,pullback_20,True,44.26663431393114,,,False,none,LTC-USDT-SWAP,trade,False,True,True,,1,2469,1573557408000,2019-11-12T11:16:48+00:00,44.13,below_all,-0.22609088853717818,2026-08-17 07:30:00+00:00,2026-08-17 04:00:00+00:00,watch_up,False,2,1,0.4978388540577896,0.7116528751174557,0.001134558656682486,26.624152895641316
wait_first_pullback,long,short,short,short,opposite,opposite,0.0,short,['opposite'],0.0,,,,breakout_long,81.05492012484035,,0.0,0,0.0,4.00065,3.97635,2026-08-17 06:45:00+00:00,,,,fifteen_minute_breakout_waiting_for_pullback,coil_retest,False,3.97635,,,False,none,ZEN-USDT-SWAP,trade,False,True,True,,1,287,1762149601773,2025-11-03T06:00:01.773000+00:00,4.026,above_all,1.1812013068610128,2026-08-17 07:30:00+00:00,2026-08-17 04:00:00+00:00,watch_down,False,3,1,0.4069515752284455,0.5235005691504903,-0.0025094102885821297,35.6052595835937
wait_first_pullback,short,short,short,neutral,daily_trend_only,daily_trend_only,20.0,short,"['expanded_risk', 'higher_timeframe_unconfirmed']",0.0,,,,breakout_short,80.61301264484942,,0.0,0,0.0,0.8754633333333334,0.86991,2026-08-17 05:30:00+00:00,,,,fifteen_minute_breakout_waiting_for_pullback,pullback_20,True,0.8703850075513297,,,False,none,AXS-USDT-SWAP,trade,False,True,True,,1,1845,1627462800000,2021-07-28T09:00:00+00:00,0.8676,below_all,-0.023046784973490553,2026-08-17 07:30:00+00:00,2026-08-17 04:00:00+00:00,watch_down,False,2,1,0.619682177918456,0.698695439819804,-0.0010385414262635724,27.194497209051693
wait_first_pullback,long,short,short,short,opposite,opposite,0.0,short,"['expanded_risk', 'opposite']",0.0,,,,breakout_long,80.03712930574989,,0.0,0,0.0,0.06015108333333333,0.059833500000000005,2026-08-17 07:30:00+00:00,,,,fifteen_minute_breakout_waiting_for_pullback,coil_retest,False,0.059833500000000005,,,False,none,CELO-USDT-SWAP,trade,False,True,True,,1,1787,1632477785202,2021-09-24T10:03:05.202000+00:00,0.0602,above_all,-0.3970880211780381,2026-08-17 07:30:00+00:00,2026-08-17 04:00:00+00:00,none,False,1,1,0.56496094603429,0.7419790322057731,-0.011792061119415418,17.05074182678877
wait_first_pullback,long,short,short,neutral,opposite,opposite,0.0,short,['opposite'],0.0,,,,breakout_long,78.3823609612071,,0.0,0,0.0,0.160305,0.15894999999999998,2026-08-17 06:45:00+00:00,,,,fifteen_minute_breakout_waiting_for_pullback,coil_retest,False,0.15894999999999998,,,False,none,SUSHI-USDT-SWAP,trade,False,True,True,,1,2174,1599041571000,2020-09-02T10:12:51+00:00,0.1612,above_all,0.4987531172069959,2026-08-17 07:30:00+00:00,2026-08-17 04:00:00+00:00,none,False,1,1,0.38121720852928836,0.5202271202492972,-0.0056426332288402,15.466767403394332
wait_first_pullback,long,neutral,neutral,neutral,unknown,unknown,0.0,long,"['daily_not_aligned', 'expanded_risk']",0.0,,,,breakout_long,78.32533340619575,,0.0,0,0.0,0.14439,0.14198499999999997,2026-08-17 06:45:00+00:00,,,,fifteen_minute_breakout_waiting_for_pullback,pullback_20,True,0.14429631486886724,,,False,none,FARTCOIN-USDT-SWAP,trade,False,True,True,,1,604,1734685200393,2024-12-20T09:00:00.393000+00:00,0.1459,above_all,1.2491325468424685,2026-08-17 07:30:00+00:00,2026-08-17 04:00:00+00:00,none,False,1,1,0.9925125310175915,0.7666445056667562,-0.022837370242214515,19.262496172088227
wait_first_pullback,long,short,short,short,opposite,opposite,0.0,short,"['expanded_risk', 'opposite']",0.0,,,,breakout_long,78.18798151046092,,0.0,0,0.0,2.63105,2.61925,2026-08-17 07:00:00+00:00,,,,fifteen_minute_breakout_waiting_for_pullback,coil_retest,False,2.61925,,,False,none,EGLD-USDT-SWAP,trade,False,True,True,,1,2064,1608620400000,2020-12-22T07:00:00+00:00,2.634,above_all,0.5343511450381699,2026-08-17 07:30:00+00:00,2026-08-17 04:00:00+00:00,watch_down,False,2,1,0.2972115210160118,0.5992534993672952,-0.005716463414634194,25.283818103181947
wait_first_pullback,long,short,short,short,opposite,opposite,0.0,short,"['expanded_risk', 'opposite']",0.0,,,,breakout_long,72.0175101746078,,0.0,0,0.0,0.06504700000000001,0.0647755,2026-08-17 07:00:00+00:00,,,,fifteen_minute_breakout_waiting_for_pullback,coil_retest,False,0.0647755,,,False,none,HBAR-USDT-SWAP,trade,False,True,True,,1,1097,1692165300823,2023-08-16T05:55:00.823000+00:00,0.06555,above_all,0.6448641179180203,2026-08-17 07:30:00+00:00,2026-08-17 04:00:00+00:00,watch_down,False,2,1,0.7156757750723965,0.5620714863106557,-0.012532477456824107,27.264593334293952
wait_first_pullback,long,short,short,neutral,opposite,opposite,0.0,short,['opposite'],89.75883845762462,0.029293428275288188,0.028326,,breakout_long,71.11779941327882,,0.0,0,0.0,0.029109747455460334,0.0288835,2026-08-17 07:15:00+00:00,,,,fifteen_minute_breakout_waiting_for_pullback,coil_retest,False,0.0288835,,,False,none,ORDER-USDT-SWAP,trade,False,True,True,,1,320,1759245300953,2025-09-30T15:15:00.953000+00:00,0.02915,above_all,-0.5119453924914752,2026-08-17 07:30:00+00:00,2026-08-17 04:00:00+00:00,none,False,1,1,0.8957447412471736,1.2310620317127272,-0.027862725110431575,20.17190980137405
wait_first_pullback,long,short,short,short,opposite,opposite,0.0,short,"['expanded_risk', 'opposite']",0.0,,,,breakout_long,71.07534755803098,,0.0,0,0.0,0.002150716666666667,0.002138,2026-08-17 07:15:00+00:00,,,,fifteen_minute_breakout_waiting_for_pullback,coil_retest,False,0.002138,,,False,none,LINEA-USDT-SWAP,trade,False,True,True,,1,349,1756735200376,2025-09-01T14:00:00.376000+00:00,0.002153,above_all,0.0,2026-08-17 07:30:00+00:00,2026-08-17 04:00:00+00:00,none,False,1,1,0.5120673652208366,0.9744302480318897,-0.02659330582301711,17.483627570199854
wait_first_pullback,long,short,short,short,opposite,opposite,0.0,short,"['expanded_risk', 'opposite']",0.0,,,,breakout_long,70.27366129679041,,0.0,0,0.0,0.06134858333333334,0.061063,2026-08-17 07:00:00+00:00,,,,fifteen_minute_breakout_waiting_for_pullback,coil_retest,False,0.061063,,,False,none,A-USDT-SWAP,trade,False,True,True,,1,444,1748514600412,2025-05-29T10:30:00.412000+00:00,0.06148,above_all,0.44110439470674834,2026-08-17 07:30:00+00:00,2026-08-17 04:00:00+00:00,watch_down,False,8,1,0.35950491753874253,0.5551213166190889,-0.010880155894771093,85.46288853755098
wait_first_pullback,short,long,long,neutral,opposite,opposite,0.0,long,"['expanded_risk', 'opposite']",0.0,,,,breakout_short,69.59154531716469,,0.0,0,0.0,0.013064433333333332,0.01285335,2026-08-17 07:00:00+00:00,,,,fifteen_minute_breakout_waiting_for_pullback,coil_retest,False,0.013064433333333332,0.011960126439862412,1.134201301560765,False,4h_coil,PLUME-USDT-SWAP,trade,False,True,True,,1,466,1746689400330,2025-05-08T07:30:00.330000+00:00,0.012547,below_all,-3.5143032912949845,2026-08-17 07:30:00+00:00,2026-08-17 04:00:00+00:00,none,False,1,1,1.8520666517692914,0.9518311885182376,-0.011600747430706932,24.11582682440117
wait_first_pullback,long,short,short,short,opposite,opposite,0.0,short,"['expanded_risk', 'opposite']",0.0,,,,breakout_long,66.59476501212308,,0.0,0,0.0,0.7721308507887789,0.7625200000000001,2026-08-17 07:30:00+00:00,,,,fifteen_minute_breakout_waiting_for_pullback,coil_retest,False,0.7625200000000001,0.8203341666666666,0.8078225974567443,False,4h_coil,ZRO-USDT-SWAP,trade,False,True,True,,1,787,1718886300653,2024-06-20T12:25:00.653000+00:00,0.7945,above_all,2.6088079555727672,2026-08-17 07:30:00+00:00,2026-08-17 04:00:00+00:00,watch_down,False,2,1,0.3542222021020727,0.5552875033099715,-0.029211169733625083,25.43697352044028
wait_first_pullback,long,short,short,neutral,opposite,opposite,0.0,short,"['expanded_risk', 'opposite']",0.0,,,,breakout_long,66.36551547389419,,0.0,0,0.0,1.6167137853679812,1.6021999999999998,2026-08-17 05:15:00+00:00,,,,fifteen_minute_breakout_waiting_for_pullback,coil_retest,False,1.6021999999999998,,,False,none,NEAR-USDT-SWAP,trade,False,True,True,,1,2064,1608544800000,2020-12-21T10:00:00+00:00,1.638,above_all,1.8656716417910335,2026-08-17 07:30:00+00:00,2026-08-17 04:00:00+00:00,watch_down,False,2,1,0.41857503398558066,0.5863624351927923,-0.010506798516687345,25.85196247550628
mature_15m_coil,short,neutral,neutral,neutral,opposite,opposite,0.0,long,"['expanded_risk', 'opposite']",0.0,,,,mature_coil,98.23588510617172,0.8413245936148172,1.0,16,0.24976858599470286,0.00039135166666666666,0.0003887491227988233,,,,,fifteen_minute_coil_ready,coil_retest,False,0.16865627038963013,,,False,none,NOT-USDT-SWAP,trade,False,True,True,,1,822,1715862465350,2024-05-16T12:27:45.350000+00:00,0.0003898,inside_six_line_band,-0.535850982393471,2026-08-17 07:30:00+00:00,2026-08-17 04:00:00+00:00,none,False,1,1,1.2455733452263085,1.0354271485300892,-0.04044665012406939,21.334148171721807
mature_15m_coil,long,short,short,short,opposite,opposite,0.0,short,"['expanded_risk', 'opposite']",0.0,,,,mature_coil,97.31880290536243,0.7818334113709602,1.0,16,0.3317874488675284,0.6000608333333334,0.59894,,,,,fifteen_minute_coil_ready,coil_retest,False,0.442573317725808,,,False,none,ASTER-USDT-SWAP,trade,False,True,True,,1,329,1758517200313,2025-09-22T05:00:00.313000+00:00,0.5998,inside_six_line_band,-0.06664445184937362,2026-08-17 07:30:00+00:00,2026-08-17 04:00:00+00:00,watch_down,False,2,1,0.48065669458922544,0.5187610163673512,-0.002332555814728352,25.95956652204818
mature_15m_coil,short,neutral,neutral,neutral,unknown,unknown,0.0,neutral,['expanded_risk'],0.0,,,,mature_coil,97.09908043241882,0.49220736503381673,1.0,16,0.5294488979278961,0.023441,0.022313583333333335,,,,,fifteen_minute_coil_ready,coil_retest,False,0.12188247300676336,,,False,none,BICO-USDT-SWAP,trade,False,True,True,,1,1712,1639032617371,2021-12-09T06:50:17.371000+00:00,0.0226,below_all,-1.952277657266821,2026-08-17 07:30:00+00:00,2026-08-17 04:00:00+00:00,none,False,1,2,0.5921745466161992,0.6625753681395508,0.10487804878048776,18.94859883749965
mature_15m_coil,short,short,short,short,breakout_short,opposite,0.0,short,['opposite'],89.0370972491064,0.57382,0.55451,2026-08-17 00:00:00+00:00,mature_coil,96.30278243530222,1.0058674021078322,1.0,16,0.12619148804669478,0.55759,0.5549449999999999,,,,,fifteen_minute_coil_ready,coil_retest,False,0.7587634804215665,,,False,none,VIRTUAL-USDT-SWAP,trade,False,True,True,,1,613,1733911200140,2024-12-11T10:00:00.140000+00:00,0.5592,above_all,0.6841915736406134,2026-08-17 07:30:00+00:00,2026-08-17 04:00:00+00:00,none,False,1,1,0.6096820314628348,0.46471344005483384,-0.013581129378127128,16.442550477478676
mature_15m_coil,long,short,short,short,opposite,opposite,0.0,short,['opposite'],98.63421216363096,200.05,196.0033333333333,,mature_coil,93.95198074760445,1.1756593967145275,1.0,16,-0.48823057402216663,197.155,196.33,,,,,fifteen_minute_coil_ready,coil_retest,False,196.0948681206571,,,False,none,TAO-USDT-SWAP,trade,False,True,True,,1,696,1726808400182,2024-09-20T05:00:00.182000+00:00,197.3,above_all,0.7146503318019359,2026-08-17 07:30:00+00:00,2026-08-17 04:00:00+00:00,watch_down,False,3,1,0.40511920838138893,0.41992143271009413,-0.00508646998982706,35.28536034003723
mature_15m_coil,long,short,short,short,opposite,opposite,0.0,short,"['expanded_risk', 'opposite']",0.0,,,,mature_coil,92.92899293308407,1.1017280506470613,1.0,16,-0.32939507914180965,0.13732,0.13633,,,,,fifteen_minute_coil_ready,coil_retest,False,-0.08401561012941225,,,False,none,WIF-USDT-SWAP,trade,False,True,True,,1,853,1713173100603,2024-04-15T09:25:00.603000+00:00,0.1372,inside_six_line_band,0.43923865300146137,2026-08-17 07:30:00+00:00,2026-08-17 04:00:00+00:00,watch_down,False,2,1,0.46974350286033056,0.6299442248985053,-0.0014716703458425736,26.23855018899717
mature_15m_coil,short,short,short,short,daily_trend_only,daily_trend_only,20.0,short,"['expanded_risk', 'higher_timeframe_unconfirmed']",0.0,,,,mature_coil,92.27582838528237,0.9516064516829568,1.0,16,-0.217483953988874,0.007529441666666666,0.0074907,,,,,fifteen_minute_coil_ready,coil_retest,True,0.19785073200325803,,,False,none,ZK-USDT-SWAP,trade,False,True,True,,1,789,1718699100579,2024-06-18T08:25:00.579000+00:00,0.007502,below_all,-3.3122825106328135,2026-08-17 07:30:00+00:00,2026-08-17 04:00:00+00:00,none,False,1,1,1.1210988118123972,1.0210766851044224,0.011702986279257503,20.66872411437525
mature_15m_coil,long,short,short,short,opposite,opposite,0.0,short,"['expanded_risk', 'opposite']",0.0,,,,mature_coil,89.2647343886942,1.498830251843542,0.8125,13,0.2939895704356553,0.03565566666666667,0.035401,,,,,fifteen_minute_coil_ready,coil_retest,False,-0.2643650503687084,,,False,none,MOODENG-USDT-SWAP,trade,False,True,True,,1,683,1727938802849,2024-10-03T07:00:02.849000+00:00,0.03565,above_all,-0.4468025691147681,2026-08-17 07:30:00+00:00,2026-08-17 04:00:00+00:00,watch_down,False,3,1,0.40475196911442013,0.8284475932642117,-0.020635805911879655,36.50910262536473
mature_15m_coil,short,short,short,short,daily_trend_only,daily_trend_only,20.0,short,"['expanded_risk', 'higher_timeframe_unconfirmed']",0.0,,,,mature_coil,87.97083225940253,0.8806174850882,1.0,16,0.42615253983316737,0.0231955,0.022898750000000002,,,,,fifteen_minute_coil_ready,coil_retest,True,0.19931899701764003,,,False,none,PARTI-USDT-SWAP,trade,False,True,True,,1,509,1742909400471,2025-03-25T13:30:00.471000+00:00,0.02296,below_all,1.5479876160990669,2026-08-17 07:30:00+00:00,2026-08-17 04:00:00+00:00,watch_up,False,2,4,0.44857794384099525,0.7939292569328847,0.026198934280639446,32.62467749000363
mature_15m_coil,short,short,short,short,daily_trend_only,daily_trend_only,20.0,short,"['expanded_risk', 'higher_timeframe_unconfirmed']",0.0,,,,mature_coil,85.4722296428027,0.9583273543619698,1.0,16,0.4132963010278238,0.0007913534703902491,0.0007866350000000002,,,,,fifteen_minute_coil_ready,coil_retest,True,0.19245682434278422,,,False,none,TURBO-USDT-SWAP,trade,False,True,True,,1,976,1702547700612,2023-12-14T09:55:00.612000+00:00,0.0007871,below_all,-0.9438711301283709,2026-08-17 07:30:00+00:00,2026-08-17 04:00:00+00:00,none,False,1,1,0.456774549348862,0.6536929606615175,-0.009605662285136598,16.244951628728863
mature_15m_coil,long,short,short,short,opposite,opposite,0.0,short,"['expanded_risk', 'opposite']",0.0,,,,mature_coil,84.82598461998589,1.2487225420237187,0.875,14,0.3725493457484229,0.08631219790387892,0.08554300000000001,,,,,fifteen_minute_coil_ready,coil_retest,False,-0.16420150840474373,,,False,none,PI-USDT-SWAP,trade,False,True,True,,1,542,1740042000388,2025-02-20T09:00:00.388000+00:00,0.08671,above_all,-0.1841832623460382,2026-08-17 07:30:00+00:00,2026-08-17 04:00:00+00:00,watch_down,False,2,1,0.37504324340149814,0.4177790493392582,-0.02242049874170674,25.128553365025265
mature_15m_coil,short,short,short,short,daily_trend_only,daily_trend_only,20.0,short,"['expanded_risk', 'higher_timeframe_unconfirmed']",0.0,,,,mature_coil,83.69558339459407,1.4385359740657724,1.0,16,-0.11630964452017079,0.010584666666666666,0.010496520523799258,,,,,fifteen_minute_coil_ready,coil_retest,True,0.2982918614798212,,,False,none,WOO-USDT-SWAP,trade,False,True,True,,1,1280,1676357700337,2023-02-14T06:55:00.337000+00:00,0.01049,below_all,-0.8506616257089039,2026-08-17 07:30:00+00:00,2026-08-17 04:00:00+00:00,none,False,1,1,0.7382310626408178,0.7983480435640594,-0.013220018885741381,18.086199443896266
mature_15m_coil,long,neutral,neutral,neutral,opposite,opposite,0.0,short,"['expanded_risk', 'opposite']",0.0,,,,mature_coil,83.08603180362472,1.3900998390417876,1.0,16,0.08206026228835173,0.041908,0.04138083333333333,,,,,fifteen_minute_coil_ready,coil_retest,False,-0.2366391344750242,,,False,none,ZAMA-USDT-SWAP,trade,False,True,True,,1,219,1767969000000,2026-01-09T14:30:00+00:00,0.04216,above_all,1.86035274220826,2026-08-17 07:30:00+00:00,2026-08-17 04:00:00+00:00,watch_down,False,3,2,0.22709960233336723,0.5786059731038449,-0.033775914279058926,36.87131593097837
mature_15m_coil,neutral,neutral,neutral,neutral,mature_coil,mature_coil,34.24370695772345,neutral,[],85.60926739430862,0.018478833333333333,0.017854500000000002,,mature_coil,83.0136183228666,1.0115825006019192,1.0,16,0.3914714660396107,0.0186295,0.018380999999999998,,,,,fifteen_minute_coil_ready,none,False,,,,False,none,MERL-USDT-SWAP,trade,False,True,True,,1,849,1713522300606,2024-04-19T10:25:00.606000+00:00,0.01849,inside_six_line_band,0.543773790103308,2026-08-17 07:30:00+00:00,2026-08-17 04:00:00+00:00,watch_up,False,2,1,0.5238472825594257,0.6426612986046698,0.03784084585420145,26.547220308611138
mature_15m_coil,neutral,short,short,short,trend_aligned,trend_aligned,35.0,short,['expanded_risk'],0.0,,,,mature_coil,82.64090766152144,1.7810852483451223,1.0,16,-0.340119978185744,0.0016573999999999998,0.0016453499999999999,,,,,fifteen_minute_coil_ready,none,False,,,,False,none,GALA-USDT-SWAP,trade,False,True,True,,1,1787,1632477789599,2021-09-24T10:03:09.599000+00:00,0.001653,inside_six_line_band,-0.6013229104028905,2026-08-17 07:30:00+00:00,2026-08-17 04:00:00+00:00,watch_down,False,2,1,0.7795291337686839,0.8847883579484151,-0.0006108735491752693,28.552010742688665
mature_15m_coil,long,short,short,short,opposite,opposite,0.0,short,"['expanded_risk', 'opposite']",0.0,,,,mature_coil,82.00086997358147,0.9382962924319204,1.0,16,0.30969794122718153,0.0131215,0.013041500000000001,,,,,fifteen_minute_coil_ready,coil_retest,False,-0.17461775848638408,,,False,none,BLUR-USDT-SWAP,trade,False,True,True,,1,1279,1676429700181,2023-02-15T02:55:00.181000+00:00,0.01311,inside_six_line_band,-0.3041825095057016,2026-08-17 07:30:00+00:00,2026-08-17 04:00:00+00:00,watch_down,False,2,1,0.29206099774463806,0.4906630172356936,-0.01370906321401368,24.93229404043027
mature_15m_coil,short,short,short,short,daily_trend_only,daily_trend_only,20.0,short,"['expanded_risk', 'higher_timeframe_unconfirmed']",0.0,,,,mature_coil,81.78537066987974,0.5204979457347618,0.875,14,0.5665733602266245,0.002435583333333333,0.00242215,,,,,fifteen_minute_coil_ready,coil_retest,True,0.10653517248028571,,,False,none,ANIME-USDT-SWAP,trade,False,True,True,,1,570,1737644401356,2025-01-23T15:00:01.356000+00:00,0.002429,below_all,-0.20542317173376512,2026-08-17 07:30:00+00:00,2026-08-17 04:00:00+00:00,none,False,1,1,0.9885057873351192,0.8371011310554654,-0.0033016921172099715,19.453832329841994
mature_15m_coil,short,short,short,short,breakout_short,opposite,0.0,short,"['expanded_risk', 'opposite']",99.4609114093237,0.6316750000000001,0.6179841666666666,2026-08-17 00:00:00+00:00,mature_coil,78.62656575925958,1.5588625741612991,1.0,16,-0.03497913674566311,0.6206699999999999,0.6167050000000001,,,,,fifteen_minute_coil_ready,coil_retest,False,0.9324425148322598,,,False,none,RAY-USDT-SWAP,trade,False,True,True,,1,887,1710239100609,2024-03-12T10:25:00.609000+00:00,0.6216,above_all,0.2904162633107443,2026-08-17 07:30:00+00:00,2026-08-17 04:00:00+00:00,watch_down,False,2,1,0.39640385975213166,0.7416332725919859,-0.013365539452495932,26.206919116536618
mature_15m_coil,neutral,short,short,short,daily_trend_only,daily_trend_only,20.0,short,"['expanded_risk', 'higher_timeframe_unconfirmed']",0.0,,,,mature_coil,77.12700937830932,1.7370385684063039,0.6875,11,0.31576575298937726,0.0005550561813731252,0.00055167,,,,,fifteen_minute_coil_ready,none,False,,,,False,none,IOST-USDT-SWAP,trade,False,True,True,,1,2308,1587463971000,2020-04-21T10:12:51+00:00,0.0005528,inside_six_line_band,-0.7718542451983557,2026-08-17 07:30:00+00:00,2026-08-17 04:00:00+00:00,none,False,1,1,0.24773830022332707,0.7725901777666857,-0.016314091072068947,15.556462034416693
mature_15m_coil,long,neutral,neutral,neutral,forming_coil,forming_coil,22.24033693485882,neutral,[],0.0,,,,mature_coil,75.1594828076365,1.4416307897829175,0.75,6,0.23048224544697105,0.039417,0.03854908333333333,,,,,fifteen_minute_coil_ready,coil_retest,False,-0.24977707462325016,,,False,none,ONT-USDT-SWAP,trade,False,True,True,,1,2308,1587463971000,2020-04-21T10:12:51+00:00,0.03901,inside_six_line_band,3.119217552207254,2026-08-17 07:30:00+00:00,2026-08-17 04:00:00+00:00,momentum_up,True,2,1,8.049228339235743,1.8702010810727472,0.033710895361380826,67.85674493939695
mature_15m_coil,long,short,short,short,opposite,opposite,0.0,short,"['expanded_risk', 'opposite']",0.0,,,,mature_coil,74.91488871721144,1.3151506800296682,0.625,10,0.44494244272774863,0.004198123794472778,0.00417445,,,,,fifteen_minute_coil_ready,coil_retest,False,-0.25885568600593367,,,False,none,ACH-USDT-SWAP,trade,False,True,True,,1,906,1708590301084,2024-02-22T08:25:01.084000+00:00,0.004203,above_all,-0.2136752136752018,2026-08-17 07:30:00+00:00,2026-08-17 04:00:00+00:00,none,False,1,1,0.09713514331865403,0.6901435312898365,-0.010047846889952035,14.55610631046278
mature_15m_coil,long,neutral,neutral,neutral,unknown,unknown,0.0,neutral,['expanded_risk'],0.0,,,,mature_coil,74.85213883089091,1.277601314553216,0.6875,11,0.31569152239859655,0.32704000000000005,0.32412,,,,,fifteen_minute_coil_ready,coil_retest,False,0.06859973708935685,,,False,none,COAI-USDT-SWAP,trade,False,True,True,,1,305,1760538601123,2025-10-15T14:30:01.123000+00:00,0.3256,inside_six_line_band,-0.09205277692544422,2026-08-17 07:30:00+00:00,2026-08-17 04:00:00+00:00,watch_down,False,2,1,0.11802678602140267,0.4655078682981426,-0.028657616892911034,23.986657535001438
mature_15m_coil,short,short,short,short,trend_aligned,trend_aligned,35.0,short,['expanded_risk'],0.0,,,,mature_coil,72.78704753053314,0.8065593503281281,0.625,10,0.39307845768947647,0.30402333333333337,0.30176,,,,,fifteen_minute_coil_ready,coil_retest,True,0.465335203398959,,,False,none,TIA-USDT-SWAP,trade,False,True,True,,1,1020,1698776700675,2023-10-31T18:25:00.675000+00:00,0.3023,inside_six_line_band,0.2653399668325118,2026-08-17 07:30:00+00:00,2026-08-17 04:00:00+00:00,watch_down,False,3,1,1.2270186843634536,1.1016580675879002,-0.0006646726487204319,41.44006762458097
mature_15m_coil,short,short,short,neutral,trend_aligned,trend_aligned,35.0,short,['expanded_risk'],0.0,,,,mature_coil,72.58193197925044,1.094612122986611,0.75,12,0.5393345342327194,8.088116666666668,8.06075,,,,,fifteen_minute_coil_ready,coil_retest,True,8.30703909126399,,,False,none,NMR-USDT-SWAP,trade,False,True,True,,1,948,1704959700642,2024-01-11T07:55:00.642000+00:00,8.064,below_all,-0.5304058221290098,2026-08-17 07:30:00+00:00,2026-08-17 04:00:00+00:00,none,False,1,1,0.38676689553183513,0.5302346455030132,-0.011584914961794576,15.524538414168216
forming_15m_coil,short,short,short,unknown,trend_aligned,trend_aligned,35.0,short,"['daily_strong_unknown', 'expanded_risk']",0.0,,,,forming_coil,90.5732154102077,2.2001527544234465,0.75,6,0.20523652550822846,0.07167676802910838,0.07025,,,,,fifteen_minute_coil_forming,observation,True,0.5117073189137977,,,False,none,SLX-USDT-SWAP,trade,False,True,True,,1,77,1780291800000,2026-06-01T05:30:00+00:00,0.0704,below_all,-1.3591144738685723,2026-08-17 07:30:00+00:00,2026-08-17 04:00:00+00:00,watch_down,False,2,1,0.7081561632837136,0.6577142378593142,-0.09243807040417208,27.51392352999651
forming_15m_coil,long,short,short,neutral,opposite,opposite,0.0,short,"['expanded_risk', 'opposite']",0.0,,,,forming_coil,90.40104537988162,1.750609205340408,0.875,7,0.2448507315826367,0.024503802069360873,0.024273999999999997,,,,,fifteen_minute_coil_forming,observation,False,-0.3258478410680816,,,False,none,BIO-USDT-SWAP,trade,False,True,True,,1,590,1735901100474,2025-01-03T10:45:00.474000+00:00,0.02477,above_all,0.6910569105690989,2026-08-17 07:30:00+00:00,2026-08-17 04:00:00+00:00,watch_down,False,3,1,0.26323210420012183,0.6220671511897251,-0.018722018722018806,35.18236197456979
forming_15m_coil,long,short,short,unknown,opposite,opposite,0.0,short,"['daily_strong_unknown', 'expanded_risk', 'opposite']",0.0,,,,forming_coil,80.91985182127503,1.5278080989525071,1.0,8,0.21354701732754877,0.031759333333333334,0.03143608333333334,,,,,fifteen_minute_coil_forming,observation,False,-0.2741255364571681,,,False,none,MEGA-USDT-SWAP,trade,False,True,True,,1,108,1777550400000,2026-04-30T12:00:00+00:00,0.03157,inside_six_line_band,2.0361990950226394,2026-08-17 07:30:00+00:00,2026-08-17 04:00:00+00:00,watch_up,False,2,3,0.649870882395869,0.6994165155067217,0.010249839846252318,31.347603958499512
forming_15m_coil,neutral,short,short,short,trend_aligned,trend_aligned,35.0,short,['expanded_risk'],0.0,,,,forming_coil,80.11978467280578,1.1560984108153898,1.0,8,0.2579758513610496,0.017308841771501937,0.01716985,,,,,fifteen_minute_coil_forming,none,False,,,,False,none,NIGHT-USDT-SWAP,trade,False,True,True,,1,250,1765279800000,2025-12-09T11:30:00+00:00,0.017257,inside_six_line_band,-0.9925415949512351,2026-08-17 07:30:00+00:00,2026-08-17 04:00:00+00:00,watch_down,False,2,3,0.3975681919141052,0.5533107891844535,-0.008203824599919102,29.647773327123886
none,none,neutral,neutral,neutral,none,mature_coil,39.82474792812363,neutral,[],0.0,,,,none,0.0,,0.0,0,0.0,,,,,,,no_active_three_stage_setup,none,False,,,,False,none,MET-USDT-SWAP,trade,False,True,True,,1,310,1760084100254,2025-10-10T08:15:00.254000+00:00,0.1669,above_all,2.079510703363896,2026-08-17 07:30:00+00:00,2026-08-17 04:00:00+00:00,none,False,1,1,0.31019994416133795,0.749888960912606,-0.017073170731707298,15.800666603544508
none,none,neutral,unknown,unknown,none,mature_coil,39.551742281499706,unknown,['daily_unknown'],0.0,,,,expired_or_invalid,0.0,,0.0,0,0.0,,,,,,,fifteen_minute_coil_not_ready,none,False,,,,False,none,VVV-USDT-SWAP,trade,False,True,True,,1,45,1783058400000,2026-07-03T06:00:00+00:00,12.255,above_all,3.1392021545194604,2026-08-17 07:30:00+00:00,2026-08-17 04:00:00+00:00,watch_down,False,2,1,0.4830614579990801,0.5504517701572326,-0.021560660087901137,26.066662600467097
none,none,short,short,neutral,none,mature_coil,39.43826647655936,short,[],0.0,,,,expired_or_invalid,0.0,,0.0,0,0.0,,,,,,,fifteen_minute_coil_not_ready,none,False,,,,False,none,FOGO-USDT-SWAP,trade,False,True,True,,1,218,1768059900000,2026-01-10T15:45:00+00:00,0.008607,inside_six_line_band,-1.3750429700928213,2026-08-17 07:30:00+00:00,2026-08-17 04:00:00+00:00,none,False,1,1,0.7790101013388562,0.9127212525977083,-0.00501633224451699,18.633214264487407
none,none,short,short,short,none,mature_coil,38.34246161854638,short,[],0.0,,,,expired_or_invalid,0.0,,0.0,0,0.0,,,,,,,fifteen_minute_coil_ready,none,False,,,,False,none,AIXBT-USDT-SWAP,trade,False,True,True,,1,591,1735887600188,2025-01-03T07:00:00.188000+00:00,0.01765,inside_six_line_band,-0.9539842873176219,2026-08-17 07:30:00+00:00,2026-08-17 04:00:00+00:00,none,False,1,1,0.39630020482156314,0.6849777087095787,-0.020281690140845028,16.036434150236552
none,long,short,short,short,breakout_long,mature_coil,38.189934469042555,short,[],58.14235887039558,0.041143977519332756,0.0400265,2026-08-16 08:00:00+00:00,expired_or_invalid,0.0,,0.0,0,0.0,,,,,,,fifteen_minute_setup_expired,observation,False,,,,False,none,MAGIC-USDT-SWAP,trade,False,True,True,,1,1292,1675321549791,2023-02-02T07:05:49.791000+00:00,0.04094,below_all,-2.570204664445508,2026-08-17 07:30:00+00:00,2026-08-17 04:00:00+00:00,watch_down,False,2,1,0.5661455708716431,1.0197003063333747,-0.00535410075444159,27.88982877335834
none,long,short,short,neutral,breakout_long,mature_coil,35.33381729243695,short,[],89.14387249217899,0.008407631642799042,0.008269716666666668,2026-08-16 16:00:00+00:00,expired_or_invalid,0.0,,0.0,0,0.0,,,,,,,fifteen_minute_setup_expired,observation,False,,,,False,none,TRIA-USDT-SWAP,trade,False,True,True,,1,193,1770276600000,2026-02-05T07:30:00+00:00,0.008483,inside_six_line_band,-1.1766076421248828,2026-08-17 07:30:00+00:00,2026-08-17 04:00:00+00:00,watch_up,False,2,1,0.44329291194272324,0.3913085163293937,0.004403189337141358,25.390390108701794
none,long,neutral,neutral,neutral,breakout_long,mature_coil,35.00645349842505,neutral,[],88.29112623995424,0.0200915,0.019354000000000003,2026-08-16 08:00:00+00:00,expired_or_invalid,0.0,,0.0,0,0.0,,,,,,,fifteen_minute_setup_expired,observation,False,,,,False,none,AEVO-USDT-SWAP,trade,False,True,True,,1,886,1710325520298,2024-03-13T10:25:20.298000+00:00,0.01999,inside_six_line_band,-2.2971652003909937,2026-08-17 07:30:00+00:00,2026-08-17 04:00:00+00:00,none,False,1,1,0.18600963534639423,1.05649030939904,-0.008529854490717512,16.09951910492909
none,none,short,short,short,none,trend_aligned,35.0,short,['expanded_risk'],0.0,,,,none,0.0,,0.0,0,0.0,,,,,,,no_active_three_stage_setup,none,False,,,,False,none,APT-USDT-SWAP,trade,False,True,True,,1,1398,1666142328522,2022-10-19T01:18:48.522000+00:00,0.5221,below_all,-1.5091492171288468,2026-08-17 07:30:00+00:00,2026-08-17 04:00:00+00:00,watch_down,False,3,1,1.3089304156783985,1.1016804843766241,-0.0355812220566319,41.849693531521865
none,none,short,short,short,none,trend_aligned,35.0,short,['expanded_risk'],0.0,,,,none,0.0,,0.0,0,0.0,,,,,,,no_active_three_stage_setup,none,False,,,,False,none,ARKM-USDT-SWAP,trade,False,True,True,,1,633,1732177800122,2024-11-21T08:30:00.122000+00:00,0.08941,inside_six_line_band,-1.193502044424799,2026-08-17 07:30:00+00:00,2026-08-17 04:00:00+00:00,watch_down,False,3,1,0.8917092322845697,0.8426691268585571,-0.025246981339187666,38.98655354199852
none,none,long,long,neutral,none,trend_aligned,35.0,long,['expanded_risk'],0.0,,,,expired_or_invalid,0.0,,0.0,0,0.0,,,,,,,first_pullback_failed,none,False,,,,False,none,AT-USDT-SWAP,trade,False,True,True,,1,290,1761818401453,2025-10-30T10:00:01.453000+00:00,0.16,above_all,0.12515644555695093,2026-08-17 07:30:00+00:00,2026-08-17 04:00:00+00:00,none,False,1,1,1.1550806387133583,0.7818647333152022,0.026007802340702234,20.120997393512397
none,none,short,short,short,none,trend_aligned,35.0,short,['expanded_risk'],0.0,,,,none,0.0,,0.0,0,0.0,,,,,,,no_active_three_stage_setup,none,False,,,,False,none,AUCTION-USDT-SWAP,trade,False,True,True,,1,989,1701417300613,2023-12-01T07:55:00.613000+00:00,2.812,below_all,-0.38965639390720064,2026-08-17 07:30:00+00:00,2026-08-17 04:00:00+00:00,none,False,1,3,0.45974602101577666,0.5374043206238047,-0.007423117709438088,19.910943066950296
none,none,short,short,short,none,trend_aligned,35.0,short,['expanded_risk'],0.0,,,,none,0.0,,0.0,0,0.0,,,,,,,no_active_three_stage_setup,none,False,,,,False,none,AZTEC-USDT-SWAP,trade,False,True,True,,1,186,1770805800000,2026-02-11T10:30:00+00:00,0.01167,inside_six_line_band,-1.518987341772149,2026-08-17 07:30:00+00:00,2026-08-17 04:00:00+00:00,none,False,1,1,0.8372715566312164,0.7561143341930611,-0.01538461538461535,18.454700785735266
none,none,short,short,neutral,none,trend_aligned,35.0,short,['expanded_risk'],0.0,,,,none,0.0,,0.0,0,0.0,,,,,,,no_active_three_stage_setup,none,False,,,,False,none,BEAT-USDT-SWAP,trade,False,True,True,,1,277,1762964100610,2025-11-12T16:15:00.610000+00:00,0.3224,below_all,-21.747572815533967,2026-08-17 07:30:00+00:00,2026-08-17 04:00:00+00:00,watch_down,False,7,2,0.8548114397358452,0.18300578556969657,-0.01086092715231786,78.82307455538832
none,none,short,short,unknown,none,trend_aligned,35.0,short,"['daily_strong_unknown', 'expanded_risk']",0.0,,,,none,0.0,,0.0,0,0.0,,,,,,,no_active_three_stage_setup,none,False,,,,False,none,BILL-USDT-SWAP,trade,False,True,True,,1,102,1778054400000,2026-05-06T08:00:00+00:00,0.0203,inside_six_line_band,1.3986013986013957,2026-08-17 07:30:00+00:00,2026-08-17 04:00:00+00:00,watch_down,False,6,4,0.47699870545734263,0.464705133562527,-0.030952380952381012,71.77910892797429
none,none,short,short,short,none,trend_aligned,35.0,short,['expanded_risk'],0.0,,,,none,0.0,,0.0,0,0.0,,,,,,,no_active_three_stage_setup,none,False,,,,False,none,CHZ-USDT-SWAP,trade,False,True,True,,1,1983,1615539600000,2021-03-12T09:00:00+00:00,0.01233,inside_six_line_band,-1.12269446672012,2026-08-17 07:30:00+00:00,2026-08-17 04:00:00+00:00,watch_down,False,2,1,0.468365253339857,0.7487004891747565,-0.023237179487179512,26.587927734223555
none,none,short,short,short,none,trend_aligned,35.0,short,['expanded_risk'],0.0,,,,none,0.0,,0.0,0,0.0,,,,,,,no_active_three_stage_setup,none,False,,,,False,none,DYDX-USDT-SWAP,trade,False,True,True,,1,1803,1631117510421,2021-09-08T16:11:50.421000+00:00,0.1003,below_all,-6.801709719383009,2026-08-17 07:30:00+00:00,2026-08-17 04:00:00+00:00,volume_spike_down,True,1,1,2.2776237070392393,2.390476522717683,-0.08651399491094149,30.559548103349247
none,none,short,short,short,none,trend_aligned,35.0,short,['expanded_risk'],0.0,,,,none,0.0,,0.0,0,0.0,,,,,,,no_active_three_stage_setup,none,False,,,,False,none,EDGE-USDT-SWAP,trade,False,True,True,,1,137,1775050200000,2026-04-01T13:30:00+00:00,0.2766,below_all,-7.118871725990594,2026-08-17 07:30:00+00:00,2026-08-17 04:00:00+00:00,watch_down,False,8,7,0.4360389042943734,0.9110774589451931,-0.07783641160949871,98.91342689830743
none,none,short,short,short,none,trend_aligned,35.0,short,['expanded_risk'],0.0,,,,none,0.0,,0.0,0,0.0,,,,,,,no_active_three_stage_setup,none,False,,,,False,none,ENS-USDT-SWAP,trade,False,True,True,,1,1739,1636623946265,2021-11-11T09:45:46.265000+00:00,3.937,below_all,-1.9671314741035895,2026-08-17 07:30:00+00:00,2026-08-17 04:00:00+00:00,watch_down,False,2,1,0.7723201089683276,1.1343962010372786,-0.028762707661790364,29.264789147953472
none,none,long,long,neutral,none,trend_aligned,35.0,long,['expanded_risk'],0.0,,,,none,0.0,,0.0,0,0.0,,,,,,,no_active_three_stage_setup,none,False,,,,False,none,ESP-USDT-SWAP,trade,False,True,True,,1,187,1770739200000,2026-02-10T16:00:00+00:00,0.07257,inside_six_line_band,3.0531099119568195,2026-08-17 07:30:00+00:00,2026-08-17 04:00:00+00:00,watch_down,False,3,2,0.11372701981254663,0.4875336538442946,-0.016864805087088732,36.03123606059562
none,none,long,long,neutral,none,trend_aligned,35.0,long,['expanded_risk'],0.0,,,,none,0.0,,0.0,0,0.0,,,,,,,no_active_three_stage_setup,none,False,,,,False,none,ETHFI-USDT-SWAP,trade,False,True,True,,1,881,1710764700945,2024-03-18T12:25:00.945000+00:00,0.5097,above_all,6.4981195152528315,2026-08-17 07:30:00+00:00,2026-08-17 04:00:00+00:00,momentum_up,True,4,1,1.956697649678755,1.683081302608929,0.05025125628140708,56.83273215622056
none,none,short,short,short,none,trend_aligned,35.0,short,['expanded_risk'],0.0,,,,none,0.0,,0.0,0,0.0,,,,,,,no_active_three_stage_setup,none,False,,,,False,none,FIL-USDT-SWAP,trade,False,True,True,,1,2563,1565431971000,2019-08-10T10:12:51+00:00,0.6668,below_all,-1.7243920412675084,2026-08-17 07:30:00+00:00,2026-08-17 04:00:00+00:00,watch_down,False,2,1,0.781637601644968,0.8004865596984014,-0.014055333629235025,28.309647687320044
none,none,short,short,short,none,trend_aligned,35.0,short,['expanded_risk'],0.0,,,,none,0.0,,0.0,0,0.0,,,,,,,no_active_three_stage_setup,none,False,,,,False,none,GMT-USDT-SWAP,trade,False,True,True,,1,1598,1648803369890,2022-04-01T08:56:09.890000+00:00,0.006225,inside_six_line_band,0.03213883978787635,2026-08-17 07:30:00+00:00,2026-08-17 04:00:00+00:00,watch_down,False,6,1,1.0033999245709804,0.7466150742645821,-0.0008094544277156866,69.25684484564864
none,none,long,long,neutral,none,trend_aligned,35.0,long,['expanded_risk'],0.0,,,,expired_or_invalid,0.0,,0.0,0,0.0,,,,,,,fifteen_minute_coil_not_ready,none,False,,,,False,none,GMX-USDT-SWAP,trade,False,True,True,,1,1292,1675321542847,2023-02-02T07:05:42.847000+00:00,6.801,above_all,2.6411107757319696,2026-08-17 07:30:00+00:00,2026-08-17 04:00:00+00:00,none,False,1,1,0.31178021094710645,0.5418259274823334,0.0058708414872799325,15.184378837182532
none,none,short,short,short,none,trend_aligned,35.0,short,['expanded_risk'],0.0,,,,none,0.0,,0.0,0,0.0,,,,,,,no_active_three_stage_setup,none,False,,,,False,none,GRT-USDT-SWAP,trade,False,True,True,,1,2065,1608458400000,2020-12-20T10:00:00+00:00,0.01343,inside_six_line_band,-0.5185185185185182,2026-08-17 07:30:00+00:00,2026-08-17 04:00:00+00:00,watch_down,False,3,1,0.5193138975076727,0.7745479796580574,-0.016344725111441288,36.92021342651253
none,none,short,short,short,none,trend_aligned,35.0,short,['expanded_risk'],0.0,,,,none,0.0,,0.0,0,0.0,,,,,,,no_active_three_stage_setup,none,False,,,,False,none,ICX-USDT-SWAP,trade,False,True,True,,1,905,1708687651159,2024-02-23T11:27:31.159000+00:00,0.01823,below_all,-2.9286474973375998,2026-08-17 07:30:00+00:00,2026-08-17 04:00:00+00:00,none,False,1,1,0.35871096695299737,0.5697327505953648,-0.0144849785407725,15.502753086551081
none,none,short,short,neutral,none,trend_aligned,35.0,short,['expanded_risk'],0.0,,,,none,0.0,,0.0,0,0.0,,,,,,,no_active_three_stage_setup,none,False,,,,False,none,KAITO-USDT-SWAP,trade,False,True,True,,1,542,1740060000331,2025-02-20T14:00:00.331000+00:00,0.3364,below_all,-4.104903078677314,2026-08-17 07:30:00+00:00,2026-08-17 04:00:00+00:00,watch_down,False,11,1,0.36110339054895607,0.35893521692172975,-0.05613752350255178,114.88232260350998
none,none,long,long,neutral,none,trend_aligned,35.0,long,['expanded_risk'],0.0,,,,none,0.0,,0.0,0,0.0,,,,,,,entry_window_passed,none,False,,,,False,none,LINK-USDT-SWAP,trade,False,True,True,,1,2361,1582888608000,2020-02-28T11:16:48+00:00,9.468,above_all,1.2079102084446847,2026-08-17 07:30:00+00:00,2026-08-17 04:00:00+00:00,none,False,1,1,1.3000384425645295,0.6715174764754993,-0.00866349709455898,20.514744642249145
none,none,short,short,short,none,trend_aligned,35.0,short,['expanded_risk'],0.0,,,,expired_or_invalid,0.0,,0.0,0,0.0,,,,,,,first_pullback_failed,none,False,,,,False,none,LPT-USDT-SWAP,trade,False,True,True,,1,1942,1619161200000,2021-04-23T07:00:00+00:00,1.186,below_all,-0.5033557046979831,2026-08-17 07:30:00+00:00,2026-08-17 04:00:00+00:00,watch_down,False,2,1,0.33241244610639775,0.533551610480353,-0.010084033613445387,25.262717061973046
none,none,short,short,short,none,trend_aligned,35.0,short,['expanded_risk'],0.0,,,,none,0.0,,0.0,0,0.0,,,,,,,no_active_three_stage_setup,none,False,,,,False,none,MEME-USDT-SWAP,trade,False,True,True,,1,1017,1699001700715,2023-11-03T08:55:00.715000+00:00,0.0004659,below_all,-3.2599667774086405,2026-08-17 07:30:00+00:00,2026-08-17 04:00:00+00:00,watch_down,False,3,1,0.7973285736531908,0.9911677118488176,-0.03699854500103929,38.960146003812405
none,none,short,short,short,none,trend_aligned,35.0,short,['expanded_risk'],0.0,,,,none,0.0,,0.0,0,0.0,,,,,,,no_active_three_stage_setup,none,False,,,,False,none,METIS-USDT-SWAP,trade,False,True,True,,1,962,1703757300614,2023-12-28T09:55:00.614000+00:00,2.363,inside_six_line_band,-1.1710581346716875,2026-08-17 07:30:00+00:00,2026-08-17 04:00:00+00:00,watch_down,False,3,1,0.5744922892857061,0.7857694663644816,-0.01815111861544962,37.22976984552198
none,none,short,short,short,none,trend_aligned,35.0,short,['expanded_risk'],0.0,,,,none,0.0,,0.0,0,0.0,,,,,,,no_active_three_stage_setup,none,False,,,,False,none,MOVE-USDT-SWAP,trade,False,True,True,,1,615,1733749202646,2024-12-09T13:00:02.646000+00:00,0.006247,below_all,-1.6994492525570504,2026-08-17 07:30:00+00:00,2026-08-17 04:00:00+00:00,watch_down,False,2,3,0.5661201404244111,0.37319064672042757,-0.01484230055658623,29.950172642283338
none,none,short,short,neutral,none,trend_aligned,35.0,short,['expanded_risk'],0.0,,,,none,0.0,,0.0,0,0.0,,,,,,,no_active_three_stage_setup,none,False,,,,False,none,PEPE-USDT-SWAP,trade,False,True,True,,1,1202,1683086101049,2023-05-03T03:55:01.049000+00:00,2.604e-06,inside_six_line_band,0.0,2026-08-17 07:30:00+00:00,2026-08-17 04:00:00+00:00,watch_down,False,3,1,0.6680369246749385,0.8123222669009121,-0.019839755818389964,37.777151424077424
none,none,long,long,neutral,none,trend_aligned,35.0,long,['expanded_risk'],0.0,,,,expired_or_invalid,0.0,,0.0,0,0.0,,,,,,,entry_window_passed,none,False,,,,False,none,PIEVERSE-USDT-SWAP,trade,False,True,True,,1,274,1763263801177,2025-11-16T03:30:01.177000+00:00,0.8784,above_all,1.9262009747041065,2026-08-17 07:30:00+00:00,2026-08-17 04:00:00+00:00,watch_up,False,5,1,0.654310895271247,1.0729628525293249,0.044840294840294954,58.49044303394421
none,none,short,short,short,none,trend_aligned,35.0,short,[],0.0,,,,none,0.0,,0.0,0,0.0,,,,,,,no_active_three_stage_setup,none,False,,,,False,none,POPCAT-USDT-SWAP,trade,False,True,True,,1,717,1724922000651,2024-08-29T09:00:00.651000+00:00,0.0419,below_all,-1.3421238521309165,2026-08-17 07:30:00+00:00,2026-08-17 04:00:00+00:00,watch_down,False,2,1,0.42065892165068564,0.71116629968217,-0.01794992914501662,26.23679350729994
none,none,long,long,long,none,trend_aligned,35.0,long,['expanded_risk'],0.0,,,,none,0.0,,0.0,0,0.0,,,,,,,no_active_three_stage_setup,none,False,,,,False,none,PUMP-USDT-SWAP,trade,False,True,True,,1,398,1752514200381,2025-07-14T17:30:00.381000+00:00,0.002986,above_all,7.758931793576318,2026-08-17 07:30:00+00:00,2026-08-17 04:00:00+00:00,watch_down,False,3,1,0.543380888745782,0.7626138527751617,-0.03053435114503812,37.00474600205439
none,none,short,short,short,none,trend_aligned,35.0,short,['expanded_risk'],0.0,,,,none,0.0,,0.0,0,0.0,,,,,,,no_active_three_stage_setup,none,False,,,,False,none,RSR-USDT-SWAP,trade,False,True,True,,1,2167,1599646371000,2020-09-09T10:12:51+00:00,0.00114,inside_six_line_band,-1.1274934952298366,2026-08-17 07:30:00+00:00,2026-08-17 04:00:00+00:00,none,False,1,1,0.4283397481511368,0.8016219408754471,-0.02782608695652166,16.546564563382027
none,none,short,short,neutral,none,trend_aligned,35.0,short,['expanded_risk'],0.0,,,,none,0.0,,0.0,0,0.0,,,,,,,no_active_three_stage_setup,none,False,,,,False,none,SHIB-USDT-SWAP,trade,False,True,True,,1,1925,1620550800000,2021-05-09T09:00:00+00:00,4.443e-06,inside_six_line_band,-1.3543516873889994,2026-08-17 07:30:00+00:00,2026-08-17 04:00:00+00:00,watch_down,False,2,1,0.2528359354817874,0.734974722469462,-0.015121191905714926,25.469103844817322
none,none,short,short,short,none,trend_aligned,35.0,short,['expanded_risk'],0.0,,,,none,0.0,,0.0,0,0.0,,,,,,,no_active_three_stage_setup,none,False,,,,False,none,SPACE-USDT-SWAP,trade,False,True,True,,1,205,1769173200000,2026-01-23T13:00:00+00:00,0.004878,below_all,-2.1268057784911587,2026-08-17 07:30:00+00:00,2026-08-17 04:00:00+00:00,none,False,1,3,0.4051749026791094,0.6398086681389691,-0.03153330705557753,19.945300517812456
none,none,short,short,neutral,none,trend_aligned,35.0,short,['expanded_risk'],0.0,,,,none,0.0,,0.0,0,0.0,,,,,,,entry_window_passed,none,False,,,,False,none,STABLE-USDT-SWAP,trade,False,True,True,,1,251,1765200600000,2025-12-08T13:30:00+00:00,0.0293,below_all,-2.202937249666226,2026-08-17 07:30:00+00:00,2026-08-17 04:00:00+00:00,volume_spike_down,True,1,1,4.0663658869946255,2.3305077954877516,-0.04317010309278353,39.32335282143639
none,none,short,short,short,none,trend_aligned,35.0,short,['expanded_risk'],0.0,,,,none,0.0,,0.0,0,0.0,,,,,,,no_active_three_stage_setup,none,False,,,,False,none,STX-USDT-SWAP,trade,False,True,True,,1,1272,1676969758164,2023-02-21T08:55:58.164000+00:00,0.121,below_all,-0.8196721311475419,2026-08-17 07:30:00+00:00,2026-08-17 04:00:00+00:00,none,False,1,4,0.8668267048340311,0.7135268893154462,0.0024671052631578512,24.474714192116494
none,none,short,short,short,none,trend_aligned,35.0,short,['expanded_risk'],0.0,,,,none,0.0,,0.0,0,0.0,,,,,,,no_active_three_stage_setup,none,False,,,,False,none,UMA-USDT-SWAP,trade,False,True,True,,1,2172,1599214371000,2020-09-04T10:12:51+00:00,0.3199,below_all,-1.3263417643429865,2026-08-17 07:30:00+00:00,2026-08-17 04:00:00+00:00,watch_down,False,2,1,0.13576984582620466,0.621471975968275,-0.019088669950738865,24.54326515703585
none,none,short,short,short,none,trend_aligned,35.0,short,['expanded_risk'],0.0,,,,none,0.0,,0.0,0,0.0,,,,,,,no_active_three_stage_setup,none,False,,,,False,none,WAL-USDT-SWAP,trade,False,True,True,,1,466,1746687600526,2025-05-08T07:00:00.526000+00:00,0.02173,inside_six_line_band,-2.249212775528564,2026-08-17 07:30:00+00:00,2026-08-17 04:00:00+00:00,volume_spike_down,True,1,1,4.729478062623705,1.5879956312948473,-0.11147811725846399,40.41137720700306
none,none,short,short,short,none,trend_aligned,35.0,short,['expanded_risk'],0.0,,,,none,0.0,,0.0,0,0.0,,,,,,,no_active_three_stage_setup,none,False,,,,False,none,WCT-USDT-SWAP,trade,False,True,True,,1,488,1744716600433,2025-04-15T11:30:00.433000+00:00,0.03357,inside_six_line_band,-2.0140105078809034,2026-08-17 07:30:00+00:00,2026-08-17 04:00:00+00:00,none,False,1,1,1.3473699216854056,1.1207035852319986,-0.028372900984366,22.098960364123023
none,none,short,short,short,none,trend_aligned,35.0,short,['expanded_risk'],0.0,,,,none,0.0,,0.0,0,0.0,,,,,,,no_active_three_stage_setup,none,False,,,,False,none,ZBT-USDT-SWAP,trade,False,True,True,,1,303,1760700600342,2025-10-17T11:30:00.342000+00:00,0.07856,below_all,-7.336635999056373,2026-08-17 07:30:00+00:00,2026-08-17 04:00:00+00:00,watch_down,False,2,4,0.0818474423418289,0.38714638578421723,-0.04414021007907463,29.570676369061797
none,none,short,short,short,none,trend_aligned,35.0,short,['expanded_risk'],0.0,,,,none,0.0,,0.0,0,0.0,,,,,,,no_active_three_stage_setup,none,False,,,,False,none,ZIL-USDT-SWAP,trade,False,True,True,,1,2167,1599646371000,2020-09-09T10:12:51+00:00,0.002265,inside_six_line_band,-0.8318739054290702,2026-08-17 07:30:00+00:00,2026-08-17 04:00:00+00:00,watch_down,False,3,1,0.27231777674630836,0.5979497586630039,-0.018851380973257375,35.15543815972055
none,none,short,short,short,none,trend_aligned,35.0,short,['expanded_risk'],0.0,,,,none,0.0,,0.0,0,0.0,,,,,,,no_active_three_stage_setup,none,False,,,,False,none,ZKP-USDT-SWAP,trade,False,True,True,,1,221,1767793500000,2026-01-07T13:45:00+00:00,0.04023,below_all,-1.0575504181013273,2026-08-17 07:30:00+00:00,2026-08-17 04:00:00+00:00,none,False,1,1,0.24479096171920486,0.518143696265424,-0.017073170731707298,14.778385897392297
none,none,neutral,neutral,neutral,none,mature_coil,34.84513432530018,neutral,[],0.0,,,,expired_or_invalid,0.0,,0.0,0,0.0,,,,,,,entry_window_passed,none,False,,,,False,none,AR-USDT-SWAP,trade,False,True,True,,1,1280,1676357700186,2023-02-14T06:55:00.186000+00:00,1.823,above_all,0.7182320441988965,2026-08-17 07:30:00+00:00,2026-08-17 04:00:00+00:00,watch_up,False,2,1,1.0349607925673459,0.902130830782538,0.006169377453729737,29.881196455184345
none,long,neutral,neutral,unknown,breakout_long,mature_coil,34.73273448664808,neutral,['daily_strong_unknown'],75.70153121251553,0.09541820171477176,0.09198400000000001,2026-08-16 04:00:00+00:00,expired_or_invalid,0.0,,0.0,0,0.0,,,,,,,fifteen_minute_setup_expired,observation,False,,,,False,none,OPG-USDT-SWAP,trade,False,True,True,,1,115,1776934800000,2026-04-23T09:00:00+00:00,0.09841,above_all,-0.2533954996959298,2026-08-17 07:30:00+00:00,2026-08-17 04:00:00+00:00,watch_up,False,2,1,1.072064363598278,1.1178489560697311,0.015743073047858956,30.713868686200584
none,none,short,short,short,none,mature_coil,34.656476882579504,short,[],0.0,,,,expired_or_invalid,0.0,,0.0,0,0.0,,,,,,,fifteen_minute_coil_not_ready,none,False,,,,False,none,S-USDT-SWAP,trade,False,True,True,,1,572,1737450000523,2025-01-21T09:00:00.523000+00:00,0.02208,inside_six_line_band,-0.8531656937584287,2026-08-17 07:30:00+00:00,2026-08-17 04:00:00+00:00,none,False,1,4,0.7460149501718701,1.1557753201668108,-0.0161579892280073,25.197400711359784
none,long,short,short,neutral,breakout_long,mature_coil,34.435033408944264,short,[],69.84373671427575,0.07848316666666667,0.0747845,2026-08-16 04:00:00+00:00,expired_or_invalid,0.0,,0.0,0,0.0,,,,,,,fifteen_minute_setup_expired,observation,False,,,,False,none,BASED-USDT-SWAP,trade,False,True,True,,1,139,1774866600000,2026-03-30T10:30:00+00:00,0.07895,inside_six_line_band,-9.398668808813394,2026-08-17 07:30:00+00:00,2026-08-17 04:00:00+00:00,volume_spike_down,True,1,1,5.011992386146017,1.6370003491994183,-0.021804511278195386,41.97096297832834
none,none,neutral,neutral,neutral,none,mature_coil,34.429022119082326,neutral,[],0.0,,,,expired_or_invalid,0.0,,0.0,0,0.0,,,,,,,fifteen_minute_coil_ready,none,False,,,,False,none,HUMA-USDT-SWAP,trade,False,True,True,,1,447,1748266200433,2025-05-26T13:30:00.433000+00:00,0.02046,inside_six_line_band,1.6393442622950838,2026-08-17 07:30:00+00:00,2026-08-17 04:00:00+00:00,watch_up,False,2,6,1.0804119467231879,0.6553425865321147,0.004405286343612325,39.368087493212286
none,none,short,short,short,none,mature_coil,34.394164627623354,short,[],0.0,,,,expired_or_invalid,0.0,,0.0,0,0.0,,,,,,,fifteen_minute_coil_not_ready,none,False,,,,False,none,SENT-USDT-SWAP,trade,False,True,True,,1,275,1763132401716,2025-11-14T15:00:01.716000+00:00,0.01281,inside_six_line_band,-0.774593338497287,2026-08-17 07:30:00+00:00,2026-08-17 04:00:00+00:00,none,False,1,1,0.24978610785143102,0.8147195225892482,-0.043939393939393986,15.6930891070249
none,long,neutral,neutral,unknown,breakout_long,mature_coil,33.176271275242094,neutral,['daily_strong_unknown'],77.71139849023027,0.02586030066907692,0.0233195,2026-08-17 00:00:00+00:00,expired_or_invalid,0.0,,0.0,0,0.0,,,,,,,fifteen_minute_coil_not_ready,observation,False,,,,False,none,CHIP-USDT-SWAP,trade,False,True,True,,1,117,1776780000000,2026-04-21T14:00:00+00:00,0.03156,above_all,15.182481751824817,2026-08-17 07:30:00+00:00,2026-08-17 04:00:00+00:00,momentum_up,True,3,1,26.257760540166334,2.295959576114458,0.014903671392221034,88.88787872834337
none,none,short,short,neutral,none,mature_coil,32.75737429090621,short,[],0.0,,,,expired_or_invalid,0.0,,0.0,0,0.0,,,,,,,fifteen_minute_coil_not_ready,none,False,,,,False,none,INIT-USDT-SWAP,trade,False,True,True,,1,479,1745494200437,2025-04-24T11:30:00.437000+00:00,0.05142,below_all,-1.0963646855164488,2026-08-17 07:30:00+00:00,2026-08-17 04:00:00+00:00,none,False,1,1,1.7515724010920954,1.2424858977037692,-0.010481366459627441,24.485319698571786
none,none,neutral,neutral,neutral,none,mature_coil,32.24937627176576,neutral,[],0.0,,,,expired_or_invalid,0.0,,0.0,0,0.0,,,,,,,fifteen_minute_coil_not_ready,none,False,,,,False,none,ZEC-USDT-SWAP,trade,False,True,True,,1,284,1762398900578,2025-11-06T03:15:00.578000+00:00,513.57,above_all,5.414725261191733,2026-08-17 07:30:00+00:00,2026-08-17 04:00:00+00:00,watch_down,False,2,1,0.46733402459807033,0.4782640549741686,-0.003424727764903751,25.771462287912858
none,none,neutral,neutral,neutral,none,mature_coil,32.11318674914816,neutral,[],0.0,,,,expired_or_invalid,0.0,,0.0,0,0.0,,,,,,,fifteen_minute_coil_not_ready,none,False,,,,False,none,ETHW-USDT-SWAP,trade,False,True,True,,1,1431,1663311331635,2022-09-16T06:55:31.635000+00:00,0.2413,inside_six_line_band,0.6255212677230837,2026-08-17 07:30:00+00:00,2026-08-17 04:00:00+00:00,watch_up,False,2,1,1.0230224886215293,1.2442248351091254,0.027268853855986437,30.847786948435026
none,none,neutral,neutral,neutral,none,mature_coil,31.501668147971795,neutral,[],0.0,,,,expired_or_invalid,0.0,,0.0,0,0.0,,,,,,,fifteen_minute_coil_not_ready,none,False,,,,False,none,ROBO-USDT-SWAP,trade,False,True,True,,1,170,1772206200000,2026-02-27T15:30:00+00:00,0.01388,below_all,-0.8571428571428563,2026-08-17 07:30:00+00:00,2026-08-17 04:00:00+00:00,volume_spike_up,True,1,1,2.259062058290593,1.0804918443477434,0.00855310049893076,26.536785824496192
none,none,neutral,unknown,unknown,none,mature_coil,30.593605719631736,unknown,['daily_unknown'],0.0,,,,expired_or_invalid,0.0,,0.0,0,0.0,,,,,,,fifteen_minute_coil_not_ready,none,False,,,,False,none,RE-USDT-SWAP,trade,False,True,True,,1,60,1781692200000,2026-06-17T10:30:00+00:00,0.42985,inside_six_line_band,-7.405811774335991,2026-08-17 07:30:00+00:00,2026-08-17 04:00:00+00:00,none,False,1,1,0.5649282264796003,0.9946622245324662,-0.09141742522756827,17.8086278059954
none,none,long,long,long,none,mature_coil,26.838476418908233,long,[],0.0,,,,expired_or_invalid,0.0,,0.0,0,0.0,,,,,,,fifteen_minute_coil_not_ready,none,False,,,,False,none,GPS-USDT-SWAP,trade,False,True,True,,1,530,1741089600468,2025-03-04T12:00:00.468000+00:00,0.015282,above_all,36.62941439427805,2026-08-17 07:30:00+00:00,2026-08-17 04:00:00+00:00,momentum_up,True,2,2,3.6400994357385366,2.0497334371140363,0.04633058008164804,48.34969749003479
none,long,neutral,neutral,neutral,breakout_long,forming_coil,24.464537279921053,neutral,[],80.41263908948609,0.008416705120409845,0.00819325,2026-08-16 16:00:00+00:00,expired_or_invalid,0.0,,0.0,0,0.0,,,,,,,fifteen_minute_setup_expired,observation,False,,,,False,none,W-USDT-SWAP,trade,False,True,True,,1,865,1712147100572,2024-04-03T12:25:00.572000+00:00,0.00843,below_all,0.8252601363473167,2026-08-17 07:30:00+00:00,2026-08-17 04:00:00+00:00,watch_up,False,2,1,1.0644637611524865,0.99188127265414,0.010179924242424155,30.297962623724853
none,none,short,short,short,none,forming_coil,22.551978056822445,short,['expanded_risk'],0.0,,,,none,0.0,,0.0,0,0.0,,,,,,,no_active_three_stage_setup,none,False,,,,False,none,HOME-USDT-SWAP,trade,False,True,True,,1,429,1749809700256,2025-06-13T10:15:00.256000+00:00,0.006978,below_all,-9.081433224755708,2026-08-17 07:30:00+00:00,2026-08-17 04:00:00+00:00,watch_down,False,3,1,0.3971694324895042,0.8897738672107337,-0.13770454021663978,36.65516876407972
none,none,neutral,neutral,neutral,none,forming_coil,21.68539563277743,neutral,[],0.0,,,,none,0.0,,0.0,0,0.0,,,,,,,no_active_three_stage_setup,none,False,,,,False,none,APR-USDT-SWAP,trade,False,True,True,,1,297,1761285601180,2025-10-24T06:00:01.180000+00:00,0.1832,below_all,-0.7583965330444142,2026-08-17 07:30:00+00:00,2026-08-17 04:00:00+00:00,volume_spike_up,True,1,2,2.6687127862083533,0.9110126278809327,0.20987654320987656,30.07660181468456
none,none,short,short,neutral,none,forming_coil,20.482239858782346,short,['expanded_risk'],0.0,,,,none,0.0,,0.0,0,0.0,,,,,,,entry_window_passed,none,False,,,,False,none,OPN-USDT-SWAP,trade,False,True,True,,1,174,1771847700000,2026-02-23T11:55:00+00:00,0.05195,below_all,0.9718172983479212,2026-08-17 07:30:00+00:00,2026-08-17 04:00:00+00:00,watch_up,False,2,1,1.0248640004775265,0.6517461098351757,0.005853658536585399,29.07955833189316
none,none,short,short,neutral,none,daily_trend_only,20.0,short,"['expanded_risk', 'higher_timeframe_unconfirmed']",0.0,,,,none,0.0,,0.0,0,0.0,,,,,,,no_active_three_stage_setup,none,False,,,,False,none,0G-USDT-SWAP,trade,False,True,True,,1,328,1758537000238,2025-09-22T10:30:00.238000+00:00,0.1581,inside_six_line_band,-2.5878003696857776,2026-08-17 07:30:00+00:00,2026-08-17 04:00:00+00:00,none,False,1,1,0.5772966361238355,1.0763645539813387,-0.05400485436893199,18.115576842563193
none,none,short,short,short,none,daily_trend_only,20.0,short,"['expanded_risk', 'higher_timeframe_unconfirmed']",0.0,,,,none,0.0,,0.0,0,0.0,,,,,,,no_active_three_stage_setup,none,False,,,,False,none,ALGO-USDT-SWAP,trade,False,True,True,,1,2308,1587463971000,2020-04-21T10:12:51+00:00,0.07885,inside_six_line_band,-0.2782344757809474,2026-08-17 07:30:00+00:00,2026-08-17 04:00:00+00:00,watch_down,False,2,1,0.3588104141183348,0.7292461770073602,-0.013981609774530796,25.981790601613756
none,none,short,short,short,none,daily_trend_only,20.0,short,"['expanded_risk', 'higher_timeframe_unconfirmed']",0.0,,,,none,0.0,,0.0,0,0.0,,,,,,,no_active_three_stage_setup,none,False,,,,False,none,ATH-USDT-SWAP,trade,False,True,True,,1,795,1718250900308,2024-06-13T03:55:00.308000+00:00,0.003868,inside_six_line_band,2.517890272992318,2026-08-17 07:30:00+00:00,2026-08-17 04:00:00+00:00,watch_up,False,2,1,0.9066843037264204,1.3600072537486192,0.014091996809359238,30.613443279877963
none,none,short,short,short,none,daily_trend_only,20.0,short,"['expanded_risk', 'higher_timeframe_unconfirmed']",0.0,,,,none,0.0,,0.0,0,0.0,,,,,,,no_active_three_stage_setup,none,False,,,,False,none,BAND-USDT-SWAP,trade,False,True,True,,1,2169,1599473571000,2020-09-07T10:12:51+00:00,0.1521,inside_six_line_band,-1.680672268907557,2026-08-17 07:30:00+00:00,2026-08-17 04:00:00+00:00,watch_down,False,3,1,0.28020511641882706,0.9062939917738179,-0.031694695989650634,36.11990755741559
none,none,short,short,short,none,daily_trend_only,20.0,short,"['expanded_risk', 'higher_timeframe_unconfirmed']",0.0,,,,none,0.0,,0.0,0,0.0,,,,,,,no_active_three_stage_setup,none,False,,,,False,none,BAT-USDT-SWAP,trade,False,True,True,,1,2179,1598609571000,2020-08-28T10:12:51+00:00,0.05968,inside_six_line_band,0.10063737001007045,2026-08-17 07:30:00+00:00,2026-08-17 04:00:00+00:00,watch_up,False,2,1,1.735014022298939,1.0313972105346967,0.016084873374401152,33.76926174309878
none,none,short,short,neutral,none,daily_trend_only,20.0,short,"['expanded_risk', 'higher_timeframe_unconfirmed']",0.0,,,,none,0.0,,0.0,0,0.0,,,,,,,no_active_three_stage_setup,none,False,,,,False,none,BIGTIME-USDT-SWAP,trade,False,True,True,,1,1039,1697115300862,2023-10-12T12:55:00.862000+00:00,0.005228,below_all,0.5384615384615543,2026-08-17 07:30:00+00:00,2026-08-17 04:00:00+00:00,momentum_up,True,4,3,4.366596402062475,1.9217669798603856,0.05956112852664568,73.59828294989353
none,none,long,long,neutral,none,daily_trend_only,20.0,long,"['expanded_risk', 'higher_timeframe_unconfirmed']",0.0,,,,none,0.0,,0.0,0,0.0,,,,,,,no_active_three_stage_setup,none,False,,,,False,none,BNB-USDT-SWAP,trade,False,True,True,,1,1333,1671778428049,2022-12-23T06:53:48.049000+00:00,605.9,above_all,0.14876033057851235,2026-08-17 07:30:00+00:00,2026-08-17 04:00:00+00:00,watch_down,False,3,1,0.5646928235663502,0.5709257575417841,-0.00790383665404241,36.5362413904571
none,none,short,short,short,none,daily_trend_only,20.0,short,"['expanded_risk', 'higher_timeframe_unconfirmed']",0.0,,,,none,0.0,,0.0,0,0.0,,,,,,,entry_window_passed,none,False,,,,False,none,F-USDT-SWAP,trade,False,True,True,,1,295,1761379201201,2025-10-25T08:00:01.201000+00:00,0.002768,below_all,-0.9660107334525936,2026-08-17 07:30:00+00:00,2026-08-17 04:00:00+00:00,watch_up,False,2,1,1.373495185793807,1.0055772676934565,0.021905805038335058,31.884207732049404
none,none,short,short,short,none,daily_trend_only,20.0,short,"['expanded_risk', 'higher_timeframe_unconfirmed']",0.0,,,,none,0.0,,0.0,0,0.0,,,,,,,no_active_three_stage_setup,none,False,,,,False,none,IMX-USDT-SWAP,trade,False,True,True,,1,1733,1637218222034,2021-11-18T06:50:22.034000+00:00,0.1083,inside_six_line_band,-0.36798528058878954,2026-08-17 07:30:00+00:00,2026-08-17 04:00:00+00:00,none,False,1,1,0.6898324343361437,0.6106176757326405,-0.011059907834101315,17.28101519887864
none,none,short,short,short,none,daily_trend_only,20.0,short,"['expanded_risk', 'higher_timeframe_unconfirmed']",0.0,,,,none,0.0,,0.0,0,0.0,,,,,,,no_active_three_stage_setup,none,False,,,,False,none,KAT-USDT-SWAP,trade,False,True,True,,1,167,1772451000000,2026-03-02T11:30:00+00:00,0.004419,inside_six_line_band,1.7265193370165743,2026-08-17 07:30:00+00:00,2026-08-17 04:00:00+00:00,watch_up,False,2,1,0.5616049350585542,0.9659637871144373,0.02665121668597906,27.705916036636083
none,none,short,short,short,none,daily_trend_only,20.0,short,"['expanded_risk', 'higher_timeframe_unconfirmed']",0.0,,,,expired_or_invalid,0.0,,0.0,0,0.0,,,,,,,fifteen_minute_coil_ready,none,False,,,,False,none,KITE-USDT-SWAP,trade,False,True,True,,1,130,1775703600000,2026-04-09T03:00:00+00:00,0.09365,below_all,-0.6576853718044062,2026-08-17 07:30:00+00:00,2026-08-17 04:00:00+00:00,none,False,1,1,0.2912211404477156,0.47778148081108573,-0.029387331256490127,14.889450144671834
none,none,long,long,long,none,daily_trend_only,20.0,long,['higher_timeframe_unconfirmed'],0.0,,,,none,0.0,,0.0,0,0.0,,,,,,,no_active_three_stage_setup,none,False,,,,False,none,LIT-USDT-SWAP,trade,False,True,True,,1,236,1766547000000,2025-12-24T03:30:00+00:00,2.3508,inside_six_line_band,2.3065540952215136,2026-08-17 07:30:00+00:00,2026-08-17 04:00:00+00:00,watch_up,False,2,1,0.515582214185034,0.6362084648133775,0.006183472461463624,26.4865364653653
none,none,short,short,short,none,daily_trend_only,20.0,short,['higher_timeframe_unconfirmed'],0.0,,,,expired_or_invalid,0.0,,0.0,0,0.0,,,,,,,fifteen_minute_coil_not_ready,none,False,,,,False,none,MON-USDT-SWAP,trade,False,True,True,,1,310,1760083200427,2025-10-10T08:00:00.427000+00:00,0.0202,inside_six_line_band,-3.441682600382423,2026-08-17 07:30:00+00:00,2026-08-17 04:00:00+00:00,watch_down,False,4,0,0.4157178127104487,0.8318763178441144,-0.028763183125599227,44.57421801708459
none,none,long,long,neutral,none,daily_trend_only,20.0,long,['higher_timeframe_unconfirmed'],0.0,,,,none,0.0,,0.0,0,0.0,,,,,,,no_active_three_stage_setup,none,False,,,,False,none,MORPHO-USDT-SWAP,trade,False,True,True,,1,629,1732528800980,2024-11-25T10:00:00.980000+00:00,2.06,above_all,4.936070500738632,2026-08-17 07:30:00+00:00,2026-08-17 04:00:00+00:00,watch_up,False,2,1,0.5811815407472102,0.7628552552382941,0.020109502123522548,27.194473469450934
none,none,long,long,neutral,none,daily_trend_only,20.0,long,"['expanded_risk', 'higher_timeframe_unconfirmed']",0.0,,,,none,0.0,,0.0,0,0.0,,,,,,,no_active_three_stage_setup,none,False,,,,False,none,MUBARAK-USDT-SWAP,trade,False,True,True,,1,439,1748946600286,2025-06-03T10:30:00.286000+00:00,0.017612,inside_six_line_band,13.647802800542031,2026-08-17 07:30:00+00:00,2026-08-17 04:00:00+00:00,four_hour_up,True,1,3,0.2118410997776581,0.8193344413444322,0.08404996547611573,19.517208822921585
none,none,short,short,short,none,daily_trend_only,20.0,short,"['expanded_risk', 'higher_timeframe_unconfirmed']",0.0,,,,none,0.0,,0.0,0,0.0,,,,,,,no_active_three_stage_setup,none,False,,,,False,none,ONE-USDT-SWAP,trade,False,True,True,,1,908,1708426039038,2024-02-20T10:47:19.038000+00:00,0.0007016,below_all,4.094955489614249,2026-08-17 07:30:00+00:00,2026-08-17 04:00:00+00:00,none,False,1,3,0.809056718152041,0.933665445539287,0.05943536404160475,22.846279927378067
none,none,short,short,short,none,daily_trend_only,20.0,short,"['expanded_risk', 'higher_timeframe_unconfirmed']",0.0,,,,none,0.0,,0.0,0,0.0,,,,,,,no_active_three_stage_setup,none,False,,,,False,none,PROVE-USDT-SWAP,trade,False,True,True,,1,303,1760700601003,2025-10-17T11:30:01.003000+00:00,0.1483,below_all,-1.8530774321641408,2026-08-17 07:30:00+00:00,2026-08-17 04:00:00+00:00,none,False,1,3,1.319588581423513,0.5549502822653295,-0.015091863517060343,24.262793753913556
none,none,short,short,short,none,daily_trend_only,20.0,short,"['expanded_risk', 'higher_timeframe_unconfirmed']",0.0,,,,none,0.0,,0.0,0,0.0,,,,,,,no_active_three_stage_setup,none,False,,,,False,none,RENDER-USDT-SWAP,trade,False,True,True,,1,738,1723105800136,2024-08-08T08:30:00.136000+00:00,1.266,inside_six_line_band,0.6359300476947549,2026-08-17 07:30:00+00:00,2026-08-17 04:00:00+00:00,none,False,1,1,0.6716743999832157,0.769983835459181,-0.007114624505928773,17.66832350629362
none,none,short,short,neutral,none,daily_trend_only,20.0,short,['higher_timeframe_unconfirmed'],0.0,,,,none,0.0,,0.0,0,0.0,,,,,,,no_active_three_stage_setup,none,False,,,,False,none,RESOLV-USDT-SWAP,trade,False,True,True,,1,432,1749565800438,2025-06-10T14:30:00.438000+00:00,0.01718,inside_six_line_band,-3.2657657657657713,2026-08-17 07:30:00+00:00,2026-08-17 04:00:00+00:00,watch_down,False,2,1,0.4722009887696836,0.8617762252920208,-0.005278592375366558,26.94633361972448
none,none,short,short,short,none,daily_trend_only,20.0,short,"['expanded_risk', 'higher_timeframe_unconfirmed']",0.0,,,,none,0.0,,0.0,0,0.0,,,,,,,no_active_three_stage_setup,none,False,,,,False,none,SAHARA-USDT-SWAP,trade,False,True,True,,1,416,1750941000359,2025-06-26T12:30:00.359000+00:00,0.007517,below_all,-2.7051514367072205,2026-08-17 07:30:00+00:00,2026-08-17 04:00:00+00:00,none,False,1,1,0.3665631875094767,0.8755789323754231,-0.03812204170397847,16.459552734673654
none,none,short,short,short,none,daily_trend_only,20.0,short,"['expanded_risk', 'higher_timeframe_unconfirmed']",0.0,,,,none,0.0,,0.0,0,0.0,,,,,,,no_active_three_stage_setup,none,False,,,,False,none,SKY-USDT-SWAP,trade,False,True,True,,1,339,1757590200404,2025-09-11T11:30:00.404000+00:00,0.05234,inside_six_line_band,2.3464998044583574,2026-08-17 07:30:00+00:00,2026-08-17 04:00:00+00:00,none,False,1,1,1.1045805149735295,1.4286415416622915,0.036811023622047315,21.80882719985452
none,none,short,short,neutral,none,daily_trend_only,20.0,short,"['expanded_risk', 'higher_timeframe_unconfirmed']",0.0,,,,none,0.0,,0.0,0,0.0,,,,,,,no_active_three_stage_setup,none,False,,,,False,none,SOPH-USDT-SWAP,trade,False,True,True,,1,445,1748439000413,2025-05-28T13:30:00.413000+00:00,0.003548,below_all,-3.5607502038597416,2026-08-17 07:30:00+00:00,2026-08-17 04:00:00+00:00,momentum_up,True,2,1,20.08766110948832,3.090741745317423,0.038999462076385195,81.27222523595226
none,none,short,short,short,none,daily_trend_only,20.0,short,"['expanded_risk', 'higher_timeframe_unconfirmed']",0.0,,,,none,0.0,,0.0,0,0.0,,,,,,,no_active_three_stage_setup,none,False,,,,False,none,STRK-USDT-SWAP,trade,False,True,True,,1,908,1708433700141,2024-02-20T12:55:00.141000+00:00,0.02334,inside_six_line_band,1.258134490238616,2026-08-17 07:30:00+00:00,2026-08-17 04:00:00+00:00,none,False,1,1,0.5671782650328492,0.5603101356602926,0.02000000000000009,16.516821732145125
none,none,short,short,short,none,daily_trend_only,20.0,short,"['expanded_risk', 'higher_timeframe_unconfirmed']",0.0,,,,expired_or_invalid,0.0,,0.0,0,0.0,,,,,,,first_pullback_failed,none,False,,,,False,none,TRUMP-USDT-SWAP,trade,False,True,True,,1,575,1737264604112,2025-01-19T05:30:04.112000+00:00,1.407,inside_six_line_band,0.5000000000000115,2026-08-17 07:30:00+00:00,2026-08-17 04:00:00+00:00,watch_down,False,2,1,0.7983039292227259,0.8528901960207809,-0.002851033499643623,28.55019023417597
none,none,short,short,short,none,daily_trend_only,20.0,short,['higher_timeframe_unconfirmed'],0.0,,,,expired_or_invalid,0.0,,0.0,0,0.0,,,,,,,fifteen_minute_coil_not_ready,none,False,,,,False,none,TRUST-USDT-SWAP,trade,False,True,True,,1,284,1762342200957,2025-11-05T11:30:00.957000+00:00,0.04963,inside_six_line_band,-0.9578926362003637,2026-08-17 07:30:00+00:00,2026-08-17 04:00:00+00:00,none,False,1,1,0.14579735977537167,0.41694663514370645,-0.019138755980861292,13.979826704307978
none,none,long,long,neutral,none,daily_trend_only,20.0,long,"['expanded_risk', 'higher_timeframe_unconfirmed']",0.0,,,,none,0.0,,0.0,0,0.0,,,,,,,no_active_three_stage_setup,none,False,,,,False,none,TRX-USDT-SWAP,trade,False,True,True,,1,2469,1573557408000,2019-11-12T11:16:48+00:00,0.33257,above_all,0.4864636209813922,2026-08-17 07:30:00+00:00,2026-08-17 04:00:00+00:00,watch_down,False,4,1,0.487080228027466,0.4823886117864306,-0.00024165533907272163,45.88256697549662
none,none,short,short,short,none,daily_trend_only,20.0,short,"['expanded_risk', 'higher_timeframe_unconfirmed']",0.0,,,,none,0.0,,0.0,0,0.0,,,,,,,no_active_three_stage_setup,none,False,,,,False,none,ZETA-USDT-SWAP,trade,False,True,True,,1,928,1706757900607,2024-02-01T03:25:00.607000+00:00,0.02801,inside_six_line_band,0.46628407460544974,2026-08-17 07:30:00+00:00,2026-08-17 04:00:00+00:00,watch_up,False,2,1,1.477237844102657,0.894236729917362,0.016310257339615768,32.068899410265374
none,short,short,short,short,breakout_short,opposite,0.0,short,['opposite'],87.90710473986347,6.494916666666667,6.411,2026-08-17 04:00:00+00:00,expired_or_invalid,0.0,,0.0,0,0.0,,,,,,,fifteen_minute_coil_not_ready,observation,False,,,,False,none,AVAX-USDT-SWAP,trade,False,True,True,,1,2154,1600840800000,2020-09-23T06:00:00+00:00,6.367,above_all,0.5368703615979742,2026-08-17 07:30:00+00:00,2026-08-17 04:00:00+00:00,watch_down,False,2,1,0.8690858217491848,0.7315725988641281,-0.0004740834386852265,28.54014690533831
none,long,neutral,neutral,neutral,breakout_long,unknown,0.0,neutral,[],74.05981906007301,0.9489528291252048,0.9274450000000002,2026-08-16 16:00:00+00:00,expired_or_invalid,0.0,,0.0,0,0.0,,,,,,,fifteen_minute_setup_expired,observation,False,,,,False,none,GAS-USDT-SWAP,trade,False,True,True,,1,1027,1698141300695,2023-10-24T09:55:00.695000+00:00,0.9753,inside_six_line_band,1.161705217301101,2026-08-17 07:30:00+00:00,2026-08-17 04:00:00+00:00,momentum_up,True,4,1,3.45930125852641,1.1173448076813548,0.003353594634248565,62.64854071567611
none,none,neutral,neutral,neutral,none,unknown,0.0,neutral,[],0.0,,,,expired_or_invalid,0.0,,0.0,0,0.0,,,,,,,fifteen_minute_coil_not_ready,none,False,,,,False,none,1INCH-USDT-SWAP,trade,False,True,True,,1,2061,1608863400000,2020-12-25T02:30:00+00:00,0.08263,above_all,-0.012100677637960633,2026-08-17 07:30:00+00:00,2026-08-17 04:00:00+00:00,watch_down,False,3,1,0.365765288079912,0.38585376917639647,-0.00498237938996242,34.98638774792875
none,none,short,short,short,none,opposite,0.0,short,"['expanded_risk', 'opposite']",0.0,,,,none,0.0,,0.0,0,0.0,,,,,,,entry_window_passed,none,False,,,,False,none,2Z-USDT-SWAP,trade,False,True,True,,1,318,1759410600649,2025-10-02T13:10:00.649000+00:00,0.04995,above_all,3.673723536737228,2026-08-17 07:30:00+00:00,2026-08-17 04:00:00+00:00,watch_down,False,2,1,0.7349879618354053,0.6247173811344474,-0.017097496438021585,27.54909195258037
none,none,neutral,unknown,unknown,none,unknown,0.0,neutral,[],0.0,,,,none,0.0,,0.0,0,0.0,,,,,,,non_crypto_category,none,False,,,,False,none,AAOI-USDT-SWAP,trade,False,True,False,non_crypto_category,3,82,1779786000000,2026-05-26T09:00:00+00:00,,unknown,,,,insufficient,False,0,0,,,,0.0
none,none,neutral,unknown,unknown,none,unknown,0.0,neutral,[],0.0,,,,none,0.0,,0.0,0,0.0,,,,,,,non_crypto_category,none,False,,,,False,none,AAPL-USDT-SWAP,trade,False,True,False,non_crypto_category,3,165,1772612100000,2026-03-04T08:15:00+00:00,,unknown,,,,insufficient,False,0,0,,,,0.0
none,none,neutral,neutral,neutral,none,unknown,0.0,neutral,['expanded_risk'],0.0,,,,none,0.0,,0.0,0,0.0,,,,,,,no_active_three_stage_setup,none,False,,,,False,none,AAVE-USDT-SWAP,trade,False,True,True,,1,2076,1607580000000,2020-12-10T06:00:00+00:00,86.33,inside_six_line_band,0.38372093023255616,2026-08-17 07:30:00+00:00,2026-08-17 04:00:00+00:00,watch_down,False,8,1,0.4183796764438228,0.5426251955423979,-0.001741755689735319,85.71977396884631
none,none,neutral,neutral,neutral,none,unknown,0.0,neutral,['expanded_risk'],0.0,,,,none,0.0,,0.0,0,0.0,,,,,,,no_active_three_stage_setup,none,False,,,,False,none,ACT-USDT-SWAP,trade,False,True,True,,1,640,1731582000644,2024-11-14T11:00:00.644000+00:00,0.010084,below_all,0.09926543577525315,2026-08-17 07:30:00+00:00,2026-08-17 04:00:00+00:00,none,False,1,1,0.31998959412150196,0.7372305905383533,-0.004774219216232461,15.81163974222257
none,none,long,long,neutral,none,opposite,0.0,long,"['expanded_risk', 'opposite']",0.0,,,,none,0.0,,0.0,0,0.0,,,,,,,no_active_three_stage_setup,none,False,,,,False,none,ACU-USDT-SWAP,trade,False,True,True,,1,206,1769151600000,2026-01-23T07:00:00+00:00,0.10051,below_all,-19.931490480363255,2026-08-17 07:30:00+00:00,2026-08-17 04:00:00+00:00,volume_spike_down,True,1,5,2.1758206863157423,1.5684291357290483,-0.07407407407407407,35.584390838765856
none,none,neutral,neutral,neutral,none,unknown,0.0,neutral,['expanded_risk'],0.0,,,,expired_or_invalid,0.0,,0.0,0,0.0,,,,,,,first_pullback_failed,none,False,,,,False,none,ADA-USDT-SWAP,trade,False,True,True,,1,2361,1582888608000,2020-02-28T11:16:48+00:00,0.1761,below_all,-0.39592760180995334,2026-08-17 07:30:00+00:00,2026-08-17 04:00:00+00:00,watch_down,False,10,1,0.437200392929036,0.5350716025257266,-0.0085082246171299,105.79121677222237
none,none,neutral,unknown,unknown,none,unknown,0.0,neutral,[],0.0,,,,none,0.0,,0.0,0,0.0,,,,,,,non_crypto_category,none,False,,,,False,none,ADBE-USDT-SWAP,trade,False,True,False,non_crypto_category,3,74,1780479000000,2026-06-03T09:30:00+00:00,,unknown,,,,insufficient,False,0,0,,,,0.0
none,none,neutral,unknown,unknown,none,unknown,0.0,neutral,[],0.0,,,,none,0.0,,0.0,0,0.0,,,,,,,non_crypto_category,none,False,,,,False,none,AEHR-USDT-SWAP,trade,False,True,False,non_crypto_category,3,20,1785143700000,2026-07-27T09:15:00+00:00,,unknown,,,,insufficient,False,0,0,,,,0.0
none,none,neutral,unknown,unknown,none,unknown,0.0,unknown,['daily_unknown'],0.0,,,,none,0.0,,0.0,0,0.0,,,,,,,no_active_three_stage_setup,none,False,,,,False,none,AEON-USDT-SWAP,trade,False,True,True,,1,20,1785151800000,2026-07-27T11:30:00+00:00,0.07617,inside_six_line_band,-8.504504504504506,2026-08-17 07:30:00+00:00,2026-08-17 04:00:00+00:00,insufficient,False,0,0,,,,0.0
none,none,short,short,neutral,none,opposite,0.0,short,"['expanded_risk', 'opposite']",0.0,,,,none,0.0,,0.0,0,0.0,,,,,,,no_active_three_stage_setup,none,False,,,,False,none,AERO-USDT-SWAP,trade,False,True,True,,1,410,1751523300260,2025-07-03T06:15:00.260000+00:00,0.4134,above_all,3.0922693266832724,2026-08-17 07:30:00+00:00,2026-08-17 04:00:00+00:00,none,False,1,1,0.2083635430104574,0.5482780395589996,0.01400700350175086,14.686651833729286
none,none,short,short,neutral,none,opposite,0.0,short,"['expanded_risk', 'opposite']",0.0,,,,none,0.0,,0.0,0,0.0,,,,,,,no_active_three_stage_setup,none,False,,,,False,none,AGLD-USDT-SWAP,trade,False,True,True,,1,1804,1631008650016,2021-09-07T09:57:30.016000+00:00,0.1569,inside_six_line_band,-0.6962025316455622,2026-08-17 07:30:00+00:00,2026-08-17 04:00:00+00:00,watch_down,False,2,1,0.39553590710294373,0.6127578071283823,-0.023285084959093823,25.815952956899864
none,none,neutral,unknown,unknown,none,unknown,0.0,neutral,[],0.0,,,,none,0.0,,0.0,0,0.0,,,,,,,bitget_unavailable,none,False,,,,False,none,AI-USDT-SWAP,trade,False,False,False,bitget_unavailable,1,109,1777464000000,2026-04-29T12:00:00+00:00,,unknown,,,,insufficient,False,0,0,,,,0.0
none,none,neutral,unknown,unknown,none,unknown,0.0,neutral,[],0.0,,,,none,0.0,,0.0,0,0.0,,,,,,,non_crypto_category,none,False,,,,False,none,ALAB-USDT-SWAP,trade,False,True,False,non_crypto_category,3,61,1781600400000,2026-06-16T09:00:00+00:00,,unknown,,,,insufficient,False,0,0,,,,0.0
none,none,short,short,neutral,none,opposite,0.0,short,"['expanded_risk', 'opposite']",0.0,,,,none,0.0,,0.0,0,0.0,,,,,,,no_active_three_stage_setup,none,False,,,,False,none,ALLO-USDT-SWAP,trade,False,True,True,,1,278,1762879500659,2025-11-11T16:45:00.659000+00:00,0.27592,above_all,4.030464125475985,2026-08-17 07:30:00+00:00,2026-08-17 04:00:00+00:00,none,False,1,1,0.5178718525471846,0.5420297612208562,-0.004608991310918016,16.21544854639849
none,none,neutral,unknown,unknown,none,unknown,0.0,neutral,[],0.0,,,,none,0.0,,0.0,0,0.0,,,,,,,non_crypto_category,none,False,,,,False,none,AMAT-USDT-SWAP,trade,False,True,False,non_crypto_category,3,80,1779958800000,2026-05-28T09:00:00+00:00,,unknown,,,,insufficient,False,0,0,,,,0.0
none,none,neutral,unknown,unknown,none,unknown,0.0,neutral,[],0.0,,,,none,0.0,,0.0,0,0.0,,,,,,,non_crypto_category,none,False,,,,False,none,AMD-USDT-SWAP,trade,False,True,False,non_crypto_category,3,158,1773223200000,2026-03-11T10:00:00+00:00,,unknown,,,,insufficient,False,0,0,,,,0.0
none,none,neutral,unknown,unknown,none,unknown,0.0,neutral,[],0.0,,,,none,0.0,,0.0,0,0.0,,,,,,,non_crypto_category,none,False,,,,False,none,AMZN-USDT-SWAP,trade,False,True,False,non_crypto_category,3,172,1772091000000,2026-02-26T07:30:00+00:00,,unknown,,,,insufficient,False,0,0,,,,0.0
none,none,neutral,unknown,unknown,none,unknown,0.0,neutral,[],0.0,,,,none,0.0,,0.0,0,0.0,,,,,,,non_crypto_category,none,False,,,,False,none,ANTHROPIC-USDT-SWAP,trade,False,True,False,non_crypto_category,3,101,1778146200000,2026-05-07T09:30:00+00:00,,unknown,,,,insufficient,False,0,0,,,,0.0
none,none,short,short,neutral,none,opposite,0.0,short,"['expanded_risk', 'opposite']",0.0,,,,expired_or_invalid,0.0,,0.0,0,0.0,,,,,,,first_pullback_failed,none,False,,,,False,none,APE-USDT-SWAP,trade,False,True,True,,1,1613,1647522059555,2022-03-17T13:00:59.555000+00:00,0.12546,above_all,1.9005847953216248,2026-08-17 07:30:00+00:00,2026-08-17 04:00:00+00:00,none,False,1,2,0.27285719044187123,0.5130557301761626,0.00610450919746053,16.903453142737842
none,none,neutral,neutral,neutral,none,unknown,0.0,neutral,[],0.0,,,,none,0.0,,0.0,0,0.0,,,,,,,no_active_three_stage_setup,none,False,,,,False,none,API3-USDT-SWAP,trade,False,True,True,,1,1627,1646297716213,2022-03-03T08:55:16.213000+00:00,0.1925,inside_six_line_band,0.8909853249476019,2026-08-17 07:30:00+00:00,2026-08-17 04:00:00+00:00,watch_up,False,4,2,1.0988084778030267,1.4722211207499327,0.02776322682032492,53.910705751264935
none,none,neutral,unknown,unknown,none,unknown,0.0,neutral,[],0.0,,,,none,0.0,,0.0,0,0.0,,,,,,,non_crypto_category,none,False,,,,False,none,APLD-USDT-SWAP,trade,False,True,False,non_crypto_category,3,41,1783330200000,2026-07-06T09:30:00+00:00,,unknown,,,,insufficient,False,0,0,,,,0.0
none,none,neutral,unknown,unknown,none,unknown,0.0,neutral,[],0.0,,,,none,0.0,,0.0,0,0.0,,,,,,,non_crypto_category,none,False,,,,False,none,APP-USDT-SWAP,trade,False,True,False,non_crypto_category,3,30,1784288700000,2026-07-17T11:45:00+00:00,,unknown,,,,insufficient,False,0,0,,,,0.0
none,none,short,short,short,none,opposite,0.0,short,"['expanded_risk', 'opposite']",0.0,,,,none,0.0,,0.0,0,0.0,,,,,,,no_active_three_stage_setup,none,False,,,,False,none,ARB-USDT-SWAP,trade,False,True,True,,1,1242,1679580094937,2023-03-23T14:01:34.937000+00:00,0.07519,above_all,2.5364789308604863,2026-08-17 07:30:00+00:00,2026-08-17 04:00:00+00:00,none,False,1,1,0.8755317295871635,0.7815301487052179,0.010451045104510406,18.72224909405147
none,none,neutral,unknown,unknown,none,unknown,0.0,neutral,[],0.0,,,,none,0.0,,0.0,0,0.0,,,,,,,non_crypto_category,none,False,,,,False,none,ARM-USDT-SWAP,trade,False,True,False,non_crypto_category,3,110,1777443300000,2026-04-29T06:15:00+00:00,,unknown,,,,insufficient,False,0,0,,,,0.0
none,none,neutral,unknown,unknown,none,unknown,0.0,short,"['daily_not_aligned', 'daily_unknown', 'expanded_risk']",0.0,,,,none,0.0,,0.0,0,0.0,,,,,,,no_active_three_stage_setup,none,False,,,,False,none,ARX-USDT-SWAP,trade,False,True,True,,1,55,1782131400000,2026-06-22T12:30:00+00:00,0.1064,below_all,-0.4677268475210439,2026-08-17 07:30:00+00:00,2026-08-17 04:00:00+00:00,none,False,1,2,0.6776124104290688,0.4081372680563532,0.018604651162790715,18.612473856314402
none,none,neutral,unknown,unknown,none,unknown,0.0,neutral,[],0.0,,,,none,0.0,,0.0,0,0.0,,,,,,,non_crypto_category,none,False,,,,False,none,ASML-USDT-SWAP,trade,False,True,False,non_crypto_category,3,74,1780479900000,2026-06-03T09:45:00+00:00,,unknown,,,,insufficient,False,0,0,,,,0.0
none,none,neutral,unknown,unknown,none,unknown,0.0,neutral,[],0.0,,,,none,0.0,,0.0,0,0.0,,,,,,,non_crypto_category,none,False,,,,False,none,ASTS-USDT-SWAP,trade,False,True,False,non_crypto_category,3,75,1780398900000,2026-06-02T11:15:00+00:00,,unknown,,,,insufficient,False,0,0,,,,0.0
none,none,neutral,neutral,neutral,none,unknown,0.0,neutral,['expanded_risk'],0.0,,,,none,0.0,,0.0,0,0.0,,,,,,,no_active_three_stage_setup,none,False,,,,False,none,ATOM-USDT-SWAP,trade,False,True,True,,1,2469,1573557408000,2019-11-12T11:16:48+00:00,1.452,below_all,-2.4193548387096753,2026-08-17 07:30:00+00:00,2026-08-17 04:00:00+00:00,watch_down,False,2,1,0.7193100715963554,0.8971467618191272,-0.012916383412644545,28.28799064343916
none,none,neutral,unknown,unknown,none,unknown,0.0,neutral,[],0.0,,,,none,0.0,,0.0,0,0.0,,,,,,,non_crypto_category,none,False,,,,False,none,AVGO-USDT-SWAP,trade,False,True,False,non_crypto_category,3,110,1777442400000,2026-04-29T06:00:00+00:00,,unknown,,,,insufficient,False,0,0,,,,0.0
none,none,neutral,neutral,neutral,none,unknown,0.0,neutral,['expanded_risk'],0.0,,,,none,0.0,,0.0,0,0.0,,,,,,,entry_window_passed,none,False,,,,False,none,AVNT-USDT-SWAP,trade,False,True,True,,1,328,1758555000222,2025-09-22T15:30:00.222000+00:00,0.0985,inside_six_line_band,-0.7856567284447946,2026-08-17 07:30:00+00:00,2026-08-17 04:00:00+00:00,none,False,1,2,1.1111020607815258,0.7092837651445958,0.008514474606831648,21.683361599341417
none,none,neutral,unknown,unknown,none,unknown,0.0,neutral,[],0.0,,,,none,0.0,,0.0,0,0.0,,,,,,,non_crypto_category,none,False,,,,False,none,AXTI-USDT-SWAP,trade,False,True,False,non_crypto_category,3,61,1781602200000,2026-06-16T09:30:00+00:00,,unknown,,,,insufficient,False,0,0,,,,0.0
none,none,short,short,short,none,opposite,0.0,short,"['expanded_risk', 'opposite']",0.0,,,,expired_or_invalid,0.0,,0.0,0,0.0,,,,,,,entry_window_passed,none,False,,,,False,none,BABY-USDT-SWAP,trade,False,True,True,,1,493,1744282800387,2025-04-10T11:00:00.387000+00:00,0.00986,above_all,3.2460732984293417,2026-08-17 07:30:00+00:00,2026-08-17 04:00:00+00:00,watch_down,False,7,1,0.26496511063249056,0.4537965955538141,-0.010288065843621337,74.6862153398239
none,none,neutral,unknown,unknown,none,unknown,0.0,neutral,[],0.0,,,,none,0.0,,0.0,0,0.0,,,,,,,non_crypto_category,none,False,,,,False,none,BB-USDT-SWAP,trade,False,True,False,non_crypto_category,3,76,1780304400000,2026-06-01T09:00:00+00:00,,unknown,,,,insufficient,False,0,0,,,,0.0
none,none,short,short,short,none,opposite,0.0,short,"['expanded_risk', 'opposite']",0.0,,,,expired_or_invalid,0.0,,0.0,0,0.0,,,,,,,fifteen_minute_coil_not_ready,none,False,,,,False,none,BCH-USDT-SWAP,trade,False,True,True,,1,2469,1573557408000,2019-11-12T11:16:48+00:00,205.2,above_all,0.8849557522123908,2026-08-17 07:30:00+00:00,2026-08-17 04:00:00+00:00,none,False,1,2,0.38885313861664217,0.4481118476955628,0.001966568338249782,17.2886012361699
none,none,neutral,unknown,unknown,none,unknown,0.0,neutral,[],0.0,,,,none,0.0,,0.0,0,0.0,,,,,,,non_crypto_category,none,False,,,,False,none,BE-USDT-SWAP,trade,False,True,False,non_crypto_category,3,81,1779879600000,2026-05-27T11:00:00+00:00,,unknown,,,,insufficient,False,0,0,,,,0.0
none,none,short,short,short,none,opposite,0.0,short,"['expanded_risk', 'opposite']",0.0,,,,expired_or_invalid,0.0,,0.0,0,0.0,,,,,,,first_pullback_failed,none,False,,,,False,none,BERA-USDT-SWAP,trade,False,True,True,,1,556,1738850401850,2025-02-06T14:00:01.850000+00:00,0.1466,above_all,0.5486968449931462,2026-08-17 07:30:00+00:00,2026-08-17 04:00:00+00:00,watch_up,False,4,1,1.4372610497282714,1.0349797063729778,0.004797806716929446,52.29124436776029
none,none,neutral,unknown,unknown,none,unknown,0.0,neutral,[],0.0,,,,none,0.0,,0.0,0,0.0,,,,,,,bitget_unavailable,none,False,,,,False,none,BLEND-USDT-SWAP,trade,False,False,False,bitget_unavailable,1,109,1777456800000,2026-04-29T10:00:00+00:00,,unknown,,,,insufficient,False,0,0,,,,0.0
none,none,neutral,unknown,unknown,none,unknown,0.0,neutral,[],0.0,,,,none,0.0,,0.0,0,0.0,,,,,,,non_crypto_category,none,False,,,,False,none,BMNR-USDT-SWAP,trade,False,True,False,non_crypto_category,3,111,1777302000000,2026-04-27T15:00:00+00:00,,unknown,,,,insufficient,False,0,0,,,,0.0
none,none,long,long,neutral,none,opposite,0.0,long,"['expanded_risk', 'opposite']",0.0,,,,none,0.0,,0.0,0,0.0,,,,,,,no_active_three_stage_setup,none,False,,,,False,none,BOME-USDT-SWAP,trade,False,True,True,,1,731,1723717202042,2024-08-15T10:20:02.042000+00:00,0.0008176,below_all,-4.985473561882625,2026-08-17 07:30:00+00:00,2026-08-17 04:00:00+00:00,none,False,1,2,1.183712599288533,1.0491091181292818,-0.021736562315416437,23.06589035083051
none,none,neutral,unknown,unknown,none,unknown,0.0,neutral,[],0.0,,,,none,0.0,,0.0,0,0.0,,,,,,,bitget_unavailable,none,False,,,,False,none,BONK-USDT-SWAP,trade,False,False,False,bitget_unavailable,1,952,1704695217299,2024-01-08T06:26:57.299000+00:00,,unknown,,,,insufficient,False,0,0,,,,0.0
none,none,neutral,unknown,unknown,none,unknown,0.0,neutral,[],0.0,,,,none,0.0,,0.0,0,0.0,,,,,,,non_crypto_category,none,False,,,,False,none,BOT-USDT-SWAP,trade,False,True,False,non_crypto_category,3,45,1782986400000,2026-07-02T10:00:00+00:00,,unknown,,,,insufficient,False,0,0,,,,0.0
none,none,short,short,short,none,opposite,0.0,short,"['expanded_risk', 'opposite']",0.0,,,,none,0.0,,0.0,0,0.0,,,,,,,no_active_three_stage_setup,none,False,,,,False,none,BRETT-USDT-SWAP,trade,False,True,True,,1,709,1725617701730,2024-09-06T10:15:01.730000+00:00,0.003847,inside_six_line_band,-0.10386912490261135,2026-08-17 07:30:00+00:00,2026-08-17 04:00:00+00:00,watch_down,False,3,1,0.6558926589238626,0.7863146311251908,-0.029692744642396095,37.638407187994886
none,none,short,short,short,none,opposite,0.0,short,"['expanded_risk', 'opposite']",0.0,,,,expired_or_invalid,0.0,,0.0,0,0.0,,,,,,,first_pullback_failed,none,False,,,,False,none,BREV-USDT-SWAP,trade,False,True,True,,1,229,1767099600000,2025-12-30T13:00:00+00:00,0.06657,inside_six_line_band,-0.045045045045044585,2026-08-17 07:30:00+00:00,2026-08-17 04:00:00+00:00,none,False,1,1,0.42845222781696596,0.6863177174034404,-0.021431760678672373,16.201214291295152
none,none,neutral,unknown,unknown,none,unknown,0.0,neutral,[],0.0,,,,none,0.0,,0.0,0,0.0,,,,,,,non_crypto_category,none,False,,,,False,none,BRKB-USDT-SWAP,trade,False,True,False,non_crypto_category,3,10,1786014900000,2026-08-06T11:15:00+00:00,,unknown,,,,insufficient,False,0,0,,,,0.0
none,none,short,short,short,none,opposite,0.0,short,"['expanded_risk', 'opposite']",0.0,,,,none,0.0,,0.0,0,0.0,,,,,,,no_active_three_stage_setup,none,False,,,,False,none,BSB-USDT-SWAP,trade,False,True,True,,1,136,1775124000000,2026-04-02T10:00:00+00:00,0.1289,above_all,8.868243243243224,2026-08-17 07:30:00+00:00,2026-08-17 04:00:00+00:00,none,False,1,1,1.715524582832226,1.184540003419712,0.10236220472440946,24.13124292442027
none,none,neutral,unknown,unknown,none,unknown,0.0,neutral,[],0.0,,,,none,0.0,,0.0,0,0.0,,,,,,,non_crypto_category,none,False,,,,False,none,BSP-USDT-SWAP,trade,False,True,False,non_crypto_category,3,41,1783328400000,2026-07-06T09:00:00+00:00,,unknown,,,,insufficient,False,0,0,,,,0.0
none,none,short,short,neutral,none,opposite,0.0,short,"['expanded_risk', 'opposite']",0.0,,,,none,0.0,,0.0,0,0.0,,,,,,,no_active_three_stage_setup,none,False,,,,False,none,BTC-USDT-SWAP,trade,True,True,True,,1,2469,1573557408000,2019-11-12T11:16:48+00:00,63555.9,above_all,0.8287656563573442,2026-08-17 07:30:00+00:00,2026-08-17 04:00:00+00:00,none,False,1,1,0.2958004227125872,0.5496341088667052,-0.0028339214209253,15.127904440163052
none,none,neutral,unknown,unknown,none,unknown,0.0,neutral,[],0.0,,,,none,0.0,,0.0,0,0.0,,,,,,,non_crypto_category,none,False,,,,False,none,BX-USDT-SWAP,trade,False,True,False,non_crypto_category,3,65,1781255700000,2026-06-12T09:15:00+00:00,,unknown,,,,insufficient,False,0,0,,,,0.0
none,none,neutral,unknown,unknown,none,unknown,0.0,neutral,[],0.0,,,,none,0.0,,0.0,0,0.0,,,,,,,non_crypto_category,none,False,,,,False,none,BZ-USDT-SWAP,trade,False,True,False,non_crypto_category,4,145,1774346400000,2026-03-24T10:00:00+00:00,,unknown,,,,insufficient,False,0,0,,,,0.0
none,none,neutral,unknown,unknown,none,unknown,0.0,long,"['daily_not_aligned', 'daily_unknown', 'expanded_risk']",0.0,,,,none,0.0,,0.0,0,0.0,,,,,,,no_active_three_stage_setup,none,False,,,,False,none,CAP-USDT-SWAP,trade,False,True,True,,1,51,1782477000000,2026-06-26T12:30:00+00:00,0.06861,inside_six_line_band,1.9616584930896241,2026-08-17 07:30:00+00:00,2026-08-17 04:00:00+00:00,none,False,1,2,1.3485159145455847,0.99344589218089,0.08661162376558201,23.722917249270594
none,none,neutral,unknown,unknown,none,unknown,0.0,neutral,[],0.0,,,,none,0.0,,0.0,0,0.0,,,,,,,non_crypto_category,none,False,,,,False,none,CBRS-USDT-SWAP,trade,False,True,False,non_crypto_category,3,94,1778824800000,2026-05-15T06:00:00+00:00,,unknown,,,,insufficient,False,0,0,,,,0.0
none,none,short,short,short,none,opposite,0.0,short,"['expanded_risk', 'opposite']",0.0,,,,none,0.0,,0.0,0,0.0,,,,,,,no_active_three_stage_setup,none,False,,,,False,none,CC-USDT-SWAP,trade,False,True,True,,1,289,1761919200291,2025-10-31T14:00:00.291000+00:00,0.09567,inside_six_line_band,-0.8189923284262934,2026-08-17 07:30:00+00:00,2026-08-17 04:00:00+00:00,none,False,1,1,1.0217273464066499,1.2428996354015327,-0.030593699515347385,20.837335638237846
none,none,neutral,neutral,neutral,none,unknown,0.0,neutral,[],0.0,,,,expired_or_invalid,0.0,,0.0,0,0.0,,,,,,,fifteen_minute_coil_not_ready,none,False,,,,False,none,CFX-USDT-SWAP,trade,False,True,True,,1,1983,1615539600000,2021-03-12T09:00:00+00:00,0.04284,above_all,1.324503311258285,2026-08-17 07:30:00+00:00,2026-08-17 04:00:00+00:00,watch_down,False,2,2,0.24212134437193583,0.7971057104102813,-0.005442498816848108,27.601923853090526
none,none,neutral,unknown,unknown,none,unknown,0.0,neutral,[],0.0,,,,none,0.0,,0.0,0,0.0,,,,,,,non_crypto_category,none,False,,,,False,none,CGNX-USDT-SWAP,trade,False,True,False,non_crypto_category,3,65,1781257500000,2026-06-12T09:45:00+00:00,,unknown,,,,insufficient,False,0,0,,,,0.0
none,none,neutral,unknown,unknown,none,unknown,0.0,neutral,[],0.0,,,,none,0.0,,0.0,0,0.0,,,,,,,non_crypto_category,none,False,,,,False,none,CIEN-USDT-SWAP,trade,False,True,False,non_crypto_category,3,66,1781169300000,2026-06-11T09:15:00+00:00,,unknown,,,,insufficient,False,0,0,,,,0.0
none,none,neutral,unknown,unknown,none,unknown,0.0,neutral,[],0.0,,,,none,0.0,,0.0,0,0.0,,,,,,,non_crypto_category,none,False,,,,False,none,CL-USDT-SWAP,trade,False,True,False,non_crypto_category,4,165,1772626500000,2026-03-04T12:15:00+00:00,,unknown,,,,insufficient,False,0,0,,,,0.0
none,none,neutral,unknown,unknown,none,unknown,0.0,neutral,[],0.0,,,,none,0.0,,0.0,0,0.0,,,,,,,non_crypto_category,none,False,,,,False,none,COHR-USDT-SWAP,trade,False,True,False,non_crypto_category,3,95,1778666400000,2026-05-13T10:00:00+00:00,,unknown,,,,insufficient,False,0,0,,,,0.0
none,none,neutral,unknown,unknown,none,unknown,0.0,neutral,[],0.0,,,,none,0.0,,0.0,0,0.0,,,,,,,non_crypto_category,none,False,,,,False,none,COIN-USDT-SWAP,trade,False,True,False,non_crypto_category,3,171,1772091900000,2026-02-26T07:45:00+00:00,,unknown,,,,insufficient,False,0,0,,,,0.0
none,none,short,short,short,none,opposite,0.0,short,"['expanded_risk', 'opposite']",0.0,,,,none,0.0,,0.0,0,0.0,,,,,,,no_active_three_stage_setup,none,False,,,,False,none,COMP-USDT-SWAP,trade,False,True,True,,1,2308,1587463971000,2020-04-21T10:12:51+00:00,16.25,inside_six_line_band,0.2467612584824197,2026-08-17 07:30:00+00:00,2026-08-17 04:00:00+00:00,none,False,1,1,0.5420961305199629,0.6679996840760222,-0.013555144793592043,16.71447970482788
none,none,neutral,unknown,unknown,none,unknown,0.0,neutral,[],0.0,,,,none,0.0,,0.0,0,0.0,,,,,,,bitget_unavailable,none,False,,,,False,none,CORE-USDT-SWAP,trade,False,False,False,bitget_unavailable,1,1285,1675864514708,2023-02-08T13:55:14.708000+00:00,,unknown,,,,insufficient,False,0,0,,,,0.0
none,none,neutral,unknown,unknown,none,unknown,0.0,neutral,[],0.0,,,,none,0.0,,0.0,0,0.0,,,,,,,non_crypto_category,none,False,,,,False,none,COST-USDT-SWAP,trade,False,True,False,non_crypto_category,3,111,1777299300000,2026-04-27T14:15:00+00:00,,unknown,,,,insufficient,False,0,0,,,,0.0
none,none,neutral,unknown,unknown,none,unknown,0.0,neutral,[],0.0,,,,none,0.0,,0.0,0,0.0,,,,,,,non_crypto_category,none,False,,,,False,none,CRCL-USDT-SWAP,trade,False,True,False,non_crypto_category,3,171,1772092800000,2026-02-26T08:00:00+00:00,,unknown,,,,insufficient,False,0,0,,,,0.0
none,none,neutral,unknown,unknown,none,unknown,0.0,neutral,[],0.0,,,,none,0.0,,0.0,0,0.0,,,,,,,non_crypto_category,none,False,,,,False,none,CRDO-USDT-SWAP,trade,False,True,False,non_crypto_category,3,66,1781168400000,2026-06-11T09:00:00+00:00,,unknown,,,,insufficient,False,0,0,,,,0.0
none,none,neutral,unknown,unknown,none,unknown,0.0,neutral,[],0.0,,,,none,0.0,,0.0,0,0.0,,,,,,,non_crypto_category,none,False,,,,False,none,CRM-USDT-SWAP,trade,False,True,False,non_crypto_category,3,17,1785402900000,2026-07-30T09:15:00+00:00,,unknown,,,,insufficient,False,0,0,,,,0.0
none,none,short,short,short,none,opposite,0.0,short,"['expanded_risk', 'opposite']",0.0,,,,none,0.0,,0.0,0,0.0,,,,,,,entry_window_passed,none,False,,,,False,none,CRO-USDT-SWAP,trade,False,True,True,,1,1956,1617872400000,2021-04-08T09:00:00+00:00,0.04766,above_all,0.3157230056830329,2026-08-17 07:30:00+00:00,2026-08-17 04:00:00+00:00,watch_down,False,2,1,0.35935880581412755,0.43802649542028294,-0.008184679958027168,25.110873515331487
none,none,long,long,neutral,none,opposite,0.0,long,"['expanded_risk', 'opposite']",0.0,,,,none,0.0,,0.0,0,0.0,,,,,,,no_active_three_stage_setup,none,False,,,,False,none,CRV-USDT-SWAP,trade,False,True,True,,1,2172,1599214371000,2020-09-04T10:12:51+00:00,0.2485,inside_six_line_band,3.240548400498544,2026-08-17 07:30:00+00:00,2026-08-17 04:00:00+00:00,watch_up,False,2,1,0.9605958308767452,1.1453772513021119,0.028122415219189418,30.239110908290062
none,none,neutral,unknown,unknown,none,unknown,0.0,neutral,[],0.0,,,,none,0.0,,0.0,0,0.0,,,,,,,non_crypto_category,none,False,,,,False,none,CRWD-USDT-SWAP,trade,False,True,False,non_crypto_category,3,82,1779787800000,2026-05-26T09:30:00+00:00,,unknown,,,,insufficient,False,0,0,,,,0.0
none,none,neutral,unknown,unknown,none,unknown,0.0,neutral,[],0.0,,,,none,0.0,,0.0,0,0.0,,,,,,,non_crypto_category,none,False,,,,False,none,CRWV-USDT-SWAP,trade,False,True,False,non_crypto_category,3,128,1775822400000,2026-04-10T12:00:00+00:00,,unknown,,,,insufficient,False,0,0,,,,0.0
none,none,neutral,unknown,unknown,none,unknown,0.0,neutral,[],0.0,,,,none,0.0,,0.0,0,0.0,,,,,,,non_crypto_category,none,False,,,,False,none,CSCO-USDT-SWAP,trade,False,True,False,non_crypto_category,3,89,1779183900000,2026-05-19T09:45:00+00:00,,unknown,,,,insufficient,False,0,0,,,,0.0
none,none,long,long,neutral,none,opposite,0.0,long,"['expanded_risk', 'opposite']",0.0,,,,none,0.0,,0.0,0,0.0,,,,,,,no_active_three_stage_setup,none,False,,,,False,none,CVX-USDT-SWAP,trade,False,True,True,,1,782,1719303900750,2024-06-25T08:25:00.750000+00:00,1.623,inside_six_line_band,2.0113136392206243,2026-08-17 07:30:00+00:00,2026-08-17 04:00:00+00:00,watch_up,False,2,1,0.8035927405823229,1.1013350650508582,0.040384615384615345,29.32196889806419
none,none,short,short,short,none,opposite,0.0,short,"['expanded_risk', 'opposite']",0.0,,,,none,0.0,,0.0,0,0.0,,,,,,,no_active_three_stage_setup,none,False,,,,False,none,DASH-USDT-SWAP,trade,False,True,True,,1,284,1762398000994,2025-11-06T03:00:00.994000+00:00,30.43,above_all,2.526954177897567,2026-08-17 07:30:00+00:00,2026-08-17 04:00:00+00:00,none,False,1,1,0.6316124314887361,0.8162918863829827,0.00773889636608346,17.606937816592627
none,none,neutral,unknown,unknown,none,unknown,0.0,short,"['daily_not_aligned', 'daily_unknown', 'expanded_risk']",0.0,,,,none,0.0,,0.0,0,0.0,,,,,,,no_active_three_stage_setup,none,False,,,,False,none,DATA-USDT-SWAP,trade,False,True,True,,1,45,1782995400000,2026-07-02T12:30:00+00:00,0.1829,below_all,-3.17628374801483,2026-08-17 07:30:00+00:00,2026-08-17 04:00:00+00:00,none,False,1,2,0.528426089344214,0.7647257817473453,-0.03484139365574629,18.936307791963106
none,none,neutral,unknown,unknown,none,unknown,0.0,neutral,[],0.0,,,,none,0.0,,0.0,0,0.0,,,,,,,non_crypto_category,none,False,,,,False,none,DELL-USDT-SWAP,trade,False,True,False,non_crypto_category,3,80,1779959700000,2026-05-28T09:15:00+00:00,,unknown,,,,insufficient,False,0,0,,,,0.0
none,none,neutral,unknown,unknown,none,unknown,0.0,neutral,[],0.0,,,,none,0.0,,0.0,0,0.0,,,,,,,non_crypto_category,none,False,,,,False,none,DKNG-USDT-SWAP,trade,False,True,False,non_crypto_category,3,59,1781775900000,2026-06-18T09:45:00+00:00,,unknown,,,,insufficient,False,0,0,,,,0.0
none,none,short,short,short,none,opposite,0.0,short,['opposite'],0.0,,,,expired_or_invalid,0.0,,0.0,0,0.0,,,,,,,entry_window_passed,none,False,,,,False,none,DOGE-USDT-SWAP,trade,False,True,True,,1,2308,1587463971000,2020-04-21T10:12:51+00:00,0.07031,above_all,0.745092420117488,2026-08-17 07:30:00+00:00,2026-08-17 04:00:00+00:00,watch_down,False,3,1,0.4232294465968183,0.5387316796165269,-0.0002874802357338813,35.73234227183367
none,none,short,short,short,none,opposite,0.0,short,"['expanded_risk', 'opposite']",0.0,,,,none,0.0,,0.0,0,0.0,,,,,,,entry_window_passed,none,False,,,,False,none,DOOD-USDT-SWAP,trade,False,True,True,,1,461,1747051200521,2025-05-12T12:00:00.521000+00:00,0.00117,above_all,1.3864818024263315,2026-08-17 07:30:00+00:00,2026-08-17 04:00:00+00:00,watch_up,False,2,1,0.7498281682317529,0.71379067650824,0.027097902097902093,27.890512870683484
none,none,neutral,unknown,unknown,none,unknown,0.0,unknown,"['daily_unknown', 'four_hour_unknown']",0.0,,,,none,0.0,,0.0,0,0.0,,,,,,,no_active_three_stage_setup,none,False,,,,False,none,DOS-USDT-SWAP,trade,False,True,True,,1,6,1786363200000,2026-08-10T12:00:00+00:00,0.2275,below_all,-10.468319559228645,2026-08-17 07:30:00+00:00,2026-08-17 04:00:00+00:00,insufficient,False,0,0,,,,0.0
none,none,neutral,unknown,unknown,none,unknown,0.0,neutral,[],0.0,,,,none,0.0,,0.0,0,0.0,,,,,,,non_crypto_category,none,False,,,,False,none,DRAM-USDT-SWAP,trade,False,True,False,non_crypto_category,3,100,1778230800000,2026-05-08T09:00:00+00:00,,unknown,,,,insufficient,False,0,0,,,,0.0
none,none,neutral,unknown,unknown,none,unknown,0.0,neutral,[],0.0,,,,none,0.0,,0.0,0,0.0,,,,,,,bitget_unavailable,none,False,,,,False,none,EDEN-USDT-SWAP,trade,False,False,False,bitget_unavailable,1,320,1759231801710,2025-09-30T11:30:01.710000+00:00,,unknown,,,,insufficient,False,0,0,,,,0.0
none,none,short,short,neutral,none,opposite,0.0,short,"['expanded_risk', 'opposite']",0.0,,,,none,0.0,,0.0,0,0.0,,,,,,,no_active_three_stage_setup,none,False,,,,False,none,EIGEN-USDT-SWAP,trade,False,True,True,,1,685,1727764200682,2024-10-01T06:30:00.682000+00:00,0.1722,inside_six_line_band,2.195845697329357,2026-08-17 07:30:00+00:00,2026-08-17 04:00:00+00:00,watch_down,False,3,1,0.5836636409234295,0.7195988563244423,-0.008917954815695609,37.07711477359048
none,none,short,short,neutral,none,opposite,0.0,short,"['expanded_risk', 'opposite']",0.0,,,,expired_or_invalid,0.0,,0.0,0,0.0,,,,,,,entry_window_passed,none,False,,,,False,none,ENA-USDT-SWAP,trade,False,True,True,,1,334,1758094200364,2025-09-17T07:30:00.364000+00:00,0.08401,above_all,1.1802962784535742,2026-08-17 07:30:00+00:00,2026-08-17 04:00:00+00:00,watch_down,False,5,1,0.29727463124733533,0.7062122475470042,-0.019427890345649658,55.60500989887769
none,none,short,short,short,none,opposite,0.0,short,"['expanded_risk', 'opposite']",0.0,,,,none,0.0,,0.0,0,0.0,,,,,,,no_active_three_stage_setup,none,False,,,,False,none,ENJ-USDT-SWAP,trade,False,True,True,,1,898,1709288701407,2024-03-01T10:25:01.407000+00:00,0.02386,inside_six_line_band,-1.200828157349909,2026-08-17 07:30:00+00:00,2026-08-17 04:00:00+00:00,watch_down,False,2,1,0.5133270649983187,0.8491205473414913,-0.019983347210657837,27.113996967016067
none,none,neutral,neutral,neutral,none,unknown,0.0,neutral,['expanded_risk'],0.0,,,,expired_or_invalid,0.0,,0.0,0,0.0,,,,,,,first_pullback_failed,none,False,,,,False,none,ENSO-USDT-SWAP,trade,False,True,True,,1,291,1761732001294,2025-10-29T10:00:01.294000+00:00,0.7915,below_all,-4.890651285748627,2026-08-17 07:30:00+00:00,2026-08-17 04:00:00+00:00,none,False,1,1,1.5558195501557923,0.7733186203806879,-0.04009603841536613,22.099053611921025
none,none,short,short,short,none,opposite,0.0,short,"['expanded_risk', 'opposite']",0.0,,,,none,0.0,,0.0,0,0.0,,,,,,,no_active_three_stage_setup,none,False,,,,False,none,ETC-USDT-SWAP,trade,False,True,True,,1,2469,1573557408000,2019-11-12T11:16:48+00:00,6.204,inside_six_line_band,0.5184705119896327,2026-08-17 07:30:00+00:00,2026-08-17 04:00:00+00:00,none,False,1,1,0.6808784763651496,1.0062638858441493,-0.01739130434782603,18.423184039358194
none,none,neutral,neutral,neutral,none,unknown,0.0,neutral,[],0.0,,,,expired_or_invalid,0.0,,0.0,0,0.0,,,,,,,fifteen_minute_coil_not_ready,none,False,,,,False,none,ETH-USDT-SWAP,trade,True,True,True,,1,2469,1573557408000,2019-11-12T11:16:48+00:00,1904.34,above_all,1.255901994980646,2026-08-17 07:30:00+00:00,2026-08-17 04:00:00+00:00,none,False,1,1,0.2686617022157909,0.498008144859801,-0.0035388261299270354,14.837332945658357
none,none,neutral,unknown,unknown,none,unknown,0.0,neutral,[],0.0,,,,none,0.0,,0.0,0,0.0,,,,,,,non_crypto_category,none,False,,,,False,none,EWJ-USDT-SWAP,trade,False,True,False,non_crypto_category,3,158,1773223200000,2026-03-11T10:00:00+00:00,,unknown,,,,insufficient,False,0,0,,,,0.0
none,none,neutral,unknown,unknown,none,unknown,0.0,neutral,[],0.0,,,,none,0.0,,0.0,0,0.0,,,,,,,non_crypto_category,none,False,,,,False,none,EWT-USDT-SWAP,trade,False,True,False,non_crypto_category,3,74,1780480800000,2026-06-03T10:00:00+00:00,,unknown,,,,insufficient,False,0,0,,,,0.0
none,none,neutral,unknown,unknown,none,unknown,0.0,neutral,[],0.0,,,,none,0.0,,0.0,0,0.0,,,,,,,non_crypto_category,none,False,,,,False,none,EWY-USDT-SWAP,trade,False,True,False,non_crypto_category,3,158,1773223200000,2026-03-11T10:00:00+00:00,,unknown,,,,insufficient,False,0,0,,,,0.0
none,none,neutral,unknown,unknown,none,unknown,0.0,neutral,[],0.0,,,,none,0.0,,0.0,0,0.0,,,,,,,non_crypto_category,none,False,,,,False,none,EWZ-USDT-SWAP,trade,False,True,False,non_crypto_category,3,59,1781774100000,2026-06-18T09:15:00+00:00,,unknown,,,,insufficient,False,0,0,,,,0.0
none,none,neutral,unknown,unknown,none,unknown,0.0,neutral,[],0.0,,,,none,0.0,,0.0,0,0.0,,,,,,,non_crypto_category,none,False,,,,False,none,FLNC-USDT-SWAP,trade,False,True,False,non_crypto_category,3,66,1781171100000,2026-06-11T09:45:00+00:00,,unknown,,,,insufficient,False,0,0,,,,0.0
none,none,short,short,short,none,opposite,0.0,short,"['expanded_risk', 'opposite']",0.0,,,,none,0.0,,0.0,0,0.0,,,,,,,no_active_three_stage_setup,none,False,,,,False,none,FLOKI-USDT-SWAP,trade,False,True,True,,1,1274,1676876100607,2023-02-20T06:55:00.607000+00:00,2.031e-05,above_all,-0.0983767830791904,2026-08-17 07:30:00+00:00,2026-08-17 04:00:00+00:00,none,False,1,1,0.33256933553027485,0.6216954881565395,-0.013772749631087098,15.527933142120991
none,none,neutral,unknown,unknown,none,unknown,0.0,neutral,[],0.0,,,,none,0.0,,0.0,0,0.0,,,,,,,bitget_unavailable,none,False,,,,False,none,FLOW-USDT-SWAP,trade,False,False,False,bitget_unavailable,1,1013,1699350900756,2023-11-07T09:55:00.756000+00:00,,unknown,,,,insufficient,False,0,0,,,,0.0
none,none,neutral,unknown,unknown,none,unknown,0.0,neutral,[],0.0,,,,none,0.0,,0.0,0,0.0,,,,,,,non_crypto_category,none,False,,,,False,none,FLY-USDT-SWAP,trade,False,True,False,non_crypto_category,3,20,1785144600000,2026-07-27T09:30:00+00:00,,unknown,,,,insufficient,False,0,0,,,,0.0
none,none,neutral,unknown,unknown,none,unknown,0.0,neutral,[],0.0,,,,none,0.0,,0.0,0,0.0,,,,,,,non_crypto_category,none,False,,,,False,none,FWDI-USDT-SWAP,trade,False,True,False,non_crypto_category,3,20,1785142800000,2026-07-27T09:00:00+00:00,,unknown,,,,insufficient,False,0,0,,,,0.0
none,none,neutral,unknown,unknown,none,unknown,0.0,neutral,[],0.0,,,,none,0.0,,0.0,0,0.0,,,,,,,non_crypto_category,none,False,,,,False,none,GEV-USDT-SWAP,trade,False,True,False,non_crypto_category,3,87,1779354000000,2026-05-21T09:00:00+00:00,,unknown,,,,insufficient,False,0,0,,,,0.0
none,none,neutral,neutral,neutral,none,unknown,0.0,neutral,['expanded_risk'],0.0,,,,expired_or_invalid,0.0,,0.0,0,0.0,,,,,,,fifteen_minute_coil_not_ready,none,False,,,,False,none,GIGGLE-USDT-SWAP,trade,False,True,True,,1,296,1761375601708,2025-10-25T07:00:01.708000+00:00,32.39,above_all,6.022913256955809,2026-08-17 07:30:00+00:00,2026-08-17 04:00:00+00:00,volume_spike_up,True,1,1,0.31777934437699284,1.511184873767891,0.03345359134142352,18.122451343188636
none,none,short,short,short,none,opposite,0.0,short,"['expanded_risk', 'opposite']",0.0,,,,expired_or_invalid,0.0,,0.0,0,0.0,,,,,,,first_pullback_failed,none,False,,,,False,none,GLM-USDT-SWAP,trade,False,True,True,,1,828,1715329501418,2024-05-10T08:25:01.418000+00:00,0.08807,above_all,-0.36203190406154384,2026-08-17 07:30:00+00:00,2026-08-17 04:00:00+00:00,none,False,1,1,0.6622187839682447,0.751575114661784,-0.015878378378378473,17.565819263826576
none,none,neutral,unknown,unknown,none,unknown,0.0,neutral,[],0.0,,,,none,0.0,,0.0,0,0.0,,,,,,,non_crypto_category,none,False,,,,False,none,GLW-USDT-SWAP,trade,False,True,False,non_crypto_category,3,90,1779094800000,2026-05-18T09:00:00+00:00,,unknown,,,,insufficient,False,0,0,,,,0.0
none,none,neutral,unknown,unknown,none,unknown,0.0,neutral,[],0.0,,,,none,0.0,,0.0,0,0.0,,,,,,,non_crypto_category,none,False,,,,False,none,GME-USDT-SWAP,trade,False,True,False,non_crypto_category,3,100,1778232600000,2026-05-08T09:30:00+00:00,,unknown,,,,insufficient,False,0,0,,,,0.0
none,none,neutral,unknown,unknown,none,unknown,0.0,neutral,[],0.0,,,,none,0.0,,0.0,0,0.0,,,,,,,non_crypto_category,none,False,,,,False,none,GOOGL-USDT-SWAP,trade,False,True,False,non_crypto_category,3,165,1772610300000,2026-03-04T07:45:00+00:00,,unknown,,,,insufficient,False,0,0,,,,0.0
none,none,neutral,unknown,unknown,none,unknown,0.0,short,"['daily_not_aligned', 'daily_unknown', 'expanded_risk']",0.0,,,,none,0.0,,0.0,0,0.0,,,,,,,no_active_three_stage_setup,none,False,,,,False,none,GRAM-USDT-SWAP,trade,False,True,True,,1,60,1781692200000,2026-06-17T10:30:00+00:00,1.331,below_all,-0.5231689088191382,2026-08-17 07:30:00+00:00,2026-08-17 04:00:00+00:00,none,False,1,1,0.3278011773732221,0.469152057144512,-0.008935219657483255,15.046462058299646
none,none,neutral,neutral,neutral,none,unknown,0.0,neutral,[],0.0,,,,expired_or_invalid,0.0,,0.0,0,0.0,,,,,,,fifteen_minute_coil_not_ready,none,False,,,,False,none,GRASS-USDT-SWAP,trade,False,True,True,,1,657,1730125800597,2024-10-28T14:30:00.597000+00:00,0.3189,below_all,-2.2079116835326484,2026-08-17 07:30:00+00:00,2026-08-17 04:00:00+00:00,none,False,1,1,0.7612236203734202,0.8378619515651633,-0.018287107589149667,18.31970395656259
none,none,neutral,unknown,unknown,none,unknown,0.0,unknown,"['daily_unknown', 'four_hour_unknown']",0.0,,,,none,0.0,,0.0,0,0.0,,,,,,,no_active_three_stage_setup,none,False,,,,False,none,GRVT-USDT-SWAP,trade,False,True,True,,1,17,1785423600000,2026-07-30T15:00:00+00:00,0.2857,below_all,-3.4307926314010473,2026-08-17 07:30:00+00:00,2026-08-17 04:00:00+00:00,insufficient,False,0,0,,,,0.0
none,none,neutral,neutral,neutral,none,opposite,0.0,long,"['expanded_risk', 'opposite']",0.0,,,,none,0.0,,0.0,0,0.0,,,,,,,no_active_three_stage_setup,none,False,,,,False,none,H-USDT-SWAP,trade,False,True,True,,1,410,1751522400413,2025-07-03T06:00:00.413000+00:00,0.10875,below_all,-35.128847530422334,2026-08-17 07:30:00+00:00,2026-08-17 04:00:00+00:00,volume_spike_down,True,1,1,18.64984954237614,3.636620456951265,-0.08129006675038004,72.90986137085379
none,none,neutral,unknown,unknown,none,unknown,0.0,neutral,[],0.0,,,,none,0.0,,0.0,0,0.0,,,,,,,non_crypto_category,none,False,,,,False,none,HIMS-USDT-SWAP,trade,False,False,False,non_crypto_category,3,111,1777301100000,2026-04-27T14:45:00+00:00,,unknown,,,,insufficient,False,0,0,,,,0.0
none,none,neutral,unknown,unknown,none,unknown,0.0,neutral,[],0.0,,,,none,0.0,,0.0,0,0.0,,,,,,,bitget_unavailable,none,False,,,,False,none,HMSTR-USDT-SWAP,trade,False,False,False,bitget_unavailable,1,689,1727353800176,2024-09-26T12:30:00.176000+00:00,,unknown,,,,insufficient,False,0,0,,,,0.0
none,none,neutral,unknown,unknown,none,unknown,0.0,neutral,[],0.0,,,,none,0.0,,0.0,0,0.0,,,,,,,non_crypto_category,none,False,,,,False,none,HOOD-USDT-SWAP,trade,False,True,False,non_crypto_category,3,173,1772002800000,2026-02-25T07:00:00+00:00,,unknown,,,,insufficient,False,0,0,,,,0.0
none,none,neutral,unknown,unknown,none,unknown,0.0,neutral,[],0.0,,,,none,0.0,,0.0,0,0.0,,,,,,,non_crypto_category,none,False,,,,False,none,HPE-USDT-SWAP,trade,False,True,False,non_crypto_category,3,75,1780398000000,2026-06-02T11:00:00+00:00,,unknown,,,,insufficient,False,0,0,,,,0.0
none,none,neutral,neutral,neutral,none,unknown,0.0,long,"['daily_not_aligned', 'expanded_risk']",0.0,,,,expired_or_invalid,0.0,,0.0,0,0.0,,,,,,,fifteen_minute_coil_not_ready,none,False,,,,False,none,HYPE-USDT-SWAP,trade,False,True,True,,1,542,1740121200506,2025-02-21T07:00:00.506000+00:00,59.435,above_all,3.838359132045155,2026-08-17 07:30:00+00:00,2026-08-17 04:00:00+00:00,watch_up,False,2,1,0.49775270700031904,0.5044200562671323,0.004289054122941162,26.00202370380299
none,none,neutral,unknown,unknown,none,unknown,0.0,neutral,[],0.0,,,,none,0.0,,0.0,0,0.0,,,,,,,non_crypto_category,none,False,,,,False,none,HYUNDAI-USDT-SWAP,trade,False,True,False,non_crypto_category,3,68,1781070900000,2026-06-10T05:55:00+00:00,,unknown,,,,insufficient,False,0,0,,,,0.0
none,none,neutral,unknown,unknown,none,unknown,0.0,neutral,[],0.0,,,,none,0.0,,0.0,0,0.0,,,,,,,non_crypto_category,none,False,,,,False,none,IBM-USDT-SWAP,trade,False,True,False,non_crypto_category,3,81,1779877800000,2026-05-27T10:30:00+00:00,,unknown,,,,insufficient,False,0,0,,,,0.0
none,none,neutral,neutral,neutral,none,unknown,0.0,long,"['daily_not_aligned', 'expanded_risk']",0.0,,,,none,0.0,,0.0,0,0.0,,,,,,,no_active_three_stage_setup,none,False,,,,False,none,ICP-USDT-SWAP,trade,False,True,True,,1,1920,1620982800000,2021-05-14T09:00:00+00:00,2.296,above_all,1.5030946065428763,2026-08-17 07:30:00+00:00,2026-08-17 04:00:00+00:00,none,False,1,1,0.7718736209547934,0.8167965593386991,0.011653966831017592,18.309757782790065
none,none,neutral,unknown,unknown,none,unknown,0.0,neutral,[],0.0,,,,none,0.0,,0.0,0,0.0,,,,,,,non_crypto_category,none,False,,,,False,none,INFQ-USDT-SWAP,trade,False,True,False,non_crypto_category,3,82,1779786900000,2026-05-26T09:15:00+00:00,,unknown,,,,insufficient,False,0,0,,,,0.0
none,none,short,short,neutral,none,opposite,0.0,short,"['expanded_risk', 'opposite']",0.0,,,,none,0.0,,0.0,0,0.0,,,,,,,no_active_three_stage_setup,none,False,,,,False,none,INJ-USDT-SWAP,trade,False,True,True,,1,990,1701345300667,2023-11-30T11:55:00.667000+00:00,4.155,above_all,0.8984944147644391,2026-08-17 07:30:00+00:00,2026-08-17 04:00:00+00:00,watch_down,False,5,1,0.7989759489594164,0.7459089448785218,-0.022067642120412484,58.23260657943265
none,none,neutral,unknown,unknown,none,unknown,0.0,neutral,[],0.0,,,,none,0.0,,0.0,0,0.0,,,,,,,non_crypto_category,none,False,,,,False,none,INTC-USDT-SWAP,trade,False,True,False,non_crypto_category,3,172,1772089200000,2026-02-26T07:00:00+00:00,,unknown,,,,insufficient,False,0,0,,,,0.0
none,none,neutral,unknown,unknown,none,unknown,0.0,neutral,[],0.0,,,,none,0.0,,0.0,0,0.0,,,,,,,non_crypto_category,none,False,,,,False,none,INTW-USDT-SWAP,trade,False,True,False,non_crypto_category,3,17,1785403800000,2026-07-30T09:30:00+00:00,,unknown,,,,insufficient,False,0,0,,,,0.0
none,none,short,short,short,none,opposite,0.0,short,"['expanded_risk', 'opposite']",0.0,,,,expired_or_invalid,0.0,,0.0,0,0.0,,,,,,,fifteen_minute_coil_not_ready,none,False,,,,False,none,IOTA-USDT-SWAP,trade,False,True,True,,1,2308,1587463971000,2020-04-21T10:12:51+00:00,0.03228,above_all,1.001251564455563,2026-08-17 07:30:00+00:00,2026-08-17 04:00:00+00:00,watch_down,False,4,1,0.5275757424704995,0.695924163095757,-0.02275522755227545,46.725651201639764
none,none,neutral,unknown,unknown,none,unknown,0.0,neutral,[],0.0,,,,none,0.0,,0.0,0,0.0,,,,,,,non_crypto_category,none,False,,,,False,none,IREN-USDT-SWAP,trade,False,True,False,non_crypto_category,3,69,1780910100000,2026-06-08T09:15:00+00:00,,unknown,,,,insufficient,False,0,0,,,,0.0
none,none,neutral,neutral,unknown,none,unknown,0.0,neutral,"['daily_strong_unknown', 'expanded_risk']",0.0,,,,none,0.0,,0.0,0,0.0,,,,,,,no_active_three_stage_setup,none,False,,,,False,none,IRYS-USDT-SWAP,trade,False,True,True,,1,81,1779880500000,2026-05-27T11:15:00+00:00,0.01557,below_all,-3.3519553072625663,2026-08-17 07:30:00+00:00,2026-08-17 04:00:00+00:00,watch_down,False,2,4,0.1159778791041487,0.8899302444613693,-0.055388320288982586,31.249680128904853
none,none,neutral,unknown,unknown,none,unknown,0.0,neutral,[],0.0,,,,none,0.0,,0.0,0,0.0,,,,,,,non_crypto_category,none,False,,,,False,none,ISRG-USDT-SWAP,trade,False,True,False,non_crypto_category,3,66,1781170200000,2026-06-11T09:30:00+00:00,,unknown,,,,insufficient,False,0,0,,,,0.0
none,none,neutral,unknown,unknown,none,unknown,0.0,neutral,[],0.0,,,,none,0.0,,0.0,0,0.0,,,,,,,non_crypto_category,none,False,,,,False,none,IWM-USDT-SWAP,trade,False,True,False,non_crypto_category,3,128,1775822400000,2026-04-10T12:00:00+00:00,,unknown,,,,insufficient,False,0,0,,,,0.0
none,none,neutral,unknown,unknown,none,unknown,0.0,neutral,[],0.0,,,,none,0.0,,0.0,0,0.0,,,,,,,bitget_unavailable,none,False,,,,False,none,JELLYJELLY-USDT-SWAP,trade,False,False,False,bitget_unavailable,1,508,1743004470352,2025-03-26T15:54:30.352000+00:00,,unknown,,,,insufficient,False,0,0,,,,0.0
none,none,neutral,unknown,unknown,none,unknown,0.0,neutral,[],0.0,,,,none,0.0,,0.0,0,0.0,,,,,,,non_crypto_category,none,False,,,,False,none,JNJ-USDT-SWAP,trade,False,False,False,non_crypto_category,3,37,1783674900000,2026-07-10T09:15:00+00:00,,unknown,,,,insufficient,False,0,0,,,,0.0
none,none,neutral,neutral,neutral,none,unknown,0.0,long,"['daily_not_aligned', 'expanded_risk']",0.0,,,,none,0.0,,0.0,0,0.0,,,,,,,no_active_three_stage_setup,none,False,,,,False,none,JTO-USDT-SWAP,trade,False,True,True,,1,952,1704696900623,2024-01-08T06:55:00.623000+00:00,0.6111,above_all,4.390160573966506,2026-08-17 07:30:00+00:00,2026-08-17 04:00:00+00:00,watch_up,False,3,1,0.642631000933504,0.5772610134414576,0.0017274140611504593,36.94493804499189
none,none,short,short,neutral,none,opposite,0.0,short,"['expanded_risk', 'opposite']",0.0,,,,none,0.0,,0.0,0,0.0,,,,,,,no_active_three_stage_setup,none,False,,,,False,none,JUP-USDT-SWAP,trade,False,True,True,,1,928,1706717100211,2024-01-31T16:05:00.211000+00:00,0.1693,above_all,0.9540846750149212,2026-08-17 07:30:00+00:00,2026-08-17 04:00:00+00:00,none,False,1,1,0.28943831999538694,0.5901052687604494,0.004209260372820241,15.217507406258282
none,none,neutral,neutral,neutral,none,unknown,0.0,neutral,['expanded_risk'],0.0,,,,expired_or_invalid,0.0,,0.0,0,0.0,,,,,,,fifteen_minute_coil_ready,none,False,,,,False,none,KGEN-USDT-SWAP,trade,False,True,True,,1,303,1760761801014,2025-10-18T04:30:01.014000+00:00,0.1727,inside_six_line_band,0.46538685282140335,2026-08-17 07:30:00+00:00,2026-08-17 04:00:00+00:00,watch_down,False,5,2,0.15380692055985107,0.3709391141534904,-0.005757052389176747,55.881851945259726
none,none,neutral,unknown,unknown,none,unknown,0.0,neutral,[],0.0,,,,none,0.0,,0.0,0,0.0,,,,,,,non_crypto_category,none,False,,,,False,none,KIOXIA-USDT-SWAP,trade,False,True,False,non_crypto_category,3,52,1782437400000,2026-06-26T01:30:00+00:00,,unknown,,,,insufficient,False,0,0,,,,0.0
none,none,neutral,unknown,unknown,none,unknown,0.0,neutral,[],0.0,,,,none,0.0,,0.0,0,0.0,,,,,,,non_crypto_category,none,False,,,,False,none,KLAC-USDT-SWAP,trade,False,True,False,non_crypto_category,3,54,1782207900000,2026-06-23T09:45:00+00:00,,unknown,,,,insufficient,False,0,0,,,,0.0
none,none,short,short,short,none,opposite,0.0,short,['opposite'],0.0,,,,expired_or_invalid,0.0,,0.0,0,0.0,,,,,,,fifteen_minute_coil_not_ready,none,False,,,,False,none,KMNO-USDT-SWAP,trade,False,True,True,,1,444,1748575800335,2025-05-30T03:30:00.335000+00:00,0.01785,inside_six_line_band,-0.7782101167315036,2026-08-17 07:30:00+00:00,2026-08-17 04:00:00+00:00,watch_down,False,2,1,0.09230899963491464,0.5433912214881867,-0.01991150442477872,24.091718662639135
none,none,neutral,unknown,unknown,none,unknown,0.0,neutral,[],0.0,,,,none,0.0,,0.0,0,0.0,,,,,,,non_crypto_category,none,False,,,,False,none,KO-USDT-SWAP,trade,False,True,False,non_crypto_category,3,6,1786354200000,2026-08-10T09:30:00+00:00,,unknown,,,,insufficient,False,0,0,,,,0.0
none,none,neutral,unknown,unknown,none,unknown,0.0,neutral,[],0.0,,,,none,0.0,,0.0,0,0.0,,,,,,,non_crypto_category,none,False,,,,False,none,KORU-USDT-SWAP,trade,False,True,False,non_crypto_category,3,53,1782292500000,2026-06-24T09:15:00+00:00,,unknown,,,,insufficient,False,0,0,,,,0.0
none,none,neutral,unknown,unknown,none,unknown,0.0,neutral,[],0.0,,,,none,0.0,,0.0,0,0.0,,,,,,,non_crypto_category,none,False,,,,False,none,KR200-USDT-SWAP,trade,False,True,False,non_crypto_category,3,21,1785130200000,2026-07-27T05:30:00+00:00,,unknown,,,,insufficient,False,0,0,,,,0.0
none,none,short,short,short,none,opposite,0.0,short,"['expanded_risk', 'opposite']",0.0,,,,none,0.0,,0.0,0,0.0,,,,,,,no_active_three_stage_setup,none,False,,,,False,none,KSM-USDT-SWAP,trade,False,True,True,,1,2168,1599559971000,2020-09-08T10:12:51+00:00,2.913,above_all,-0.03431708991078475,2026-08-17 07:30:00+00:00,2026-08-17 04:00:00+00:00,none,False,0,1,0.3864521949125571,0.6123562858710353,0.0,5.769329832175892
none,none,short,short,short,none,opposite,0.0,short,"['expanded_risk', 'opposite']",0.0,,,,none,0.0,,0.0,0,0.0,,,,,,,no_active_three_stage_setup,none,False,,,,False,none,LA-USDT-SWAP,trade,False,True,True,,1,429,1749808800320,2025-06-13T10:00:00.320000+00:00,0.05003,above_all,3.6246893123446533,2026-08-17 07:30:00+00:00,2026-08-17 04:00:00+00:00,watch_down,False,2,1,0.10345523316792693,0.5963469717615869,-0.04042250660166576,24.306317081124398
none,none,short,short,neutral,none,opposite,0.0,short,"['expanded_risk', 'opposite']",0.0,,,,none,0.0,,0.0,0,0.0,,,,,,,no_active_three_stage_setup,none,False,,,,False,none,LDO-USDT-SWAP,trade,False,True,True,,1,1292,1675321369323,2023-02-02T07:02:49.323000+00:00,0.3049,above_all,3.1810490693739535,2026-08-17 07:30:00+00:00,2026-08-17 04:00:00+00:00,watch_up,False,2,1,0.4787826322487223,0.8507428015318086,0.009738079247817373,26.946141565839035
none,none,neutral,unknown,unknown,none,unknown,0.0,neutral,[],0.0,,,,none,0.0,,0.0,0,0.0,,,,,,,bitget_unavailable,none,False,,,,False,none,LIGHT-USDT-SWAP,trade,False,False,False,bitget_unavailable,1,243,1765872000000,2025-12-16T08:00:00+00:00,,unknown,,,,insufficient,False,0,0,,,,0.0
none,none,neutral,unknown,unknown,none,unknown,0.0,neutral,[],0.0,,,,none,0.0,,0.0,0,0.0,,,,,,,non_crypto_category,none,False,,,,False,none,LITE-USDT-SWAP,trade,False,True,False,non_crypto_category,3,100,1778231700000,2026-05-08T09:15:00+00:00,,unknown,,,,insufficient,False,0,0,,,,0.0
none,none,neutral,unknown,unknown,none,unknown,0.0,neutral,[],0.0,,,,none,0.0,,0.0,0,0.0,,,,,,,non_crypto_category,none,False,,,,False,none,LLY-USDT-SWAP,trade,False,True,False,non_crypto_category,3,111,1777300200000,2026-04-27T14:30:00+00:00,,unknown,,,,insufficient,False,0,0,,,,0.0
none,none,neutral,neutral,neutral,none,unknown,0.0,neutral,['expanded_risk'],0.0,,,,none,0.0,,0.0,0,0.0,,,,,,,no_active_three_stage_setup,none,False,,,,False,none,LQTY-USDT-SWAP,trade,False,True,True,,1,947,1705053300717,2024-01-12T09:55:00.717000+00:00,0.1941,inside_six_line_band,-1.070336391437321,2026-08-17 07:30:00+00:00,2026-08-17 04:00:00+00:00,none,False,1,1,0.286193748614319,0.5887665300773408,-0.030165912518853723,15.197268333303619
none,none,neutral,unknown,unknown,none,unknown,0.0,neutral,[],0.0,,,,none,0.0,,0.0,0,0.0,,,,,,,non_crypto_category,none,False,,,,False,none,LRCX-USDT-SWAP,trade,False,True,False,non_crypto_category,3,54,1782208800000,2026-06-23T10:00:00+00:00,,unknown,,,,insufficient,False,0,0,,,,0.0
none,none,short,short,short,none,opposite,0.0,short,['opposite'],0.0,,,,none,0.0,,0.0,0,0.0,,,,,,,no_active_three_stage_setup,none,False,,,,False,none,LUNA-USDT-SWAP,trade,False,True,True,,1,1541,1653746082125,2022-05-28T13:54:42.125000+00:00,0.04244,inside_six_line_band,-0.3755868544600971,2026-08-17 07:30:00+00:00,2026-08-17 04:00:00+00:00,none,False,1,1,0.21910770170573715,0.738994550267629,-0.033225657591139754,15.312522159331571
none,none,neutral,unknown,unknown,none,unknown,0.0,neutral,[],0.0,,,,none,0.0,,0.0,0,0.0,,,,,,,non_crypto_category,none,False,,,,False,none,LUNR-USDT-SWAP,trade,False,False,False,non_crypto_category,3,76,1780306200000,2026-06-01T09:30:00+00:00,,unknown,,,,insufficient,False,0,0,,,,0.0
none,none,short,short,short,none,opposite,0.0,short,"['expanded_risk', 'opposite']",0.0,,,,none,0.0,,0.0,0,0.0,,,,,,,no_active_three_stage_setup,none,False,,,,False,none,MANA-USDT-SWAP,trade,False,True,True,,1,1983,1615539600000,2021-03-12T09:00:00+00:00,0.06386,above_all,0.12543116964565115,2026-08-17 07:30:00+00:00,2026-08-17 04:00:00+00:00,watch_down,False,2,1,0.7665249563977252,0.6540513722568024,-0.01547116736990162,27.794778898759034
none,none,short,short,short,none,opposite,0.0,short,"['expanded_risk', 'opposite']",0.0,,,,expired_or_invalid,0.0,,0.0,0,0.0,,,,,,,fifteen_minute_coil_not_ready,none,False,,,,False,none,MASK-USDT-SWAP,trade,False,True,True,,1,1992,1614841200000,2021-03-04T07:00:00+00:00,0.3495,above_all,-0.45571062375392435,2026-08-17 07:30:00+00:00,2026-08-17 04:00:00+00:00,watch_down,False,3,1,0.5230891556982772,0.7206313562706343,-0.012879221522610201,36.77733984730329
none,none,neutral,neutral,neutral,none,unknown,0.0,neutral,['expanded_risk'],0.0,,,,expired_or_invalid,0.0,,0.0,0,0.0,,,,,,,fifteen_minute_coil_not_ready,none,False,,,,False,none,ME-USDT-SWAP,trade,False,True,True,,1,614,1733844600107,2024-12-10T15:30:00.107000+00:00,0.06255,below_all,-2.6610644257703098,2026-08-17 07:30:00+00:00,2026-08-17 04:00:00+00:00,none,False,1,4,0.5793236283690197,0.7825852519742327,-0.02927203065134113,23.244373897767797
none,none,neutral,unknown,unknown,none,unknown,0.0,neutral,[],0.0,,,,none,0.0,,0.0,0,0.0,,,,,,,non_crypto_category,none,False,,,,False,none,META-USDT-SWAP,trade,False,True,False,non_crypto_category,3,165,1772613000000,2026-03-04T08:30:00+00:00,,unknown,,,,insufficient,False,0,0,,,,0.0
none,none,short,short,short,none,opposite,0.0,short,"['expanded_risk', 'opposite']",0.0,,,,none,0.0,,0.0,0,0.0,,,,,,,no_active_three_stage_setup,none,False,,,,False,none,MEW-USDT-SWAP,trade,False,True,True,,1,853,1713169500531,2024-04-15T08:25:00.531000+00:00,0.0003236,above_all,0.3410852713178425,2026-08-17 07:30:00+00:00,2026-08-17 04:00:00+00:00,watch_down,False,3,1,0.4647490664099014,0.9245245578969195,-0.01801801801801812,37.09731900574026
none,none,short,short,short,none,opposite,0.0,short,"['expanded_risk', 'opposite']",0.0,,,,none,0.0,,0.0,0,0.0,,,,,,,no_active_three_stage_setup,none,False,,,,False,none,MINA-USDT-SWAP,trade,False,True,True,,1,1894,1623229200000,2021-06-09T09:00:00+00:00,0.03954,above_all,0.02529724260054156,2026-08-17 07:30:00+00:00,2026-08-17 04:00:00+00:00,none,False,1,1,0.5345407485317196,0.5284059025876785,-0.01694915254237298,16.257921450421634
none,none,neutral,unknown,unknown,none,unknown,0.0,neutral,[],0.0,,,,none,0.0,,0.0,0,0.0,,,,,,,non_crypto_category,none,False,,,,False,none,MINIMAX-USDT-SWAP,trade,False,True,False,non_crypto_category,3,54,1782285300000,2026-06-24T07:15:00+00:00,,unknown,,,,insufficient,False,0,0,,,,0.0
none,none,neutral,neutral,neutral,none,unknown,0.0,neutral,['expanded_risk'],0.0,,,,expired_or_invalid,0.0,,0.0,0,0.0,,,,,,,entry_window_passed,none,False,,,,False,none,MMT-USDT-SWAP,trade,False,True,True,,1,285,1762259401259,2025-11-04T12:30:01.259000+00:00,0.1788,above_all,1.764371087080252,2026-08-17 07:30:00+00:00,2026-08-17 04:00:00+00:00,none,False,1,1,0.14681152703476252,0.3802265136588518,0.012593016599885562,13.874737176150367
none,none,neutral,unknown,unknown,none,unknown,0.0,neutral,[],0.0,,,,none,0.0,,0.0,0,0.0,,,,,,,non_crypto_category,none,False,,,,False,none,MRVL-USDT-SWAP,trade,False,True,False,non_crypto_category,3,96,1778581800000,2026-05-12T10:30:00+00:00,,unknown,,,,insufficient,False,0,0,,,,0.0
none,none,neutral,unknown,unknown,none,unknown,0.0,neutral,[],0.0,,,,none,0.0,,0.0,0,0.0,,,,,,,non_crypto_category,none,False,,,,False,none,MSFT-USDT-SWAP,trade,False,True,False,non_crypto_category,3,165,1772611200000,2026-03-04T08:00:00+00:00,,unknown,,,,insufficient,False,0,0,,,,0.0
none,none,neutral,unknown,unknown,none,unknown,0.0,neutral,[],0.0,,,,none,0.0,,0.0,0,0.0,,,,,,,non_crypto_category,none,False,,,,False,none,MSTR-USDT-SWAP,trade,False,True,False,non_crypto_category,3,172,1772013600000,2026-02-25T10:00:00+00:00,,unknown,,,,insufficient,False,0,0,,,,0.0
none,none,neutral,unknown,unknown,none,unknown,0.0,neutral,[],0.0,,,,none,0.0,,0.0,0,0.0,,,,,,,non_crypto_category,none,False,,,,False,none,MU-USDT-SWAP,trade,False,True,False,non_crypto_category,3,166,1772608500000,2026-03-04T07:15:00+00:00,,unknown,,,,insufficient,False,0,0,,,,0.0
none,none,neutral,unknown,unknown,none,unknown,0.0,neutral,[],0.0,,,,none,0.0,,0.0,0,0.0,,,,,,,non_crypto_category,none,False,,,,False,none,MUU-USDT-SWAP,trade,False,True,False,non_crypto_category,3,45,1782984600000,2026-07-02T09:30:00+00:00,,unknown,,,,insufficient,False,0,0,,,,0.0
none,none,neutral,unknown,unknown,none,unknown,0.0,neutral,[],0.0,,,,none,0.0,,0.0,0,0.0,,,,,,,non_crypto_category,none,False,,,,False,none,MVLL-USDT-SWAP,trade,False,True,False,non_crypto_category,3,45,1782983700000,2026-07-02T09:15:00+00:00,,unknown,,,,insufficient,False,0,0,,,,0.0
none,none,neutral,unknown,unknown,none,unknown,0.0,neutral,[],0.0,,,,none,0.0,,0.0,0,0.0,,,,,,,non_crypto_category,none,False,,,,False,none,NBIS-USDT-SWAP,trade,False,True,False,non_crypto_category,3,89,1779182100000,2026-05-19T09:15:00+00:00,,unknown,,,,insufficient,False,0,0,,,,0.0
none,none,neutral,unknown,unknown,none,unknown,0.0,neutral,[],0.0,,,,none,0.0,,0.0,0,0.0,,,,,,,bitget_unavailable,none,False,,,,False,none,NEIRO-USDT-SWAP,trade,False,False,False,bitget_unavailable,1,683,1727939701217,2024-10-03T07:15:01.217000+00:00,,unknown,,,,insufficient,False,0,0,,,,0.0
none,none,short,short,short,none,opposite,0.0,short,"['expanded_risk', 'opposite']",0.0,,,,none,0.0,,0.0,0,0.0,,,,,,,no_active_three_stage_setup,none,False,,,,False,none,NEO-USDT-SWAP,trade,False,True,True,,1,2361,1582888608000,2020-02-28T11:16:48+00:00,1.686,above_all,0.9580838323353325,2026-08-17 07:30:00+00:00,2026-08-17 04:00:00+00:00,watch_down,False,2,1,0.5571636059594509,0.6866514752555559,-0.011350059737156455,26.845772455563925
none,none,neutral,unknown,unknown,none,unknown,0.0,neutral,[],0.0,,,,none,0.0,,0.0,0,0.0,,,,,,,bitget_unavailable,none,False,,,,False,none,NES-USDT-SWAP,trade,False,False,False,bitget_unavailable,1,53,1782307800000,2026-06-24T13:30:00+00:00,,unknown,,,,insufficient,False,0,0,,,,0.0
none,none,neutral,unknown,unknown,none,unknown,0.0,neutral,[],0.0,,,,none,0.0,,0.0,0,0.0,,,,,,,non_crypto_category,none,False,,,,False,none,NET-USDT-SWAP,trade,False,False,False,non_crypto_category,3,4,1786523400000,2026-08-12T08:30:00+00:00,,unknown,,,,insufficient,False,0,0,,,,0.0
none,none,neutral,unknown,unknown,none,unknown,0.0,neutral,[],0.0,,,,none,0.0,,0.0,0,0.0,,,,,,,non_crypto_category,none,False,,,,False,none,NFLX-USDT-SWAP,trade,False,True,False,non_crypto_category,3,158,1773223200000,2026-03-11T10:00:00+00:00,,unknown,,,,insufficient,False,0,0,,,,0.0
none,none,neutral,unknown,unknown,none,unknown,0.0,neutral,[],0.0,,,,none,0.0,,0.0,0,0.0,,,,,,,non_crypto_category,none,False,,,,False,none,NG-USDT-SWAP,trade,False,False,False,non_crypto_category,4,159,1773133200000,2026-03-10T09:00:00+00:00,,unknown,,,,insufficient,False,0,0,,,,0.0
none,none,neutral,unknown,unknown,none,unknown,0.0,neutral,[],0.0,,,,none,0.0,,0.0,0,0.0,,,,,,,non_crypto_category,none,False,,,,False,none,NOK-USDT-SWAP,trade,False,False,False,non_crypto_category,3,81,1779878700000,2026-05-27T10:45:00+00:00,,unknown,,,,insufficient,False,0,0,,,,0.0
none,none,neutral,unknown,unknown,none,unknown,0.0,neutral,[],0.0,,,,none,0.0,,0.0,0,0.0,,,,,,,non_crypto_category,none,False,,,,False,none,NOW-USDT-SWAP,trade,False,True,False,non_crypto_category,3,75,1780399800000,2026-06-02T11:30:00+00:00,,unknown,,,,insufficient,False,0,0,,,,0.0
none,none,neutral,unknown,unknown,none,unknown,0.0,neutral,[],0.0,,,,none,0.0,,0.0,0,0.0,,,,,,,non_crypto_category,none,False,,,,False,none,NVDA-USDT-SWAP,trade,False,True,False,non_crypto_category,3,166,1772607600000,2026-03-04T07:00:00+00:00,,unknown,,,,insufficient,False,0,0,,,,0.0
none,none,neutral,unknown,unknown,none,unknown,0.0,unknown,['daily_unknown'],0.0,,,,none,0.0,,0.0,0,0.0,,,,,,,no_active_three_stage_setup,none,False,,,,False,none,O-USDT-SWAP,trade,False,True,True,,1,60,1781713800000,2026-06-17T16:30:00+00:00,0.5159,above_all,9.626009349766251,2026-08-17 07:30:00+00:00,2026-08-17 04:00:00+00:00,none,False,1,1,1.4271443796978076,1.3685111750087948,-0.011834319526627132,23.241255423515423
none,none,neutral,unknown,unknown,none,unknown,0.0,neutral,[],0.0,,,,none,0.0,,0.0,0,0.0,,,,,,,bitget_unavailable,none,False,,,,False,none,OFC-USDT-SWAP,trade,False,False,False,bitget_unavailable,1,129,1775732400000,2026-04-09T11:00:00+00:00,,unknown,,,,insufficient,False,0,0,,,,0.0
none,none,neutral,unknown,unknown,none,unknown,0.0,neutral,[],0.0,,,,none,0.0,,0.0,0,0.0,,,,,,,bitget_unavailable,none,False,,,,False,none,OKB-USDT-SWAP,trade,False,False,False,bitget_unavailable,1,347,1756951200395,2025-09-04T02:00:00.395000+00:00,,unknown,,,,insufficient,False,0,0,,,,0.0
none,none,neutral,unknown,unknown,none,unknown,0.0,neutral,[],0.0,,,,none,0.0,,0.0,0,0.0,,,,,,,non_crypto_category,none,False,,,,False,none,OKTA-USDT-SWAP,trade,False,False,False,non_crypto_category,3,17,1785402000000,2026-07-30T09:00:00+00:00,,unknown,,,,insufficient,False,0,0,,,,0.0
none,none,neutral,unknown,unknown,none,unknown,0.0,neutral,[],0.0,,,,none,0.0,,0.0,0,0.0,,,,,,,bitget_unavailable,none,False,,,,False,none,OL-USDT-SWAP,trade,False,False,False,bitget_unavailable,1,291,1761732900938,2025-10-29T10:15:00.938000+00:00,,unknown,,,,insufficient,False,0,0,,,,0.0
none,none,neutral,unknown,unknown,none,unknown,0.0,neutral,[],0.0,,,,none,0.0,,0.0,0,0.0,,,,,,,non_crypto_category,none,False,,,,False,none,ON-USDT-SWAP,trade,False,False,False,non_crypto_category,3,41,1783329300000,2026-07-06T09:15:00+00:00,,unknown,,,,insufficient,False,0,0,,,,0.0
none,none,short,short,neutral,none,opposite,0.0,short,"['expanded_risk', 'opposite']",0.0,,,,none,0.0,,0.0,0,0.0,,,,,,,no_active_three_stage_setup,none,False,,,,False,none,ONDO-USDT-SWAP,trade,False,True,True,,1,740,1722940203957,2024-08-06T10:30:03.957000+00:00,0.3378,above_all,4.3558850787766445,2026-08-17 07:30:00+00:00,2026-08-17 04:00:00+00:00,none,False,1,1,0.3527188309927095,0.6551651082496964,0.0210265924551638,15.729089479712636
none,none,neutral,unknown,unknown,none,unknown,0.0,neutral,[],0.0,,,,none,0.0,,0.0,0,0.0,,,,,,,non_crypto_category,none,False,,,,False,none,ONDS-USDT-SWAP,trade,False,True,False,non_crypto_category,3,61,1781604000000,2026-06-16T10:00:00+00:00,,unknown,,,,insufficient,False,0,0,,,,0.0
none,none,short,short,short,none,opposite,0.0,short,"['expanded_risk', 'opposite']",0.0,,,,expired_or_invalid,0.0,,0.0,0,0.0,,,,,,,fifteen_minute_coil_not_ready,none,False,,,,False,none,OP-USDT-SWAP,trade,False,True,True,,1,1538,1654055717137,2022-06-01T03:55:17.137000+00:00,0.08516,above_all,0.4363722137044501,2026-08-17 07:30:00+00:00,2026-08-17 04:00:00+00:00,watch_down,False,3,1,0.611459335766715,0.87820348446316,-0.016973125884016935,37.69190713222305
none,none,neutral,unknown,unknown,none,unknown,0.0,neutral,[],0.0,,,,none,0.0,,0.0,0,0.0,,,,,,,non_crypto_category,none,False,,,,False,none,OPENAI-USDT-SWAP,trade,False,True,False,non_crypto_category,3,101,1778145300000,2026-05-07T09:15:00+00:00,,unknown,,,,insufficient,False,0,0,,,,0.0
none,none,neutral,unknown,unknown,none,unknown,0.0,neutral,[],0.0,,,,none,0.0,,0.0,0,0.0,,,,,,,non_crypto_category,none,False,,,,False,none,ORCL-USDT-SWAP,trade,False,True,False,non_crypto_category,3,158,1773223200000,2026-03-11T10:00:00+00:00,,unknown,,,,insufficient,False,0,0,,,,0.0
none,none,short,short,neutral,none,opposite,0.0,short,['opposite'],0.0,,,,expired_or_invalid,0.0,,0.0,0,0.0,,,,,,,fifteen_minute_coil_not_ready,none,False,,,,False,none,ORDI-USDT-SWAP,trade,False,True,True,,1,1183,1684662900862,2023-05-21T09:55:00.862000+00:00,3.437,above_all,0.6736965436438203,2026-08-17 07:30:00+00:00,2026-08-17 04:00:00+00:00,none,False,1,1,0.38839032365280396,0.7729891284917727,-0.02534226623944065,16.26091900373934
none,none,neutral,unknown,unknown,none,unknown,0.0,neutral,[],0.0,,,,none,0.0,,0.0,0,0.0,,,,,,,non_crypto_category,none,False,,,,False,none,OSCR-USDT-SWAP,trade,False,False,False,non_crypto_category,3,41,1783332000000,2026-07-06T10:00:00+00:00,,unknown,,,,insufficient,False,0,0,,,,0.0
none,none,short,short,neutral,none,opposite,0.0,short,"['expanded_risk', 'opposite']",0.0,,,,none,0.0,,0.0,0,0.0,,,,,,,no_active_three_stage_setup,none,False,,,,False,none,PENDLE-USDT-SWAP,trade,False,True,True,,1,334,1758093984811,2025-09-17T07:26:24.811000+00:00,1.297,above_all,0.5426356589147252,2026-08-17 07:30:00+00:00,2026-08-17 04:00:00+00:00,watch_down,False,3,1,1.1286326093860666,1.0830811295590246,-0.03612605687932355,40.892406435607406
none,none,neutral,unknown,unknown,none,unknown,0.0,neutral,[],0.0,,,,none,0.0,,0.0,0,0.0,,,,,,,non_crypto_category,none,False,,,,False,none,PENG-USDT-SWAP,trade,False,True,False,non_crypto_category,3,37,1783675800000,2026-07-10T09:30:00+00:00,,unknown,,,,insufficient,False,0,0,,,,0.0
none,none,short,short,short,none,opposite,0.0,short,"['expanded_risk', 'opposite']",0.0,,,,expired_or_invalid,0.0,,0.0,0,0.0,,,,,,,fifteen_minute_coil_ready,none,False,,,,False,none,PENGU-USDT-SWAP,trade,False,True,True,,1,607,1734450902264,2024-12-17T15:55:02.264000+00:00,0.005991,above_all,-0.10005002501251026,2026-08-17 07:30:00+00:00,2026-08-17 04:00:00+00:00,watch_down,False,3,1,0.5781242235981774,0.6262676772987041,-0.011853088480801317,36.769424149887
none,none,long,long,neutral,none,opposite,0.0,long,"['expanded_risk', 'opposite']",0.0,,,,none,0.0,,0.0,0,0.0,,,,,,,entry_window_passed,none,False,,,,False,none,PEOPLE-USDT-SWAP,trade,False,True,True,,1,1719,1638427889758,2021-12-02T06:51:29.758000+00:00,0.007332,below_all,-2.279088364654136,2026-08-17 07:30:00+00:00,2026-08-17 04:00:00+00:00,watch_down,False,5,2,0.21750431409420667,0.41167136544610805,-0.013972055888223561,56.32253566680936
none,none,neutral,unknown,unknown,none,unknown,0.0,neutral,[],0.0,,,,none,0.0,,0.0,0,0.0,,,,,,,non_crypto_category,none,False,,,,False,none,PLTR-USDT-SWAP,trade,False,True,False,non_crypto_category,3,172,1772090100000,2026-02-26T07:15:00+00:00,,unknown,,,,insufficient,False,0,0,,,,0.0
none,none,short,short,neutral,none,opposite,0.0,short,['opposite'],0.0,,,,expired_or_invalid,0.0,,0.0,0,0.0,,,,,,,fifteen_minute_coil_not_ready,none,False,,,,False,none,PNUT-USDT-SWAP,trade,False,True,True,,1,643,1731382200304,2024-11-12T03:30:00.304000+00:00,0.04198,above_all,1.9179412478757207,2026-08-17 07:30:00+00:00,2026-08-17 04:00:00+00:00,watch_down,False,3,1,0.6312609962329075,0.5942905487880158,-0.009270553793608157,36.93917662752859
none,none,neutral,unknown,unknown,none,unknown,0.0,neutral,[],0.0,,,,none,0.0,,0.0,0,0.0,,,,,,,non_crypto_category,none,False,,,,False,none,POET-USDT-SWAP,trade,False,True,False,non_crypto_category,3,61,1781603100000,2026-06-16T09:45:00+00:00,,unknown,,,,insufficient,False,0,0,,,,0.0
none,none,short,short,neutral,none,opposite,0.0,short,"['expanded_risk', 'opposite']",0.0,,,,expired_or_invalid,0.0,,0.0,0,0.0,,,,,,,first_pullback_failed,none,False,,,,False,none,POL-USDT-SWAP,trade,False,True,True,,1,691,1727166600128,2024-09-24T08:30:00.128000+00:00,0.07517,above_all,0.33368926855312786,2026-08-17 07:30:00+00:00,2026-08-17 04:00:00+00:00,none,False,1,1,0.3584482538513483,0.44048419127041144,-0.0065090329436769965,15.113693843067976
none,none,neutral,unknown,unknown,none,unknown,0.0,neutral,[],0.0,,,,none,0.0,,0.0,0,0.0,,,,,,,non_crypto_category,none,False,,,,False,none,POPMART-USDT-SWAP,trade,False,True,False,non_crypto_category,3,5,1786519800000,2026-08-12T07:30:00+00:00,,unknown,,,,insufficient,False,0,0,,,,0.0
none,none,short,short,unknown,none,opposite,0.0,short,"['daily_strong_unknown', 'expanded_risk', 'opposite']",0.0,,,,none,0.0,,0.0,0,0.0,,,,,,,no_active_three_stage_setup,none,False,,,,False,none,PROS-USDT-SWAP,trade,False,True,True,,1,110,1777384800000,2026-04-28T14:00:00+00:00,0.3744,above_all,0.5370569280343629,2026-08-17 07:30:00+00:00,2026-08-17 04:00:00+00:00,none,False,1,1,0.037597969284962424,0.4644658994782255,-0.023936170212765978,13.581387544859489
none,none,short,short,short,none,opposite,0.0,short,"['expanded_risk', 'opposite']",0.0,,,,expired_or_invalid,0.0,,0.0,0,0.0,,,,,,,fifteen_minute_coil_not_ready,none,False,,,,False,none,PYTH-USDT-SWAP,trade,False,True,True,,1,1000,1700492100712,2023-11-20T14:55:00.712000+00:00,0.03918,above_all,-0.3813882532417989,2026-08-17 07:30:00+00:00,2026-08-17 04:00:00+00:00,none,False,1,1,0.3052504673780453,0.6648614088258752,-0.025921219822109275,15.520836563367853
none,none,neutral,unknown,unknown,none,unknown,0.0,neutral,[],0.0,,,,none,0.0,,0.0,0,0.0,,,,,,,non_crypto_category,none,False,,,,False,none,QCOM-USDT-SWAP,trade,False,True,False,non_crypto_category,3,89,1779183000000,2026-05-19T09:30:00+00:00,,unknown,,,,insufficient,False,0,0,,,,0.0
none,none,neutral,unknown,unknown,none,unknown,0.0,neutral,[],0.0,,,,none,0.0,,0.0,0,0.0,,,,,,,non_crypto_category,none,False,,,,False,none,QNT-USDT-SWAP,trade,False,True,False,non_crypto_category,3,72,1780655400000,2026-06-05T10:30:00+00:00,,unknown,,,,insufficient,False,0,0,,,,0.0
none,none,neutral,unknown,unknown,none,unknown,0.0,neutral,[],0.0,,,,none,0.0,,0.0,0,0.0,,,,,,,non_crypto_category,none,False,,,,False,none,QQQ-USDT-SWAP,trade,False,True,False,non_crypto_category,3,165,1772613900000,2026-03-04T08:45:00+00:00,,unknown,,,,insufficient,False,0,0,,,,0.0
none,none,neutral,neutral,neutral,none,unknown,0.0,neutral,['expanded_risk'],0.0,,,,expired_or_invalid,0.0,,0.0,0,0.0,,,,,,,entry_window_passed,none,False,,,,False,none,QTUM-USDT-SWAP,trade,False,True,True,,1,2308,1587463971000,2020-04-21T10:12:51+00:00,0.6877,above_all,1.806069578090308,2026-08-17 07:30:00+00:00,2026-08-17 04:00:00+00:00,none,False,1,1,0.5876277953866148,0.7455548670656753,0.0016286644951139916,17.1748035781301
none,none,neutral,unknown,unknown,none,unknown,0.0,neutral,[],0.0,,,,none,0.0,,0.0,0,0.0,,,,,,,non_crypto_category,none,False,,,,False,none,RAM-USDT-SWAP,trade,False,True,False,non_crypto_category,3,45,1782985500000,2026-07-02T09:45:00+00:00,,unknown,,,,insufficient,False,0,0,,,,0.0
none,none,short,short,neutral,none,opposite,0.0,short,"['expanded_risk', 'opposite']",0.0,,,,expired_or_invalid,0.0,,0.0,0,0.0,,,,,,,fifteen_minute_coil_not_ready,none,False,,,,False,none,RAVE-USDT-SWAP,trade,False,True,True,,1,244,1765785600000,2025-12-15T08:00:00+00:00,0.2803,inside_six_line_band,2.3366192040890965,2026-08-17 07:30:00+00:00,2026-08-17 04:00:00+00:00,none,False,1,1,0.2919800344940371,0.4865224843598153,-0.003567606136282558,14.91946762554963
none,none,neutral,unknown,unknown,none,unknown,0.0,neutral,[],0.0,,,,none,0.0,,0.0,0,0.0,,,,,,,non_crypto_category,none,False,,,,False,none,RDDT-USDT-SWAP,trade,False,True,False,non_crypto_category,3,59,1781776800000,2026-06-18T10:00:00+00:00,,unknown,,,,insufficient,False,0,0,,,,0.0
none,none,neutral,unknown,unknown,none,unknown,0.0,neutral,[],0.0,,,,none,0.0,,0.0,0,0.0,,,,,,,non_crypto_category,none,False,,,,False,none,RDW-USDT-SWAP,trade,False,True,False,non_crypto_category,3,76,1780305300000,2026-06-01T09:15:00+00:00,,unknown,,,,insufficient,False,0,0,,,,0.0
none,none,long,long,neutral,none,opposite,0.0,long,"['expanded_risk', 'opposite']",0.0,,,,none,0.0,,0.0,0,0.0,,,,,,,no_active_three_stage_setup,none,False,,,,False,none,RECALL-USDT-SWAP,trade,False,True,True,,1,290,1761819300976,2025-10-30T10:15:00.976000+00:00,0.04733,below_all,-4.480322906155399,2026-08-17 07:30:00+00:00,2026-08-17 04:00:00+00:00,none,False,1,2,0.338689901970213,0.5445668970499106,-0.007477768795472964,17.327150201000798
none,none,neutral,unknown,unknown,none,unknown,0.0,neutral,[],0.0,,,,none,0.0,,0.0,0,0.0,,,,,,,non_crypto_category,none,False,,,,False,none,RIOT-USDT-SWAP,trade,False,False,False,non_crypto_category,3,4,1786522500000,2026-08-12T08:15:00+00:00,,unknown,,,,insufficient,False,0,0,,,,0.0
none,none,neutral,unknown,unknown,none,unknown,0.0,neutral,[],0.0,,,,none,0.0,,0.0,0,0.0,,,,,,,non_crypto_category,none,False,,,,False,none,RIVN-USDT-SWAP,trade,False,False,False,non_crypto_category,3,59,1781775000000,2026-06-18T09:30:00+00:00,,unknown,,,,insufficient,False,0,0,,,,0.0
none,none,neutral,unknown,unknown,none,unknown,0.0,neutral,[],0.0,,,,none,0.0,,0.0,0,0.0,,,,,,,non_crypto_category,none,False,,,,False,none,RKLB-USDT-SWAP,trade,False,True,False,non_crypto_category,3,96,1778580900000,2026-05-12T10:15:00+00:00,,unknown,,,,insufficient,False,0,0,,,,0.0
none,none,neutral,unknown,unknown,none,unknown,0.0,neutral,[],0.0,,,,none,0.0,,0.0,0,0.0,,,,,,,bitget_unavailable,none,False,,,,False,none,RLS-USDT-SWAP,trade,False,False,False,bitget_unavailable,1,257,1764688500000,2025-12-02T15:15:00+00:00,,unknown,,,,insufficient,False,0,0,,,,0.0
none,none,neutral,unknown,unknown,none,unknown,0.0,neutral,[],0.0,,,,none,0.0,,0.0,0,0.0,,,,,,,non_crypto_category,none,False,,,,False,none,ROK-USDT-SWAP,trade,False,True,False,non_crypto_category,3,65,1781256600000,2026-06-12T09:30:00+00:00,,unknown,,,,insufficient,False,0,0,,,,0.0
none,none,short,short,short,none,opposite,0.0,short,"['expanded_risk', 'opposite']",0.0,,,,none,0.0,,0.0,0,0.0,,,,,,,no_active_three_stage_setup,none,False,,,,False,none,RVN-USDT-SWAP,trade,False,True,True,,1,1942,1619161200000,2021-04-23T07:00:00+00:00,0.002937,inside_six_line_band,6.9945355191256775,2026-08-17 07:30:00+00:00,2026-08-17 04:00:00+00:00,watch_up,False,4,1,1.4556696037007448,1.3417426983811747,0.04224352147674822,53.303576113647246
none,none,neutral,unknown,unknown,none,unknown,0.0,neutral,[],0.0,,,,none,0.0,,0.0,0,0.0,,,,,,,non_crypto_category,none,False,,,,False,none,SAMSUNG-USDT-SWAP,trade,False,True,False,non_crypto_category,3,68,1781070300000,2026-06-10T05:45:00+00:00,,unknown,,,,insufficient,False,0,0,,,,0.0
none,none,short,short,short,none,opposite,0.0,short,"['expanded_risk', 'opposite']",0.0,,,,none,0.0,,0.0,0,0.0,,,,,,,no_active_three_stage_setup,none,False,,,,False,none,SAND-USDT-SWAP,trade,False,True,True,,1,1962,1617354000000,2021-04-02T09:00:00+00:00,0.04002,inside_six_line_band,1.8839103869653595,2026-08-17 07:30:00+00:00,2026-08-17 04:00:00+00:00,watch_down,False,2,1,1.1220752271478331,0.99214908039706,-0.010627530364372388,30.586823376930347
none,none,short,short,neutral,none,opposite,0.0,short,"['expanded_risk', 'opposite']",0.0,,,,expired_or_invalid,0.0,,0.0,0,0.0,,,,,,,fifteen_minute_coil_not_ready,none,False,,,,False,none,SAPIEN-USDT-SWAP,trade,False,True,True,,1,283,1762429500524,2025-11-06T11:45:00.524000+00:00,0.0778,above_all,-0.21803257663204345,2026-08-17 07:30:00+00:00,2026-08-17 04:00:00+00:00,none,False,1,1,0.4675297491458774,0.45740349647961526,-0.00952871491115123,15.709859235168233
none,none,neutral,unknown,unknown,none,unknown,0.0,neutral,[],0.0,,,,none,0.0,,0.0,0,0.0,,,,,,,bitget_unavailable,none,False,,,,False,none,SATS-USDT-SWAP,trade,False,False,False,bitget_unavailable,1,972,1702889700612,2023-12-18T08:55:00.612000+00:00,,unknown,,,,insufficient,False,0,0,,,,0.0
none,none,short,short,short,none,opposite,0.0,short,"['expanded_risk', 'opposite']",0.0,,,,none,0.0,,0.0,0,0.0,,,,,,,no_active_three_stage_setup,none,False,,,,False,none,SEI-USDT-SWAP,trade,False,True,True,,1,276,1763105401238,2025-11-14T07:30:01.238000+00:00,0.03979,above_all,-0.3506135737540772,2026-08-17 07:30:00+00:00,2026-08-17 04:00:00+00:00,watch_down,False,3,1,0.5833314924110392,0.6343036253854123,-0.008062484252960463,36.81956833821143
none,none,neutral,unknown,unknown,none,unknown,0.0,neutral,[],0.0,,,,none,0.0,,0.0,0,0.0,,,,,,,non_crypto_category,none,False,,,,False,none,SHAZ-USDT-SWAP,trade,False,True,False,non_crypto_category,3,37,1783674000000,2026-07-10T09:00:00+00:00,,unknown,,,,insufficient,False,0,0,,,,0.0
none,none,neutral,neutral,neutral,none,opposite,0.0,long,"['expanded_risk', 'opposite']",0.0,,,,expired_or_invalid,0.0,,0.0,0,0.0,,,,,,,first_pullback_failed,none,False,,,,False,none,SHELL-USDT-SWAP,trade,False,True,True,,1,535,1740657600557,2025-02-27T12:00:00.557000+00:00,0.02085,below_all,-0.1436781609195359,2026-08-17 07:30:00+00:00,2026-08-17 04:00:00+00:00,watch_up,False,3,1,0.4780429898464108,0.9974001468970651,0.028051181102362086,37.382415389923246
none,none,neutral,unknown,unknown,none,unknown,0.0,neutral,[],0.0,,,,none,0.0,,0.0,0,0.0,,,,,,,non_crypto_category,none,False,,,,False,none,SHLD-USDT-SWAP,trade,False,False,False,non_crypto_category,3,96,1778580000000,2026-05-12T10:00:00+00:00,,unknown,,,,insufficient,False,0,0,,,,0.0
none,none,neutral,unknown,unknown,none,unknown,0.0,neutral,[],0.0,,,,none,0.0,,0.0,0,0.0,,,,,,,non_crypto_category,none,False,,,,False,none,SHOP-USDT-SWAP,trade,False,True,False,non_crypto_category,3,10,1786015800000,2026-08-06T11:30:00+00:00,,unknown,,,,insufficient,False,0,0,,,,0.0
none,none,short,short,short,none,opposite,0.0,short,"['expanded_risk', 'opposite']",0.0,,,,none,0.0,,0.0,0,0.0,,,,,,,no_active_three_stage_setup,none,False,,,,False,none,SIGN-USDT-SWAP,trade,False,True,True,,1,475,1745839800340,2025-04-28T11:30:00.340000+00:00,0.006806,above_all,4.083193148799524,2026-08-17 07:30:00+00:00,2026-08-17 04:00:00+00:00,watch_up,False,2,1,0.5373684656017418,1.2084599378015644,0.024053929829937187,28.3122221414134
none,none,neutral,unknown,unknown,none,unknown,0.0,neutral,[],0.0,,,,none,0.0,,0.0,0,0.0,,,,,,,non_crypto_category,none,False,,,,False,none,SIMO-USDT-SWAP,trade,False,True,False,non_crypto_category,3,41,1783331100000,2026-07-06T09:45:00+00:00,,unknown,,,,insufficient,False,0,0,,,,0.0
none,none,neutral,unknown,unknown,none,unknown,0.0,neutral,[],0.0,,,,none,0.0,,0.0,0,0.0,,,,,,,non_crypto_category,none,False,,,,False,none,SKDD-USDT-SWAP,trade,False,True,False,non_crypto_category,3,6,1786353300000,2026-08-10T09:15:00+00:00,,unknown,,,,insufficient,False,0,0,,,,0.0
none,none,neutral,unknown,unknown,none,unknown,0.0,neutral,[],0.0,,,,none,0.0,,0.0,0,0.0,,,,,,,non_crypto_category,none,False,,,,False,none,SKHY-USDT-SWAP,trade,False,True,False,non_crypto_category,3,37,1783699800000,2026-07-10T16:10:00+00:00,,unknown,,,,insufficient,False,0,0,,,,0.0
none,none,neutral,unknown,unknown,none,unknown,0.0,neutral,[],0.0,,,,none,0.0,,0.0,0,0.0,,,,,,,non_crypto_category,none,False,,,,False,none,SKHYNIX-USDT-SWAP,trade,False,True,False,non_crypto_category,3,68,1781070600000,2026-06-10T05:50:00+00:00,,unknown,,,,insufficient,False,0,0,,,,0.0
none,none,neutral,unknown,unknown,none,unknown,0.0,neutral,[],0.0,,,,none,0.0,,0.0,0,0.0,,,,,,,non_crypto_category,none,False,,,,False,none,SKUU-USDT-SWAP,trade,False,True,False,non_crypto_category,3,6,1786352400000,2026-08-10T09:00:00+00:00,,unknown,,,,insufficient,False,0,0,,,,0.0
none,none,neutral,unknown,unknown,none,unknown,0.0,neutral,[],0.0,,,,none,0.0,,0.0,0,0.0,,,,,,,non_crypto_category,none,False,,,,False,none,SMCI-USDT-SWAP,trade,False,True,False,non_crypto_category,3,53,1782294300000,2026-06-24T09:45:00+00:00,,unknown,,,,insufficient,False,0,0,,,,0.0
none,none,neutral,unknown,unknown,none,unknown,0.0,neutral,[],0.0,,,,none,0.0,,0.0,0,0.0,,,,,,,non_crypto_category,none,False,,,,False,none,SMH-USDT-SWAP,trade,False,True,False,non_crypto_category,3,59,1781773200000,2026-06-18T09:00:00+00:00,,unknown,,,,insufficient,False,0,0,,,,0.0
none,none,neutral,unknown,unknown,none,unknown,0.0,neutral,[],0.0,,,,none,0.0,,0.0,0,0.0,,,,,,,non_crypto_category,none,False,,,,False,none,SNDK-USDT-SWAP,trade,False,True,False,non_crypto_category,3,166,1772609400000,2026-03-04T07:30:00+00:00,,unknown,,,,insufficient,False,0,0,,,,0.0
none,none,neutral,unknown,unknown,none,unknown,0.0,neutral,[],0.0,,,,none,0.0,,0.0,0,0.0,,,,,,,non_crypto_category,none,False,,,,False,none,SNOW-USDT-SWAP,trade,False,True,False,non_crypto_category,3,30,1784287800000,2026-07-17T11:30:00+00:00,,unknown,,,,insufficient,False,0,0,,,,0.0
none,none,short,short,short,none,opposite,0.0,short,"['expanded_risk', 'opposite']",0.0,,,,none,0.0,,0.0,0,0.0,,,,,,,entry_window_passed,none,False,,,,False,none,SNX-USDT-SWAP,trade,False,True,True,,1,2186,1598004771000,2020-08-21T10:12:51+00:00,0.1986,above_all,0.20181634712412855,2026-08-17 07:30:00+00:00,2026-08-17 04:00:00+00:00,none,False,1,1,0.26072312797208275,0.553572726717945,-0.009600808489135852,14.96433382001425
none,none,neutral,unknown,unknown,none,unknown,0.0,neutral,[],0.0,,,,none,0.0,,0.0,0,0.0,,,,,,,non_crypto_category,none,False,,,,False,none,SNXX-USDT-SWAP,trade,False,True,False,non_crypto_category,3,33,1784030400000,2026-07-14T12:00:00+00:00,,unknown,,,,insufficient,False,0,0,,,,0.0
none,none,neutral,unknown,unknown,none,unknown,0.0,neutral,[],0.0,,,,none,0.0,,0.0,0,0.0,,,,,,,non_crypto_category,none,False,,,,False,none,SOFTBANK-USDT-SWAP,trade,False,False,False,non_crypto_category,3,46,1782970200000,2026-07-02T05:30:00+00:00,,unknown,,,,insufficient,False,0,0,,,,0.0
none,none,short,short,neutral,none,opposite,0.0,short,"['expanded_risk', 'opposite']",0.0,,,,none,0.0,,0.0,0,0.0,,,,,,,no_active_three_stage_setup,none,False,,,,False,none,SOL-USDT-SWAP,trade,False,True,True,,1,2033,1611298800000,2021-01-22T07:00:00+00:00,75.82,above_all,0.5436944702294166,2026-08-17 07:30:00+00:00,2026-08-17 04:00:00+00:00,watch_down,False,3,1,0.5291197895483001,0.8312715573680266,-0.009827357237715736,37.13941361984558
none,none,neutral,unknown,unknown,none,unknown,0.0,neutral,[],0.0,,,,none,0.0,,0.0,0,0.0,,,,,,,non_crypto_category,none,False,,,,False,none,SONY-USDT-SWAP,trade,False,True,False,non_crypto_category,3,53,1782293400000,2026-06-24T09:30:00+00:00,,unknown,,,,insufficient,False,0,0,,,,0.0
none,none,neutral,neutral,neutral,none,unknown,0.0,neutral,['expanded_risk'],0.0,,,,expired_or_invalid,0.0,,0.0,0,0.0,,,,,,,fifteen_minute_coil_not_ready,none,False,,,,False,none,SOON-USDT-SWAP,trade,False,True,True,,1,450,1747999800456,2025-05-23T11:30:00.456000+00:00,0.2028,above_all,5.023303987571204,2026-08-17 07:30:00+00:00,2026-08-17 04:00:00+00:00,watch_down,False,4,1,0.050420545656083365,0.5781941170155881,-0.03395843892549423,43.98668507932718
none,none,neutral,unknown,unknown,none,unknown,0.0,neutral,[],0.0,,,,none,0.0,,0.0,0,0.0,,,,,,,non_crypto_category,none,False,,,,False,none,SOXL-USDT-SWAP,trade,False,True,False,non_crypto_category,3,89,1779181200000,2026-05-19T09:00:00+00:00,,unknown,,,,insufficient,False,0,0,,,,0.0
none,none,neutral,unknown,unknown,none,unknown,0.0,neutral,[],0.0,,,,none,0.0,,0.0,0,0.0,,,,,,,non_crypto_category,none,False,,,,False,none,SOXS-USDT-SWAP,trade,False,True,False,non_crypto_category,3,30,1784278800000,2026-07-17T09:00:00+00:00,,unknown,,,,insufficient,False,0,0,,,,0.0
none,none,neutral,unknown,unknown,none,unknown,0.0,neutral,[],0.0,,,,none,0.0,,0.0,0,0.0,,,,,,,non_crypto_category,none,False,,,,False,none,SPCX-USDT-SWAP,trade,False,True,False,non_crypto_category,3,101,1778144400000,2026-05-07T09:00:00+00:00,,unknown,,,,insufficient,False,0,0,,,,0.0
none,none,short,short,short,none,opposite,0.0,short,"['expanded_risk', 'opposite']",0.0,,,,none,0.0,,0.0,0,0.0,,,,,,,no_active_three_stage_setup,none,False,,,,False,none,SPK-USDT-SWAP,trade,False,True,True,,1,425,1750156200346,2025-06-17T10:30:00.346000+00:00,0.01443,inside_six_line_band,0.8385744234800763,2026-08-17 07:30:00+00:00,2026-08-17 04:00:00+00:00,watch_up,False,4,1,0.6038656489877996,0.5276513827573998,0.007037297677691724,46.6022823932112
none,none,short,short,short,none,opposite,0.0,short,['opposite'],0.0,,,,none,0.0,,0.0,0,0.0,,,,,,,no_active_three_stage_setup,none,False,,,,False,none,SPX-USDT-SWAP,trade,False,True,True,,1,396,1752728400453,2025-07-17T05:00:00.453000+00:00,0.3209,above_all,0.627155848228278,2026-08-17 07:30:00+00:00,2026-08-17 04:00:00+00:00,none,False,1,1,0.9005596808673801,0.7112714726420986,-0.023543990086741004,18.636612822263196
none,none,neutral,unknown,unknown,none,unknown,0.0,neutral,[],0.0,,,,none,0.0,,0.0,0,0.0,,,,,,,non_crypto_category,none,False,,,,False,none,SPY-USDT-SWAP,trade,False,True,False,non_crypto_category,3,165,1772614800000,2026-03-04T09:00:00+00:00,,unknown,,,,insufficient,False,0,0,,,,0.0
none,none,neutral,unknown,unknown,none,unknown,0.0,neutral,[],0.0,,,,none,0.0,,0.0,0,0.0,,,,,,,non_crypto_category,none,False,,,,False,none,SQQQ-USDT-SWAP,trade,False,True,False,non_crypto_category,3,33,1784031300000,2026-07-14T12:15:00+00:00,,unknown,,,,insufficient,False,0,0,,,,0.0
none,none,neutral,neutral,neutral,none,unknown,0.0,neutral,[],0.0,,,,none,0.0,,0.0,0,0.0,,,,,,,entry_window_passed,none,False,,,,False,none,SSV-USDT-SWAP,trade,False,True,True,,1,998,1700711700717,2023-11-23T03:55:00.717000+00:00,2.138,inside_six_line_band,0.1405152224824402,2026-08-17 07:30:00+00:00,2026-08-17 04:00:00+00:00,none,False,1,1,0.2736357779557935,0.5036512864666767,-0.0014077897700608493,14.879132749178996
none,none,neutral,unknown,unknown,none,unknown,0.0,neutral,[],0.0,,,,none,0.0,,0.0,0,0.0,,,,,,,non_crypto_category,none,False,,,,False,none,STRC-USDT-SWAP,trade,False,True,False,non_crypto_category,3,48,1782725400000,2026-06-29T09:30:00+00:00,,unknown,,,,insufficient,False,0,0,,,,0.0
none,none,short,short,short,none,opposite,0.0,short,"['expanded_risk', 'opposite']",0.0,,,,expired_or_invalid,0.0,,0.0,0,0.0,,,,,,,first_pullback_failed,none,False,,,,False,none,SUI-USDT-SWAP,trade,False,True,True,,1,1200,1683258900891,2023-05-05T03:55:00.891000+00:00,0.6783,above_all,0.2660753880266098,2026-08-17 07:30:00+00:00,2026-08-17 04:00:00+00:00,watch_down,False,3,1,0.6395337683632171,0.6789797491962224,-0.00915940316147139,37.23460808940475
none,none,neutral,neutral,neutral,none,unknown,0.0,neutral,['expanded_risk'],0.0,,,,none,0.0,,0.0,0,0.0,,,,,,,no_active_three_stage_setup,none,False,,,,False,none,SYRUP-USDT-SWAP,trade,False,True,True,,1,410,1751524200291,2025-07-03T06:30:00.291000+00:00,0.1608,below_all,1.0685103708359511,2026-08-17 07:30:00+00:00,2026-08-17 04:00:00+00:00,momentum_up,True,2,2,3.275644292936913,1.2335319024500653,0.011166253101736948,44.07881717203476
none,none,neutral,unknown,unknown,none,unknown,0.0,neutral,[],0.0,,,,none,0.0,,0.0,0,0.0,,,,,,,non_crypto_category,none,False,,,,False,none,TER-USDT-SWAP,trade,False,True,False,non_crypto_category,3,61,1781601300000,2026-06-16T09:15:00+00:00,,unknown,,,,insufficient,False,0,0,,,,0.0
none,none,neutral,neutral,neutral,none,unknown,0.0,long,"['daily_not_aligned', 'expanded_risk']",0.0,,,,expired_or_invalid,0.0,,0.0,0,0.0,,,,,,,entry_window_passed,none,False,,,,False,none,THETA-USDT-SWAP,trade,False,True,True,,1,2308,1587463971000,2020-04-21T10:12:51+00:00,0.1383,above_all,-0.6465517241379226,2026-08-17 07:30:00+00:00,2026-08-17 04:00:00+00:00,none,False,1,1,0.6932911117575148,0.6740127511426482,-0.018089725036179467,17.48849381221552
none,none,neutral,unknown,unknown,none,unknown,0.0,neutral,[],0.0,,,,none,0.0,,0.0,0,0.0,,,,,,,non_crypto_category,none,False,,,,False,none,TMF-USDT-SWAP,trade,False,True,False,non_crypto_category,3,18,1785315600000,2026-07-29T09:00:00+00:00,,unknown,,,,insufficient,False,0,0,,,,0.0
none,none,neutral,unknown,unknown,none,unknown,0.0,neutral,[],0.0,,,,none,0.0,,0.0,0,0.0,,,,,,,non_crypto_category,none,False,,,,False,none,TQQQ-USDT-SWAP,trade,False,True,False,non_crypto_category,3,45,1782982800000,2026-07-02T09:00:00+00:00,,unknown,,,,insufficient,False,0,0,,,,0.0
none,none,short,short,short,none,opposite,0.0,short,"['expanded_risk', 'opposite']",0.0,,,,expired_or_invalid,0.0,,0.0,0,0.0,,,,,,,fifteen_minute_coil_not_ready,none,False,,,,False,none,TRB-USDT-SWAP,trade,False,True,True,,1,2168,1599559971000,2020-09-08T10:12:51+00:00,13.12,above_all,-0.37965072133637756,2026-08-17 07:30:00+00:00,2026-08-17 04:00:00+00:00,watch_down,False,2,1,0.5899087770823509,0.7311877824545665,-0.01902587519025875,27.143107232775453
none,none,neutral,unknown,unknown,none,unknown,0.0,neutral,[],0.0,,,,none,0.0,,0.0,0,0.0,,,,,,,bitget_unavailable,none,False,,,,False,none,TRUTH-USDT-SWAP,trade,False,False,False,bitget_unavailable,1,261,1764329400000,2025-11-28T11:30:00+00:00,,unknown,,,,insufficient,False,0,0,,,,0.0
none,none,neutral,unknown,unknown,none,unknown,0.0,neutral,[],0.0,,,,none,0.0,,0.0,0,0.0,,,,,,,non_crypto_category,none,False,,,,False,none,TSEM-USDT-SWAP,trade,False,True,False,non_crypto_category,3,52,1782384300000,2026-06-25T10:45:00+00:00,,unknown,,,,insufficient,False,0,0,,,,0.0
none,none,neutral,unknown,unknown,none,unknown,0.0,neutral,[],0.0,,,,none,0.0,,0.0,0,0.0,,,,,,,non_crypto_category,none,False,,,,False,none,TSLA-USDT-SWAP,trade,False,True,False,non_crypto_category,3,172,1772010000000,2026-02-25T09:00:00+00:00,,unknown,,,,insufficient,False,0,0,,,,0.0
none,none,neutral,unknown,unknown,none,unknown,0.0,neutral,[],0.0,,,,none,0.0,,0.0,0,0.0,,,,,,,non_crypto_category,none,False,,,,False,none,TSM-USDT-SWAP,trade,False,True,False,non_crypto_category,3,158,1773223200000,2026-03-11T10:00:00+00:00,,unknown,,,,insufficient,False,0,0,,,,0.0
none,none,neutral,unknown,unknown,none,unknown,0.0,neutral,[],0.0,,,,none,0.0,,0.0,0,0.0,,,,,,,non_crypto_category,none,False,,,,False,none,TTMI-USDT-SWAP,trade,False,False,False,non_crypto_category,3,54,1782209700000,2026-06-23T10:15:00+00:00,,unknown,,,,insufficient,False,0,0,,,,0.0
none,none,neutral,unknown,unknown,none,unknown,0.0,neutral,[],0.0,,,,none,0.0,,0.0,0,0.0,,,,,,,non_crypto_category,none,False,,,,False,none,TTWO-USDT-SWAP,trade,False,True,False,non_crypto_category,3,41,1783332900000,2026-07-06T10:15:00+00:00,,unknown,,,,insufficient,False,0,0,,,,0.0
none,none,neutral,unknown,unknown,none,unknown,0.0,neutral,[],0.0,,,,none,0.0,,0.0,0,0.0,,,,,,,non_crypto_category,none,False,,,,False,none,TWLO-USDT-SWAP,trade,False,True,False,non_crypto_category,3,65,1781254800000,2026-06-12T09:00:00+00:00,,unknown,,,,insufficient,False,0,0,,,,0.0
none,none,neutral,unknown,unknown,none,unknown,0.0,neutral,[],0.0,,,,none,0.0,,0.0,0,0.0,,,,,,,non_crypto_category,none,False,,,,False,none,UNH-USDT-SWAP,trade,False,True,False,non_crypto_category,3,41,1783333800000,2026-07-06T10:30:00+00:00,,unknown,,,,insufficient,False,0,0,,,,0.0
none,none,neutral,neutral,neutral,none,opposite,0.0,short,"['expanded_risk', 'opposite']",0.0,,,,expired_or_invalid,0.0,,0.0,0,0.0,,,,,,,first_pullback_failed,none,False,,,,False,none,UNI-USDT-SWAP,trade,False,True,True,,1,2160,1600317000000,2020-09-17T04:30:00+00:00,3.281,inside_six_line_band,1.0160098522167482,2026-08-17 07:30:00+00:00,2026-08-17 04:00:00+00:00,watch_up,False,2,2,0.38849766953602183,0.5484773387996431,0.01112484548825698,27.587920364079036
none,none,neutral,unknown,unknown,none,unknown,0.0,neutral,[],0.0,,,,none,0.0,,0.0,0,0.0,,,,,,,bitget_unavailable,none,False,,,,False,none,UP-USDT-SWAP,trade,False,False,False,bitget_unavailable,1,130,1775646000000,2026-04-08T11:00:00+00:00,,unknown,,,,insufficient,False,0,0,,,,0.0
none,none,neutral,unknown,unknown,none,unknown,0.0,neutral,[],0.0,,,,none,0.0,,0.0,0,0.0,,,,,,,non_crypto_category,none,False,,,,False,none,URNM-USDT-SWAP,trade,False,False,False,non_crypto_category,3,87,1779354900000,2026-05-21T09:15:00+00:00,,unknown,,,,insufficient,False,0,0,,,,0.0
none,none,neutral,unknown,unknown,none,unknown,0.0,neutral,[],0.0,,,,none,0.0,,0.0,0,0.0,,,,,,,non_crypto_category,none,False,,,,False,none,USAR-USDT-SWAP,trade,False,True,False,non_crypto_category,3,111,1777298400000,2026-04-27T14:00:00+00:00,,unknown,,,,insufficient,False,0,0,,,,0.0
none,none,neutral,unknown,unknown,none,unknown,0.0,neutral,[],0.0,,,,none,0.0,,0.0,0,0.0,,,,,,,stablecoin_base,none,False,,,,False,none,USDC-USDT-SWAP,trade,False,True,False,stablecoin_base,1,1253,1678607700793,2023-03-12T07:55:00.793000+00:00,,unknown,,,,insufficient,False,0,0,,,,0.0
none,none,short,short,neutral,none,opposite,0.0,short,"['expanded_risk', 'opposite']",0.0,,,,none,0.0,,0.0,0,0.0,,,,,,,no_active_three_stage_setup,none,False,,,,False,none,USELESS-USDT-SWAP,trade,False,True,True,,1,387,1753437600380,2025-07-25T10:00:00.380000+00:00,0.04175,above_all,4.689067201604824,2026-08-17 07:30:00+00:00,2026-08-17 04:00:00+00:00,none,False,1,1,1.036498014670488,0.8383932998477058,0.034332564693825285,19.697669972895557
none,none,neutral,unknown,unknown,none,unknown,0.0,neutral,[],0.0,,,,none,0.0,,0.0,0,0.0,,,,,,,non_crypto_category,none,False,,,,False,none,USO-USDT-SWAP,trade,False,False,False,non_crypto_category,3,97,1778493600000,2026-05-11T10:00:00+00:00,,unknown,,,,insufficient,False,0,0,,,,0.0
none,none,neutral,unknown,unknown,none,unknown,0.0,neutral,[],0.0,,,,none,0.0,,0.0,0,0.0,,,,,,,non_crypto_category,none,False,,,,False,none,UVXY-USDT-SWAP,trade,False,True,False,non_crypto_category,3,53,1782291600000,2026-06-24T09:00:00+00:00,,unknown,,,,insufficient,False,0,0,,,,0.0
none,none,short,short,short,none,opposite,0.0,short,"['expanded_risk', 'opposite']",0.0,,,,none,0.0,,0.0,0,0.0,,,,,,,entry_window_passed,none,False,,,,False,none,VANA-USDT-SWAP,trade,False,True,True,,1,608,1734408000582,2024-12-17T04:00:00.582000+00:00,0.8778,inside_six_line_band,-1.5808947191389144,2026-08-17 07:30:00+00:00,2026-08-17 04:00:00+00:00,watch_up,False,3,1,0.6171555411494088,0.8391901030539594,0.0060331825037707185,37.60334801490892
none,none,neutral,unknown,unknown,none,unknown,0.0,neutral,[],0.0,,,,none,0.0,,0.0,0,0.0,,,,,,,non_crypto_category,none,False,,,,False,none,VRT-USDT-SWAP,trade,False,True,False,non_crypto_category,3,80,1779960600000,2026-05-28T09:30:00+00:00,,unknown,,,,insufficient,False,0,0,,,,0.0
none,none,neutral,unknown,unknown,none,unknown,0.0,neutral,[],0.0,,,,none,0.0,,0.0,0,0.0,,,,,,,non_crypto_category,none,False,,,,False,none,WDC-USDT-SWAP,trade,False,True,False,non_crypto_category,3,96,1778582700000,2026-05-12T10:45:00+00:00,,unknown,,,,insufficient,False,0,0,,,,0.0
none,none,neutral,unknown,unknown,none,unknown,0.0,neutral,[],0.0,,,,none,0.0,,0.0,0,0.0,,,,,,,non_crypto_category,none,False,,,,False,none,WEN-USDT-SWAP,trade,False,True,False,non_crypto_category,3,52,1782383400000,2026-06-25T10:30:00+00:00,,unknown,,,,insufficient,False,0,0,,,,0.0
none,none,long,long,neutral,none,opposite,0.0,long,"['expanded_risk', 'opposite']",0.0,,,,expired_or_invalid,0.0,,0.0,0,0.0,,,,,,,first_pullback_failed,none,False,,,,False,none,WET-USDT-SWAP,trade,False,True,True,,1,250,1765296000000,2025-12-09T16:00:00+00:00,0.07077,below_all,1.2881064834692868,2026-08-17 07:30:00+00:00,2026-08-17 04:00:00+00:00,none,False,1,1,0.3796859324134466,0.7446141984468002,-0.009939260077305334,16.132272257407635
none,none,neutral,neutral,neutral,none,unknown,0.0,long,"['daily_not_aligned', 'expanded_risk']",0.0,,,,none,0.0,,0.0,0,0.0,,,,,,,no_active_three_stage_setup,none,False,,,,False,none,WLD-USDT-SWAP,trade,False,True,True,,1,1119,1690199721595,2023-07-24T11:55:21.595000+00:00,0.3621,inside_six_line_band,4.441880588404956,2026-08-17 07:30:00+00:00,2026-08-17 04:00:00+00:00,watch_up,False,4,1,1.4052118351526168,1.2481961171685434,0.018046405041535298,52.77064752726871
none,none,neutral,neutral,neutral,none,unknown,0.0,neutral,['expanded_risk'],0.0,,,,none,0.0,,0.0,0,0.0,,,,,,,no_active_three_stage_setup,none,False,,,,False,none,WLFI-USDT-SWAP,trade,False,True,True,,1,358,1755954000424,2025-08-23T13:00:00.424000+00:00,0.06052,above_all,3.665638917437475,2026-08-17 07:30:00+00:00,2026-08-17 04:00:00+00:00,momentum_up,True,3,1,4.033317748567101,2.3868405939523614,0.04260915307732775,59.327110524692586
none,none,neutral,unknown,unknown,none,unknown,0.0,neutral,[],0.0,,,,none,0.0,,0.0,0,0.0,,,,,,,non_crypto_category,none,False,,,,False,none,XAG-USDT-SWAP,trade,False,True,False,non_crypto_category,4,200,1769601600000,2026-01-28T12:00:00+00:00,,unknown,,,,insufficient,False,0,0,,,,0.0
none,none,neutral,unknown,unknown,none,unknown,0.0,neutral,[],0.0,,,,none,0.0,,0.0,0,0.0,,,,,,,non_crypto_category,none,False,,,,False,none,XAU-USDT-SWAP,trade,False,True,False,non_crypto_category,4,494,1744192800563,2025-04-09T10:00:00.563000+00:00,,unknown,,,,insufficient,False,0,0,,,,0.0
none,none,neutral,unknown,unknown,none,unknown,0.0,neutral,[],0.0,,,,none,0.0,,0.0,0,0.0,,,,,,,non_crypto_category,none,False,,,,False,none,XBI-USDT-SWAP,trade,False,True,False,non_crypto_category,3,33,1784032200000,2026-07-14T12:30:00+00:00,,unknown,,,,insufficient,False,0,0,,,,0.0
none,none,neutral,unknown,unknown,none,unknown,0.0,neutral,[],0.0,,,,none,0.0,,0.0,0,0.0,,,,,,,non_crypto_category,none,False,,,,False,none,XCU-USDT-SWAP,trade,False,False,False,non_crypto_category,4,165,1772625600000,2026-03-04T12:00:00+00:00,,unknown,,,,insufficient,False,0,0,,,,0.0
none,none,neutral,unknown,unknown,none,unknown,0.0,neutral,[],0.0,,,,none,0.0,,0.0,0,0.0,,,,,,,non_crypto_category,none,False,,,,False,none,XIAOMI-USDT-SWAP,trade,False,True,False,non_crypto_category,3,4,1786520700000,2026-08-12T07:45:00+00:00,,unknown,,,,insufficient,False,0,0,,,,0.0
none,none,neutral,unknown,unknown,none,unknown,0.0,neutral,[],0.0,,,,none,0.0,,0.0,0,0.0,,,,,,,non_crypto_category,none,False,,,,False,none,XLE-USDT-SWAP,trade,False,True,False,non_crypto_category,3,97,1778494500000,2026-05-11T10:15:00+00:00,,unknown,,,,insufficient,False,0,0,,,,0.0
none,none,short,short,neutral,none,opposite,0.0,short,"['expanded_risk', 'opposite']",0.0,,,,none,0.0,,0.0,0,0.0,,,,,,,no_active_three_stage_setup,none,False,,,,False,none,XLM-USDT-SWAP,trade,False,True,True,,1,2308,1587463971000,2020-04-21T10:12:51+00:00,0.15875,above_all,1.179094964945815,2026-08-17 07:30:00+00:00,2026-08-17 04:00:00+00:00,watch_down,False,3,1,0.6127066332122239,0.6624937730437727,-0.010385662719270487,37.05101448519244
none,none,neutral,unknown,unknown,none,unknown,0.0,neutral,[],0.0,,,,none,0.0,,0.0,0,0.0,,,,,,,non_crypto_category,none,False,,,,False,none,XPD-USDT-SWAP,trade,False,True,False,non_crypto_category,4,196,1770012000000,2026-02-02T06:00:00+00:00,,unknown,,,,insufficient,False,0,0,,,,0.0
none,none,short,short,short,none,opposite,0.0,short,['opposite'],0.0,,,,none,0.0,,0.0,0,0.0,,,,,,,no_active_three_stage_setup,none,False,,,,False,none,XPL-USDT-SWAP,trade,False,True,True,,1,353,1756378800384,2025-08-28T11:00:00.384000+00:00,0.07699,above_all,0.5747877204441476,2026-08-17 07:30:00+00:00,2026-08-17 04:00:00+00:00,watch_down,False,2,1,1.2410278935191674,1.012316027915664,-0.013698630136986292,31.242087551342827
none,none,neutral,unknown,unknown,none,unknown,0.0,neutral,[],0.0,,,,none,0.0,,0.0,0,0.0,,,,,,,non_crypto_category,none,False,,,,False,none,XPT-USDT-SWAP,trade,False,True,False,non_crypto_category,4,196,1770013800000,2026-02-02T06:30:00+00:00,,unknown,,,,insufficient,False,0,0,,,,0.0
none,none,short,short,short,none,opposite,0.0,short,"['expanded_risk', 'opposite']",0.0,,,,none,0.0,,0.0,0,0.0,,,,,,,no_active_three_stage_setup,none,False,,,,False,none,XRP-USDT-SWAP,trade,False,True,True,,1,2469,1573557408000,2019-11-12T11:16:48+00:00,1.005,above_all,0.31942503493709307,2026-08-17 07:30:00+00:00,2026-08-17 04:00:00+00:00,none,False,1,1,0.5035972606901866,0.5164192692685513,-0.008982932428386074,16.067244111256585
none,none,short,short,short,none,opposite,0.0,short,"['expanded_risk', 'opposite']",0.0,,,,none,0.0,,0.0,0,0.0,,,,,,,no_active_three_stage_setup,none,False,,,,False,none,XTZ-USDT-SWAP,trade,False,True,True,,1,2308,1587463971000,2020-04-21T10:12:51+00:00,0.1979,inside_six_line_band,0.4568527918781706,2026-08-17 07:30:00+00:00,2026-08-17 04:00:00+00:00,none,False,1,1,0.4762354670773176,0.6777727125075406,-0.015182186234817827,16.41449547290921
none,none,neutral,neutral,neutral,none,unknown,0.0,neutral,['expanded_risk'],0.0,,,,none,0.0,,0.0,0,0.0,,,,,,,no_active_three_stage_setup,none,False,,,,False,none,YB-USDT-SWAP,trade,False,True,True,,1,309,1760252400368,2025-10-12T07:00:00.368000+00:00,0.07912,below_all,-0.1640378548895982,2026-08-17 07:30:00+00:00,2026-08-17 04:00:00+00:00,none,False,1,4,0.7100356707329454,0.806731718155219,-0.000618735305036609,23.970373508130383
none,none,neutral,unknown,unknown,none,unknown,0.0,neutral,[],0.0,,,,none,0.0,,0.0,0,0.0,,,,,,,bitget_unavailable,none,False,,,,False,none,YFI-USDT-SWAP,trade,False,False,False,bitget_unavailable,1,2174,1599041571000,2020-09-02T10:12:51+00:00,,unknown,,,,insufficient,False,0,0,,,,0.0
none,none,neutral,neutral,neutral,none,unknown,0.0,long,"['daily_not_aligned', 'expanded_risk']",0.0,,,,expired_or_invalid,0.0,,0.0,0,0.0,,,,,,,entry_window_passed,none,False,,,,False,none,YGG-USDT-SWAP,trade,False,True,True,,1,1836,1628240400000,2021-08-06T09:00:00+00:00,0.01988,above_all,-0.6496751624187946,2026-08-17 07:30:00+00:00,2026-08-17 04:00:00+00:00,watch_down,False,2,1,0.8159986846341224,0.8105489239104596,-0.023023023023023125,28.511640194901993
none,none,neutral,unknown,unknown,none,unknown,0.0,neutral,[],0.0,,,,none,0.0,,0.0,0,0.0,,,,,,,non_crypto_category,none,False,,,,False,none,ZHIPU-USDT-SWAP,trade,False,True,False,non_crypto_category,3,54,1782284400000,2026-06-24T07:00:00+00:00,,unknown,,,,insufficient,False,0,0,,,,0.0
none,none,neutral,unknown,unknown,none,unknown,0.0,neutral,[],0.0,,,,none,0.0,,0.0,0,0.0,,,,,,,non_crypto_category,none,False,,,,False,none,ZM-USDT-SWAP,trade,False,True,False,non_crypto_category,3,30,1784279700000,2026-07-17T09:15:00+00:00,,unknown,,,,insufficient,False,0,0,,,,0.0
none,none,short,short,short,none,opposite,0.0,short,"['expanded_risk', 'opposite']",0.0,,,,none,0.0,,0.0,0,0.0,,,,,,,entry_window_passed,none,False,,,,False,none,ZORA-USDT-SWAP,trade,False,True,True,,1,310,1760095801229,2025-10-10T11:30:01.229000+00:00,0.004998,above_all,2.839506172839501,2026-08-17 07:30:00+00:00,2026-08-17 04:00:00+00:00,none,False,1,1,0.23570149959627032,0.5724955589229911,-0.011277424646299028,14.895994174750324
none,none,short,short,short,none,opposite,0.0,short,"['expanded_risk', 'opposite']",0.0,,,,none,0.0,,0.0,0,0.0,,,,,,,no_active_three_stage_setup,none,False,,,,False,none,ZRX-USDT-SWAP,trade,False,True,True,,1,2186,1598004771000,2020-08-21T10:12:51+00:00,0.07603,above_all,-0.5493786788750898,2026-08-17 07:30:00+00:00,2026-08-17 04:00:00+00:00,watch_down,False,4,1,0.5243143757159403,0.8922075417813073,-0.021654056874510937,47.298194503923625
none,long,short,short,neutral,breakout_long,opposite,0.0,short,['opposite'],86.41554284623896,2.743466666666667,2.6134500000000003,2026-08-16 20:00:00+00:00,expired_or_invalid,0.0,,0.0,0,0.0,,,,,,,fifteen_minute_coil_not_ready,observation,False,,,,False,none,RIVER-USDT-SWAP,trade,False,True,True,,1,220,1767942000000,2026-01-09T07:00:00+00:00,2.752,inside_six_line_band,4.958047292143397,2026-08-17 07:30:00+00:00,2026-08-17 04:00:00+00:00,none,False,1,2,0.7758747986934412,1.1338791155026489,0.02406015037593987,21.28101133997515
none,long,short,short,short,breakout_long,opposite,0.0,short,['opposite'],77.51540511389885,0.061004249999999996,0.0592575,2026-08-16 08:00:00+00:00,expired_or_invalid,0.0,,0.0,0,0.0,,,,,,,fifteen_minute_setup_expired,observation,False,,,,False,none,LAYER-USDT-SWAP,trade,False,True,True,,1,551,1739284200817,2025-02-11T14:30:00.817000+00:00,0.06146,above_all,0.03255208333332593,2026-08-17 07:30:00+00:00,2026-08-17 04:00:00+00:00,none,False,1,1,0.7061275703356253,0.904705646168702,-0.0031472585721385236,18.24475479018423
none,long,short,short,short,none,opposite,0.0,short,"['expanded_risk', 'opposite']",0.0,,,,expired_or_invalid,0.0,,0.0,0,0.0,,,,,,,opposite_four_hour_context,observation,False,,,,False,none,BARD-USDT-SWAP,trade,False,True,True,,1,332,1758196800496,2025-09-18T12:00:00.496000+00:00,0.1059,above_all,1.3397129186602852,2026-08-17 07:30:00+00:00,2026-08-17 04:00:00+00:00,volume_spike_down,True,1,1,2.1273467130337114,1.1945440421917939,-0.00570884871550907,26.220365691743936
