date,equity,worst_equity,realized_equity,open_positions
2026-06-11 12:45:00+00:00,100.0,100.0,100.0,0
2026-06-11 13:00:00+00:00,100.0,100.0,100.0,0
2026-06-11 13:15:00+00:00,100.0,100.0,100.0,0
2026-06-11 13:30:00+00:00,100.0,100.0,100.0,0
2026-06-11 13:45:00+00:00,100.0,100.0,100.0,0
2026-06-11 14:00:00+00:00,100.0,100.0,100.0,0
2026-06-11 14:15:00+00:00,100.0,100.0,100.0,0
2026-06-11 14:30:00+00:00,100.0,100.0,100.0,0
2026-06-11 14:45:00+00:00,100.0,100.0,100.0,0
2026-06-11 15:00:00+00:00,100.0,100.0,100.0,0
2026-06-11 15:15:00+00:00,100.0,100.0,100.0,0
2026-06-11 15:30:00+00:00,100.0,100.0,100.0,0
2026-06-11 15:45:00+00:00,100.0,100.0,100.0,0
2026-06-11 16:00:00+00:00,100.0,100.0,100.0,0
2026-06-11 16:15:00+00:00,100.0,100.0,100.0,0
2026-06-11 16:30:00+00:00,100.0,100.0,100.0,0
2026-06-11 16:45:00+00:00,100.0,100.0,100.0,0
2026-06-11 17:00:00+00:00,100.0,100.0,100.0,0
2026-06-11 17:15:00+00:00,100.0,100.0,100.0,0
2026-06-11 17:30:00+00:00,100.0,100.0,100.0,0
2026-06-11 17:45:00+00:00,100.0,100.0,100.0,0
2026-06-11 18:00:00+00:00,100.0,100.0,100.0,0
2026-06-11 18:15:00+00:00,100.0,100.0,100.0,0
2026-06-11 18:30:00+00:00,100.0,100.0,100.0,0
2026-06-11 18:45:00+00:00,100.0,100.0,100.0,0
2026-06-11 19:00:00+00:00,100.0,100.0,100.0,0
2026-06-11 19:15:00+00:00,100.0,100.0,100.0,0
2026-06-11 19:30:00+00:00,100.0,100.0,100.0,0
2026-06-11 19:45:00+00:00,100.0,100.0,100.0,0
2026-06-11 20:00:00+00:00,100.0,100.0,100.0,0
2026-06-11 20:15:00+00:00,100.0,100.0,100.0,0
2026-06-11 20:30:00+00:00,100.0,100.0,100.0,0
2026-06-11 20:45:00+00:00,100.0,100.0,100.0,0
2026-06-11 21:00:00+00:00,100.0,100.0,100.0,0
2026-06-11 21:15:00+00:00,100.0,100.0,100.0,0
2026-06-11 21:30:00+00:00,100.0,100.0,100.0,0
2026-06-11 21:45:00+00:00,100.0,100.0,100.0,0
2026-06-11 22:00:00+00:00,100.0,100.0,100.0,0
2026-06-11 22:15:00+00:00,100.0,100.0,100.0,0
2026-06-11 22:30:00+00:00,100.0,100.0,100.0,0
2026-06-11 22:45:00+00:00,100.0,100.0,100.0,0
2026-06-11 23:00:00+00:00,100.0,100.0,100.0,0
2026-06-11 23:15:00+00:00,100.0,100.0,100.0,0
2026-06-11 23:30:00+00:00,100.0,100.0,100.0,0
2026-06-11 23:45:00+00:00,100.0,100.0,100.0,0
2026-06-12 00:00:00+00:00,100.0,100.0,100.0,0
2026-06-12 00:15:00+00:00,100.0,100.0,100.0,0
2026-06-12 00:30:00+00:00,100.0,100.0,100.0,0
2026-06-12 00:45:00+00:00,100.0,100.0,100.0,0
2026-06-12 01:00:00+00:00,100.0,100.0,100.0,0
2026-06-12 01:15:00+00:00,100.0,100.0,100.0,0
2026-06-12 01:30:00+00:00,100.0,100.0,100.0,0
2026-06-12 01:45:00+00:00,100.0,100.0,100.0,0
2026-06-12 02:00:00+00:00,100.0,100.0,100.0,0
2026-06-12 02:15:00+00:00,100.0,100.0,100.0,0
2026-06-12 02:30:00+00:00,100.0,100.0,100.0,0
2026-06-12 02:45:00+00:00,100.0,100.0,100.0,0
2026-06-12 03:00:00+00:00,100.0,100.0,100.0,0
2026-06-12 03:15:00+00:00,100.0,100.0,100.0,0
2026-06-12 03:30:00+00:00,100.0,100.0,100.0,0
2026-06-12 03:45:00+00:00,100.0,100.0,100.0,0
2026-06-12 04:00:00+00:00,100.0,100.0,100.0,0
2026-06-12 04:15:00+00:00,100.0,100.0,100.0,0
2026-06-12 04:30:00+00:00,100.0,100.0,100.0,0
2026-06-12 04:45:00+00:00,100.0,100.0,100.0,0
2026-06-12 05:00:00+00:00,100.0,100.0,100.0,0
2026-06-12 05:15:00+00:00,100.0,100.0,100.0,0
2026-06-12 05:30:00+00:00,100.0,100.0,100.0,0
2026-06-12 05:45:00+00:00,100.0,100.0,100.0,0
2026-06-12 06:00:00+00:00,100.0,100.0,100.0,0
2026-06-12 06:15:00+00:00,100.0,100.0,100.0,0
2026-06-12 06:30:00+00:00,100.0,100.0,100.0,0
2026-06-12 06:45:00+00:00,100.0,100.0,100.0,0
2026-06-12 07:00:00+00:00,100.0,100.0,100.0,0
2026-06-12 07:15:00+00:00,100.0,100.0,100.0,0
2026-06-12 07:30:00+00:00,100.0,100.0,100.0,0
2026-06-12 07:45:00+00:00,100.0,100.0,100.0,0
2026-06-12 08:00:00+00:00,100.0,100.0,100.0,0
2026-06-12 08:15:00+00:00,100.0,100.0,100.0,0
2026-06-12 08:30:00+00:00,100.0,100.0,100.0,0
2026-06-12 08:45:00+00:00,100.0,100.0,100.0,0
2026-06-12 09:00:00+00:00,100.0,100.0,100.0,0
2026-06-12 09:15:00+00:00,100.0,100.0,100.0,0
2026-06-12 09:30:00+00:00,100.0,100.0,100.0,0
2026-06-12 09:45:00+00:00,100.0,100.0,100.0,0
2026-06-12 10:00:00+00:00,100.0,100.0,100.0,0
2026-06-12 10:15:00+00:00,100.0,100.0,100.0,0
2026-06-12 10:30:00+00:00,100.0,100.0,100.0,0
2026-06-12 10:45:00+00:00,100.0,100.0,100.0,0
2026-06-12 11:00:00+00:00,100.0,100.0,100.0,0
2026-06-12 11:15:00+00:00,100.0,100.0,100.0,0
2026-06-12 11:30:00+00:00,100.0,100.0,100.0,0
2026-06-12 11:45:00+00:00,100.0,100.0,100.0,0
2026-06-12 12:00:00+00:00,100.0,100.0,100.0,0
2026-06-12 12:15:00+00:00,100.0,100.0,100.0,0
2026-06-12 12:30:00+00:00,100.0,100.0,100.0,0
2026-06-12 12:45:00+00:00,100.0,100.0,100.0,0
2026-06-12 13:00:00+00:00,100.0,100.0,100.0,0
2026-06-12 13:15:00+00:00,100.0,100.0,100.0,0
2026-06-12 13:30:00+00:00,100.0,100.0,100.0,0
2026-06-12 13:45:00+00:00,100.0,100.0,100.0,0
2026-06-12 14:00:00+00:00,100.0,100.0,100.0,0
2026-06-12 14:15:00+00:00,100.0,100.0,100.0,0
2026-06-12 14:30:00+00:00,100.0,100.0,100.0,0
2026-06-12 14:45:00+00:00,100.0,100.0,100.0,0
2026-06-12 15:00:00+00:00,100.2063120538041,99.93517448535032,99.9880041422989,1
2026-06-12 15:15:00+00:00,100.20872860967266,100.10143352910808,99.9880041422989,1
2026-06-12 15:30:00+00:00,99.99607169323832,99.96223991107834,99.9880041422989,1
2026-06-12 15:45:00+00:00,99.75417445079432,99.70536002224917,99.9880041422989,1
2026-06-12 16:00:00+00:00,100.03663030913737,99.71667831213844,99.98723965284532,1
2026-06-12 16:15:00+00:00,99.98225780209448,99.90275311401848,99.98723965284532,1
2026-06-12 16:30:00+00:00,100.0301056082922,99.95325913167162,99.98723965284532,1
2026-06-12 16:45:00+00:00,100.18355690594652,100.02213097392593,99.98723965284532,1
2026-06-12 17:00:00+00:00,100.21642206575908,100.12628453186136,99.98723965284532,1
2026-06-12 17:15:00+00:00,100.19853955233164,100.1395755891385,99.98723965284532,1
2026-06-12 17:30:00+00:00,100.17195743777737,100.1226596980585,99.98723965284532,1
2026-06-12 17:45:00+00:00,100.16809094838766,100.06490401279964,99.98723965284532,1
2026-06-12 18:00:00+00:00,99.97283323420706,99.97283323420706,99.98723965284532,1
2026-06-12 18:15:00+00:00,100.04291335439564,99.9020281472579,99.98723965284532,1
2026-06-12 18:30:00+00:00,100.06417904603909,100.01463965073334,99.98723965284532,1
2026-06-12 18:45:00+00:00,99.97114164509904,99.94818436434764,99.98723965284532,1
2026-06-12 19:00:00+00:00,99.95519237636648,99.91870238275104,99.98723965284532,1
2026-06-12 19:15:00+00:00,99.9455261528922,99.92015231627218,99.98723965284532,1
2026-06-12 19:30:00+00:00,99.93320171796248,99.80053280077787,99.98723965284532,1
2026-06-12 19:45:00+00:00,99.74132718199787,99.74132718199787,99.98723965284532,1
2026-06-12 20:00:00+00:00,99.78337525411102,99.73866897054243,99.98723965284532,1
2026-06-12 20:15:00+00:00,99.7976329337356,99.78216697617674,99.98723965284532,1
2026-06-12 20:30:00+00:00,99.80657419044933,99.7710508191813,99.98723965284532,1
2026-06-12 20:45:00+00:00,99.81914028096588,99.78965829936932,99.98723965284532,1
2026-06-12 21:00:00+00:00,99.7825276792803,99.7795087647213,99.7825276792803,0
2026-06-12 21:15:00+00:00,99.7825276792803,99.7825276792803,99.7825276792803,0
2026-06-12 21:30:00+00:00,99.7825276792803,99.7825276792803,99.7825276792803,0
2026-06-12 21:45:00+00:00,99.7825276792803,99.7825276792803,99.7825276792803,0
2026-06-12 22:00:00+00:00,99.7825276792803,99.7825276792803,99.7825276792803,0
2026-06-12 22:15:00+00:00,99.7825276792803,99.7825276792803,99.7825276792803,0
2026-06-12 22:30:00+00:00,99.7825276792803,99.7825276792803,99.7825276792803,0
2026-06-12 22:45:00+00:00,99.7825276792803,99.7825276792803,99.7825276792803,0
2026-06-12 23:00:00+00:00,99.7825276792803,99.7825276792803,99.7825276792803,0
2026-06-12 23:15:00+00:00,99.7825276792803,99.7825276792803,99.7825276792803,0
2026-06-12 23:30:00+00:00,99.7825276792803,99.7825276792803,99.7825276792803,0
2026-06-12 23:45:00+00:00,99.7825276792803,99.7825276792803,99.7825276792803,0
2026-06-13 00:00:00+00:00,99.7825276792803,99.7825276792803,99.7825276792803,0
2026-06-13 00:15:00+00:00,99.7825276792803,99.7825276792803,99.7825276792803,0
2026-06-13 00:30:00+00:00,99.7825276792803,99.7825276792803,99.7825276792803,0
2026-06-13 00:45:00+00:00,99.7825276792803,99.7825276792803,99.7825276792803,0
2026-06-13 01:00:00+00:00,99.7825276792803,99.7825276792803,99.7825276792803,0
2026-06-13 01:15:00+00:00,99.7825276792803,99.7825276792803,99.7825276792803,0
2026-06-13 01:30:00+00:00,99.7825276792803,99.7825276792803,99.7825276792803,0
2026-06-13 01:45:00+00:00,99.7825276792803,99.7825276792803,99.7825276792803,0
2026-06-13 02:00:00+00:00,99.7825276792803,99.7825276792803,99.7825276792803,0
2026-06-13 02:15:00+00:00,99.7825276792803,99.7825276792803,99.7825276792803,0
2026-06-13 02:30:00+00:00,99.7825276792803,99.7825276792803,99.7825276792803,0
2026-06-13 02:45:00+00:00,99.7825276792803,99.7825276792803,99.7825276792803,0
2026-06-13 03:00:00+00:00,99.7825276792803,99.7825276792803,99.7825276792803,0
2026-06-13 03:15:00+00:00,99.7825276792803,99.7825276792803,99.7825276792803,0
2026-06-13 03:30:00+00:00,99.7825276792803,99.7825276792803,99.7825276792803,0
2026-06-13 03:45:00+00:00,99.7825276792803,99.7825276792803,99.7825276792803,0
2026-06-13 04:00:00+00:00,99.7825276792803,99.7825276792803,99.7825276792803,0
2026-06-13 04:15:00+00:00,99.7825276792803,99.7825276792803,99.7825276792803,0
2026-06-13 04:30:00+00:00,99.7825276792803,99.7825276792803,99.7825276792803,0
2026-06-13 04:45:00+00:00,99.7825276792803,99.7825276792803,99.7825276792803,0
2026-06-13 05:00:00+00:00,99.7825276792803,99.7825276792803,99.7825276792803,0
2026-06-13 05:15:00+00:00,99.7825276792803,99.7825276792803,99.7825276792803,0
2026-06-13 05:30:00+00:00,99.7825276792803,99.7825276792803,99.7825276792803,0
2026-06-13 05:45:00+00:00,99.7825276792803,99.7825276792803,99.7825276792803,0
2026-06-13 06:00:00+00:00,99.7825276792803,99.7825276792803,99.7825276792803,0
2026-06-13 06:15:00+00:00,99.7825276792803,99.7825276792803,99.7825276792803,0
2026-06-13 06:30:00+00:00,99.7825276792803,99.7825276792803,99.7825276792803,0
2026-06-13 06:45:00+00:00,99.7825276792803,99.7825276792803,99.7825276792803,0
2026-06-13 07:00:00+00:00,99.7825276792803,99.7825276792803,99.7825276792803,0
2026-06-13 07:15:00+00:00,99.7825276792803,99.7825276792803,99.7825276792803,0
2026-06-13 07:30:00+00:00,99.7825276792803,99.7825276792803,99.7825276792803,0
2026-06-13 07:45:00+00:00,99.7825276792803,99.7825276792803,99.7825276792803,0
2026-06-13 08:00:00+00:00,99.7825276792803,99.7825276792803,99.7825276792803,0
2026-06-13 08:15:00+00:00,99.7825276792803,99.7825276792803,99.7825276792803,0
2026-06-13 08:30:00+00:00,99.7825276792803,99.7825276792803,99.7825276792803,0
2026-06-13 08:45:00+00:00,99.7825276792803,99.7825276792803,99.7825276792803,0
2026-06-13 09:00:00+00:00,99.7825276792803,99.7825276792803,99.7825276792803,0
2026-06-13 09:15:00+00:00,99.7825276792803,99.7825276792803,99.7825276792803,0
2026-06-13 09:30:00+00:00,99.7825276792803,99.7825276792803,99.7825276792803,0
2026-06-13 09:45:00+00:00,99.7825276792803,99.7825276792803,99.7825276792803,0
2026-06-13 10:00:00+00:00,99.7825276792803,99.7825276792803,99.7825276792803,0
2026-06-13 10:15:00+00:00,99.7825276792803,99.7825276792803,99.7825276792803,0
2026-06-13 10:30:00+00:00,99.7825276792803,99.7825276792803,99.7825276792803,0
2026-06-13 10:45:00+00:00,99.7825276792803,99.7825276792803,99.7825276792803,0
2026-06-13 11:00:00+00:00,99.7825276792803,99.7825276792803,99.7825276792803,0
2026-06-13 11:15:00+00:00,99.7825276792803,99.7825276792803,99.7825276792803,0
2026-06-13 11:30:00+00:00,99.7825276792803,99.7825276792803,99.7825276792803,0
2026-06-13 11:45:00+00:00,99.7825276792803,99.7825276792803,99.7825276792803,0
2026-06-13 12:00:00+00:00,99.7825276792803,99.7825276792803,99.7825276792803,0
2026-06-13 12:15:00+00:00,99.7825276792803,99.7825276792803,99.7825276792803,0
2026-06-13 12:30:00+00:00,99.7825276792803,99.7825276792803,99.7825276792803,0
2026-06-13 12:45:00+00:00,99.7825276792803,99.7825276792803,99.7825276792803,0
2026-06-13 13:00:00+00:00,99.7825276792803,99.7825276792803,99.7825276792803,0
2026-06-13 13:15:00+00:00,99.7825276792803,99.7825276792803,99.7825276792803,0
2026-06-13 13:30:00+00:00,99.7825276792803,99.7825276792803,99.7825276792803,0
2026-06-13 13:45:00+00:00,99.7825276792803,99.7825276792803,99.7825276792803,0
2026-06-13 14:00:00+00:00,99.7825276792803,99.7825276792803,99.7825276792803,0
2026-06-13 14:15:00+00:00,99.7825276792803,99.7825276792803,99.7825276792803,0
2026-06-13 14:30:00+00:00,99.7825276792803,99.7825276792803,99.7825276792803,0
2026-06-13 14:45:00+00:00,99.7825276792803,99.7825276792803,99.7825276792803,0
2026-06-13 15:00:00+00:00,99.7825276792803,99.7825276792803,99.7825276792803,0
2026-06-13 15:15:00+00:00,99.7825276792803,99.7825276792803,99.7825276792803,0
2026-06-13 15:30:00+00:00,99.7825276792803,99.7825276792803,99.7825276792803,0
2026-06-13 15:45:00+00:00,99.7825276792803,99.7825276792803,99.7825276792803,0
2026-06-13 16:00:00+00:00,99.7825276792803,99.7825276792803,99.7825276792803,0
2026-06-13 16:15:00+00:00,99.7825276792803,99.7825276792803,99.7825276792803,0
2026-06-13 16:30:00+00:00,99.7825276792803,99.7825276792803,99.7825276792803,0
2026-06-13 16:45:00+00:00,99.7825276792803,99.7825276792803,99.7825276792803,0
2026-06-13 17:00:00+00:00,99.7825276792803,99.7825276792803,99.7825276792803,0
2026-06-13 17:15:00+00:00,99.7825276792803,99.7825276792803,99.7825276792803,0
2026-06-13 17:30:00+00:00,99.7825276792803,99.7825276792803,99.7825276792803,0
2026-06-13 17:45:00+00:00,99.7825276792803,99.7825276792803,99.7825276792803,0
2026-06-13 18:00:00+00:00,99.7825276792803,99.7825276792803,99.7825276792803,0
2026-06-13 18:15:00+00:00,99.7825276792803,99.7825276792803,99.7825276792803,0
2026-06-13 18:30:00+00:00,99.7825276792803,99.7825276792803,99.7825276792803,0
2026-06-13 18:45:00+00:00,99.7825276792803,99.7825276792803,99.7825276792803,0
2026-06-13 19:00:00+00:00,99.7825276792803,99.7825276792803,99.7825276792803,0
2026-06-13 19:15:00+00:00,99.7825276792803,99.7825276792803,99.7825276792803,0
2026-06-13 19:30:00+00:00,99.7825276792803,99.7825276792803,99.7825276792803,0
2026-06-13 19:45:00+00:00,99.7825276792803,99.7825276792803,99.7825276792803,0
2026-06-13 20:00:00+00:00,99.7825276792803,99.7825276792803,99.7825276792803,0
2026-06-13 20:15:00+00:00,99.7825276792803,99.7825276792803,99.7825276792803,0
2026-06-13 20:30:00+00:00,99.7825276792803,99.7825276792803,99.7825276792803,0
2026-06-13 20:45:00+00:00,99.7825276792803,99.7825276792803,99.7825276792803,0
2026-06-13 21:00:00+00:00,99.7825276792803,99.7825276792803,99.7825276792803,0
2026-06-13 21:15:00+00:00,99.7825276792803,99.7825276792803,99.7825276792803,0
2026-06-13 21:30:00+00:00,99.7825276792803,99.7825276792803,99.7825276792803,0
2026-06-13 21:45:00+00:00,99.7825276792803,99.7825276792803,99.7825276792803,0
2026-06-13 22:00:00+00:00,99.7825276792803,99.7825276792803,99.7825276792803,0
2026-06-13 22:15:00+00:00,99.7825276792803,99.7825276792803,99.7825276792803,0
2026-06-13 22:30:00+00:00,99.7825276792803,99.7825276792803,99.7825276792803,0
2026-06-13 22:45:00+00:00,99.7825276792803,99.7825276792803,99.7825276792803,0
2026-06-13 23:00:00+00:00,99.7825276792803,99.7825276792803,99.7825276792803,0
2026-06-13 23:15:00+00:00,99.7825276792803,99.7825276792803,99.7825276792803,0
2026-06-13 23:30:00+00:00,99.7825276792803,99.7825276792803,99.7825276792803,0
2026-06-13 23:45:00+00:00,99.7825276792803,99.7825276792803,99.7825276792803,0
2026-06-14 00:00:00+00:00,99.7825276792803,99.7825276792803,99.7825276792803,0
2026-06-14 00:15:00+00:00,99.7825276792803,99.7825276792803,99.7825276792803,0
2026-06-14 00:30:00+00:00,99.7825276792803,99.7825276792803,99.7825276792803,0
2026-06-14 00:45:00+00:00,99.7825276792803,99.7825276792803,99.7825276792803,0
2026-06-14 01:00:00+00:00,99.7825276792803,99.7825276792803,99.7825276792803,0
2026-06-14 01:15:00+00:00,99.7825276792803,99.7825276792803,99.7825276792803,0
2026-06-14 01:30:00+00:00,99.7825276792803,99.7825276792803,99.7825276792803,0
2026-06-14 01:45:00+00:00,99.7825276792803,99.7825276792803,99.7825276792803,0
2026-06-14 02:00:00+00:00,99.7825276792803,99.7825276792803,99.7825276792803,0
2026-06-14 02:15:00+00:00,99.7825276792803,99.7825276792803,99.7825276792803,0
2026-06-14 02:30:00+00:00,99.7825276792803,99.7825276792803,99.7825276792803,0
2026-06-14 02:45:00+00:00,99.7825276792803,99.7825276792803,99.7825276792803,0
2026-06-14 03:00:00+00:00,99.7825276792803,99.7825276792803,99.7825276792803,0
2026-06-14 03:15:00+00:00,99.7825276792803,99.7825276792803,99.7825276792803,0
2026-06-14 03:30:00+00:00,99.7825276792803,99.7825276792803,99.7825276792803,0
2026-06-14 03:45:00+00:00,99.7825276792803,99.7825276792803,99.7825276792803,0
2026-06-14 04:00:00+00:00,99.7825276792803,99.7825276792803,99.7825276792803,0
2026-06-14 04:15:00+00:00,99.7825276792803,99.7825276792803,99.7825276792803,0
2026-06-14 04:30:00+00:00,99.7825276792803,99.7825276792803,99.7825276792803,0
2026-06-14 04:45:00+00:00,99.7825276792803,99.7825276792803,99.7825276792803,0
2026-06-14 05:00:00+00:00,99.7825276792803,99.7825276792803,99.7825276792803,0
2026-06-14 05:15:00+00:00,99.7825276792803,99.7825276792803,99.7825276792803,0
2026-06-14 05:30:00+00:00,99.7825276792803,99.7825276792803,99.7825276792803,0
2026-06-14 05:45:00+00:00,99.7825276792803,99.7825276792803,99.7825276792803,0
2026-06-14 06:00:00+00:00,99.7825276792803,99.7825276792803,99.7825276792803,0
2026-06-14 06:15:00+00:00,99.7825276792803,99.7825276792803,99.7825276792803,0
2026-06-14 06:30:00+00:00,99.7825276792803,99.7825276792803,99.7825276792803,0
2026-06-14 06:45:00+00:00,99.7825276792803,99.7825276792803,99.7825276792803,0
2026-06-14 07:00:00+00:00,99.7825276792803,99.7825276792803,99.7825276792803,0
2026-06-14 07:15:00+00:00,99.7825276792803,99.7825276792803,99.7825276792803,0
2026-06-14 07:30:00+00:00,99.7825276792803,99.7825276792803,99.7825276792803,0
2026-06-14 07:45:00+00:00,99.7825276792803,99.7825276792803,99.7825276792803,0
2026-06-14 08:00:00+00:00,99.7825276792803,99.7825276792803,99.7825276792803,0
2026-06-14 08:15:00+00:00,99.7825276792803,99.7825276792803,99.7825276792803,0
2026-06-14 08:30:00+00:00,99.7825276792803,99.7825276792803,99.7825276792803,0
2026-06-14 08:45:00+00:00,99.7825276792803,99.7825276792803,99.7825276792803,0
2026-06-14 09:00:00+00:00,99.7825276792803,99.7825276792803,99.7825276792803,0
2026-06-14 09:15:00+00:00,99.7825276792803,99.7825276792803,99.7825276792803,0
2026-06-14 09:30:00+00:00,99.7825276792803,99.7825276792803,99.7825276792803,0
2026-06-14 09:45:00+00:00,99.7825276792803,99.7825276792803,99.7825276792803,0
2026-06-14 10:00:00+00:00,99.7825276792803,99.7825276792803,99.7825276792803,0
2026-06-14 10:15:00+00:00,99.7825276792803,99.7825276792803,99.7825276792803,0
2026-06-14 10:30:00+00:00,99.7825276792803,99.7825276792803,99.7825276792803,0
2026-06-14 10:45:00+00:00,99.7825276792803,99.7825276792803,99.7825276792803,0
2026-06-14 11:00:00+00:00,99.7825276792803,99.7825276792803,99.7825276792803,0
2026-06-14 11:15:00+00:00,99.7825276792803,99.7825276792803,99.7825276792803,0
2026-06-14 11:30:00+00:00,99.7825276792803,99.7825276792803,99.7825276792803,0
2026-06-14 11:45:00+00:00,99.7825276792803,99.7825276792803,99.7825276792803,0
2026-06-14 12:00:00+00:00,99.7825276792803,99.7825276792803,99.7825276792803,0
2026-06-14 12:15:00+00:00,99.7825276792803,99.7825276792803,99.7825276792803,0
2026-06-14 12:30:00+00:00,99.7825276792803,99.7825276792803,99.7825276792803,0
2026-06-14 12:45:00+00:00,99.7825276792803,99.7825276792803,99.7825276792803,0
2026-06-14 13:00:00+00:00,99.7825276792803,99.7825276792803,99.7825276792803,0
2026-06-14 13:15:00+00:00,99.7825276792803,99.7825276792803,99.7825276792803,0
2026-06-14 13:30:00+00:00,99.7825276792803,99.7825276792803,99.7825276792803,0
2026-06-14 13:45:00+00:00,99.7825276792803,99.7825276792803,99.7825276792803,0
2026-06-14 14:00:00+00:00,99.7825276792803,99.7825276792803,99.7825276792803,0
2026-06-14 14:15:00+00:00,99.7825276792803,99.7825276792803,99.7825276792803,0
2026-06-14 14:30:00+00:00,99.7825276792803,99.7825276792803,99.7825276792803,0
2026-06-14 14:45:00+00:00,99.7825276792803,99.7825276792803,99.7825276792803,0
2026-06-14 15:00:00+00:00,99.7825276792803,99.7825276792803,99.7825276792803,0
2026-06-14 15:15:00+00:00,99.7825276792803,99.7825276792803,99.7825276792803,0
2026-06-14 15:30:00+00:00,99.7825276792803,99.7825276792803,99.7825276792803,0
2026-06-14 15:45:00+00:00,99.7825276792803,99.7825276792803,99.7825276792803,0
2026-06-14 16:00:00+00:00,99.7825276792803,99.7825276792803,99.7825276792803,0
2026-06-14 16:15:00+00:00,99.7825276792803,99.7825276792803,99.7825276792803,0
2026-06-14 16:30:00+00:00,99.7825276792803,99.7825276792803,99.7825276792803,0
2026-06-14 16:45:00+00:00,99.7825276792803,99.7825276792803,99.7825276792803,0
2026-06-14 17:00:00+00:00,99.7825276792803,99.7825276792803,99.7825276792803,0
2026-06-14 17:15:00+00:00,99.7825276792803,99.7825276792803,99.7825276792803,0
2026-06-14 17:30:00+00:00,99.7825276792803,99.7825276792803,99.7825276792803,0
2026-06-14 17:45:00+00:00,99.7825276792803,99.7825276792803,99.7825276792803,0
2026-06-14 18:00:00+00:00,99.7825276792803,99.7825276792803,99.7825276792803,0
2026-06-14 18:15:00+00:00,99.7825276792803,99.7825276792803,99.7825276792803,0
2026-06-14 18:30:00+00:00,99.7825276792803,99.7825276792803,99.7825276792803,0
2026-06-14 18:45:00+00:00,99.7825276792803,99.7825276792803,99.7825276792803,0
2026-06-14 19:00:00+00:00,99.7825276792803,99.7825276792803,99.7825276792803,0
2026-06-14 19:15:00+00:00,99.7825276792803,99.7825276792803,99.7825276792803,0
2026-06-14 19:30:00+00:00,99.7825276792803,99.7825276792803,99.7825276792803,0
2026-06-14 19:45:00+00:00,99.7825276792803,99.7825276792803,99.7825276792803,0
2026-06-14 20:00:00+00:00,99.7825276792803,99.7825276792803,99.7825276792803,0
2026-06-14 20:15:00+00:00,99.7825276792803,99.7825276792803,99.7825276792803,0
2026-06-14 20:30:00+00:00,99.7825276792803,99.7825276792803,99.7825276792803,0
2026-06-14 20:45:00+00:00,99.7825276792803,99.7825276792803,99.7825276792803,0
2026-06-14 21:00:00+00:00,99.7825276792803,99.7825276792803,99.7825276792803,0
2026-06-14 21:15:00+00:00,99.7825276792803,99.7825276792803,99.7825276792803,0
2026-06-14 21:30:00+00:00,99.7825276792803,99.7825276792803,99.7825276792803,0
2026-06-14 21:45:00+00:00,99.7825276792803,99.7825276792803,99.7825276792803,0
2026-06-14 22:00:00+00:00,99.7825276792803,99.7825276792803,99.7825276792803,0
2026-06-14 22:15:00+00:00,99.7825276792803,99.7825276792803,99.7825276792803,0
2026-06-14 22:30:00+00:00,99.7825276792803,99.7825276792803,99.7825276792803,0
2026-06-14 22:45:00+00:00,99.7825276792803,99.7825276792803,99.7825276792803,0
2026-06-14 23:00:00+00:00,99.7825276792803,99.7825276792803,99.7825276792803,0
2026-06-14 23:15:00+00:00,99.7825276792803,99.7825276792803,99.7825276792803,0
2026-06-14 23:30:00+00:00,99.7825276792803,99.7825276792803,99.7825276792803,0
2026-06-14 23:45:00+00:00,99.7825276792803,99.7825276792803,99.7825276792803,0
2026-06-15 00:00:00+00:00,99.7825276792803,99.7825276792803,99.7825276792803,0
2026-06-15 00:15:00+00:00,99.7825276792803,99.7825276792803,99.7825276792803,0
2026-06-15 00:30:00+00:00,99.7825276792803,99.7825276792803,99.7825276792803,0
2026-06-15 00:45:00+00:00,99.7825276792803,99.7825276792803,99.7825276792803,0
2026-06-15 01:00:00+00:00,99.7825276792803,99.7825276792803,99.7825276792803,0
2026-06-15 01:15:00+00:00,99.7825276792803,99.7825276792803,99.7825276792803,0
2026-06-15 01:30:00+00:00,99.7825276792803,99.7825276792803,99.7825276792803,0
2026-06-15 01:45:00+00:00,99.7825276792803,99.7825276792803,99.7825276792803,0
2026-06-15 02:00:00+00:00,99.7825276792803,99.7825276792803,99.7825276792803,0
2026-06-15 02:15:00+00:00,99.7825276792803,99.7825276792803,99.7825276792803,0
2026-06-15 02:30:00+00:00,99.7825276792803,99.7825276792803,99.7825276792803,0
2026-06-15 02:45:00+00:00,99.7825276792803,99.7825276792803,99.7825276792803,0
2026-06-15 03:00:00+00:00,99.7825276792803,99.7825276792803,99.7825276792803,0
2026-06-15 03:15:00+00:00,99.7825276792803,99.7825276792803,99.7825276792803,0
2026-06-15 03:30:00+00:00,99.7825276792803,99.7825276792803,99.7825276792803,0
2026-06-15 03:45:00+00:00,99.7825276792803,99.7825276792803,99.7825276792803,0
2026-06-15 04:00:00+00:00,99.7825276792803,99.7825276792803,99.7825276792803,0
2026-06-15 04:15:00+00:00,99.7825276792803,99.7825276792803,99.7825276792803,0
2026-06-15 04:30:00+00:00,99.7825276792803,99.7825276792803,99.7825276792803,0
2026-06-15 04:45:00+00:00,99.7825276792803,99.7825276792803,99.7825276792803,0
2026-06-15 05:00:00+00:00,99.7825276792803,99.7825276792803,99.7825276792803,0
2026-06-15 05:15:00+00:00,99.7825276792803,99.7825276792803,99.7825276792803,0
2026-06-15 05:30:00+00:00,99.7825276792803,99.7825276792803,99.7825276792803,0
2026-06-15 05:45:00+00:00,99.7825276792803,99.7825276792803,99.7825276792803,0
2026-06-15 06:00:00+00:00,99.7825276792803,99.7825276792803,99.7825276792803,0
2026-06-15 06:15:00+00:00,99.7825276792803,99.7825276792803,99.7825276792803,0
2026-06-15 06:30:00+00:00,99.7825276792803,99.7825276792803,99.7825276792803,0
2026-06-15 06:45:00+00:00,99.7825276792803,99.7825276792803,99.7825276792803,0
2026-06-15 07:00:00+00:00,99.7825276792803,99.7825276792803,99.7825276792803,0
2026-06-15 07:15:00+00:00,99.7825276792803,99.7825276792803,99.7825276792803,0
2026-06-15 07:30:00+00:00,99.7825276792803,99.7825276792803,99.7825276792803,0
2026-06-15 07:45:00+00:00,99.7825276792803,99.7825276792803,99.7825276792803,0
2026-06-15 08:00:00+00:00,99.7825276792803,99.7825276792803,99.7825276792803,0
2026-06-15 08:15:00+00:00,99.7825276792803,99.7825276792803,99.7825276792803,0
2026-06-15 08:30:00+00:00,99.7825276792803,99.7825276792803,99.7825276792803,0
2026-06-15 08:45:00+00:00,99.7825276792803,99.7825276792803,99.7825276792803,0
2026-06-15 09:00:00+00:00,99.7825276792803,99.7825276792803,99.7825276792803,0
2026-06-15 09:15:00+00:00,99.7825276792803,99.7825276792803,99.7825276792803,0
2026-06-15 09:30:00+00:00,99.7825276792803,99.7825276792803,99.7825276792803,0
2026-06-15 09:45:00+00:00,99.7825276792803,99.7825276792803,99.7825276792803,0
2026-06-15 10:00:00+00:00,99.7825276792803,99.7825276792803,99.7825276792803,0
2026-06-15 10:15:00+00:00,99.7825276792803,99.7825276792803,99.7825276792803,0
2026-06-15 10:30:00+00:00,99.7825276792803,99.7825276792803,99.7825276792803,0
2026-06-15 10:45:00+00:00,99.7825276792803,99.7825276792803,99.7825276792803,0
2026-06-15 11:00:00+00:00,99.7825276792803,99.7825276792803,99.7825276792803,0
2026-06-15 11:15:00+00:00,99.7825276792803,99.7825276792803,99.7825276792803,0
2026-06-15 11:30:00+00:00,99.7825276792803,99.7825276792803,99.7825276792803,0
2026-06-15 11:45:00+00:00,99.7825276792803,99.7825276792803,99.7825276792803,0
2026-06-15 12:00:00+00:00,99.7825276792803,99.7825276792803,99.7825276792803,0
2026-06-15 12:15:00+00:00,99.7825276792803,99.7825276792803,99.7825276792803,0
2026-06-15 12:30:00+00:00,99.7825276792803,99.7825276792803,99.7825276792803,0
2026-06-15 12:45:00+00:00,99.7825276792803,99.7825276792803,99.7825276792803,0
2026-06-15 13:00:00+00:00,99.7825276792803,99.7825276792803,99.7825276792803,0
2026-06-15 13:15:00+00:00,99.7825276792803,99.7825276792803,99.7825276792803,0
2026-06-15 13:30:00+00:00,99.7825276792803,99.7825276792803,99.7825276792803,0
2026-06-15 13:45:00+00:00,99.7825276792803,99.7825276792803,99.7825276792803,0
2026-06-15 14:00:00+00:00,99.7825276792803,99.7825276792803,99.7825276792803,0
2026-06-15 14:15:00+00:00,99.7825276792803,99.7825276792803,99.7825276792803,0
2026-06-15 14:30:00+00:00,99.7825276792803,99.7825276792803,99.7825276792803,0
2026-06-15 14:45:00+00:00,99.7825276792803,99.7825276792803,99.7825276792803,0
2026-06-15 15:00:00+00:00,99.7825276792803,99.7825276792803,99.7825276792803,0
2026-06-15 15:15:00+00:00,99.7825276792803,99.7825276792803,99.7825276792803,0
2026-06-15 15:30:00+00:00,99.7825276792803,99.7825276792803,99.7825276792803,0
2026-06-15 15:45:00+00:00,99.7825276792803,99.7825276792803,99.7825276792803,0
2026-06-15 16:00:00+00:00,99.7825276792803,99.7825276792803,99.7825276792803,0
2026-06-15 16:15:00+00:00,99.7825276792803,99.7825276792803,99.7825276792803,0
2026-06-15 16:30:00+00:00,99.7825276792803,99.7825276792803,99.7825276792803,0
2026-06-15 16:45:00+00:00,99.7825276792803,99.7825276792803,99.7825276792803,0
2026-06-15 17:00:00+00:00,99.7825276792803,99.7825276792803,99.7825276792803,0
2026-06-15 17:15:00+00:00,99.7825276792803,99.7825276792803,99.7825276792803,0
2026-06-15 17:30:00+00:00,99.7825276792803,99.7825276792803,99.7825276792803,0
2026-06-15 17:45:00+00:00,99.7825276792803,99.7825276792803,99.7825276792803,0
2026-06-15 18:00:00+00:00,99.7825276792803,99.7825276792803,99.7825276792803,0
2026-06-15 18:15:00+00:00,99.7825276792803,99.7825276792803,99.7825276792803,0
2026-06-15 18:30:00+00:00,99.7825276792803,99.7825276792803,99.7825276792803,0
2026-06-15 18:45:00+00:00,99.7825276792803,99.7825276792803,99.7825276792803,0
2026-06-15 19:00:00+00:00,99.7825276792803,99.7825276792803,99.7825276792803,0
2026-06-15 19:15:00+00:00,99.7825276792803,99.7825276792803,99.7825276792803,0
2026-06-15 19:30:00+00:00,99.7825276792803,99.7825276792803,99.7825276792803,0
2026-06-15 19:45:00+00:00,99.7825276792803,99.7825276792803,99.7825276792803,0
2026-06-15 20:00:00+00:00,99.7825276792803,99.7825276792803,99.7825276792803,0
2026-06-15 20:15:00+00:00,99.7825276792803,99.7825276792803,99.7825276792803,0
2026-06-15 20:30:00+00:00,99.7825276792803,99.7825276792803,99.7825276792803,0
2026-06-15 20:45:00+00:00,99.7825276792803,99.7825276792803,99.7825276792803,0
2026-06-15 21:00:00+00:00,99.7825276792803,99.7825276792803,99.7825276792803,0
2026-06-15 21:15:00+00:00,99.7825276792803,99.7825276792803,99.7825276792803,0
2026-06-15 21:30:00+00:00,99.7825276792803,99.7825276792803,99.7825276792803,0
2026-06-15 21:45:00+00:00,99.7825276792803,99.7825276792803,99.7825276792803,0
2026-06-15 22:00:00+00:00,99.7825276792803,99.7825276792803,99.7825276792803,0
2026-06-15 22:15:00+00:00,99.7825276792803,99.7825276792803,99.7825276792803,0
2026-06-15 22:30:00+00:00,99.7825276792803,99.7825276792803,99.7825276792803,0
2026-06-15 22:45:00+00:00,99.7825276792803,99.7825276792803,99.7825276792803,0
2026-06-15 23:00:00+00:00,99.7825276792803,99.7825276792803,99.7825276792803,0
2026-06-15 23:15:00+00:00,99.7825276792803,99.7825276792803,99.7825276792803,0
2026-06-15 23:30:00+00:00,99.7825276792803,99.7825276792803,99.7825276792803,0
2026-06-15 23:45:00+00:00,99.7825276792803,99.7825276792803,99.7825276792803,0
2026-06-16 00:00:00+00:00,99.7825276792803,99.7825276792803,99.7825276792803,0
2026-06-16 00:15:00+00:00,99.7825276792803,99.7825276792803,99.7825276792803,0
2026-06-16 00:30:00+00:00,99.7825276792803,99.7825276792803,99.7825276792803,0
2026-06-16 00:45:00+00:00,99.7825276792803,99.7825276792803,99.7825276792803,0
2026-06-16 01:00:00+00:00,99.7825276792803,99.7825276792803,99.7825276792803,0
2026-06-16 01:15:00+00:00,99.7825276792803,99.7825276792803,99.7825276792803,0
2026-06-16 01:30:00+00:00,99.7825276792803,99.7825276792803,99.7825276792803,0
2026-06-16 01:45:00+00:00,99.7825276792803,99.7825276792803,99.7825276792803,0
2026-06-16 02:00:00+00:00,99.7825276792803,99.7825276792803,99.7825276792803,0
2026-06-16 02:15:00+00:00,99.7825276792803,99.7825276792803,99.7825276792803,0
2026-06-16 02:30:00+00:00,99.7825276792803,99.7825276792803,99.7825276792803,0
2026-06-16 02:45:00+00:00,99.7825276792803,99.7825276792803,99.7825276792803,0
2026-06-16 03:00:00+00:00,99.7825276792803,99.7825276792803,99.7825276792803,0
2026-06-16 03:15:00+00:00,99.7825276792803,99.7825276792803,99.7825276792803,0
2026-06-16 03:30:00+00:00,99.7825276792803,99.7825276792803,99.7825276792803,0
2026-06-16 03:45:00+00:00,99.7825276792803,99.7825276792803,99.7825276792803,0
2026-06-16 04:00:00+00:00,99.7825276792803,99.7825276792803,99.7825276792803,0
2026-06-16 04:15:00+00:00,99.7825276792803,99.7825276792803,99.7825276792803,0
2026-06-16 04:30:00+00:00,99.7825276792803,99.7825276792803,99.7825276792803,0
2026-06-16 04:45:00+00:00,99.7825276792803,99.7825276792803,99.7825276792803,0
2026-06-16 05:00:00+00:00,99.7825276792803,99.7825276792803,99.7825276792803,0
2026-06-16 05:15:00+00:00,99.7825276792803,99.7825276792803,99.7825276792803,0
2026-06-16 05:30:00+00:00,99.7825276792803,99.7825276792803,99.7825276792803,0
2026-06-16 05:45:00+00:00,99.7825276792803,99.7825276792803,99.7825276792803,0
2026-06-16 06:00:00+00:00,99.7825276792803,99.7825276792803,99.7825276792803,0
2026-06-16 06:15:00+00:00,99.7825276792803,99.7825276792803,99.7825276792803,0
2026-06-16 06:30:00+00:00,99.7825276792803,99.7825276792803,99.7825276792803,0
2026-06-16 06:45:00+00:00,99.7825276792803,99.7825276792803,99.7825276792803,0
2026-06-16 07:00:00+00:00,99.7825276792803,99.7825276792803,99.7825276792803,0
2026-06-16 07:15:00+00:00,99.7825276792803,99.7825276792803,99.7825276792803,0
2026-06-16 07:30:00+00:00,99.7825276792803,99.7825276792803,99.7825276792803,0
2026-06-16 07:45:00+00:00,99.7825276792803,99.7825276792803,99.7825276792803,0
2026-06-16 08:00:00+00:00,99.7825276792803,99.7825276792803,99.7825276792803,0
2026-06-16 08:15:00+00:00,99.7825276792803,99.7825276792803,99.7825276792803,0
2026-06-16 08:30:00+00:00,99.7825276792803,99.7825276792803,99.7825276792803,0
2026-06-16 08:45:00+00:00,99.7825276792803,99.7825276792803,99.7825276792803,0
2026-06-16 09:00:00+00:00,99.7825276792803,99.7825276792803,99.7825276792803,0
2026-06-16 09:15:00+00:00,99.7825276792803,99.7825276792803,99.7825276792803,0
2026-06-16 09:30:00+00:00,99.7825276792803,99.7825276792803,99.7825276792803,0
2026-06-16 09:45:00+00:00,99.7825276792803,99.7825276792803,99.7825276792803,0
2026-06-16 10:00:00+00:00,99.7825276792803,99.7825276792803,99.7825276792803,0
2026-06-16 10:15:00+00:00,99.7825276792803,99.7825276792803,99.7825276792803,0
2026-06-16 10:30:00+00:00,99.7825276792803,99.7825276792803,99.7825276792803,0
2026-06-16 10:45:00+00:00,99.7825276792803,99.7825276792803,99.7825276792803,0
2026-06-16 11:00:00+00:00,99.7825276792803,99.7825276792803,99.7825276792803,0
2026-06-16 11:15:00+00:00,99.7825276792803,99.7825276792803,99.7825276792803,0
2026-06-16 11:30:00+00:00,99.7825276792803,99.7825276792803,99.7825276792803,0
2026-06-16 11:45:00+00:00,99.7825276792803,99.7825276792803,99.7825276792803,0
2026-06-16 12:00:00+00:00,99.7825276792803,99.7825276792803,99.7825276792803,0
2026-06-16 12:15:00+00:00,99.7825276792803,99.7825276792803,99.7825276792803,0
2026-06-16 12:30:00+00:00,99.7825276792803,99.7825276792803,99.7825276792803,0
2026-06-16 12:45:00+00:00,99.7825276792803,99.7825276792803,99.7825276792803,0
2026-06-16 13:00:00+00:00,99.7825276792803,99.7825276792803,99.7825276792803,0
2026-06-16 13:15:00+00:00,99.7825276792803,99.7825276792803,99.7825276792803,0
2026-06-16 13:30:00+00:00,99.7825276792803,99.7825276792803,99.7825276792803,0
2026-06-16 13:45:00+00:00,99.7825276792803,99.7825276792803,99.7825276792803,0
2026-06-16 14:00:00+00:00,99.7825276792803,99.7825276792803,99.7825276792803,0
2026-06-16 14:15:00+00:00,99.7825276792803,99.7825276792803,99.7825276792803,0
2026-06-16 14:30:00+00:00,99.7825276792803,99.7825276792803,99.7825276792803,0
2026-06-16 14:45:00+00:00,99.7825276792803,99.7825276792803,99.7825276792803,0
2026-06-16 15:00:00+00:00,99.7825276792803,99.7825276792803,99.7825276792803,0
2026-06-16 15:15:00+00:00,99.7825276792803,99.7825276792803,99.7825276792803,0
2026-06-16 15:30:00+00:00,99.7825276792803,99.7825276792803,99.7825276792803,0
2026-06-16 15:45:00+00:00,99.7825276792803,99.7825276792803,99.7825276792803,0
2026-06-16 16:00:00+00:00,99.7825276792803,99.7825276792803,99.7825276792803,0
2026-06-16 16:15:00+00:00,99.7825276792803,99.7825276792803,99.7825276792803,0
2026-06-16 16:30:00+00:00,99.7825276792803,99.7825276792803,99.7825276792803,0
2026-06-16 16:45:00+00:00,99.7825276792803,99.7825276792803,99.7825276792803,0
2026-06-16 17:00:00+00:00,99.7825276792803,99.7825276792803,99.7825276792803,0
2026-06-16 17:15:00+00:00,99.7825276792803,99.7825276792803,99.7825276792803,0
2026-06-16 17:30:00+00:00,99.7825276792803,99.7825276792803,99.7825276792803,0
2026-06-16 17:45:00+00:00,99.7825276792803,99.7825276792803,99.7825276792803,0
2026-06-16 18:00:00+00:00,99.7825276792803,99.7825276792803,99.7825276792803,0
2026-06-16 18:15:00+00:00,99.7825276792803,99.7825276792803,99.7825276792803,0
2026-06-16 18:30:00+00:00,99.7825276792803,99.7825276792803,99.7825276792803,0
2026-06-16 18:45:00+00:00,99.7825276792803,99.7825276792803,99.7825276792803,0
2026-06-16 19:00:00+00:00,99.7825276792803,99.7825276792803,99.7825276792803,0
2026-06-16 19:15:00+00:00,99.7825276792803,99.7825276792803,99.7825276792803,0
2026-06-16 19:30:00+00:00,99.7825276792803,99.7825276792803,99.7825276792803,0
2026-06-16 19:45:00+00:00,99.7825276792803,99.7825276792803,99.7825276792803,0
2026-06-16 20:00:00+00:00,99.7825276792803,99.7825276792803,99.7825276792803,0
2026-06-16 20:15:00+00:00,99.7825276792803,99.7825276792803,99.7825276792803,0
2026-06-16 20:30:00+00:00,99.7825276792803,99.7825276792803,99.7825276792803,0
2026-06-16 20:45:00+00:00,99.7825276792803,99.7825276792803,99.7825276792803,0
2026-06-16 21:00:00+00:00,99.7825276792803,99.7825276792803,99.7825276792803,0
2026-06-16 21:15:00+00:00,99.7825276792803,99.7825276792803,99.7825276792803,0
2026-06-16 21:30:00+00:00,99.7825276792803,99.7825276792803,99.7825276792803,0
2026-06-16 21:45:00+00:00,99.7825276792803,99.7825276792803,99.7825276792803,0
2026-06-16 22:00:00+00:00,99.7825276792803,99.7825276792803,99.7825276792803,0
2026-06-16 22:15:00+00:00,99.7825276792803,99.7825276792803,99.7825276792803,0
2026-06-16 22:30:00+00:00,99.7825276792803,99.7825276792803,99.7825276792803,0
2026-06-16 22:45:00+00:00,99.7825276792803,99.7825276792803,99.7825276792803,0
2026-06-16 23:00:00+00:00,99.7825276792803,99.7825276792803,99.7825276792803,0
2026-06-16 23:15:00+00:00,99.7825276792803,99.7825276792803,99.7825276792803,0
2026-06-16 23:30:00+00:00,99.7825276792803,99.7825276792803,99.7825276792803,0
2026-06-16 23:45:00+00:00,99.7825276792803,99.7825276792803,99.7825276792803,0
2026-06-17 00:00:00+00:00,99.7825276792803,99.7825276792803,99.7825276792803,0
2026-06-17 00:15:00+00:00,99.7825276792803,99.7825276792803,99.7825276792803,0
2026-06-17 00:30:00+00:00,99.7825276792803,99.7825276792803,99.7825276792803,0
2026-06-17 00:45:00+00:00,99.7825276792803,99.7825276792803,99.7825276792803,0
2026-06-17 01:00:00+00:00,99.7825276792803,99.7825276792803,99.7825276792803,0
2026-06-17 01:15:00+00:00,99.7825276792803,99.7825276792803,99.7825276792803,0
2026-06-17 01:30:00+00:00,99.7825276792803,99.7825276792803,99.7825276792803,0
2026-06-17 01:45:00+00:00,99.7825276792803,99.7825276792803,99.7825276792803,0
2026-06-17 02:00:00+00:00,99.7825276792803,99.7825276792803,99.7825276792803,0
2026-06-17 02:15:00+00:00,99.7825276792803,99.7825276792803,99.7825276792803,0
2026-06-17 02:30:00+00:00,99.7825276792803,99.7825276792803,99.7825276792803,0
2026-06-17 02:45:00+00:00,99.7825276792803,99.7825276792803,99.7825276792803,0
2026-06-17 03:00:00+00:00,99.7825276792803,99.7825276792803,99.7825276792803,0
2026-06-17 03:15:00+00:00,99.7825276792803,99.7825276792803,99.7825276792803,0
2026-06-17 03:30:00+00:00,99.7825276792803,99.7825276792803,99.7825276792803,0
2026-06-17 03:45:00+00:00,99.7825276792803,99.7825276792803,99.7825276792803,0
2026-06-17 04:00:00+00:00,99.7825276792803,99.7825276792803,99.7825276792803,0
2026-06-17 04:15:00+00:00,99.7825276792803,99.7825276792803,99.7825276792803,0
2026-06-17 04:30:00+00:00,99.7825276792803,99.7825276792803,99.7825276792803,0
2026-06-17 04:45:00+00:00,99.7825276792803,99.7825276792803,99.7825276792803,0
2026-06-17 05:00:00+00:00,99.7825276792803,99.7825276792803,99.7825276792803,0
2026-06-17 05:15:00+00:00,99.7825276792803,99.7825276792803,99.7825276792803,0
2026-06-17 05:30:00+00:00,99.7825276792803,99.7825276792803,99.7825276792803,0
2026-06-17 05:45:00+00:00,99.7825276792803,99.7825276792803,99.7825276792803,0
2026-06-17 06:00:00+00:00,99.7825276792803,99.7825276792803,99.7825276792803,0
2026-06-17 06:15:00+00:00,99.7825276792803,99.7825276792803,99.7825276792803,0
2026-06-17 06:30:00+00:00,99.7825276792803,99.7825276792803,99.7825276792803,0
2026-06-17 06:45:00+00:00,99.7825276792803,99.7825276792803,99.7825276792803,0
2026-06-17 07:00:00+00:00,99.7825276792803,99.7825276792803,99.7825276792803,0
2026-06-17 07:15:00+00:00,99.7825276792803,99.7825276792803,99.7825276792803,0
2026-06-17 07:30:00+00:00,99.7825276792803,99.7825276792803,99.7825276792803,0
2026-06-17 07:45:00+00:00,99.7825276792803,99.7825276792803,99.7825276792803,0
2026-06-17 08:00:00+00:00,99.7825276792803,99.7825276792803,99.7825276792803,0
2026-06-17 08:15:00+00:00,99.7825276792803,99.7825276792803,99.7825276792803,0
2026-06-17 08:30:00+00:00,99.7825276792803,99.7825276792803,99.7825276792803,0
2026-06-17 08:45:00+00:00,99.7825276792803,99.7825276792803,99.7825276792803,0
2026-06-17 09:00:00+00:00,99.7825276792803,99.7825276792803,99.7825276792803,0
2026-06-17 09:15:00+00:00,99.7825276792803,99.7825276792803,99.7825276792803,0
2026-06-17 09:30:00+00:00,99.7825276792803,99.7825276792803,99.7825276792803,0
2026-06-17 09:45:00+00:00,99.7825276792803,99.7825276792803,99.7825276792803,0
2026-06-17 10:00:00+00:00,99.7825276792803,99.7825276792803,99.7825276792803,0
2026-06-17 10:15:00+00:00,99.7825276792803,99.7825276792803,99.7825276792803,0
2026-06-17 10:30:00+00:00,99.7825276792803,99.7825276792803,99.7825276792803,0
2026-06-17 10:45:00+00:00,99.7825276792803,99.7825276792803,99.7825276792803,0
2026-06-17 11:00:00+00:00,99.7825276792803,99.7825276792803,99.7825276792803,0
2026-06-17 11:15:00+00:00,99.7825276792803,99.7825276792803,99.7825276792803,0
2026-06-17 11:30:00+00:00,99.7825276792803,99.7825276792803,99.7825276792803,0
2026-06-17 11:45:00+00:00,99.7825276792803,99.7825276792803,99.7825276792803,0
2026-06-17 12:00:00+00:00,99.7825276792803,99.7825276792803,99.7825276792803,0
2026-06-17 12:15:00+00:00,99.7825276792803,99.7825276792803,99.7825276792803,0
2026-06-17 12:30:00+00:00,99.7825276792803,99.7825276792803,99.7825276792803,0
2026-06-17 12:45:00+00:00,99.7825276792803,99.7825276792803,99.7825276792803,0
2026-06-17 13:00:00+00:00,99.7825276792803,99.7825276792803,99.7825276792803,0
2026-06-17 13:15:00+00:00,99.7825276792803,99.7825276792803,99.7825276792803,0
2026-06-17 13:30:00+00:00,99.7825276792803,99.7825276792803,99.7825276792803,0
2026-06-17 13:45:00+00:00,99.7825276792803,99.7825276792803,99.7825276792803,0
2026-06-17 14:00:00+00:00,99.7825276792803,99.7825276792803,99.7825276792803,0
2026-06-17 14:15:00+00:00,99.7825276792803,99.7825276792803,99.7825276792803,0
2026-06-17 14:30:00+00:00,99.7825276792803,99.7825276792803,99.7825276792803,0
2026-06-17 14:45:00+00:00,99.7825276792803,99.7825276792803,99.7825276792803,0
2026-06-17 15:00:00+00:00,99.7825276792803,99.7825276792803,99.7825276792803,0
2026-06-17 15:15:00+00:00,99.7825276792803,99.7825276792803,99.7825276792803,0
2026-06-17 15:30:00+00:00,99.7825276792803,99.7825276792803,99.7825276792803,0
2026-06-17 15:45:00+00:00,99.7825276792803,99.7825276792803,99.7825276792803,0
2026-06-17 16:00:00+00:00,99.7825276792803,99.7825276792803,99.7825276792803,0
2026-06-17 16:15:00+00:00,99.7825276792803,99.7825276792803,99.7825276792803,0
2026-06-17 16:30:00+00:00,99.7825276792803,99.7825276792803,99.7825276792803,0
2026-06-17 16:45:00+00:00,99.7825276792803,99.7825276792803,99.7825276792803,0
2026-06-17 17:00:00+00:00,99.7825276792803,99.7825276792803,99.7825276792803,0
2026-06-17 17:15:00+00:00,99.7825276792803,99.7825276792803,99.7825276792803,0
2026-06-17 17:30:00+00:00,99.7825276792803,99.7825276792803,99.7825276792803,0
2026-06-17 17:45:00+00:00,99.7825276792803,99.7825276792803,99.7825276792803,0
2026-06-17 18:00:00+00:00,99.7825276792803,99.7825276792803,99.7825276792803,0
2026-06-17 18:15:00+00:00,99.7825276792803,99.7825276792803,99.7825276792803,0
2026-06-17 18:30:00+00:00,99.7825276792803,99.7825276792803,99.7825276792803,0
2026-06-17 18:45:00+00:00,99.7825276792803,99.7825276792803,99.7825276792803,0
2026-06-17 19:00:00+00:00,99.7825276792803,99.7825276792803,99.7825276792803,0
2026-06-17 19:15:00+00:00,99.7825276792803,99.7825276792803,99.7825276792803,0
2026-06-17 19:30:00+00:00,99.7825276792803,99.7825276792803,99.7825276792803,0
2026-06-17 19:45:00+00:00,99.7825276792803,99.7825276792803,99.7825276792803,0
2026-06-17 20:00:00+00:00,99.7825276792803,99.7825276792803,99.7825276792803,0
2026-06-17 20:15:00+00:00,99.7825276792803,99.7825276792803,99.7825276792803,0
2026-06-17 20:30:00+00:00,99.7825276792803,99.7825276792803,99.7825276792803,0
2026-06-17 20:45:00+00:00,99.7825276792803,99.7825276792803,99.7825276792803,0
2026-06-17 21:00:00+00:00,99.7825276792803,99.7825276792803,99.7825276792803,0
2026-06-17 21:15:00+00:00,99.7825276792803,99.7825276792803,99.7825276792803,0
2026-06-17 21:30:00+00:00,99.7825276792803,99.7825276792803,99.7825276792803,0
2026-06-17 21:45:00+00:00,99.7825276792803,99.7825276792803,99.7825276792803,0
2026-06-17 22:00:00+00:00,99.7825276792803,99.7825276792803,99.7825276792803,0
2026-06-17 22:15:00+00:00,99.7825276792803,99.7825276792803,99.7825276792803,0
2026-06-17 22:30:00+00:00,99.7825276792803,99.7825276792803,99.7825276792803,0
2026-06-17 22:45:00+00:00,99.7825276792803,99.7825276792803,99.7825276792803,0
2026-06-17 23:00:00+00:00,99.7825276792803,99.7825276792803,99.7825276792803,0
2026-06-17 23:15:00+00:00,99.7825276792803,99.7825276792803,99.7825276792803,0
2026-06-17 23:30:00+00:00,99.7825276792803,99.7825276792803,99.7825276792803,0
2026-06-17 23:45:00+00:00,99.7825276792803,99.7825276792803,99.7825276792803,0
2026-06-18 00:00:00+00:00,99.7825276792803,99.7825276792803,99.7825276792803,0
2026-06-18 00:15:00+00:00,99.7825276792803,99.7825276792803,99.7825276792803,0
2026-06-18 00:30:00+00:00,99.7825276792803,99.7825276792803,99.7825276792803,0
2026-06-18 00:45:00+00:00,99.7825276792803,99.7825276792803,99.7825276792803,0
2026-06-18 01:00:00+00:00,99.7825276792803,99.7825276792803,99.7825276792803,0
2026-06-18 01:15:00+00:00,99.7825276792803,99.7825276792803,99.7825276792803,0
2026-06-18 01:30:00+00:00,99.7825276792803,99.7825276792803,99.7825276792803,0
2026-06-18 01:45:00+00:00,99.7825276792803,99.7825276792803,99.7825276792803,0
2026-06-18 02:00:00+00:00,99.7825276792803,99.7825276792803,99.7825276792803,0
2026-06-18 02:15:00+00:00,99.7825276792803,99.7825276792803,99.7825276792803,0
2026-06-18 02:30:00+00:00,99.7825276792803,99.7825276792803,99.7825276792803,0
2026-06-18 02:45:00+00:00,99.7825276792803,99.7825276792803,99.7825276792803,0
2026-06-18 03:00:00+00:00,99.7825276792803,99.7825276792803,99.7825276792803,0
2026-06-18 03:15:00+00:00,99.7825276792803,99.7825276792803,99.7825276792803,0
2026-06-18 03:30:00+00:00,99.7825276792803,99.7825276792803,99.7825276792803,0
2026-06-18 03:45:00+00:00,99.7825276792803,99.7825276792803,99.7825276792803,0
2026-06-18 04:00:00+00:00,99.7825276792803,99.7825276792803,99.7825276792803,0
2026-06-18 04:15:00+00:00,99.7825276792803,99.7825276792803,99.7825276792803,0
2026-06-18 04:30:00+00:00,99.7825276792803,99.7825276792803,99.7825276792803,0
2026-06-18 04:45:00+00:00,99.7825276792803,99.7825276792803,99.7825276792803,0
2026-06-18 05:00:00+00:00,99.7825276792803,99.7825276792803,99.7825276792803,0
2026-06-18 05:15:00+00:00,99.7825276792803,99.7825276792803,99.7825276792803,0
2026-06-18 05:30:00+00:00,99.7825276792803,99.7825276792803,99.7825276792803,0
2026-06-18 05:45:00+00:00,99.7825276792803,99.7825276792803,99.7825276792803,0
2026-06-18 06:00:00+00:00,99.7825276792803,99.7825276792803,99.7825276792803,0
2026-06-18 06:15:00+00:00,99.7825276792803,99.7825276792803,99.7825276792803,0
2026-06-18 06:30:00+00:00,99.7825276792803,99.7825276792803,99.7825276792803,0
2026-06-18 06:45:00+00:00,99.7825276792803,99.7825276792803,99.7825276792803,0
2026-06-18 07:00:00+00:00,99.7825276792803,99.7825276792803,99.7825276792803,0
2026-06-18 07:15:00+00:00,99.7825276792803,99.7825276792803,99.7825276792803,0
2026-06-18 07:30:00+00:00,99.7825276792803,99.7825276792803,99.7825276792803,0
2026-06-18 07:45:00+00:00,99.7825276792803,99.7825276792803,99.7825276792803,0
2026-06-18 08:00:00+00:00,99.7825276792803,99.7825276792803,99.7825276792803,0
2026-06-18 08:15:00+00:00,99.7825276792803,99.7825276792803,99.7825276792803,0
2026-06-18 08:30:00+00:00,99.7825276792803,99.7825276792803,99.7825276792803,0
2026-06-18 08:45:00+00:00,99.7825276792803,99.7825276792803,99.7825276792803,0
2026-06-18 09:00:00+00:00,99.7825276792803,99.7825276792803,99.7825276792803,0
2026-06-18 09:15:00+00:00,99.7825276792803,99.7825276792803,99.7825276792803,0
2026-06-18 09:30:00+00:00,99.7825276792803,99.7825276792803,99.7825276792803,0
2026-06-18 09:45:00+00:00,99.7825276792803,99.7825276792803,99.7825276792803,0
2026-06-18 10:00:00+00:00,99.7825276792803,99.7825276792803,99.7825276792803,0
2026-06-18 10:15:00+00:00,99.7825276792803,99.7825276792803,99.7825276792803,0
2026-06-18 10:30:00+00:00,99.7825276792803,99.7825276792803,99.7825276792803,0
2026-06-18 10:45:00+00:00,99.7825276792803,99.7825276792803,99.7825276792803,0
2026-06-18 11:00:00+00:00,99.7825276792803,99.7825276792803,99.7825276792803,0
2026-06-18 11:15:00+00:00,99.7825276792803,99.7825276792803,99.7825276792803,0
2026-06-18 11:30:00+00:00,99.7825276792803,99.7825276792803,99.7825276792803,0
2026-06-18 11:45:00+00:00,99.7825276792803,99.7825276792803,99.7825276792803,0
2026-06-18 12:00:00+00:00,99.7825276792803,99.7825276792803,99.7825276792803,0
2026-06-18 12:15:00+00:00,99.7825276792803,99.7825276792803,99.7825276792803,0
2026-06-18 12:30:00+00:00,99.7825276792803,99.7825276792803,99.7825276792803,0
2026-06-18 12:45:00+00:00,99.7825276792803,99.7825276792803,99.7825276792803,0
2026-06-18 13:00:00+00:00,99.7825276792803,99.7825276792803,99.7825276792803,0
2026-06-18 13:15:00+00:00,99.7825276792803,99.7825276792803,99.7825276792803,0
2026-06-18 13:30:00+00:00,99.7825276792803,99.7825276792803,99.7825276792803,0
2026-06-18 13:45:00+00:00,99.7825276792803,99.7825276792803,99.7825276792803,0
2026-06-18 14:00:00+00:00,99.7825276792803,99.7825276792803,99.7825276792803,0
2026-06-18 14:15:00+00:00,99.7825276792803,99.7825276792803,99.7825276792803,0
2026-06-18 14:30:00+00:00,99.7825276792803,99.7825276792803,99.7825276792803,0
2026-06-18 14:45:00+00:00,99.7825276792803,99.7825276792803,99.7825276792803,0
2026-06-18 15:00:00+00:00,99.7825276792803,99.7825276792803,99.7825276792803,0
2026-06-18 15:15:00+00:00,99.7825276792803,99.7825276792803,99.7825276792803,0
2026-06-18 15:30:00+00:00,99.7825276792803,99.7825276792803,99.7825276792803,0
2026-06-18 15:45:00+00:00,99.7825276792803,99.7825276792803,99.7825276792803,0
2026-06-18 16:00:00+00:00,99.7825276792803,99.7825276792803,99.7825276792803,0
2026-06-18 16:15:00+00:00,99.7825276792803,99.7825276792803,99.7825276792803,0
2026-06-18 16:30:00+00:00,99.7825276792803,99.7825276792803,99.7825276792803,0
2026-06-18 16:45:00+00:00,99.62218822482554,99.55696743984784,99.77084269898592,1
2026-06-18 17:00:00+00:00,99.77871810877195,99.55696743984784,99.77084269898592,1
2026-06-18 17:15:00+00:00,99.77871810877195,99.6482765388166,99.77084269898592,1
2026-06-18 17:30:00+00:00,99.66132069581217,99.60262198933223,99.77084269898592,1
2026-06-18 17:45:00+00:00,99.81785057975858,99.62218822482554,99.77084269898592,1
2026-06-18 18:00:00+00:00,99.93524799271842,99.81132850126082,99.77084269898592,1
2026-06-18 18:15:00+00:00,99.92872591422064,99.81785057975858,99.77084269898592,1
2026-06-18 18:30:00+00:00,100.09829995516262,99.88307136473628,99.77084269898592,1
2026-06-18 18:45:00+00:00,100.23526360361576,100.07221164117152,99.77084269898592,1
2026-06-18 19:00:00+00:00,100.30048438859345,100.15699866164252,99.77084269898592,1
2026-06-18 19:15:00+00:00,100.20917528962468,100.1635207401403,99.77084269898592,1
2026-06-18 19:30:00+00:00,100.05264540567823,100.02655709168717,99.77084269898592,1
2026-06-18 19:45:00+00:00,99.88307136473628,99.77871810877195,99.77084269898592,1
2026-06-18 20:00:00+00:00,99.70709232269073,99.6092611452242,99.77095977638012,1
2026-06-18 20:15:00+00:00,99.6092611452242,99.58969490973092,99.77095977638012,1
2026-06-18 20:30:00+00:00,99.66795985170413,99.51795204625544,99.77095977638012,1
2026-06-18 20:45:00+00:00,99.6549156947086,99.60273906672644,99.77095977638012,1
2026-06-18 21:00:00+00:00,99.76579102917064,99.60273906672644,99.77095977638012,1
2026-06-18 21:15:00+00:00,99.62882738071752,99.58317283123311,99.77095977638012,1
2026-06-18 21:30:00+00:00,99.6549156947086,99.51142996775768,99.77095977638012,1
2026-06-18 21:45:00+00:00,99.57665075273536,99.54404036024653,99.77095977638012,1
2026-06-18 22:00:00+00:00,99.56360659573984,99.47881957526884,99.77095977638012,1
2026-06-18 22:15:00+00:00,99.55708451724206,99.49186373226438,99.77095977638012,1
2026-06-18 22:30:00+00:00,99.6483936162108,99.5505624387443,99.77095977638012,1
2026-06-18 22:45:00+00:00,99.59878080750303,99.53751828174876,99.59878080750303,0
2026-06-18 23:00:00+00:00,99.59878080750303,99.59878080750303,99.59878080750303,0
2026-06-18 23:15:00+00:00,99.59878080750303,99.59878080750303,99.59878080750303,0
2026-06-18 23:30:00+00:00,99.59878080750303,99.59878080750303,99.59878080750303,0
2026-06-18 23:45:00+00:00,99.59878080750303,99.59878080750303,99.59878080750303,0
2026-06-19 00:00:00+00:00,99.59878080750303,99.59878080750303,99.59878080750303,0
2026-06-19 00:15:00+00:00,99.59878080750303,99.59878080750303,99.59878080750303,0
2026-06-19 00:30:00+00:00,99.59878080750303,99.59878080750303,99.59878080750303,0
2026-06-19 00:45:00+00:00,99.59878080750303,99.59878080750303,99.59878080750303,0
2026-06-19 01:00:00+00:00,99.59878080750303,99.59878080750303,99.59878080750303,0
2026-06-19 01:15:00+00:00,99.59878080750303,99.59878080750303,99.59878080750303,0
2026-06-19 01:30:00+00:00,99.59878080750303,99.59878080750303,99.59878080750303,0
2026-06-19 01:45:00+00:00,99.59878080750303,99.59878080750303,99.59878080750303,0
2026-06-19 02:00:00+00:00,99.59878080750303,99.59878080750303,99.59878080750303,0
2026-06-19 02:15:00+00:00,99.59878080750303,99.59878080750303,99.59878080750303,0
2026-06-19 02:30:00+00:00,99.59878080750303,99.59878080750303,99.59878080750303,0
2026-06-19 02:45:00+00:00,99.59878080750303,99.59878080750303,99.59878080750303,0
2026-06-19 03:00:00+00:00,99.59878080750303,99.59878080750303,99.59878080750303,0
2026-06-19 03:15:00+00:00,99.59878080750303,99.59878080750303,99.59878080750303,0
2026-06-19 03:30:00+00:00,99.59878080750303,99.59878080750303,99.59878080750303,0
2026-06-19 03:45:00+00:00,99.59878080750303,99.59878080750303,99.59878080750303,0
2026-06-19 04:00:00+00:00,99.59878080750303,99.59878080750303,99.59878080750303,0
2026-06-19 04:15:00+00:00,99.59878080750303,99.59878080750303,99.59878080750303,0
2026-06-19 04:30:00+00:00,99.59878080750303,99.59878080750303,99.59878080750303,0
2026-06-19 04:45:00+00:00,99.61043180125652,99.5304419522643,99.59230179432916,1
2026-06-19 05:00:00+00:00,99.45045210327208,99.4258398420437,99.59230179432916,1
2026-06-19 05:15:00+00:00,99.6073695276556,99.415706647736,99.57800917415716,2
2026-06-19 05:30:00+00:00,99.40292288890105,99.36411268469637,99.57800917415716,2
2026-06-19 05:45:00+00:00,99.37737407175206,99.31442923453976,99.57800917415716,2
2026-06-19 06:00:00+00:00,99.31442923453976,99.2074763842572,99.57800917415716,2
2026-06-19 06:15:00+00:00,99.2775108426972,99.17623342950098,99.57800917415716,2
2026-06-19 06:30:00+00:00,99.3598514317514,99.23113338904407,99.57800917415716,2
2026-06-19 06:45:00+00:00,99.23822301027177,99.17764761364234,99.57800917415716,2
2026-06-19 07:00:00+00:00,99.48667766209658,99.19989043428784,99.57800917415716,2
2026-06-19 07:15:00+00:00,99.59836939354489,99.37357174650694,99.57800917415716,2
2026-06-19 07:30:00+00:00,100.1298276484542,99.48478584973446,99.57800917415716,2
2026-06-19 07:45:00+00:00,100.05268486826562,99.9249033814789,99.57800917415716,2
2026-06-19 08:00:00+00:00,99.82023788263466,99.7691215478158,99.57697182857112,2
2026-06-19 08:15:00+00:00,99.78379711901285,99.72085228180056,99.57697182857112,2
2026-06-19 08:30:00+00:00,99.6067911097694,99.484685060069,99.57697182857112,2
2026-06-19 08:45:00+00:00,99.76201322606718,99.58217884854102,99.57697182857112,2
2026-06-19 09:00:00+00:00,99.95982917129388,99.65458274756388,99.57697182857112,2
2026-06-19 09:15:00+00:00,100.01899038378195,99.88694764405028,99.57697182857112,2
2026-06-19 09:30:00+00:00,100.01283731847488,99.85098450864923,99.57697182857112,2
2026-06-19 09:45:00+00:00,100.1325739275924,99.98870268546725,99.57697182857112,2
2026-06-19 10:00:00+00:00,100.17279831593842,100.06158421271088,99.57697182857112,2
2026-06-19 10:15:00+00:00,100.22485120667788,100.15623093237924,99.57697182857112,2
2026-06-19 10:30:00+00:00,100.37724495469296,100.23289608434708,99.57697182857112,2
2026-06-19 10:45:00+00:00,100.20051411896527,100.0999167886948,99.5390441648089,1
2026-06-19 11:00:00+00:00,100.24878338498053,100.14419997528084,99.5390441648089,1
2026-06-19 11:15:00+00:00,100.17637948595768,100.07984095392716,99.5390441648089,1
2026-06-19 11:30:00+00:00,100.15224485295003,100.12006534227322,99.5390441648089,1
2026-06-19 11:45:00+00:00,100.12006534227322,100.03961656558114,99.5390441648089,1
2026-06-19 12:00:00+00:00,100.18020330681703,100.04344038644052,99.53482310799906,1
2026-06-19 12:15:00+00:00,100.2526072058399,100.17215842914784,99.53482310799906,1
2026-06-19 12:30:00+00:00,100.17215842914784,100.10779940779418,99.53482310799906,1
2026-06-19 12:45:00+00:00,99.80598070570872,99.79404917869508,99.80598070570872,0
2026-06-19 13:00:00+00:00,99.80598070570872,99.80598070570872,99.80598070570872,0
2026-06-19 13:15:00+00:00,99.80598070570872,99.80598070570872,99.80598070570872,0
2026-06-19 13:30:00+00:00,99.05672897069957,99.05672897069957,99.05672897069957,0
2026-06-19 13:45:00+00:00,99.05672897069957,99.05672897069957,99.05672897069957,0
2026-06-19 14:00:00+00:00,99.05672897069957,99.05672897069957,99.05672897069957,0
2026-06-19 14:15:00+00:00,99.05672897069957,99.05672897069957,99.05672897069957,0
2026-06-19 14:30:00+00:00,99.05672897069957,99.05672897069957,99.05672897069957,0
2026-06-19 14:45:00+00:00,99.05672897069957,99.05672897069957,99.05672897069957,0
2026-06-19 15:00:00+00:00,99.05672897069957,99.05672897069957,99.05672897069957,0
2026-06-19 15:15:00+00:00,99.05672897069957,99.05672897069957,99.05672897069957,0
2026-06-19 15:30:00+00:00,99.05672897069957,99.05672897069957,99.05672897069957,0
2026-06-19 15:45:00+00:00,99.05672897069957,99.05672897069957,99.05672897069957,0
2026-06-19 16:00:00+00:00,99.05672897069957,99.05672897069957,99.05672897069957,0
2026-06-19 16:15:00+00:00,99.05672897069957,99.05672897069957,99.05672897069957,0
2026-06-19 16:30:00+00:00,99.05672897069957,99.05672897069957,99.05672897069957,0
2026-06-19 16:45:00+00:00,99.05672897069957,99.05672897069957,99.05672897069957,0
2026-06-19 17:00:00+00:00,99.05672897069957,99.05672897069957,99.05672897069957,0
2026-06-19 17:15:00+00:00,99.05672897069957,99.05672897069957,99.05672897069957,0
2026-06-19 17:30:00+00:00,99.05672897069957,99.05672897069957,99.05672897069957,0
2026-06-19 17:45:00+00:00,99.05672897069957,99.05672897069957,99.05672897069957,0
2026-06-19 18:00:00+00:00,99.05672897069957,99.05672897069957,99.05672897069957,0
2026-06-19 18:15:00+00:00,99.05672897069957,99.05672897069957,99.05672897069957,0
2026-06-19 18:30:00+00:00,99.05672897069957,99.05672897069957,99.05672897069957,0
2026-06-19 18:45:00+00:00,99.05672897069957,99.05672897069957,99.05672897069957,0
2026-06-19 19:00:00+00:00,99.05672897069957,99.05672897069957,99.05672897069957,0
2026-06-19 19:15:00+00:00,99.05672897069957,99.05672897069957,99.05672897069957,0
2026-06-19 19:30:00+00:00,99.05672897069957,99.05672897069957,99.05672897069957,0
2026-06-19 19:45:00+00:00,99.05672897069957,99.05672897069957,99.05672897069957,0
2026-06-19 20:00:00+00:00,99.05672897069957,99.05672897069957,99.05672897069957,0
2026-06-19 20:15:00+00:00,99.05672897069957,99.05672897069957,99.05672897069957,0
2026-06-19 20:30:00+00:00,99.05672897069957,99.05672897069957,99.05672897069957,0
2026-06-19 20:45:00+00:00,98.58278877833236,98.57655004310442,99.03928873259017,1
2026-06-19 21:00:00+00:00,98.59604609069176,98.57109114977996,99.03928873259017,1
2026-06-19 21:15:00+00:00,98.76995083517092,98.53287889650876,99.03928873259017,1
2026-06-19 21:30:00+00:00,98.79646545988972,98.67870933246212,99.03928873259017,1
2026-06-19 21:45:00+00:00,98.63456889671176,98.4561764221846,99.02108401341438,2
2026-06-19 22:00:00+00:00,98.33147824617473,98.29022315383874,99.02108401341438,2
2026-06-19 22:15:00+00:00,97.86584727817684,97.86584727817684,98.29489928672032,1
2026-06-19 22:30:00+00:00,97.79737424776772,97.78025599016546,98.29489928672032,1
2026-06-19 22:45:00+00:00,97.76313773256318,97.72890121735864,98.29489928672032,1
2026-06-19 23:00:00+00:00,97.78025599016546,97.64330992934724,98.29489928672032,1
2026-06-19 23:15:00+00:00,97.78025599016546,97.72890121735864,98.29489928672032,1
2026-06-19 23:30:00+00:00,97.6775464445518,97.62619167174496,98.29489928672032,1
2026-06-19 23:45:00+00:00,97.57143488166408,97.57143488166408,97.57143488166408,0
2026-06-20 00:00:00+00:00,97.57143488166408,97.57143488166408,97.57143488166408,0
2026-06-20 00:15:00+00:00,97.57143488166408,97.57143488166408,97.57143488166408,0
2026-06-20 00:30:00+00:00,97.57143488166408,97.57143488166408,97.57143488166408,0
2026-06-20 00:45:00+00:00,97.57143488166408,97.57143488166408,97.57143488166408,0
2026-06-20 01:00:00+00:00,97.57143488166408,97.57143488166408,97.57143488166408,0
2026-06-20 01:15:00+00:00,97.57143488166408,97.57143488166408,97.57143488166408,0
2026-06-20 01:30:00+00:00,97.57143488166408,97.57143488166408,97.57143488166408,0
2026-06-20 01:45:00+00:00,97.57143488166408,97.57143488166408,97.57143488166408,0
2026-06-20 02:00:00+00:00,97.57143488166408,97.57143488166408,97.57143488166408,0
2026-06-20 02:15:00+00:00,97.57143488166408,97.57143488166408,97.57143488166408,0
2026-06-20 02:30:00+00:00,97.57143488166408,97.57143488166408,97.57143488166408,0
2026-06-20 02:45:00+00:00,97.57143488166408,97.57143488166408,97.57143488166408,0
2026-06-20 03:00:00+00:00,97.57143488166408,97.57143488166408,97.57143488166408,0
2026-06-20 03:15:00+00:00,97.57143488166408,97.57143488166408,97.57143488166408,0
2026-06-20 03:30:00+00:00,97.57143488166408,97.57143488166408,97.57143488166408,0
2026-06-20 03:45:00+00:00,97.57143488166408,97.57143488166408,97.57143488166408,0
2026-06-20 04:00:00+00:00,97.57143488166408,97.57143488166408,97.57143488166408,0
2026-06-20 04:15:00+00:00,97.57143488166408,97.57143488166408,97.57143488166408,0
2026-06-20 04:30:00+00:00,97.57143488166408,97.57143488166408,97.57143488166408,0
2026-06-20 04:45:00+00:00,97.57143488166408,97.57143488166408,97.57143488166408,0
2026-06-20 05:00:00+00:00,97.57143488166408,97.57143488166408,97.57143488166408,0
2026-06-20 05:15:00+00:00,97.57143488166408,97.57143488166408,97.57143488166408,0
2026-06-20 05:30:00+00:00,97.57143488166408,97.57143488166408,97.57143488166408,0
2026-06-20 05:45:00+00:00,97.57143488166408,97.57143488166408,97.57143488166408,0
2026-06-20 06:00:00+00:00,97.57143488166408,97.57143488166408,97.57143488166408,0
2026-06-20 06:15:00+00:00,97.57143488166408,97.57143488166408,97.57143488166408,0
2026-06-20 06:30:00+00:00,97.57143488166408,97.57143488166408,97.57143488166408,0
2026-06-20 06:45:00+00:00,97.57143488166408,97.57143488166408,97.57143488166408,0
2026-06-20 07:00:00+00:00,97.57143488166408,97.57143488166408,97.57143488166408,0
2026-06-20 07:15:00+00:00,97.57143488166408,97.57143488166408,97.57143488166408,0
2026-06-20 07:30:00+00:00,97.57143488166408,97.57143488166408,97.57143488166408,0
2026-06-20 07:45:00+00:00,97.57143488166408,97.57143488166408,97.57143488166408,0
2026-06-20 08:00:00+00:00,97.57143488166408,97.57143488166408,97.57143488166408,0
2026-06-20 08:15:00+00:00,97.57143488166408,97.57143488166408,97.57143488166408,0
2026-06-20 08:30:00+00:00,97.57143488166408,97.57143488166408,97.57143488166408,0
2026-06-20 08:45:00+00:00,97.57143488166408,97.57143488166408,97.57143488166408,0
2026-06-20 09:00:00+00:00,97.57143488166408,97.57143488166408,97.57143488166408,0
2026-06-20 09:15:00+00:00,97.57143488166408,97.57143488166408,97.57143488166408,0
2026-06-20 09:30:00+00:00,97.57143488166408,97.57143488166408,97.57143488166408,0
2026-06-20 09:45:00+00:00,97.57143488166408,97.57143488166408,97.57143488166408,0
2026-06-20 10:00:00+00:00,97.57143488166408,97.57143488166408,97.57143488166408,0
2026-06-20 10:15:00+00:00,97.57143488166408,97.57143488166408,97.57143488166408,0
2026-06-20 10:30:00+00:00,97.57143488166408,97.57143488166408,97.57143488166408,0
2026-06-20 10:45:00+00:00,97.57143488166408,97.57143488166408,97.57143488166408,0
2026-06-20 11:00:00+00:00,97.57143488166408,97.57143488166408,97.57143488166408,0
2026-06-20 11:15:00+00:00,97.57143488166408,97.57143488166408,97.57143488166408,0
2026-06-20 11:30:00+00:00,97.57143488166408,97.57143488166408,97.57143488166408,0
2026-06-20 11:45:00+00:00,97.57143488166408,97.57143488166408,97.57143488166408,0
2026-06-20 12:00:00+00:00,97.57143488166408,97.57143488166408,97.57143488166408,0
2026-06-20 12:15:00+00:00,97.57143488166408,97.57143488166408,97.57143488166408,0
2026-06-20 12:30:00+00:00,97.57143488166408,97.57143488166408,97.57143488166408,0
2026-06-20 12:45:00+00:00,97.57143488166408,97.57143488166408,97.57143488166408,0
2026-06-20 13:00:00+00:00,97.57143488166408,97.57143488166408,97.57143488166408,0
2026-06-20 13:15:00+00:00,97.57143488166408,97.57143488166408,97.57143488166408,0
2026-06-20 13:30:00+00:00,97.35383964023808,97.3108725801068,97.5485770985181,1
2026-06-20 13:45:00+00:00,97.43977376050064,97.20345492977856,97.5485770985181,1
2026-06-20 14:00:00+00:00,98.04131260233864,97.43977376050064,97.5485770985181,1
2026-06-20 14:15:00+00:00,97.8694443618135,97.80499377161658,97.5485770985181,1
2026-06-20 14:30:00+00:00,97.82647730168222,97.719059651354,97.5485770985181,1
2026-06-20 14:45:00+00:00,96.83897431294476,96.83897431294476,96.83897431294476,0
2026-06-20 15:00:00+00:00,96.83897431294476,96.83897431294476,96.83897431294476,0
2026-06-20 15:15:00+00:00,96.83897431294476,96.83897431294476,96.83897431294476,0
2026-06-20 15:30:00+00:00,96.83897431294476,96.83897431294476,96.83897431294476,0
2026-06-20 15:45:00+00:00,96.83897431294476,96.83897431294476,96.83897431294476,0
2026-06-20 16:00:00+00:00,96.83897431294476,96.83897431294476,96.83897431294476,0
2026-06-20 16:15:00+00:00,96.83897431294476,96.83897431294476,96.83897431294476,0
2026-06-20 16:30:00+00:00,96.83897431294476,96.83897431294476,96.83897431294476,0
2026-06-20 16:45:00+00:00,96.83897431294476,96.83897431294476,96.83897431294476,0
2026-06-20 17:00:00+00:00,96.83897431294476,96.83897431294476,96.83897431294476,0
2026-06-20 17:15:00+00:00,96.83897431294476,96.83897431294476,96.83897431294476,0
2026-06-20 17:30:00+00:00,96.83897431294476,96.83897431294476,96.83897431294476,0
2026-06-20 17:45:00+00:00,96.83897431294476,96.83897431294476,96.83897431294476,0
2026-06-20 18:00:00+00:00,96.83897431294476,96.83897431294476,96.83897431294476,0
2026-06-20 18:15:00+00:00,96.83897431294476,96.83897431294476,96.83897431294476,0
2026-06-20 18:30:00+00:00,96.83897431294476,96.83897431294476,96.83897431294476,0
2026-06-20 18:45:00+00:00,96.83897431294476,96.83897431294476,96.83897431294476,0
2026-06-20 19:00:00+00:00,96.83897431294476,96.83897431294476,96.83897431294476,0
2026-06-20 19:15:00+00:00,96.83897431294476,96.83897431294476,96.83897431294476,0
2026-06-20 19:30:00+00:00,96.83897431294476,96.83897431294476,96.83897431294476,0
2026-06-20 19:45:00+00:00,96.83897431294476,96.83897431294476,96.83897431294476,0
2026-06-20 20:00:00+00:00,96.83897431294476,96.83897431294476,96.83897431294476,0
2026-06-20 20:15:00+00:00,96.83897431294476,96.83897431294476,96.83897431294476,0
2026-06-20 20:30:00+00:00,96.83897431294476,96.83897431294476,96.83897431294476,0
2026-06-20 20:45:00+00:00,96.83897431294476,96.83897431294476,96.83897431294476,0
2026-06-20 21:00:00+00:00,96.83897431294476,96.83897431294476,96.83897431294476,0
2026-06-20 21:15:00+00:00,96.83897431294476,96.83897431294476,96.83897431294476,0
2026-06-20 21:30:00+00:00,96.83897431294476,96.83897431294476,96.83897431294476,0
2026-06-20 21:45:00+00:00,96.83897431294476,96.83897431294476,96.83897431294476,0
2026-06-20 22:00:00+00:00,96.83897431294476,96.83897431294476,96.83897431294476,0
2026-06-20 22:15:00+00:00,96.83897431294476,96.83897431294476,96.83897431294476,0
2026-06-20 22:30:00+00:00,96.83897431294476,96.83897431294476,96.83897431294476,0
2026-06-20 22:45:00+00:00,96.83897431294476,96.83897431294476,96.83897431294476,0
2026-06-20 23:00:00+00:00,96.83897431294476,96.83897431294476,96.83897431294476,0
2026-06-20 23:15:00+00:00,96.83897431294476,96.83897431294476,96.83897431294476,0
2026-06-20 23:30:00+00:00,96.83897431294476,96.83897431294476,96.83897431294476,0
2026-06-20 23:45:00+00:00,96.83897431294476,96.83897431294476,96.83897431294476,0
2026-06-21 00:00:00+00:00,96.83897431294476,96.83897431294476,96.83897431294476,0
2026-06-21 00:15:00+00:00,96.83897431294476,96.83897431294476,96.83897431294476,0
2026-06-21 00:30:00+00:00,96.83897431294476,96.83897431294476,96.83897431294476,0
2026-06-21 00:45:00+00:00,96.83897431294476,96.83897431294476,96.83897431294476,0
2026-06-21 01:00:00+00:00,96.83897431294476,96.83897431294476,96.83897431294476,0
2026-06-21 01:15:00+00:00,96.83897431294476,96.83897431294476,96.83897431294476,0
2026-06-21 01:30:00+00:00,96.83897431294476,96.83897431294476,96.83897431294476,0
2026-06-21 01:45:00+00:00,96.83897431294476,96.83897431294476,96.83897431294476,0
2026-06-21 02:00:00+00:00,96.83897431294476,96.83897431294476,96.83897431294476,0
2026-06-21 02:15:00+00:00,96.83897431294476,96.83897431294476,96.83897431294476,0
2026-06-21 02:30:00+00:00,96.83897431294476,96.83897431294476,96.83897431294476,0
2026-06-21 02:45:00+00:00,96.83897431294476,96.83897431294476,96.83897431294476,0
2026-06-21 03:00:00+00:00,96.83897431294476,96.83897431294476,96.83897431294476,0
2026-06-21 03:15:00+00:00,96.83897431294476,96.83897431294476,96.83897431294476,0
2026-06-21 03:30:00+00:00,96.83897431294476,96.83897431294476,96.83897431294476,0
2026-06-21 03:45:00+00:00,96.83897431294476,96.83897431294476,96.83897431294476,0
2026-06-21 04:00:00+00:00,96.83897431294476,96.83897431294476,96.83897431294476,0
2026-06-21 04:15:00+00:00,96.83897431294476,96.83897431294476,96.83897431294476,0
2026-06-21 04:30:00+00:00,96.83897431294476,96.83897431294476,96.83897431294476,0
2026-06-21 04:45:00+00:00,96.83897431294476,96.83897431294476,96.83897431294476,0
2026-06-21 05:00:00+00:00,96.83897431294476,96.83897431294476,96.83897431294476,0
2026-06-21 05:15:00+00:00,96.83897431294476,96.83897431294476,96.83897431294476,0
2026-06-21 05:30:00+00:00,96.83897431294476,96.83897431294476,96.83897431294476,0
2026-06-21 05:45:00+00:00,96.83897431294476,96.83897431294476,96.83897431294476,0
2026-06-21 06:00:00+00:00,96.83897431294476,96.83897431294476,96.83897431294476,0
2026-06-21 06:15:00+00:00,96.83897431294476,96.83897431294476,96.83897431294476,0
2026-06-21 06:30:00+00:00,96.83897431294476,96.83897431294476,96.83897431294476,0
2026-06-21 06:45:00+00:00,96.83897431294476,96.83897431294476,96.83897431294476,0
2026-06-21 07:00:00+00:00,96.83897431294476,96.83897431294476,96.83897431294476,0
2026-06-21 07:15:00+00:00,96.83897431294476,96.83897431294476,96.83897431294476,0
2026-06-21 07:30:00+00:00,96.83897431294476,96.83897431294476,96.83897431294476,0
2026-06-21 07:45:00+00:00,96.83897431294476,96.83897431294476,96.83897431294476,0
2026-06-21 08:00:00+00:00,96.83897431294476,96.83897431294476,96.83897431294476,0
2026-06-21 08:15:00+00:00,96.83897431294476,96.83897431294476,96.83897431294476,0
2026-06-21 08:30:00+00:00,96.83897431294476,96.83897431294476,96.83897431294476,0
2026-06-21 08:45:00+00:00,96.83897431294476,96.83897431294476,96.83897431294476,0
2026-06-21 09:00:00+00:00,96.83897431294476,96.83897431294476,96.83897431294476,0
2026-06-21 09:15:00+00:00,96.83897431294476,96.83897431294476,96.83897431294476,0
2026-06-21 09:30:00+00:00,96.83897431294476,96.83897431294476,96.83897431294476,0
2026-06-21 09:45:00+00:00,96.83897431294476,96.83897431294476,96.83897431294476,0
2026-06-21 10:00:00+00:00,96.83897431294476,96.83897431294476,96.83897431294476,0
2026-06-21 10:15:00+00:00,96.83897431294476,96.83897431294476,96.83897431294476,0
2026-06-21 10:30:00+00:00,96.83897431294476,96.83897431294476,96.83897431294476,0
2026-06-21 10:45:00+00:00,96.83897431294476,96.83897431294476,96.83897431294476,0
2026-06-21 11:00:00+00:00,96.83897431294476,96.83897431294476,96.83897431294476,0
2026-06-21 11:15:00+00:00,96.83897431294476,96.83897431294476,96.83897431294476,0
2026-06-21 11:30:00+00:00,96.83897431294476,96.83897431294476,96.83897431294476,0
2026-06-21 11:45:00+00:00,96.83897431294476,96.83897431294476,96.83897431294476,0
2026-06-21 12:00:00+00:00,96.83897431294476,96.83897431294476,96.83897431294476,0
2026-06-21 12:15:00+00:00,96.83897431294476,96.83897431294476,96.83897431294476,0
2026-06-21 12:30:00+00:00,96.83897431294476,96.83897431294476,96.83897431294476,0
2026-06-21 12:45:00+00:00,96.83897431294476,96.83897431294476,96.83897431294476,0
2026-06-21 13:00:00+00:00,96.83897431294476,96.83897431294476,96.83897431294476,0
2026-06-21 13:15:00+00:00,96.83897431294476,96.83897431294476,96.83897431294476,0
2026-06-21 13:30:00+00:00,96.83897431294476,96.83897431294476,96.83897431294476,0
2026-06-21 13:45:00+00:00,96.83897431294476,96.83897431294476,96.83897431294476,0
2026-06-21 14:00:00+00:00,96.83897431294476,96.83897431294476,96.83897431294476,0
2026-06-21 14:15:00+00:00,96.83897431294476,96.83897431294476,96.83897431294476,0
2026-06-21 14:30:00+00:00,96.83897431294476,96.83897431294476,96.83897431294476,0
2026-06-21 14:45:00+00:00,96.83897431294476,96.83897431294476,96.83897431294476,0
2026-06-21 15:00:00+00:00,96.83897431294476,96.83897431294476,96.83897431294476,0
2026-06-21 15:15:00+00:00,96.83897431294476,96.83897431294476,96.83897431294476,0
2026-06-21 15:30:00+00:00,96.83897431294476,96.83897431294476,96.83897431294476,0
2026-06-21 15:45:00+00:00,96.83897431294476,96.83897431294476,96.83897431294476,0
2026-06-21 16:00:00+00:00,96.83897431294476,96.83897431294476,96.83897431294476,0
2026-06-21 16:15:00+00:00,96.83897431294476,96.83897431294476,96.83897431294476,0
2026-06-21 16:30:00+00:00,96.83897431294476,96.83897431294476,96.83897431294476,0
2026-06-21 16:45:00+00:00,96.83897431294476,96.83897431294476,96.83897431294476,0
2026-06-21 17:00:00+00:00,96.83897431294476,96.83897431294476,96.83897431294476,0
2026-06-21 17:15:00+00:00,96.83897431294476,96.83897431294476,96.83897431294476,0
2026-06-21 17:30:00+00:00,96.83897431294476,96.83897431294476,96.83897431294476,0
2026-06-21 17:45:00+00:00,96.83897431294476,96.83897431294476,96.83897431294476,0
2026-06-21 18:00:00+00:00,96.83897431294476,96.83897431294476,96.83897431294476,0
2026-06-21 18:15:00+00:00,96.83897431294476,96.83897431294476,96.83897431294476,0
2026-06-21 18:30:00+00:00,96.83897431294476,96.83897431294476,96.83897431294476,0
2026-06-21 18:45:00+00:00,96.83897431294476,96.83897431294476,96.83897431294476,0
2026-06-21 19:00:00+00:00,96.83897431294476,96.83897431294476,96.83897431294476,0
2026-06-21 19:15:00+00:00,96.83897431294476,96.83897431294476,96.83897431294476,0
2026-06-21 19:30:00+00:00,96.83897431294476,96.83897431294476,96.83897431294476,0
2026-06-21 19:45:00+00:00,96.83897431294476,96.83897431294476,96.83897431294476,0
2026-06-21 20:00:00+00:00,96.83897431294476,96.83897431294476,96.83897431294476,0
2026-06-21 20:15:00+00:00,96.83897431294476,96.83897431294476,96.83897431294476,0
2026-06-21 20:30:00+00:00,96.83897431294476,96.83897431294476,96.83897431294476,0
2026-06-21 20:45:00+00:00,96.83897431294476,96.83897431294476,96.83897431294476,0
2026-06-21 21:00:00+00:00,96.83897431294476,96.83897431294476,96.83897431294476,0
2026-06-21 21:15:00+00:00,96.83897431294476,96.83897431294476,96.83897431294476,0
2026-06-21 21:30:00+00:00,96.83897431294476,96.83897431294476,96.83897431294476,0
2026-06-21 21:45:00+00:00,96.83897431294476,96.83897431294476,96.83897431294476,0
2026-06-21 22:00:00+00:00,96.83897431294476,96.83897431294476,96.83897431294476,0
2026-06-21 22:15:00+00:00,96.83897431294476,96.83897431294476,96.83897431294476,0
2026-06-21 22:30:00+00:00,96.83897431294476,96.83897431294476,96.83897431294476,0
2026-06-21 22:45:00+00:00,96.83897431294476,96.83897431294476,96.83897431294476,0
2026-06-21 23:00:00+00:00,96.83897431294476,96.83897431294476,96.83897431294476,0
2026-06-21 23:15:00+00:00,96.83897431294476,96.83897431294476,96.83897431294476,0
2026-06-21 23:30:00+00:00,96.83897431294476,96.83897431294476,96.83897431294476,0
2026-06-21 23:45:00+00:00,96.83897431294476,96.83897431294476,96.83897431294476,0
2026-06-22 00:00:00+00:00,96.83897431294476,96.83897431294476,96.83897431294476,0
2026-06-22 00:15:00+00:00,96.83897431294476,96.83897431294476,96.83897431294476,0
2026-06-22 00:30:00+00:00,96.83897431294476,96.83897431294476,96.83897431294476,0
2026-06-22 00:45:00+00:00,96.83897431294476,96.83897431294476,96.83897431294476,0
2026-06-22 01:00:00+00:00,96.83897431294476,96.83897431294476,96.83897431294476,0
2026-06-22 01:15:00+00:00,96.83897431294476,96.83897431294476,96.83897431294476,0
2026-06-22 01:30:00+00:00,96.83897431294476,96.83897431294476,96.83897431294476,0
2026-06-22 01:45:00+00:00,96.83897431294476,96.83897431294476,96.83897431294476,0
2026-06-22 02:00:00+00:00,96.83897431294476,96.83897431294476,96.83897431294476,0
2026-06-22 02:15:00+00:00,96.83897431294476,96.83897431294476,96.83897431294476,0
2026-06-22 02:30:00+00:00,96.83897431294476,96.83897431294476,96.83897431294476,0
2026-06-22 02:45:00+00:00,96.83897431294476,96.83897431294476,96.83897431294476,0
2026-06-22 03:00:00+00:00,96.83897431294476,96.83897431294476,96.83897431294476,0
2026-06-22 03:15:00+00:00,96.83897431294476,96.83897431294476,96.83897431294476,0
2026-06-22 03:30:00+00:00,96.83897431294476,96.83897431294476,96.83897431294476,0
2026-06-22 03:45:00+00:00,96.83897431294476,96.83897431294476,96.83897431294476,0
2026-06-22 04:00:00+00:00,96.83897431294476,96.83897431294476,96.83897431294476,0
2026-06-22 04:15:00+00:00,96.83897431294476,96.83897431294476,96.83897431294476,0
2026-06-22 04:30:00+00:00,96.83897431294476,96.83897431294476,96.83897431294476,0
2026-06-22 04:45:00+00:00,96.83897431294476,96.83897431294476,96.83897431294476,0
2026-06-22 05:00:00+00:00,96.83897431294476,96.83897431294476,96.83897431294476,0
2026-06-22 05:15:00+00:00,96.83897431294476,96.83897431294476,96.83897431294476,0
2026-06-22 05:30:00+00:00,96.83897431294476,96.83897431294476,96.83897431294476,0
2026-06-22 05:45:00+00:00,96.83897431294476,96.83897431294476,96.83897431294476,0
2026-06-22 06:00:00+00:00,96.83897431294476,96.83897431294476,96.83897431294476,0
2026-06-22 06:15:00+00:00,96.83897431294476,96.83897431294476,96.83897431294476,0
2026-06-22 06:30:00+00:00,96.83897431294476,96.83897431294476,96.83897431294476,0
2026-06-22 06:45:00+00:00,96.83897431294476,96.83897431294476,96.83897431294476,0
2026-06-22 07:00:00+00:00,96.83897431294476,96.83897431294476,96.83897431294476,0
2026-06-22 07:15:00+00:00,96.83897431294476,96.83897431294476,96.83897431294476,0
2026-06-22 07:30:00+00:00,96.83897431294476,96.83897431294476,96.83897431294476,0
2026-06-22 07:45:00+00:00,96.83897431294476,96.83897431294476,96.83897431294476,0
2026-06-22 08:00:00+00:00,96.83897431294476,96.83897431294476,96.83897431294476,0
2026-06-22 08:15:00+00:00,96.83897431294476,96.83897431294476,96.83897431294476,0
2026-06-22 08:30:00+00:00,96.83897431294476,96.83897431294476,96.83897431294476,0
2026-06-22 08:45:00+00:00,96.83897431294476,96.83897431294476,96.83897431294476,0
2026-06-22 09:00:00+00:00,96.83897431294476,96.83897431294476,96.83897431294476,0
2026-06-22 09:15:00+00:00,96.83897431294476,96.83897431294476,96.83897431294476,0
2026-06-22 09:30:00+00:00,96.83897431294476,96.83897431294476,96.83897431294476,0
2026-06-22 09:45:00+00:00,96.83897431294476,96.83897431294476,96.83897431294476,0
2026-06-22 10:00:00+00:00,96.83897431294476,96.83897431294476,96.83897431294476,0
2026-06-22 10:15:00+00:00,96.83897431294476,96.83897431294476,96.83897431294476,0
2026-06-22 10:30:00+00:00,96.83897431294476,96.83897431294476,96.83897431294476,0
2026-06-22 10:45:00+00:00,96.83897431294476,96.83897431294476,96.83897431294476,0
2026-06-22 11:00:00+00:00,96.83897431294476,96.83897431294476,96.83897431294476,0
2026-06-22 11:15:00+00:00,96.83897431294476,96.83897431294476,96.83897431294476,0
2026-06-22 11:30:00+00:00,96.83897431294476,96.83897431294476,96.83897431294476,0
2026-06-22 11:45:00+00:00,96.83897431294476,96.83897431294476,96.83897431294476,0
2026-06-22 12:00:00+00:00,96.83897431294476,96.83897431294476,96.83897431294476,0
2026-06-22 12:15:00+00:00,96.83897431294476,96.83897431294476,96.83897431294476,0
2026-06-22 12:30:00+00:00,96.83897431294476,96.83897431294476,96.83897431294476,0
2026-06-22 12:45:00+00:00,96.83897431294476,96.83897431294476,96.83897431294476,0
2026-06-22 13:00:00+00:00,96.83897431294476,96.83897431294476,96.83897431294476,0
2026-06-22 13:15:00+00:00,96.83897431294476,96.83897431294476,96.83897431294476,0
2026-06-22 13:30:00+00:00,96.83897431294476,96.83897431294476,96.83897431294476,0
2026-06-22 13:45:00+00:00,96.83897431294476,96.83897431294476,96.83897431294476,0
2026-06-22 14:00:00+00:00,96.83897431294476,96.83897431294476,96.83897431294476,0
2026-06-22 14:15:00+00:00,96.83897431294476,96.83897431294476,96.83897431294476,0
2026-06-22 14:30:00+00:00,96.83897431294476,96.83897431294476,96.83897431294476,0
2026-06-22 14:45:00+00:00,96.83897431294476,96.83897431294476,96.83897431294476,0
2026-06-22 15:00:00+00:00,96.83897431294476,96.83897431294476,96.83897431294476,0
2026-06-22 15:15:00+00:00,96.83897431294476,96.83897431294476,96.83897431294476,0
2026-06-22 15:30:00+00:00,96.83897431294476,96.83897431294476,96.83897431294476,0
2026-06-22 15:45:00+00:00,96.83897431294476,96.83897431294476,96.83897431294476,0
2026-06-22 16:00:00+00:00,96.83897431294476,96.83897431294476,96.83897431294476,0
2026-06-22 16:15:00+00:00,96.83897431294476,96.83897431294476,96.83897431294476,0
2026-06-22 16:30:00+00:00,96.83897431294476,96.83897431294476,96.83897431294476,0
2026-06-22 16:45:00+00:00,96.83897431294476,96.83897431294476,96.83897431294476,0
2026-06-22 17:00:00+00:00,96.83897431294476,96.83897431294476,96.83897431294476,0
2026-06-22 17:15:00+00:00,96.83897431294476,96.83897431294476,96.83897431294476,0
2026-06-22 17:30:00+00:00,96.83897431294476,96.83897431294476,96.83897431294476,0
2026-06-22 17:45:00+00:00,96.83897431294476,96.83897431294476,96.83897431294476,0
2026-06-22 18:00:00+00:00,96.83897431294476,96.83897431294476,96.83897431294476,0
2026-06-22 18:15:00+00:00,96.83897431294476,96.83897431294476,96.83897431294476,0
2026-06-22 18:30:00+00:00,96.83897431294476,96.83897431294476,96.83897431294476,0
2026-06-22 18:45:00+00:00,96.83897431294476,96.83897431294476,96.83897431294476,0
2026-06-22 19:00:00+00:00,96.83897431294476,96.83897431294476,96.83897431294476,0
2026-06-22 19:15:00+00:00,96.83897431294476,96.83897431294476,96.83897431294476,0
2026-06-22 19:30:00+00:00,96.83897431294476,96.83897431294476,96.83897431294476,0
2026-06-22 19:45:00+00:00,96.83897431294476,96.83897431294476,96.83897431294476,0
2026-06-22 20:00:00+00:00,96.83897431294476,96.83897431294476,96.83897431294476,0
2026-06-22 20:15:00+00:00,96.83897431294476,96.83897431294476,96.83897431294476,0
2026-06-22 20:30:00+00:00,96.83897431294476,96.83897431294476,96.83897431294476,0
2026-06-22 20:45:00+00:00,96.83897431294476,96.83897431294476,96.83897431294476,0
2026-06-22 21:00:00+00:00,96.83897431294476,96.83897431294476,96.83897431294476,0
2026-06-22 21:15:00+00:00,96.83897431294476,96.83897431294476,96.83897431294476,0
2026-06-22 21:30:00+00:00,96.83897431294476,96.83897431294476,96.83897431294476,0
2026-06-22 21:45:00+00:00,96.83897431294476,96.83897431294476,96.83897431294476,0
2026-06-22 22:00:00+00:00,96.83897431294476,96.83897431294476,96.83897431294476,0
2026-06-22 22:15:00+00:00,96.83897431294476,96.83897431294476,96.83897431294476,0
2026-06-22 22:30:00+00:00,96.83897431294476,96.83897431294476,96.83897431294476,0
2026-06-22 22:45:00+00:00,96.83897431294476,96.83897431294476,96.83897431294476,0
2026-06-22 23:00:00+00:00,96.83897431294476,96.83897431294476,96.83897431294476,0
2026-06-22 23:15:00+00:00,96.83897431294476,96.83897431294476,96.83897431294476,0
2026-06-22 23:30:00+00:00,96.83897431294476,96.83897431294476,96.83897431294476,0
2026-06-22 23:45:00+00:00,96.83897431294476,96.83897431294476,96.83897431294476,0
2026-06-23 00:00:00+00:00,96.83897431294476,96.83897431294476,96.83897431294476,0
2026-06-23 00:15:00+00:00,96.83897431294476,96.83897431294476,96.83897431294476,0
2026-06-23 00:30:00+00:00,96.83897431294476,96.83897431294476,96.83897431294476,0
2026-06-23 00:45:00+00:00,96.83897431294476,96.83897431294476,96.83897431294476,0
2026-06-23 01:00:00+00:00,96.83897431294476,96.83897431294476,96.83897431294476,0
2026-06-23 01:15:00+00:00,96.83897431294476,96.83897431294476,96.83897431294476,0
2026-06-23 01:30:00+00:00,96.83897431294476,96.83897431294476,96.83897431294476,0
2026-06-23 01:45:00+00:00,96.83897431294476,96.83897431294476,96.83897431294476,0
2026-06-23 02:00:00+00:00,96.83897431294476,96.83897431294476,96.83897431294476,0
2026-06-23 02:15:00+00:00,96.83897431294476,96.83897431294476,96.83897431294476,0
2026-06-23 02:30:00+00:00,96.83897431294476,96.83897431294476,96.83897431294476,0
2026-06-23 02:45:00+00:00,96.83897431294476,96.83897431294476,96.83897431294476,0
2026-06-23 03:00:00+00:00,96.83897431294476,96.83897431294476,96.83897431294476,0
2026-06-23 03:15:00+00:00,96.83897431294476,96.83897431294476,96.83897431294476,0
2026-06-23 03:30:00+00:00,96.83897431294476,96.83897431294476,96.83897431294476,0
2026-06-23 03:45:00+00:00,96.83897431294476,96.83897431294476,96.83897431294476,0
2026-06-23 04:00:00+00:00,96.83897431294476,96.83897431294476,96.83897431294476,0
2026-06-23 04:15:00+00:00,96.83897431294476,96.83897431294476,96.83897431294476,0
2026-06-23 04:30:00+00:00,96.83897431294476,96.83897431294476,96.83897431294476,0
2026-06-23 04:45:00+00:00,96.83897431294476,96.83897431294476,96.83897431294476,0
2026-06-23 05:00:00+00:00,96.89263815800214,96.67676241453228,96.81723962958178,1
2026-06-23 05:15:00+00:00,97.08202006022796,96.8416129822729,96.81723962958178,1
2026-06-23 05:30:00+00:00,97.14972654340714,97.08300131360735,96.81723962958178,1
2026-06-23 05:45:00+00:00,97.2174330265863,97.03786365815458,96.81723962958178,1
2026-06-23 06:00:00+00:00,97.51867781406467,97.20762049279224,96.81723962958178,1
2026-06-23 06:15:00+00:00,98.5296177398764,97.41957122274444,97.32924714458464,1
2026-06-23 06:30:00+00:00,98.43423991139792,98.40833482218152,97.32924714458464,1
2026-06-23 06:45:00+00:00,98.3724209484952,98.32119952209008,97.32924714458464,1
2026-06-23 07:00:00+00:00,98.27292185582316,98.16282522665357,97.32924714458464,1
2026-06-23 07:15:00+00:00,98.26055806324264,98.18343154762113,97.32924714458464,1
2026-06-23 07:30:00+00:00,98.40068104582214,98.25643679904913,97.32924714458464,1
2026-06-23 07:45:00+00:00,98.39126101337982,98.29529443287367,97.32924714458464,1
2026-06-23 08:00:00+00:00,98.46410988298612,98.29690430713492,97.3285020107353,1
2026-06-23 08:15:00+00:00,98.80617481104788,98.45881111473732,97.3285020107353,1
2026-06-23 08:30:00+00:00,98.58186028851512,98.5424139026629,97.3285020107353,1
2026-06-23 08:45:00+00:00,98.5594877114646,98.50296751681068,97.3285020107353,1
2026-06-23 09:00:00+00:00,98.52710634994412,98.48177244381546,97.3285020107353,1
2026-06-23 09:15:00+00:00,98.4546898505438,98.45174609040556,97.3285020107353,1
2026-06-23 09:30:00+00:00,98.51121004519771,98.41347720860864,97.3285020107353,1
2026-06-23 09:45:00+00:00,98.45410109851616,98.43938229782502,97.3285020107353,1
2026-06-23 10:00:00+00:00,98.49295873234072,98.3475369815124,97.3285020107353,1
2026-06-23 10:15:00+00:00,98.53299387022058,98.49295873234072,97.3285020107353,1
2026-06-23 10:30:00+00:00,98.68253688524244,98.51827506952944,97.3285020107353,1
2026-06-23 10:45:00+00:00,98.56125396754754,98.54594641482878,97.3285020107353,1
2026-06-23 11:00:00+00:00,98.4888374681472,98.44114855390796,97.3285020107353,1
2026-06-23 11:15:00+00:00,98.33341923137571,98.33341923137571,98.33341923137571,0
2026-06-23 11:30:00+00:00,98.33341923137571,98.33341923137571,98.33341923137571,0
2026-06-23 11:45:00+00:00,98.33341923137571,98.33341923137571,98.33341923137571,0
2026-06-23 12:00:00+00:00,98.33341923137571,98.33341923137571,98.33341923137571,0
2026-06-23 12:15:00+00:00,98.33341923137571,98.33341923137571,98.33341923137571,0
2026-06-23 12:30:00+00:00,98.33341923137571,98.33341923137571,98.33341923137571,0
2026-06-23 12:45:00+00:00,98.37540409825192,98.275097203811,98.3255753946022,1
2026-06-23 13:00:00+00:00,98.35283504700271,98.35283504700271,98.3255753946022,1
2026-06-23 13:15:00+00:00,98.21992841186848,98.17228263700902,98.3255753946022,1
2026-06-23 13:30:00+00:00,98.05943738076296,97.9791918652102,98.3255753946022,1
2026-06-23 13:45:00+00:00,98.04689901895784,97.9691611757661,98.3255753946022,1
2026-06-23 14:00:00+00:00,97.9992532440984,97.99423789937634,98.3255753946022,1
2026-06-23 14:15:00+00:00,97.8839003154913,97.88139264313028,98.3255753946022,1
2026-06-23 14:30:00+00:00,97.9691611757661,97.79613178285548,98.3255753946022,1
2026-06-23 14:45:00+00:00,98.08952944909524,97.89643867729642,98.3255753946022,1
2026-06-23 15:00:00+00:00,98.12463686214956,98.00928393354248,98.3255753946022,1
2026-06-23 15:15:00+00:00,98.09956013853932,98.04689901895784,98.3255753946022,1
2026-06-23 15:30:00+00:00,98.13968289631572,98.03937600187476,98.3255753946022,1
2026-06-23 15:45:00+00:00,97.96163815868304,97.90145402201848,98.3255753946022,1
2026-06-23 16:00:00+00:00,97.93234879627352,97.85210328072075,98.32637810052498,1
2026-06-23 16:15:00+00:00,97.96996388168888,97.92482577919046,98.32637810052498,1
2026-06-23 16:30:00+00:00,98.10287051682312,97.94990250280068,98.32637810052498,1
2026-06-23 16:45:00+00:00,98.23076180723533,98.07027077612982,98.32637810052498,1
2026-06-23 17:00:00+00:00,98.20819275598612,98.1530239640436,98.32637810052498,1
2026-06-23 17:15:00+00:00,98.22073111779125,98.17057767057076,98.32637810052498,1
2026-06-23 17:30:00+00:00,98.1103935339062,98.01008663946526,98.32637810052498,1
2026-06-23 17:45:00+00:00,98.195654394181,98.06274775904674,98.32637810052498,1
2026-06-23 18:00:00+00:00,98.07528612085186,97.96494853696684,98.32637810052498,1
2026-06-23 18:15:00+00:00,98.11290120626722,98.0151019841873,98.32637810052498,1
2026-06-23 18:30:00+00:00,98.07779379321288,98.05271706960264,98.32637810052498,1
2026-06-23 18:45:00+00:00,98.0392619253514,98.03516336307548,98.0392619253514,0
2026-06-23 19:00:00+00:00,98.0392619253514,98.0392619253514,98.0392619253514,0
2026-06-23 19:15:00+00:00,98.0392619253514,98.0392619253514,98.0392619253514,0
2026-06-23 19:30:00+00:00,98.0392619253514,98.0392619253514,98.0392619253514,0
2026-06-23 19:45:00+00:00,98.0392619253514,98.0392619253514,98.0392619253514,0
2026-06-23 20:00:00+00:00,98.0392619253514,98.0392619253514,98.0392619253514,0
2026-06-23 20:15:00+00:00,98.0392619253514,98.0392619253514,98.0392619253514,0
2026-06-23 20:30:00+00:00,98.0392619253514,98.0392619253514,98.0392619253514,0
2026-06-23 20:45:00+00:00,98.0392619253514,98.0392619253514,98.0392619253514,0
2026-06-23 21:00:00+00:00,98.0392619253514,98.0392619253514,98.0392619253514,0
2026-06-23 21:15:00+00:00,98.0392619253514,98.0392619253514,98.0392619253514,0
2026-06-23 21:30:00+00:00,98.0392619253514,98.0392619253514,98.0392619253514,0
2026-06-23 21:45:00+00:00,98.0392619253514,98.0392619253514,98.0392619253514,0
2026-06-23 22:00:00+00:00,98.0392619253514,98.0392619253514,98.0392619253514,0
2026-06-23 22:15:00+00:00,98.0392619253514,98.0392619253514,98.0392619253514,0
2026-06-23 22:30:00+00:00,98.0392619253514,98.0392619253514,98.0392619253514,0
2026-06-23 22:45:00+00:00,98.0392619253514,98.0392619253514,98.0392619253514,0
2026-06-23 23:00:00+00:00,98.0392619253514,98.0392619253514,98.0392619253514,0
2026-06-23 23:15:00+00:00,98.0392619253514,98.0392619253514,98.0392619253514,0
2026-06-23 23:30:00+00:00,98.0392619253514,98.0392619253514,98.0392619253514,0
2026-06-23 23:45:00+00:00,98.0392619253514,98.0392619253514,98.0392619253514,0
2026-06-24 00:00:00+00:00,98.0392619253514,98.0392619253514,98.0392619253514,0
2026-06-24 00:15:00+00:00,98.0392619253514,98.0392619253514,98.0392619253514,0
2026-06-24 00:30:00+00:00,98.0392619253514,98.0392619253514,98.0392619253514,0
2026-06-24 00:45:00+00:00,98.0392619253514,98.0392619253514,98.0392619253514,0
2026-06-24 01:00:00+00:00,98.0392619253514,98.0392619253514,98.0392619253514,0
2026-06-24 01:15:00+00:00,98.0392619253514,98.0392619253514,98.0392619253514,0
2026-06-24 01:30:00+00:00,98.0392619253514,98.0392619253514,98.0392619253514,0
2026-06-24 01:45:00+00:00,98.0392619253514,98.0392619253514,98.0392619253514,0
2026-06-24 02:00:00+00:00,98.0392619253514,98.0392619253514,98.0392619253514,0
2026-06-24 02:15:00+00:00,98.0392619253514,98.0392619253514,98.0392619253514,0
2026-06-24 02:30:00+00:00,98.0392619253514,98.0392619253514,98.0392619253514,0
2026-06-24 02:45:00+00:00,98.0392619253514,98.0392619253514,98.0392619253514,0
2026-06-24 03:00:00+00:00,98.0392619253514,98.0392619253514,98.0392619253514,0
2026-06-24 03:15:00+00:00,98.0392619253514,98.0392619253514,98.0392619253514,0
2026-06-24 03:30:00+00:00,98.0392619253514,98.0392619253514,98.0392619253514,0
2026-06-24 03:45:00+00:00,98.0392619253514,98.0392619253514,98.0392619253514,0
2026-06-24 04:00:00+00:00,98.0392619253514,98.0392619253514,98.0392619253514,0
2026-06-24 04:15:00+00:00,98.0392619253514,98.0392619253514,98.0392619253514,0
2026-06-24 04:30:00+00:00,98.0392619253514,98.0392619253514,98.0392619253514,0
2026-06-24 04:45:00+00:00,98.0392619253514,98.0392619253514,98.0392619253514,0
2026-06-24 05:00:00+00:00,98.0392619253514,98.0392619253514,98.0392619253514,0
2026-06-24 05:15:00+00:00,98.0392619253514,98.0392619253514,98.0392619253514,0
2026-06-24 05:30:00+00:00,98.0392619253514,98.0392619253514,98.0392619253514,0
2026-06-24 05:45:00+00:00,98.0392619253514,98.0392619253514,98.0392619253514,0
2026-06-24 06:00:00+00:00,98.0392619253514,98.0392619253514,98.0392619253514,0
2026-06-24 06:15:00+00:00,98.0392619253514,98.0392619253514,98.0392619253514,0
2026-06-24 06:30:00+00:00,98.0392619253514,98.0392619253514,98.0392619253514,0
2026-06-24 06:45:00+00:00,98.0392619253514,98.0392619253514,98.0392619253514,0
2026-06-24 07:00:00+00:00,98.0392619253514,98.0392619253514,98.0392619253514,0
2026-06-24 07:15:00+00:00,98.0392619253514,98.0392619253514,98.0392619253514,0
2026-06-24 07:30:00+00:00,98.0392619253514,98.0392619253514,98.0392619253514,0
2026-06-24 07:45:00+00:00,98.0392619253514,98.0392619253514,98.0392619253514,0
2026-06-24 08:00:00+00:00,98.0392619253514,98.0392619253514,98.0392619253514,0
2026-06-24 08:15:00+00:00,98.0392619253514,98.0392619253514,98.0392619253514,0
2026-06-24 08:30:00+00:00,98.0392619253514,98.0392619253514,98.0392619253514,0
2026-06-24 08:45:00+00:00,98.01093473745075,97.97327621359122,98.01004223043527,1
2026-06-24 09:00:00+00:00,97.9506810992755,97.86783234678452,98.01004223043527,1
2026-06-24 09:15:00+00:00,97.92808598495976,97.8527689372407,98.01004223043527,1
2026-06-24 09:30:00+00:00,98.0561249660822,97.89042746110024,98.01004223043527,1
2026-06-24 09:45:00+00:00,97.94314939450358,97.89042746110024,98.01004223043527,1
2026-06-24 10:00:00+00:00,97.86783234678452,97.8603006420126,98.01004223043527,1
2026-06-24 10:15:00+00:00,98.31973463309892,97.87536405155645,98.01004223043527,1
2026-06-24 10:30:00+00:00,98.1766322424327,98.1691005376608,98.01004223043527,1
2026-06-24 10:45:00+00:00,98.395051680818,98.1691005376608,98.01004223043527,1
2026-06-24 11:00:00+00:00,98.56074918579998,98.28960781401132,98.01004223043527,1
2026-06-24 11:15:00+00:00,98.69631987169429,98.52309066194044,98.01004223043527,1
2026-06-24 11:30:00+00:00,98.34232974741468,98.29713951878324,98.01004223043527,1
2026-06-24 11:45:00+00:00,98.04859326131027,97.47618369864534,98.01004223043527,1
2026-06-24 12:00:00+00:00,98.07872008039791,97.83770552769688,98.01004223043527,1
2026-06-24 12:15:00+00:00,98.15403712811698,98.01093473745075,98.01004223043527,1
2026-06-24 12:30:00+00:00,98.1691005376608,97.9582128040474,98.01004223043527,1
2026-06-24 12:45:00+00:00,98.40258338558992,98.14650542334508,98.01004223043527,1
2026-06-24 13:00:00+00:00,99.21982828873372,98.3724565665023,98.50528717214765,1
2026-06-24 13:15:00+00:00,99.37745785766094,98.90062679891092,98.49048312242738,2
2026-06-24 13:30:00+00:00,99.47667250604488,98.66594265459256,98.49048312242738,2
2026-06-24 13:45:00+00:00,99.50577459429596,99.1371848224734,98.49048312242738,2
2026-06-24 14:00:00+00:00,99.24536410723806,99.0086984527816,98.49048312242738,2
2026-06-24 14:15:00+00:00,99.19985098592458,99.12650453272258,98.49048312242738,2
2026-06-24 14:30:00+00:00,98.68135722899454,98.39093301155354,98.49048312242738,2
2026-06-24 14:45:00+00:00,98.67899579026036,98.43664998747224,98.49048312242738,2
2026-06-24 15:00:00+00:00,99.50519081109464,98.66708096569543,98.49048312242738,2
2026-06-24 15:15:00+00:00,99.35892842826668,99.10887533827756,98.49048312242738,2
2026-06-24 15:30:00+00:00,100.1075352369866,99.35194033577534,98.49048312242738,2
2026-06-24 15:45:00+00:00,100.54904093843513,100.07527910594617,98.49048312242738,2
2026-06-24 16:00:00+00:00,100.2704612008676,100.10793460366834,98.48909839264216,2
2026-06-24 16:15:00+00:00,100.19044954785628,99.95911833468382,98.48909839264216,2
2026-06-24 16:30:00+00:00,100.78158693671016,100.14534413575322,98.48909839264216,2
2026-06-24 16:45:00+00:00,101.329085916814,100.7765525737426,100.39887552377526,1
2026-06-24 17:00:00+00:00,101.3369970586202,101.00185232392094,100.39887552377526,1
2026-06-24 17:15:00+00:00,101.73334562263254,101.29600296016986,100.94737850279058,1
2026-06-24 17:30:00+00:00,101.89904808373709,101.67077568289255,100.94737850279058,1
2026-06-24 17:45:00+00:00,101.80799803349474,101.68156360353738,100.94737850279058,1
2026-06-24 18:00:00+00:00,101.64574770699656,101.59008203646924,100.94737850279058,1
2026-06-24 18:15:00+00:00,101.28122251381065,101.28122251381065,101.28122251381065,0
2026-06-24 18:30:00+00:00,101.28122251381065,101.28122251381065,101.28122251381065,0
2026-06-24 18:45:00+00:00,101.28122251381065,101.28122251381065,101.28122251381065,0
2026-06-24 19:00:00+00:00,101.28122251381065,101.28122251381065,101.28122251381065,0
2026-06-24 19:15:00+00:00,101.28122251381065,101.28122251381065,101.28122251381065,0
2026-06-24 19:30:00+00:00,101.28122251381065,101.28122251381065,101.28122251381065,0
2026-06-24 19:45:00+00:00,101.28122251381065,101.28122251381065,101.28122251381065,0
2026-06-24 20:00:00+00:00,101.28122251381065,101.28122251381065,101.28122251381065,0
2026-06-24 20:15:00+00:00,101.28122251381065,101.28122251381065,101.28122251381065,0
2026-06-24 20:30:00+00:00,101.28122251381065,101.28122251381065,101.28122251381065,0
2026-06-24 20:45:00+00:00,101.28122251381065,101.28122251381065,101.28122251381065,0
2026-06-24 21:00:00+00:00,101.28122251381065,101.28122251381065,101.28122251381065,0
2026-06-24 21:15:00+00:00,101.28122251381065,101.28122251381065,101.28122251381065,0
2026-06-24 21:30:00+00:00,101.28122251381065,101.28122251381065,101.28122251381065,0
2026-06-24 21:45:00+00:00,101.28122251381065,101.28122251381065,101.28122251381065,0
2026-06-24 22:00:00+00:00,101.28122251381065,101.28122251381065,101.28122251381065,0
2026-06-24 22:15:00+00:00,101.28122251381065,101.28122251381065,101.28122251381065,0
2026-06-24 22:30:00+00:00,101.28122251381065,101.28122251381065,101.28122251381065,0
2026-06-24 22:45:00+00:00,101.28122251381065,101.28122251381065,101.28122251381065,0
2026-06-24 23:00:00+00:00,101.28122251381065,101.28122251381065,101.28122251381065,0
2026-06-24 23:15:00+00:00,101.28122251381065,101.28122251381065,101.28122251381065,0
2026-06-24 23:30:00+00:00,101.28122251381065,101.28122251381065,101.28122251381065,0
2026-06-24 23:45:00+00:00,101.28122251381065,101.28122251381065,101.28122251381065,0
2026-06-25 00:00:00+00:00,101.28122251381065,101.28122251381065,101.28122251381065,0
2026-06-25 00:15:00+00:00,101.28122251381065,101.28122251381065,101.28122251381065,0
2026-06-25 00:30:00+00:00,101.28122251381065,101.28122251381065,101.28122251381065,0
2026-06-25 00:45:00+00:00,101.28122251381065,101.28122251381065,101.28122251381065,0
2026-06-25 01:00:00+00:00,101.28122251381065,101.28122251381065,101.28122251381065,0
2026-06-25 01:15:00+00:00,101.28122251381065,101.28122251381065,101.28122251381065,0
2026-06-25 01:30:00+00:00,101.28122251381065,101.28122251381065,101.28122251381065,0
2026-06-25 01:45:00+00:00,101.28122251381065,101.28122251381065,101.28122251381065,0
2026-06-25 02:00:00+00:00,101.28122251381065,101.28122251381065,101.28122251381065,0
2026-06-25 02:15:00+00:00,101.28122251381065,101.28122251381065,101.28122251381065,0
2026-06-25 02:30:00+00:00,101.28122251381065,101.28122251381065,101.28122251381065,0
2026-06-25 02:45:00+00:00,101.28122251381065,101.28122251381065,101.28122251381065,0
2026-06-25 03:00:00+00:00,101.28122251381065,101.28122251381065,101.28122251381065,0
2026-06-25 03:15:00+00:00,101.28122251381065,101.28122251381065,101.28122251381065,0
2026-06-25 03:30:00+00:00,101.28122251381065,101.28122251381065,101.28122251381065,0
2026-06-25 03:45:00+00:00,101.28122251381065,101.28122251381065,101.28122251381065,0
2026-06-25 04:00:00+00:00,101.28122251381065,101.28122251381065,101.28122251381065,0
2026-06-25 04:15:00+00:00,101.28122251381065,101.28122251381065,101.28122251381065,0
2026-06-25 04:30:00+00:00,101.28122251381065,101.28122251381065,101.28122251381065,0
2026-06-25 04:45:00+00:00,101.28122251381065,101.28122251381065,101.28122251381065,0
2026-06-25 05:00:00+00:00,101.28122251381065,101.28122251381065,101.28122251381065,0
2026-06-25 05:15:00+00:00,101.28122251381065,101.28122251381065,101.28122251381065,0
2026-06-25 05:30:00+00:00,101.28122251381065,101.28122251381065,101.28122251381065,0
2026-06-25 05:45:00+00:00,101.28122251381065,101.28122251381065,101.28122251381065,0
2026-06-25 06:00:00+00:00,101.28122251381065,101.28122251381065,101.28122251381065,0
2026-06-25 06:15:00+00:00,101.28122251381065,101.28122251381065,101.28122251381065,0
2026-06-25 06:30:00+00:00,101.28122251381065,101.28122251381065,101.28122251381065,0
2026-06-25 06:45:00+00:00,101.28122251381065,101.28122251381065,101.28122251381065,0
2026-06-25 07:00:00+00:00,101.28122251381065,101.28122251381065,101.28122251381065,0
2026-06-25 07:15:00+00:00,101.28122251381065,101.28122251381065,101.28122251381065,0
2026-06-25 07:30:00+00:00,101.28122251381065,101.28122251381065,101.28122251381065,0
2026-06-25 07:45:00+00:00,101.28122251381065,101.28122251381065,101.28122251381065,0
2026-06-25 08:00:00+00:00,101.28122251381065,101.28122251381065,101.28122251381065,0
2026-06-25 08:15:00+00:00,101.28122251381065,101.28122251381065,101.28122251381065,0
2026-06-25 08:30:00+00:00,101.28122251381065,101.28122251381065,101.28122251381065,0
2026-06-25 08:45:00+00:00,101.28122251381065,101.28122251381065,101.28122251381065,0
2026-06-25 09:00:00+00:00,101.28122251381065,101.28122251381065,101.28122251381065,0
2026-06-25 09:15:00+00:00,101.28122251381065,101.28122251381065,101.28122251381065,0
2026-06-25 09:30:00+00:00,101.28122251381065,101.28122251381065,101.28122251381065,0
2026-06-25 09:45:00+00:00,101.28122251381065,101.28122251381065,101.28122251381065,0
2026-06-25 10:00:00+00:00,101.28122251381065,101.28122251381065,101.28122251381065,0
2026-06-25 10:15:00+00:00,101.28122251381065,101.28122251381065,101.28122251381065,0
2026-06-25 10:30:00+00:00,101.28122251381065,101.28122251381065,101.28122251381065,0
2026-06-25 10:45:00+00:00,101.28122251381065,101.28122251381065,101.28122251381065,0
2026-06-25 11:00:00+00:00,101.28122251381065,101.28122251381065,101.28122251381065,0
2026-06-25 11:15:00+00:00,101.28122251381065,101.28122251381065,101.28122251381065,0
2026-06-25 11:30:00+00:00,101.28122251381065,101.28122251381065,101.28122251381065,0
2026-06-25 11:45:00+00:00,101.28122251381065,101.28122251381065,101.28122251381065,0
2026-06-25 12:00:00+00:00,101.28122251381065,101.28122251381065,101.28122251381065,0
2026-06-25 12:15:00+00:00,101.28122251381065,101.28122251381065,101.28122251381065,0
2026-06-25 12:30:00+00:00,100.52091329671408,100.52091329671408,100.52091329671408,0
2026-06-25 12:45:00+00:00,100.52091329671408,100.52091329671408,100.52091329671408,0
2026-06-25 13:00:00+00:00,100.52091329671408,100.52091329671408,100.52091329671408,0
2026-06-25 13:15:00+00:00,100.52091329671408,100.52091329671408,100.52091329671408,0
2026-06-25 13:30:00+00:00,102.0459396115828,100.21093464115468,100.9706407907416,1
2026-06-25 13:45:00+00:00,102.86051112261003,101.85229907287004,102.86051112261003,0
2026-06-25 14:00:00+00:00,102.632944699014,102.47574271193372,102.85573007082728,1
2026-06-25 14:15:00+00:00,102.62335326443517,102.50858118286467,102.85573007082728,1
2026-06-25 14:30:00+00:00,102.55637578907108,102.4147802040174,102.85573007082728,1
2026-06-25 14:45:00+00:00,102.53199078590454,102.46355021035048,102.85573007082728,1
2026-06-25 15:00:00+00:00,102.59750516107864,102.42160800490404,102.85573007082728,1
2026-06-25 15:15:00+00:00,102.54044425366894,102.50793091611357,102.85573007082728,1
2026-06-25 15:30:00+00:00,102.47151597805154,102.406326736253,102.85573007082728,1
2026-06-25 15:45:00+00:00,102.36324656399212,102.3289449928712,102.85573007082728,1
2026-06-25 16:00:00+00:00,102.34970224557672,102.2993065723659,102.8561664875607,1
2026-06-25 16:15:00+00:00,102.27020713525384,102.2323290970018,102.8561664875607,1
2026-06-25 16:30:00+00:00,102.43586259009848,102.26874403506385,102.8561664875607,1
2026-06-25 16:45:00+00:00,102.46915337294224,102.38003265054816,102.84826012819296,2
2026-06-25 17:00:00+00:00,102.27694550816015,102.22999036757538,102.84826012819296,2
2026-06-25 17:15:00+00:00,101.99476314020752,101.93221114103274,102.84826012819296,2
2026-06-25 17:30:00+00:00,102.09689396934202,101.89294512742067,102.84826012819296,2
2026-06-25 17:45:00+00:00,101.78398629379416,101.78398629379416,102.08082765607448,1
2026-06-25 18:00:00+00:00,101.85015370931065,101.76854723017364,102.08082765607448,1
2026-06-25 18:15:00+00:00,101.81486442103518,101.70237981465716,102.08082765607448,1
2026-06-25 18:30:00+00:00,101.93617134948208,101.81486442103518,102.08082765607448,1
2026-06-25 18:45:00+00:00,101.90088206120662,101.8700039339656,102.08082765607448,1
2026-06-25 19:00:00+00:00,102.02880573120515,101.88764857810332,102.08082765607448,1
2026-06-25 19:15:00+00:00,102.02218898965351,102.0199834091363,102.08082765607448,1
2026-06-25 19:30:00+00:00,101.99572202344692,101.97146063775754,102.08082765607448,1
2026-06-25 19:45:00+00:00,101.96043273517148,101.95822715465424,102.08082765607448,1
2026-06-25 20:00:00+00:00,101.94499367155096,101.81486442103518,102.08082765607448,1
2026-06-25 20:15:00+00:00,101.83250906517291,101.82368674310403,102.08082765607448,1
2026-06-25 20:30:00+00:00,101.88103183655168,101.81486442103518,102.08082765607448,1
2026-06-25 20:45:00+00:00,101.9516104131026,101.88103183655168,102.08082765607448,1
2026-06-25 21:00:00+00:00,101.83250906517291,101.8303034846557,102.08082765607448,1
2026-06-25 21:15:00+00:00,101.79721977689744,101.78619187431136,102.08082765607448,1
2026-06-25 21:30:00+00:00,101.74208026396704,101.67591284845057,102.08082765607448,1
2026-06-25 21:45:00+00:00,101.65165146276118,101.65165146276118,102.08082765607448,1
2026-06-25 22:00:00+00:00,101.7376691029326,101.63400681862343,102.08082765607448,1
2026-06-25 22:15:00+00:00,101.74208026396704,101.68473517051942,102.08082765607448,1
2026-06-25 22:30:00+00:00,101.761930488622,101.7332579418982,102.08082765607448,1
2026-06-25 22:45:00+00:00,101.74358705316595,101.72443561982932,101.74358705316595,0
2026-06-25 23:00:00+00:00,101.74358705316595,101.74358705316595,101.74358705316595,0
2026-06-25 23:15:00+00:00,101.74358705316595,101.74358705316595,101.74358705316595,0
2026-06-25 23:30:00+00:00,101.74358705316595,101.74358705316595,101.74358705316595,0
2026-06-25 23:45:00+00:00,101.74358705316595,101.74358705316595,101.74358705316595,0
2026-06-26 00:00:00+00:00,101.74358705316595,101.74358705316595,101.74358705316595,0
2026-06-26 00:15:00+00:00,101.74358705316595,101.74358705316595,101.74358705316595,0
2026-06-26 00:30:00+00:00,101.74358705316595,101.74358705316595,101.74358705316595,0
2026-06-26 00:45:00+00:00,101.74358705316595,101.74358705316595,101.74358705316595,0
2026-06-26 01:00:00+00:00,101.74358705316595,101.74358705316595,101.74358705316595,0
2026-06-26 01:15:00+00:00,101.74358705316595,101.74358705316595,101.74358705316595,0
2026-06-26 01:30:00+00:00,101.7556518070274,101.66334689747298,101.7276460579214,1
2026-06-26 01:45:00+00:00,101.68971972877424,101.61499670675398,101.7276460579214,1
2026-06-26 02:00:00+00:00,102.56441863359947,101.64136953805526,101.7276460579214,1
2026-06-26 02:15:00+00:00,102.28310843305266,102.23036277045014,101.7276460579214,1
2026-06-26 02:30:00+00:00,102.30508579247038,102.13366238901216,101.7276460579214,1
2026-06-26 02:45:00+00:00,102.51167297099694,102.2962948487033,101.7276460579214,1
2026-06-26 03:00:00+00:00,102.2567356017514,102.2083854110324,101.7276460579214,1
2026-06-26 03:15:00+00:00,102.16003522031345,102.05454389510838,101.7276460579214,1
2026-06-26 03:30:00+00:00,101.8567476603489,101.81279294151346,101.7276460579214,1
2026-06-26 03:45:00+00:00,101.54466915661727,101.44796877517932,101.7276460579214,1
2026-06-26 04:00:00+00:00,101.6853242568907,101.54906462850084,101.7276460579214,1
2026-06-26 04:15:00+00:00,101.7556518070274,101.57104198791856,101.7276460579214,1
2026-06-26 04:30:00+00:00,101.80400199774638,101.72927897572612,101.7276460579214,1
2026-06-26 04:45:00+00:00,101.89191143541726,101.7864201102122,101.7276460579214,1
2026-06-26 05:00:00+00:00,101.73367444760969,101.73367444760969,101.7276460579214,1
2026-06-26 05:15:00+00:00,101.73367444760969,101.68971972877424,101.7276460579214,1
2026-06-26 05:30:00+00:00,101.75125633514384,101.61499670675398,101.7276460579214,1
2026-06-26 05:45:00+00:00,101.7248835038426,101.65455595370588,101.7276460579214,1
2026-06-26 06:00:00+00:00,101.97102992932103,101.7248835038426,101.7276460579214,1
2026-06-26 06:15:00+00:00,101.5358782128502,101.53148274096664,101.7276460579214,1
2026-06-26 06:30:00+00:00,101.27654537172111,101.20182234970086,101.7276460579214,1
2026-06-26 06:45:00+00:00,101.29412725925528,101.20182234970086,101.7276460579214,1
2026-06-26 07:00:00+00:00,101.0963310244958,101.07435366507808,101.7276460579214,1
2026-06-26 07:15:00+00:00,100.97978674703896,100.97978674703896,100.97978674703896,0
2026-06-26 07:30:00+00:00,100.97978674703896,100.97978674703896,100.97978674703896,0
2026-06-26 07:45:00+00:00,100.97978674703896,100.97978674703896,100.97978674703896,0
2026-06-26 08:00:00+00:00,100.97978674703896,100.97978674703896,100.97978674703896,0
2026-06-26 08:15:00+00:00,100.97978674703896,100.97978674703896,100.97978674703896,0
2026-06-26 08:30:00+00:00,100.97978674703896,100.97978674703896,100.97978674703896,0
2026-06-26 08:45:00+00:00,100.97978674703896,100.97978674703896,100.97978674703896,0
2026-06-26 09:00:00+00:00,100.97978674703896,100.97978674703896,100.97978674703896,0
2026-06-26 09:15:00+00:00,100.97978674703896,100.97978674703896,100.97978674703896,0
2026-06-26 09:30:00+00:00,100.97978674703896,100.97978674703896,100.97978674703896,0
2026-06-26 09:45:00+00:00,100.97978674703896,100.97978674703896,100.97978674703896,0
2026-06-26 10:00:00+00:00,100.89567116197748,100.85627726210268,100.96399550421036,1
2026-06-26 10:15:00+00:00,100.80812916225568,100.75122686243652,100.96399550421036,1
2026-06-26 10:30:00+00:00,100.94381926182449,100.72934136250606,100.96399550421036,1
2026-06-26 10:45:00+00:00,100.9832131616993,100.92193376189402,100.96399550421036,1
2026-06-26 11:00:00+00:00,100.86503146207484,100.77311236236696,100.96399550421036,1
2026-06-26 11:15:00+00:00,100.99634446165756,100.86503146207484,100.96399550421036,1
2026-06-26 11:30:00+00:00,100.94819636181056,100.86065436208877,100.96399550421036,1
2026-06-26 11:45:00+00:00,101.1101490612959,100.94381926182449,100.96399550421036,1
2026-06-26 12:00:00+00:00,101.04011546151848,100.97008186174102,100.96399550421036,1
2026-06-26 12:15:00+00:00,100.83876886215832,100.83876886215832,100.96399550421036,1
2026-06-26 12:30:00+00:00,101.30274146068386,100.7074558625756,100.96399550421036,1
2026-06-26 12:45:00+00:00,101.14145840026232,100.78838128968675,100.95324077848298,2
2026-06-26 13:00:00+00:00,101.0901741295343,100.81171923785554,100.95324077848298,2
2026-06-26 13:15:00+00:00,100.96845297603345,100.90537000117166,100.95324077848298,2
2026-06-26 13:30:00+00:00,100.33412749929296,100.25283387085042,100.95324077848298,2
2026-06-26 13:45:00+00:00,99.6449651980434,99.6409450823684,100.20352473871836,1
2026-06-26 14:00:00+00:00,99.83755759743136,99.5180292984468,100.20352473871836,1
2026-06-26 14:15:00+00:00,99.7762781976261,99.67998199793212,100.20352473871836,1
2026-06-26 14:30:00+00:00,100.06954389669411,99.69749039787648,100.20352473871836,1
2026-06-26 14:45:00+00:00,100.07392099668024,99.8594430973618,100.20352473871836,1
2026-06-26 15:00:00+00:00,99.9995102969167,99.80691789752872,100.20352473871836,1
2026-06-26 15:15:00+00:00,99.75876979768174,99.62745679809905,100.20352473871836,1
2026-06-26 15:30:00+00:00,99.46124953315696,99.46124953315696,99.46124953315696,0
2026-06-26 15:45:00+00:00,99.46124953315696,99.46124953315696,99.46124953315696,0
2026-06-26 16:00:00+00:00,99.46124953315696,99.46124953315696,99.46124953315696,0
2026-06-26 16:15:00+00:00,99.46124953315696,99.46124953315696,99.46124953315696,0
2026-06-26 16:30:00+00:00,99.46124953315696,99.46124953315696,99.46124953315696,0
2026-06-26 16:45:00+00:00,99.46124953315696,99.46124953315696,99.46124953315696,0
2026-06-26 17:00:00+00:00,99.46124953315696,99.46124953315696,99.46124953315696,0
2026-06-26 17:15:00+00:00,99.46124953315696,99.46124953315696,99.46124953315696,0
2026-06-26 17:30:00+00:00,99.46124953315696,99.46124953315696,99.46124953315696,0
2026-06-26 17:45:00+00:00,99.46124953315696,99.46124953315696,99.46124953315696,0
2026-06-26 18:00:00+00:00,99.46124953315696,99.46124953315696,99.46124953315696,0
2026-06-26 18:15:00+00:00,99.46124953315696,99.46124953315696,99.46124953315696,0
2026-06-26 18:30:00+00:00,99.46124953315696,99.46124953315696,99.46124953315696,0
2026-06-26 18:45:00+00:00,99.46124953315696,99.46124953315696,99.46124953315696,0
2026-06-26 19:00:00+00:00,99.46124953315696,99.46124953315696,99.46124953315696,0
2026-06-26 19:15:00+00:00,99.46124953315696,99.46124953315696,99.46124953315696,0
2026-06-26 19:30:00+00:00,99.46124953315696,99.46124953315696,99.46124953315696,0
2026-06-26 19:45:00+00:00,99.46124953315696,99.46124953315696,99.46124953315696,0
2026-06-26 20:00:00+00:00,99.46124953315696,99.46124953315696,99.46124953315696,0
2026-06-26 20:15:00+00:00,99.46124953315696,99.46124953315696,99.46124953315696,0
2026-06-26 20:30:00+00:00,99.46124953315696,99.46124953315696,99.46124953315696,0
2026-06-26 20:45:00+00:00,99.46124953315696,99.46124953315696,99.46124953315696,0
2026-06-26 21:00:00+00:00,99.46124953315696,99.46124953315696,99.46124953315696,0
2026-06-26 21:15:00+00:00,99.46124953315696,99.46124953315696,99.46124953315696,0
2026-06-26 21:30:00+00:00,99.46124953315696,99.46124953315696,99.46124953315696,0
2026-06-26 21:45:00+00:00,99.46124953315696,99.46124953315696,99.46124953315696,0
2026-06-26 22:00:00+00:00,99.46124953315696,99.46124953315696,99.46124953315696,0
2026-06-26 22:15:00+00:00,99.46124953315696,99.46124953315696,99.46124953315696,0
2026-06-26 22:30:00+00:00,99.46124953315696,99.46124953315696,99.46124953315696,0
2026-06-26 22:45:00+00:00,99.46124953315696,99.46124953315696,99.46124953315696,0
2026-06-26 23:00:00+00:00,99.46124953315696,99.46124953315696,99.46124953315696,0
2026-06-26 23:15:00+00:00,99.46124953315696,99.46124953315696,99.46124953315696,0
2026-06-26 23:30:00+00:00,99.46124953315696,99.46124953315696,99.46124953315696,0
2026-06-26 23:45:00+00:00,99.46124953315696,99.46124953315696,99.46124953315696,0
2026-06-27 00:00:00+00:00,99.46124953315696,99.46124953315696,99.46124953315696,0
2026-06-27 00:15:00+00:00,99.46124953315696,99.46124953315696,99.46124953315696,0
2026-06-27 00:30:00+00:00,99.46124953315696,99.46124953315696,99.46124953315696,0
2026-06-27 00:45:00+00:00,99.46124953315696,99.46124953315696,99.46124953315696,0
2026-06-27 01:00:00+00:00,99.46124953315696,99.46124953315696,99.46124953315696,0
2026-06-27 01:15:00+00:00,99.46124953315696,99.46124953315696,99.46124953315696,0
2026-06-27 01:30:00+00:00,99.46124953315696,99.46124953315696,99.46124953315696,0
2026-06-27 01:45:00+00:00,99.46124953315696,99.46124953315696,99.46124953315696,0
2026-06-27 02:00:00+00:00,99.46124953315696,99.46124953315696,99.46124953315696,0
2026-06-27 02:15:00+00:00,99.46124953315696,99.46124953315696,99.46124953315696,0
2026-06-27 02:30:00+00:00,99.46124953315696,99.46124953315696,99.46124953315696,0
2026-06-27 02:45:00+00:00,99.46124953315696,99.46124953315696,99.46124953315696,0
2026-06-27 03:00:00+00:00,99.46124953315696,99.46124953315696,99.46124953315696,0
2026-06-27 03:15:00+00:00,99.46124953315696,99.46124953315696,99.46124953315696,0
2026-06-27 03:30:00+00:00,99.46124953315696,99.46124953315696,99.46124953315696,0
2026-06-27 03:45:00+00:00,99.46124953315696,99.46124953315696,99.46124953315696,0
2026-06-27 04:00:00+00:00,99.46124953315696,99.46124953315696,99.46124953315696,0
2026-06-27 04:15:00+00:00,99.46124953315696,99.46124953315696,99.46124953315696,0
2026-06-27 04:30:00+00:00,99.46124953315696,99.46124953315696,99.46124953315696,0
2026-06-27 04:45:00+00:00,99.46124953315696,99.46124953315696,99.46124953315696,0
2026-06-27 05:00:00+00:00,99.46124953315696,99.46124953315696,99.46124953315696,0
2026-06-27 05:15:00+00:00,99.46124953315696,99.46124953315696,99.46124953315696,0
2026-06-27 05:30:00+00:00,99.46124953315696,99.46124953315696,99.46124953315696,0
2026-06-27 05:45:00+00:00,99.46124953315696,99.46124953315696,99.46124953315696,0
2026-06-27 06:00:00+00:00,99.46124953315696,99.46124953315696,99.46124953315696,0
2026-06-27 06:15:00+00:00,99.46124953315696,99.46124953315696,99.46124953315696,0
2026-06-27 06:30:00+00:00,99.46124953315696,99.46124953315696,99.46124953315696,0
2026-06-27 06:45:00+00:00,99.46124953315696,99.46124953315696,99.46124953315696,0
2026-06-27 07:00:00+00:00,99.46124953315696,99.46124953315696,99.46124953315696,0
2026-06-27 07:15:00+00:00,99.46124953315696,99.46124953315696,99.46124953315696,0
2026-06-27 07:30:00+00:00,99.46124953315696,99.46124953315696,99.46124953315696,0
2026-06-27 07:45:00+00:00,99.46124953315696,99.46124953315696,99.46124953315696,0
2026-06-27 08:00:00+00:00,99.46124953315696,99.46124953315696,99.46124953315696,0
2026-06-27 08:15:00+00:00,99.46124953315696,99.46124953315696,99.46124953315696,0
2026-06-27 08:30:00+00:00,99.46124953315696,99.46124953315696,99.46124953315696,0
2026-06-27 08:45:00+00:00,99.46124953315696,99.46124953315696,99.46124953315696,0
2026-06-27 09:00:00+00:00,99.46124953315696,99.46124953315696,99.46124953315696,0
2026-06-27 09:15:00+00:00,99.46124953315696,99.46124953315696,99.46124953315696,0
2026-06-27 09:30:00+00:00,99.46124953315696,99.46124953315696,99.46124953315696,0
2026-06-27 09:45:00+00:00,99.46124953315696,99.46124953315696,99.46124953315696,0
2026-06-27 10:00:00+00:00,99.46124953315696,99.46124953315696,99.46124953315696,0
2026-06-27 10:15:00+00:00,99.46124953315696,99.46124953315696,99.46124953315696,0
2026-06-27 10:30:00+00:00,99.46124953315696,99.46124953315696,99.46124953315696,0
2026-06-27 10:45:00+00:00,99.46124953315696,99.46124953315696,99.46124953315696,0
2026-06-27 11:00:00+00:00,99.46124953315696,99.46124953315696,99.46124953315696,0
2026-06-27 11:15:00+00:00,99.46124953315696,99.46124953315696,99.46124953315696,0
2026-06-27 11:30:00+00:00,99.46124953315696,99.46124953315696,99.46124953315696,0
2026-06-27 11:45:00+00:00,99.46124953315696,99.46124953315696,99.46124953315696,0
2026-06-27 12:00:00+00:00,99.46124953315696,99.46124953315696,99.46124953315696,0
2026-06-27 12:15:00+00:00,99.46124953315696,99.46124953315696,99.46124953315696,0
2026-06-27 12:30:00+00:00,99.46124953315696,99.46124953315696,99.46124953315696,0
2026-06-27 12:45:00+00:00,99.46124953315696,99.46124953315696,99.46124953315696,0
2026-06-27 13:00:00+00:00,99.46124953315696,99.46124953315696,99.46124953315696,0
2026-06-27 13:15:00+00:00,99.46124953315696,99.46124953315696,99.46124953315696,0
2026-06-27 13:30:00+00:00,99.46124953315696,99.46124953315696,99.46124953315696,0
2026-06-27 13:45:00+00:00,99.46124953315696,99.46124953315696,99.46124953315696,0
2026-06-27 14:00:00+00:00,99.46124953315696,99.46124953315696,99.46124953315696,0
2026-06-27 14:15:00+00:00,99.46124953315696,99.46124953315696,99.46124953315696,0
2026-06-27 14:30:00+00:00,99.46124953315696,99.46124953315696,99.46124953315696,0
2026-06-27 14:45:00+00:00,99.46124953315696,99.46124953315696,99.46124953315696,0
2026-06-27 15:00:00+00:00,99.46124953315696,99.46124953315696,99.46124953315696,0
2026-06-27 15:15:00+00:00,99.46124953315696,99.46124953315696,99.46124953315696,0
2026-06-27 15:30:00+00:00,99.46124953315696,99.46124953315696,99.46124953315696,0
2026-06-27 15:45:00+00:00,99.46124953315696,99.46124953315696,99.46124953315696,0
2026-06-27 16:00:00+00:00,99.46124953315696,99.46124953315696,99.46124953315696,0
2026-06-27 16:15:00+00:00,99.46124953315696,99.46124953315696,99.46124953315696,0
2026-06-27 16:30:00+00:00,99.46124953315696,99.46124953315696,99.46124953315696,0
2026-06-27 16:45:00+00:00,99.46124953315696,99.46124953315696,99.46124953315696,0
2026-06-27 17:00:00+00:00,99.46124953315696,99.46124953315696,99.46124953315696,0
2026-06-27 17:15:00+00:00,99.46124953315696,99.46124953315696,99.46124953315696,0
2026-06-27 17:30:00+00:00,99.46124953315696,99.46124953315696,99.46124953315696,0
2026-06-27 17:45:00+00:00,99.46124953315696,99.46124953315696,99.46124953315696,0
2026-06-27 18:00:00+00:00,99.46124953315696,99.46124953315696,99.46124953315696,0
2026-06-27 18:15:00+00:00,99.46124953315696,99.46124953315696,99.46124953315696,0
2026-06-27 18:30:00+00:00,99.46124953315696,99.46124953315696,99.46124953315696,0
2026-06-27 18:45:00+00:00,99.46124953315696,99.46124953315696,99.46124953315696,0
2026-06-27 19:00:00+00:00,99.46124953315696,99.46124953315696,99.46124953315696,0
2026-06-27 19:15:00+00:00,99.46124953315696,99.46124953315696,99.46124953315696,0
2026-06-27 19:30:00+00:00,99.46124953315696,99.46124953315696,99.46124953315696,0
2026-06-27 19:45:00+00:00,99.46124953315696,99.46124953315696,99.46124953315696,0
2026-06-27 20:00:00+00:00,99.46124953315696,99.46124953315696,99.46124953315696,0
2026-06-27 20:15:00+00:00,99.46124953315696,99.46124953315696,99.46124953315696,0
2026-06-27 20:30:00+00:00,99.46124953315696,99.46124953315696,99.46124953315696,0
2026-06-27 20:45:00+00:00,99.46124953315696,99.46124953315696,99.46124953315696,0
2026-06-27 21:00:00+00:00,99.46124953315696,99.46124953315696,99.46124953315696,0
2026-06-27 21:15:00+00:00,99.46124953315696,99.46124953315696,99.46124953315696,0
2026-06-27 21:30:00+00:00,99.46124953315696,99.46124953315696,99.46124953315696,0
2026-06-27 21:45:00+00:00,99.46124953315696,99.46124953315696,99.46124953315696,0
2026-06-27 22:00:00+00:00,99.46124953315696,99.46124953315696,99.46124953315696,0
2026-06-27 22:15:00+00:00,99.46124953315696,99.46124953315696,99.46124953315696,0
2026-06-27 22:30:00+00:00,99.46124953315696,99.46124953315696,99.46124953315696,0
2026-06-27 22:45:00+00:00,99.46124953315696,99.46124953315696,99.46124953315696,0
2026-06-27 23:00:00+00:00,99.46124953315696,99.46124953315696,99.46124953315696,0
2026-06-27 23:15:00+00:00,99.46124953315696,99.46124953315696,99.46124953315696,0
2026-06-27 23:30:00+00:00,99.46124953315696,99.46124953315696,99.46124953315696,0
2026-06-27 23:45:00+00:00,99.46124953315696,99.46124953315696,99.46124953315696,0
2026-06-28 00:00:00+00:00,99.46124953315696,99.46124953315696,99.46124953315696,0
2026-06-28 00:15:00+00:00,99.46124953315696,99.46124953315696,99.46124953315696,0
2026-06-28 00:30:00+00:00,99.46124953315696,99.46124953315696,99.46124953315696,0
2026-06-28 00:45:00+00:00,99.46124953315696,99.46124953315696,99.46124953315696,0
2026-06-28 01:00:00+00:00,99.46124953315696,99.46124953315696,99.46124953315696,0
2026-06-28 01:15:00+00:00,99.46124953315696,99.46124953315696,99.46124953315696,0
2026-06-28 01:30:00+00:00,99.46124953315696,99.46124953315696,99.46124953315696,0
2026-06-28 01:45:00+00:00,99.46124953315696,99.46124953315696,99.46124953315696,0
2026-06-28 02:00:00+00:00,99.46124953315696,99.46124953315696,99.46124953315696,0
2026-06-28 02:15:00+00:00,99.46124953315696,99.46124953315696,99.46124953315696,0
2026-06-28 02:30:00+00:00,99.46124953315696,99.46124953315696,99.46124953315696,0
2026-06-28 02:45:00+00:00,99.46124953315696,99.46124953315696,99.46124953315696,0
2026-06-28 03:00:00+00:00,99.46124953315696,99.46124953315696,99.46124953315696,0
2026-06-28 03:15:00+00:00,99.46124953315696,99.46124953315696,99.46124953315696,0
2026-06-28 03:30:00+00:00,99.46124953315696,99.46124953315696,99.46124953315696,0
2026-06-28 03:45:00+00:00,99.46124953315696,99.46124953315696,99.46124953315696,0
2026-06-28 04:00:00+00:00,99.46124953315696,99.46124953315696,99.46124953315696,0
2026-06-28 04:15:00+00:00,99.46124953315696,99.46124953315696,99.46124953315696,0
2026-06-28 04:30:00+00:00,99.46124953315696,99.46124953315696,99.46124953315696,0
2026-06-28 04:45:00+00:00,99.46124953315696,99.46124953315696,99.46124953315696,0
2026-06-28 05:00:00+00:00,99.46124953315696,99.46124953315696,99.46124953315696,0
2026-06-28 05:15:00+00:00,99.46124953315696,99.46124953315696,99.46124953315696,0
2026-06-28 05:30:00+00:00,99.46124953315696,99.46124953315696,99.46124953315696,0
2026-06-28 05:45:00+00:00,99.46124953315696,99.46124953315696,99.46124953315696,0
2026-06-28 06:00:00+00:00,99.46124953315696,99.46124953315696,99.46124953315696,0
2026-06-28 06:15:00+00:00,99.46124953315696,99.46124953315696,99.46124953315696,0
2026-06-28 06:30:00+00:00,99.46124953315696,99.46124953315696,99.46124953315696,0
2026-06-28 06:45:00+00:00,99.46124953315696,99.46124953315696,99.46124953315696,0
2026-06-28 07:00:00+00:00,99.46124953315696,99.46124953315696,99.46124953315696,0
2026-06-28 07:15:00+00:00,99.46124953315696,99.46124953315696,99.46124953315696,0
2026-06-28 07:30:00+00:00,99.46124953315696,99.46124953315696,99.46124953315696,0
2026-06-28 07:45:00+00:00,99.46124953315696,99.46124953315696,99.46124953315696,0
2026-06-28 08:00:00+00:00,99.46124953315696,99.46124953315696,99.46124953315696,0
2026-06-28 08:15:00+00:00,99.46124953315696,99.46124953315696,99.46124953315696,0
2026-06-28 08:30:00+00:00,99.46124953315696,99.46124953315696,99.46124953315696,0
2026-06-28 08:45:00+00:00,99.46124953315696,99.46124953315696,99.46124953315696,0
2026-06-28 09:00:00+00:00,99.46124953315696,99.46124953315696,99.46124953315696,0
2026-06-28 09:15:00+00:00,99.46124953315696,99.46124953315696,99.46124953315696,0
2026-06-28 09:30:00+00:00,99.46124953315696,99.46124953315696,99.46124953315696,0
2026-06-28 09:45:00+00:00,99.46124953315696,99.46124953315696,99.46124953315696,0
2026-06-28 10:00:00+00:00,99.46124953315696,99.46124953315696,99.46124953315696,0
2026-06-28 10:15:00+00:00,99.46124953315696,99.46124953315696,99.46124953315696,0
2026-06-28 10:30:00+00:00,99.46124953315696,99.46124953315696,99.46124953315696,0
2026-06-28 10:45:00+00:00,99.46124953315696,99.46124953315696,99.46124953315696,0
2026-06-28 11:00:00+00:00,99.46124953315696,99.46124953315696,99.46124953315696,0
2026-06-28 11:15:00+00:00,99.46124953315696,99.46124953315696,99.46124953315696,0
2026-06-28 11:30:00+00:00,99.46124953315696,99.46124953315696,99.46124953315696,0
2026-06-28 11:45:00+00:00,99.46124953315696,99.46124953315696,99.46124953315696,0
2026-06-28 12:00:00+00:00,99.46124953315696,99.46124953315696,99.46124953315696,0
2026-06-28 12:15:00+00:00,99.46124953315696,99.46124953315696,99.46124953315696,0
2026-06-28 12:30:00+00:00,99.46124953315696,99.46124953315696,99.46124953315696,0
2026-06-28 12:45:00+00:00,99.46124953315696,99.46124953315696,99.46124953315696,0
2026-06-28 13:00:00+00:00,99.46124953315696,99.46124953315696,99.46124953315696,0
2026-06-28 13:15:00+00:00,99.46124953315696,99.46124953315696,99.46124953315696,0
2026-06-28 13:30:00+00:00,99.46124953315696,99.46124953315696,99.46124953315696,0
2026-06-28 13:45:00+00:00,99.46124953315696,99.46124953315696,99.46124953315696,0
2026-06-28 14:00:00+00:00,99.46124953315696,99.46124953315696,99.46124953315696,0
2026-06-28 14:15:00+00:00,99.46124953315696,99.46124953315696,99.46124953315696,0
2026-06-28 14:30:00+00:00,99.46124953315696,99.46124953315696,99.46124953315696,0
2026-06-28 14:45:00+00:00,99.46124953315696,99.46124953315696,99.46124953315696,0
2026-06-28 15:00:00+00:00,99.46124953315696,99.46124953315696,99.46124953315696,0
2026-06-28 15:15:00+00:00,99.46124953315696,99.46124953315696,99.46124953315696,0
2026-06-28 15:30:00+00:00,99.46124953315696,99.46124953315696,99.46124953315696,0
2026-06-28 15:45:00+00:00,99.46124953315696,99.46124953315696,99.46124953315696,0
2026-06-28 16:00:00+00:00,99.46124953315696,99.46124953315696,99.46124953315696,0
2026-06-28 16:15:00+00:00,99.46124953315696,99.46124953315696,99.46124953315696,0
2026-06-28 16:30:00+00:00,99.46124953315696,99.46124953315696,99.46124953315696,0
2026-06-28 16:45:00+00:00,99.46124953315696,99.46124953315696,99.46124953315696,0
2026-06-28 17:00:00+00:00,99.46124953315696,99.46124953315696,99.46124953315696,0
2026-06-28 17:15:00+00:00,99.46124953315696,99.46124953315696,99.46124953315696,0
2026-06-28 17:30:00+00:00,99.46124953315696,99.46124953315696,99.46124953315696,0
2026-06-28 17:45:00+00:00,99.46124953315696,99.46124953315696,99.46124953315696,0
2026-06-28 18:00:00+00:00,99.46124953315696,99.46124953315696,99.46124953315696,0
2026-06-28 18:15:00+00:00,99.46124953315696,99.46124953315696,99.46124953315696,0
2026-06-28 18:30:00+00:00,99.46124953315696,99.46124953315696,99.46124953315696,0
2026-06-28 18:45:00+00:00,99.46124953315696,99.46124953315696,99.46124953315696,0
2026-06-28 19:00:00+00:00,99.46124953315696,99.46124953315696,99.46124953315696,0
2026-06-28 19:15:00+00:00,99.46124953315696,99.46124953315696,99.46124953315696,0
2026-06-28 19:30:00+00:00,99.46124953315696,99.46124953315696,99.46124953315696,0
2026-06-28 19:45:00+00:00,99.46124953315696,99.46124953315696,99.46124953315696,0
2026-06-28 20:00:00+00:00,99.46124953315696,99.46124953315696,99.46124953315696,0
2026-06-28 20:15:00+00:00,99.46124953315696,99.46124953315696,99.46124953315696,0
2026-06-28 20:30:00+00:00,99.46124953315696,99.46124953315696,99.46124953315696,0
2026-06-28 20:45:00+00:00,99.6032447164294,99.34352416285704,99.43203617470132,1
2026-06-28 21:00:00+00:00,99.76227650466753,99.60230369993094,99.43203617470132,1
2026-06-28 21:15:00+00:00,99.905311012432,99.75192532318457,99.43203617470132,1
2026-06-28 21:30:00+00:00,99.95330285385296,99.83379375854976,99.43203617470132,1
2026-06-28 21:45:00+00:00,100.6771407901566,99.94012862287468,99.93584186927124,1
2026-06-28 22:00:00+00:00,100.51453313922435,100.262717124239,99.93584186927124,1
2026-06-28 22:15:00+00:00,100.59244930529604,100.46484746810616,99.93584186927124,1
2026-06-28 22:30:00+00:00,100.66020249318449,100.471622786895,99.93584186927124,1
2026-06-28 22:45:00+00:00,100.62801972893747,100.5664772499388,99.93584186927124,1
2026-06-28 23:00:00+00:00,100.54050519458158,100.41233874749264,99.93584186927124,1
2026-06-28 23:15:00+00:00,100.40386959900655,100.34232712000792,99.93584186927124,1
2026-06-28 23:30:00+00:00,100.2075952584836,100.2075952584836,100.2075952584836,0
2026-06-28 23:45:00+00:00,100.2075952584836,100.2075952584836,100.2075952584836,0
2026-06-29 00:00:00+00:00,100.2075952584836,100.2075952584836,100.2075952584836,0
2026-06-29 00:15:00+00:00,100.2075952584836,100.2075952584836,100.2075952584836,0
2026-06-29 00:30:00+00:00,100.2075952584836,100.2075952584836,100.2075952584836,0
2026-06-29 00:45:00+00:00,100.2075952584836,100.2075952584836,100.2075952584836,0
2026-06-29 01:00:00+00:00,100.2075952584836,100.2075952584836,100.2075952584836,0
2026-06-29 01:15:00+00:00,100.2075952584836,100.2075952584836,100.2075952584836,0
2026-06-29 01:30:00+00:00,100.2075952584836,100.2075952584836,100.2075952584836,0
2026-06-29 01:45:00+00:00,100.2075952584836,100.2075952584836,100.2075952584836,0
2026-06-29 02:00:00+00:00,100.2075952584836,100.2075952584836,100.2075952584836,0
2026-06-29 02:15:00+00:00,100.2075952584836,100.2075952584836,100.2075952584836,0
2026-06-29 02:30:00+00:00,100.2075952584836,100.2075952584836,100.2075952584836,0
2026-06-29 02:45:00+00:00,100.2075952584836,100.2075952584836,100.2075952584836,0
2026-06-29 03:00:00+00:00,100.2075952584836,100.2075952584836,100.2075952584836,0
2026-06-29 03:15:00+00:00,100.2075952584836,100.2075952584836,100.2075952584836,0
2026-06-29 03:30:00+00:00,100.2075952584836,100.2075952584836,100.2075952584836,0
2026-06-29 03:45:00+00:00,100.2075952584836,100.2075952584836,100.2075952584836,0
2026-06-29 04:00:00+00:00,100.2075952584836,100.2075952584836,100.2075952584836,0
2026-06-29 04:15:00+00:00,100.2075952584836,100.2075952584836,100.2075952584836,0
2026-06-29 04:30:00+00:00,100.2075952584836,100.2075952584836,100.2075952584836,0
2026-06-29 04:45:00+00:00,100.2075952584836,100.2075952584836,100.2075952584836,0
2026-06-29 05:00:00+00:00,100.2075952584836,100.2075952584836,100.2075952584836,0
2026-06-29 05:15:00+00:00,99.93124622241008,99.84613535465836,100.1790543773732,1
2026-06-29 05:30:00+00:00,99.60282928706388,99.53344542748368,100.1790543773732,1
2026-06-29 05:45:00+00:00,99.45535792279972,99.45535792279972,99.45535792279972,0
2026-06-29 06:00:00+00:00,99.45535792279972,99.45535792279972,99.45535792279972,0
2026-06-29 06:15:00+00:00,99.45535792279972,99.45535792279972,99.45535792279972,0
2026-06-29 06:30:00+00:00,99.45535792279972,99.45535792279972,99.45535792279972,0
2026-06-29 06:45:00+00:00,99.45535792279972,99.45535792279972,99.45535792279972,0
2026-06-29 07:00:00+00:00,99.45535792279972,99.45535792279972,99.45535792279972,0
2026-06-29 07:15:00+00:00,99.45535792279972,99.45535792279972,99.45535792279972,0
2026-06-29 07:30:00+00:00,99.45535792279972,99.45535792279972,99.45535792279972,0
2026-06-29 07:45:00+00:00,99.45535792279972,99.45535792279972,99.45535792279972,0
2026-06-29 08:00:00+00:00,99.45535792279972,99.45535792279972,99.45535792279972,0
2026-06-29 08:15:00+00:00,99.45535792279972,99.45535792279972,99.45535792279972,0
2026-06-29 08:30:00+00:00,99.45535792279972,99.45535792279972,99.45535792279972,0
2026-06-29 08:45:00+00:00,99.45535792279972,99.45535792279972,99.45535792279972,0
2026-06-29 09:00:00+00:00,99.45535792279972,99.45535792279972,99.45535792279972,0
2026-06-29 09:15:00+00:00,99.45535792279972,99.45535792279972,99.45535792279972,0
2026-06-29 09:30:00+00:00,99.45535792279972,99.45535792279972,99.45535792279972,0
2026-06-29 09:45:00+00:00,99.45535792279972,99.45535792279972,99.45535792279972,0
2026-06-29 10:00:00+00:00,99.45535792279972,99.45535792279972,99.45535792279972,0
2026-06-29 10:15:00+00:00,99.45535792279972,99.45535792279972,99.45535792279972,0
2026-06-29 10:30:00+00:00,99.45535792279972,99.45535792279972,99.45535792279972,0
2026-06-29 10:45:00+00:00,99.45535792279972,99.45535792279972,99.45535792279972,0
2026-06-29 11:00:00+00:00,99.45535792279972,99.45535792279972,99.45535792279972,0
2026-06-29 11:15:00+00:00,99.45535792279972,99.45535792279972,99.45535792279972,0
2026-06-29 11:30:00+00:00,99.45535792279972,99.45535792279972,99.45535792279972,0
2026-06-29 11:45:00+00:00,99.45535792279972,99.45535792279972,99.45535792279972,0
2026-06-29 12:00:00+00:00,99.45535792279972,99.45535792279972,99.45535792279972,0
2026-06-29 12:15:00+00:00,99.45535792279972,99.45535792279972,99.45535792279972,0
2026-06-29 12:30:00+00:00,99.45535792279972,99.45535792279972,99.45535792279972,0
2026-06-29 12:45:00+00:00,99.45535792279972,99.45535792279972,99.45535792279972,0
2026-06-29 13:00:00+00:00,99.45535792279972,99.45535792279972,99.45535792279972,0
2026-06-29 13:15:00+00:00,99.45535792279972,99.45535792279972,99.45535792279972,0
2026-06-29 13:30:00+00:00,99.45535792279972,99.45535792279972,99.45535792279972,0
2026-06-29 13:45:00+00:00,99.45535792279972,99.45535792279972,99.45535792279972,0
2026-06-29 14:00:00+00:00,99.45535792279972,99.45535792279972,99.45535792279972,0
2026-06-29 14:15:00+00:00,99.45535792279972,99.45535792279972,99.45535792279972,0
2026-06-29 14:30:00+00:00,99.45535792279972,99.45535792279972,99.45535792279972,0
2026-06-29 14:45:00+00:00,99.45535792279972,99.45535792279972,99.45535792279972,0
2026-06-29 15:00:00+00:00,99.45535792279972,99.45535792279972,99.45535792279972,0
2026-06-29 15:15:00+00:00,99.45535792279972,99.45535792279972,99.45535792279972,0
2026-06-29 15:30:00+00:00,99.45535792279972,99.45535792279972,99.45535792279972,0
2026-06-29 15:45:00+00:00,99.45535792279972,99.45535792279972,99.45535792279972,0
2026-06-29 16:00:00+00:00,99.45535792279972,99.45535792279972,99.45535792279972,0
2026-06-29 16:15:00+00:00,99.45535792279972,99.45535792279972,99.45535792279972,0
2026-06-29 16:30:00+00:00,99.45535792279972,99.45535792279972,99.45535792279972,0
2026-06-29 16:45:00+00:00,99.45535792279972,99.45535792279972,99.45535792279972,0
2026-06-29 17:00:00+00:00,99.45535792279972,99.45535792279972,99.45535792279972,0
2026-06-29 17:15:00+00:00,99.45535792279972,99.45535792279972,99.45535792279972,0
2026-06-29 17:30:00+00:00,99.45535792279972,99.45535792279972,99.45535792279972,0
2026-06-29 17:45:00+00:00,99.45535792279972,99.45535792279972,99.45535792279972,0
2026-06-29 18:00:00+00:00,99.45535792279972,99.45535792279972,99.45535792279972,0
2026-06-29 18:15:00+00:00,99.45535792279972,99.45535792279972,99.45535792279972,0
2026-06-29 18:30:00+00:00,99.45535792279972,99.45535792279972,99.45535792279972,0
2026-06-29 18:45:00+00:00,99.45535792279972,99.45535792279972,99.45535792279972,0
2026-06-29 19:00:00+00:00,99.45535792279972,99.45535792279972,99.45535792279972,0
2026-06-29 19:15:00+00:00,99.45535792279972,99.45535792279972,99.45535792279972,0
2026-06-29 19:30:00+00:00,99.45535792279972,99.45535792279972,99.45535792279972,0
2026-06-29 19:45:00+00:00,99.45535792279972,99.45535792279972,99.45535792279972,0
2026-06-29 20:00:00+00:00,99.45535792279972,99.45535792279972,99.45535792279972,0
2026-06-29 20:15:00+00:00,99.45535792279972,99.45535792279972,99.45535792279972,0
2026-06-29 20:30:00+00:00,99.45535792279972,99.45535792279972,99.45535792279972,0
2026-06-29 20:45:00+00:00,99.45535792279972,99.45535792279972,99.45535792279972,0
2026-06-29 21:00:00+00:00,99.45535792279972,99.45535792279972,99.45535792279972,0
2026-06-29 21:15:00+00:00,99.45535792279972,99.45535792279972,99.45535792279972,0
2026-06-29 21:30:00+00:00,99.45535792279972,99.45535792279972,99.45535792279972,0
2026-06-29 21:45:00+00:00,99.45535792279972,99.45535792279972,99.45535792279972,0
2026-06-29 22:00:00+00:00,99.45535792279972,99.45535792279972,99.45535792279972,0
2026-06-29 22:15:00+00:00,99.45535792279972,99.45535792279972,99.45535792279972,0
2026-06-29 22:30:00+00:00,99.45535792279972,99.45535792279972,99.45535792279972,0
2026-06-29 22:45:00+00:00,99.45535792279972,99.45535792279972,99.45535792279972,0
2026-06-29 23:00:00+00:00,99.45535792279972,99.45535792279972,99.45535792279972,0
2026-06-29 23:15:00+00:00,99.45535792279972,99.45535792279972,99.45535792279972,0
2026-06-29 23:30:00+00:00,99.45535792279972,99.45535792279972,99.45535792279972,0
2026-06-29 23:45:00+00:00,99.45535792279972,99.45535792279972,99.45535792279972,0
2026-06-30 00:00:00+00:00,99.45535792279972,99.45535792279972,99.45535792279972,0
2026-06-30 00:15:00+00:00,99.45535792279972,99.45535792279972,99.45535792279972,0
2026-06-30 00:30:00+00:00,99.45535792279972,99.45535792279972,99.45535792279972,0
2026-06-30 00:45:00+00:00,99.27757651496763,99.1096753095613,99.43911165218456,1
2026-06-30 01:00:00+00:00,99.32552553093282,99.23950404049694,99.43911165218456,1
2026-06-30 01:15:00+00:00,98.97347461637116,98.97347461637116,99.43911165218456,1
2026-06-30 01:30:00+00:00,99.05726592001795,98.90099354572612,99.43911165218456,1
2026-06-30 01:45:00+00:00,99.0147330719691,98.98080237296384,99.43911165218456,1
2026-06-30 02:00:00+00:00,99.0951790954323,99.00517512858734,99.43911165218456,1
2026-06-30 02:15:00+00:00,98.87996607028622,98.8359995307301,99.43911165218456,1
2026-06-30 02:30:00+00:00,98.98478484937291,98.8484248571264,99.43911165218456,1
2026-06-30 02:45:00+00:00,98.88458574292072,98.871523220299,99.43911165218456,1
2026-06-30 03:00:00+00:00,98.86562915521358,98.837273923181,99.43911165218456,1
2026-06-30 03:15:00+00:00,98.87502779953896,98.75650930160508,99.43911165218456,1
2026-06-30 03:30:00+00:00,98.70873726457675,98.70873726457675,98.70873726457675,0
2026-06-30 03:45:00+00:00,98.70873726457675,98.70873726457675,98.70873726457675,0
2026-06-30 04:00:00+00:00,98.70873726457675,98.70873726457675,98.70873726457675,0
2026-06-30 04:15:00+00:00,98.70873726457675,98.70873726457675,98.70873726457675,0
2026-06-30 04:30:00+00:00,98.70873726457675,98.70873726457675,98.70873726457675,0
2026-06-30 04:45:00+00:00,98.70873726457675,98.70873726457675,98.70873726457675,0
2026-06-30 05:00:00+00:00,98.70873726457675,98.70873726457675,98.70873726457675,0
2026-06-30 05:15:00+00:00,98.70873726457675,98.70873726457675,98.70873726457675,0
2026-06-30 05:30:00+00:00,98.70873726457675,98.70873726457675,98.70873726457675,0
2026-06-30 05:45:00+00:00,98.70873726457675,98.70873726457675,98.70873726457675,0
2026-06-30 06:00:00+00:00,98.70873726457675,98.70873726457675,98.70873726457675,0
2026-06-30 06:15:00+00:00,98.70873726457675,98.70873726457675,98.70873726457675,0
2026-06-30 06:30:00+00:00,98.70873726457675,98.70873726457675,98.70873726457675,0
2026-06-30 06:45:00+00:00,98.70873726457675,98.70873726457675,98.70873726457675,0
2026-06-30 07:00:00+00:00,98.70873726457675,98.70873726457675,98.70873726457675,0
2026-06-30 07:15:00+00:00,98.70873726457675,98.70873726457675,98.70873726457675,0
2026-06-30 07:30:00+00:00,98.70873726457675,98.70873726457675,98.70873726457675,0
2026-06-30 07:45:00+00:00,98.70873726457675,98.70873726457675,98.70873726457675,0
2026-06-30 08:00:00+00:00,98.70873726457675,98.70873726457675,98.70873726457675,0
2026-06-30 08:15:00+00:00,98.70873726457675,98.70873726457675,98.70873726457675,0
2026-06-30 08:30:00+00:00,98.70873726457675,98.70873726457675,98.70873726457675,0
2026-06-30 08:45:00+00:00,98.70873726457675,98.70873726457675,98.70873726457675,0
2026-06-30 09:00:00+00:00,98.70873726457675,98.70873726457675,98.70873726457675,0
2026-06-30 09:15:00+00:00,98.70873726457675,98.70873726457675,98.70873726457675,0
2026-06-30 09:30:00+00:00,98.70873726457675,98.70873726457675,98.70873726457675,0
2026-06-30 09:45:00+00:00,98.70873726457675,98.70873726457675,98.70873726457675,0
2026-06-30 10:00:00+00:00,98.70873726457675,98.70873726457675,98.70873726457675,0
2026-06-30 10:15:00+00:00,98.70873726457675,98.70873726457675,98.70873726457675,0
2026-06-30 10:30:00+00:00,98.70873726457675,98.70873726457675,98.70873726457675,0
2026-06-30 10:45:00+00:00,98.70873726457675,98.70873726457675,98.70873726457675,0
2026-06-30 11:00:00+00:00,98.70873726457675,98.70873726457675,98.70873726457675,0
2026-06-30 11:15:00+00:00,98.70873726457675,98.70873726457675,98.70873726457675,0
2026-06-30 11:30:00+00:00,98.70873726457675,98.70873726457675,98.70873726457675,0
2026-06-30 11:45:00+00:00,98.70873726457675,98.70873726457675,98.70873726457675,0
2026-06-30 12:00:00+00:00,98.52620725248856,98.46945125275153,98.68875833913782,1
2026-06-30 12:15:00+00:00,98.24865657084774,98.2382743757739,98.68875833913782,1
2026-06-30 12:30:00+00:00,98.37428113124128,98.0946540105857,98.68875833913782,1
2026-06-30 12:45:00+00:00,98.18290266871338,98.13479849820456,98.68875833913782,1
2026-06-30 13:00:00+00:00,98.17771157117646,98.10192154713738,98.68875833913782,1
2026-06-30 13:15:00+00:00,97.96911193321364,97.96911193321364,97.96911193321364,0
2026-06-30 13:30:00+00:00,97.96911193321364,97.96911193321364,97.96911193321364,0
2026-06-30 13:45:00+00:00,97.96911193321364,97.96911193321364,97.96911193321364,0
2026-06-30 14:00:00+00:00,97.96911193321364,97.96911193321364,97.96911193321364,0
2026-06-30 14:15:00+00:00,97.96911193321364,97.96911193321364,97.96911193321364,0
2026-06-30 14:30:00+00:00,97.96911193321364,97.96911193321364,97.96911193321364,0
2026-06-30 14:45:00+00:00,97.96911193321364,97.96911193321364,97.96911193321364,0
2026-06-30 15:00:00+00:00,97.96911193321364,97.96911193321364,97.96911193321364,0
2026-06-30 15:15:00+00:00,97.96911193321364,97.96911193321364,97.96911193321364,0
2026-06-30 15:30:00+00:00,97.96911193321364,97.96911193321364,97.96911193321364,0
2026-06-30 15:45:00+00:00,97.96911193321364,97.96911193321364,97.96911193321364,0
2026-06-30 16:00:00+00:00,97.96911193321364,97.96911193321364,97.96911193321364,0
2026-06-30 16:15:00+00:00,97.96911193321364,97.96911193321364,97.96911193321364,0
2026-06-30 16:30:00+00:00,97.96911193321364,97.96911193321364,97.96911193321364,0
2026-06-30 16:45:00+00:00,97.9043632188887,97.87150137625522,97.94874649422012,1
2026-06-30 17:00:00+00:00,98.2499425962602,97.89870956854315,97.94874649422012,1
2026-06-30 17:15:00+00:00,98.15029700891996,98.08881356141217,97.94874649422012,1
2026-06-30 17:30:00+00:00,98.08846020826556,97.99694174329704,97.94874649422012,1
2026-06-30 17:45:00+00:00,98.15029700891996,98.07609284813466,97.94874649422012,1
2026-06-30 18:00:00+00:00,97.812138047627,97.810371281894,97.94874649422012,1
2026-06-30 18:15:00+00:00,97.91107692867404,97.71955952321868,97.94874649422012,1
2026-06-30 18:30:00+00:00,98.1160217537001,97.86125413500392,97.94874649422012,1
2026-06-30 18:45:00+00:00,98.27750414169476,98.10118092154303,97.94874649422012,1
2026-06-30 19:00:00+00:00,98.55135283030714,98.27503066966858,97.94874649422012,1
2026-06-30 19:15:00+00:00,98.30259221510312,98.22909476061102,97.94874649422012,1
2026-06-30 19:30:00+00:00,98.2772918830511,98.1302148608955,97.9436799022992,2
2026-06-30 19:45:00+00:00,97.92996013965436,97.79322764387044,97.9436799022992,2
2026-06-30 20:00:00+00:00,97.5691402930518,97.49490227553468,97.87306923044363,2
2026-06-30 20:15:00+00:00,97.64877512064702,97.44061197549468,97.87306923044363,2
2026-06-30 20:30:00+00:00,97.7075329270569,97.5628476498767,97.87306923044363,2
2026-06-30 20:45:00+00:00,97.77037180219948,97.5920016200688,97.87306923044363,2
2026-06-30 21:00:00+00:00,97.546249683933,97.39994746765484,97.82208899564766,2
2026-06-30 21:15:00+00:00,97.64933151761883,97.49282097413754,97.82208899564766,2
2026-06-30 21:30:00+00:00,97.55140949688833,97.41732014291031,97.82208899564766,2
2026-06-30 21:45:00+00:00,97.49124800640408,97.3907458861356,97.82208899564766,2
2026-06-30 22:00:00+00:00,97.8235944108269,97.40211413712446,97.7653764453672,2
2026-06-30 22:15:00+00:00,97.73274528258588,97.56085609819284,97.7653764453672,2
2026-06-30 22:30:00+00:00,97.80874967971536,97.57195558729728,97.7653764453672,2
2026-06-30 22:45:00+00:00,97.74924536757138,97.74053345151876,97.81939880037235,1
2026-06-30 23:00:00+00:00,97.69328508355754,97.64466789088716,97.77363244385393,1
2026-06-30 23:15:00+00:00,97.68152285952438,97.65878255972692,97.77363244385393,1
2026-06-30 23:30:00+00:00,97.59683484648563,97.56076402611728,97.77363244385393,1
2026-06-30 23:45:00+00:00,97.66270330107132,97.57958358457032,97.77363244385393,1
2026-07-01 00:00:00+00:00,97.57004253777556,97.52534608644956,97.72331568707752,1
2026-07-01 00:15:00+00:00,97.53161927260058,97.45790933532612,97.72331568707752,1
2026-07-01 00:30:00+00:00,97.65943544042756,97.503389934921,97.72331568707752,1
2026-07-01 00:45:00+00:00,97.63199025101687,97.60768165468168,97.72331568707752,1
2026-07-01 01:00:00+00:00,97.63153323195604,97.55939159121932,97.6671841409264,1
2026-07-01 01:15:00+00:00,97.55468670160604,97.50999025028004,97.6671841409264,1
2026-07-01 01:30:00+00:00,97.72026336425762,97.53900373622852,97.72026336425762,0
2026-07-01 01:45:00+00:00,97.72026336425762,97.72026336425762,97.72026336425762,0
2026-07-01 02:00:00+00:00,97.72026336425762,97.72026336425762,97.72026336425762,0
2026-07-01 02:15:00+00:00,97.72026336425762,97.72026336425762,97.72026336425762,0
2026-07-01 02:30:00+00:00,97.72026336425762,97.72026336425762,97.72026336425762,0
2026-07-01 02:45:00+00:00,97.69115822226031,97.68492552303849,97.71713819018338,1
2026-07-01 03:00:00+00:00,97.72562594618071,97.65291112192584,97.68720135547804,1
2026-07-01 03:15:00+00:00,97.67784191881324,97.67005104478594,97.68720135547804,1
2026-07-01 03:30:00+00:00,97.71316054773702,97.6716092195914,97.68720135547804,1
2026-07-01 03:45:00+00:00,97.73653316981894,97.70329210730245,97.68720135547804,1
2026-07-01 04:00:00+00:00,97.82360891494524,97.70882337094294,97.66208851461114,1
2026-07-01 04:15:00+00:00,97.81997317373248,97.80698838368698,97.66208851461114,1
2026-07-01 04:30:00+00:00,97.77894123718868,97.65740360236272,97.66208851461114,1
2026-07-01 04:45:00+00:00,97.6750629168246,97.64805455352996,97.66208851461114,1
2026-07-01 05:00:00+00:00,97.65202924290736,97.53516613249776,97.6369772742866,1
2026-07-01 05:15:00+00:00,97.58866346748526,97.58295015986523,97.6369772742866,1
2026-07-01 05:30:00+00:00,97.76214026249326,97.5128322936195,97.6369772742866,1
2026-07-01 05:45:00+00:00,97.68994482984024,97.62605966281632,97.6369772742866,1
2026-07-01 06:00:00+00:00,97.87908346962956,97.6396439411904,97.60018056728408,1
2026-07-01 06:15:00+00:00,98.0354203417775,97.81727586901296,97.60018056728408,1
2026-07-01 06:30:00+00:00,98.08320436914497,97.88843251846232,97.60018056728408,1
2026-07-01 06:45:00+00:00,98.26603021298573,98.08320436914497,97.60018056728408,1
2026-07-01 07:00:00+00:00,97.92410636539933,97.8955398272992,97.58651221204812,1
2026-07-01 07:15:00+00:00,97.96877404315586,97.91891244938112,97.58651221204812,1
2026-07-01 07:30:00+00:00,98.18847669072588,97.96825465155403,97.58651221204812,1
2026-07-01 07:45:00+00:00,98.17029798466216,98.07992384594542,97.58651221204812,1
2026-07-01 08:00:00+00:00,98.2246481497276,98.1581660246946,97.57386086047876,1
2026-07-01 08:15:00+00:00,98.3596899662009,98.1940040452202,97.57386086047876,1
2026-07-01 08:30:00+00:00,98.57627626416,98.36072874940454,97.57386086047876,1
2026-07-01 08:45:00+00:00,98.67548006010767,98.48070820942505,97.57386086047876,1
2026-07-01 09:00:00+00:00,98.82582163828386,98.6611745005068,97.5626716504888,1
2026-07-01 09:15:00+00:00,98.91307942738968,98.64870910206312,97.5626716504888,1
2026-07-01 09:30:00+00:00,98.90788551137148,98.80660414901652,97.5626716504888,1
2026-07-01 09:45:00+00:00,99.04704578847095,98.76764977887996,98.13957101446968,1
2026-07-01 10:00:00+00:00,99.08144562604264,99.04030981117846,98.13408157702152,1
2026-07-01 10:15:00+00:00,99.14501915810544,98.97673627911566,98.13408157702152,1
2026-07-01 10:30:00+00:00,99.09391102448632,99.07303148209314,98.13408157702152,1
2026-07-01 10:45:00+00:00,99.08798996022556,99.03812836645082,98.13408157702152,1
2026-07-01 11:00:00+00:00,99.01766761181815,98.94256358619496,98.1288909354824,1
2026-07-01 11:15:00+00:00,99.067840840554,99.01704434189598,98.1288909354824,1
2026-07-01 11:30:00+00:00,99.07500844465912,99.03137955010622,98.1288909354824,1
2026-07-01 11:45:00+00:00,99.08124114388096,99.04384494854992,98.1288909354824,1
2026-07-01 12:00:00+00:00,99.06686186916872,99.02603768926564,98.1247956144862,1
2026-07-01 12:15:00+00:00,99.0758992830404,99.04878704142536,98.1247956144862,1
2026-07-01 12:30:00+00:00,99.0840017920288,99.03756818282604,98.1247956144862,1
2026-07-01 12:45:00+00:00,99.07714582288476,99.04878704142536,98.1247956144862,1
2026-07-01 13:00:00+00:00,99.0934357548162,99.07099803761756,98.12082927394664,1
2026-07-01 13:15:00+00:00,99.05946754405716,99.04669051065238,98.12082927394664,1
2026-07-01 13:30:00+00:00,99.01615028446534,98.9940242022278,98.12082927394664,1
2026-07-01 13:45:00+00:00,99.06476533839572,99.00711287059367,98.12082927394664,1
2026-07-01 14:00:00+00:00,99.08558632805293,99.03478982939488,98.11765437159973,1
2026-07-01 14:15:00+00:00,99.08932594758602,99.05940899132116,98.11765437159973,1
2026-07-01 14:30:00+00:00,99.08558632805293,99.06719986534848,98.11765437159973,1
2026-07-01 14:45:00+00:00,98.85464500537194,98.74108748901436,98.10359098074076,2
2026-07-01 15:00:00+00:00,98.90528591090708,98.76020736703416,98.10025401804316,2
2026-07-01 15:15:00+00:00,98.73459592966832,98.52652887661728,98.10025401804316,2
2026-07-01 15:30:00+00:00,98.72604605664571,98.58224709870822,98.9990909508356,1
2026-07-01 15:45:00+00:00,98.88517494669404,98.6698829189816,98.9990909508356,1
2026-07-01 16:00:00+00:00,98.99891325690838,98.88658698158017,99.0005029857217,1
2026-07-01 16:15:00+00:00,98.8460247154894,98.7524194860492,99.0005029857217,1
2026-07-01 16:30:00+00:00,99.0301150000551,98.8460247154894,99.0005029857217,1
2026-07-01 16:45:00+00:00,99.40765609213054,98.98955273396436,99.0005029857217,1
2026-07-01 17:00:00+00:00,99.34837278015176,99.31093068837568,99.0005029857217,1
2026-07-01 17:15:00+00:00,99.4107762664452,99.30157016543166,99.0005029857217,1
2026-07-01 17:30:00+00:00,99.47317975273866,99.37333417466913,99.0005029857217,1
2026-07-01 17:45:00+00:00,99.52310254177344,99.4357376609626,99.0005029857217,1
2026-07-01 18:00:00+00:00,99.50126132157072,99.42325696370388,99.0005029857217,1
2026-07-01 18:15:00+00:00,99.76335596400324,99.5043814958854,99.0005029857217,1
2026-07-01 18:30:00+00:00,99.81951910166735,99.71655334928316,99.0005029857217,1
2026-07-01 18:45:00+00:00,99.85072084481408,99.81951910166735,99.0005029857217,1
2026-07-01 19:00:00+00:00,99.88192258796082,99.72591387222718,99.0005029857217,1
2026-07-01 19:15:00+00:00,99.74775509242988,99.63542881710164,99.0005029857217,1
2026-07-01 19:30:00+00:00,99.7103130006538,99.61046742258428,99.0005029857217,1
2026-07-01 19:45:00+00:00,99.5730253308082,99.56054463354953,99.0005029857217,1
2026-07-01 20:00:00+00:00,99.47654257767248,99.4391004858964,99.00074563634084,1
2026-07-01 20:15:00+00:00,99.5420662382806,99.47654257767248,99.00074563634084,1
2026-07-01 20:30:00+00:00,99.11772253148509,99.11148218285574,99.00074563634084,1
2026-07-01 20:45:00+00:00,98.77853181689316,98.75576858261957,98.8621950131,1
2026-07-01 21:00:00+00:00,98.6034751393454,98.59459337665476,98.8621950131,1
2026-07-01 21:15:00+00:00,98.60003703765872,98.54760598693656,98.8621950131,1
2026-07-01 21:30:00+00:00,98.44159785159668,98.4404518177011,98.8621950131,1
2026-07-01 21:45:00+00:00,98.44818754649616,98.33444368236124,98.8621950131,1
2026-07-01 22:00:00+00:00,98.3315785976223,98.3212642925622,98.8621950131,1
2026-07-01 22:15:00+00:00,98.46165344476908,98.22872205549524,98.8621950131,1
2026-07-01 22:30:00+00:00,98.58170049532966,98.43328910585382,98.8621950131,1
2026-07-01 22:45:00+00:00,98.48285507183704,98.46337249561245,98.8621950131,1
2026-07-01 23:00:00+00:00,98.6175140545661,98.48342808878483,98.8621950131,1
2026-07-01 23:15:00+00:00,98.6272553426784,98.5968854444459,98.8621950131,1
2026-07-01 23:30:00+00:00,98.6753887662922,98.61980612235725,98.8621950131,1
2026-07-01 23:45:00+00:00,98.75131351187346,98.64415934263802,98.8621950131,1
2026-07-02 00:00:00+00:00,98.7368052971919,98.68351472104808,98.86029317126967,1
2026-07-02 00:15:00+00:00,98.79038238180962,98.69927268711211,98.86029317126967,1
2026-07-02 00:30:00+00:00,98.88865478835444,98.77548394116728,98.86029317126967,1
2026-07-02 00:45:00+00:00,98.76832122931998,98.76574265305496,98.86029317126967,1
2026-07-02 01:00:00+00:00,98.74683309377812,98.73766482261358,98.86029317126967,1
2026-07-02 01:15:00+00:00,98.73766482261358,98.6926829922126,98.86029317126967,1
2026-07-02 01:30:00+00:00,98.5565914671141,98.51476122992592,98.86029317126967,1
2026-07-02 01:45:00+00:00,98.62191539916138,98.53854143325891,98.86029317126967,1
2026-07-02 02:00:00+00:00,98.68523377189142,98.6210558737397,98.86029317126967,1
2026-07-02 02:15:00+00:00,98.59870821277616,98.59870821277616,98.86029317126967,1
2026-07-02 02:30:00+00:00,98.58466929755548,98.57120339928257,98.86029317126967,1
2026-07-02 02:45:00+00:00,98.53422123909571,98.52822712819884,98.53422123909571,0
2026-07-02 03:00:00+00:00,98.53422123909571,98.53422123909571,98.53422123909571,0
2026-07-02 03:15:00+00:00,98.53422123909571,98.53422123909571,98.53422123909571,0
2026-07-02 03:30:00+00:00,98.53422123909571,98.53422123909571,98.53422123909571,0
2026-07-02 03:45:00+00:00,98.53422123909571,98.53422123909571,98.53422123909571,0
2026-07-02 04:00:00+00:00,98.53422123909571,98.53422123909571,98.53422123909571,0
2026-07-02 04:15:00+00:00,98.53422123909571,98.53422123909571,98.53422123909571,0
2026-07-02 04:30:00+00:00,98.53422123909571,98.53422123909571,98.53422123909571,0
2026-07-02 04:45:00+00:00,98.53422123909571,98.53422123909571,98.53422123909571,0
2026-07-02 05:00:00+00:00,98.53422123909571,98.53422123909571,98.53422123909571,0
2026-07-02 05:15:00+00:00,98.53422123909571,98.53422123909571,98.53422123909571,0
2026-07-02 05:30:00+00:00,98.53422123909571,98.53422123909571,98.53422123909571,0
2026-07-02 05:45:00+00:00,98.53422123909571,98.53422123909571,98.53422123909571,0
2026-07-02 06:00:00+00:00,98.53422123909571,98.53422123909571,98.53422123909571,0
2026-07-02 06:15:00+00:00,98.17346838389322,98.10877780547628,98.51324230876467,1
2026-07-02 06:30:00+00:00,98.08076745193492,97.90070089345474,98.51324230876467,1
2026-07-02 06:45:00+00:00,98.29818114847023,98.06942992788244,98.51324230876467,1
2026-07-02 07:00:00+00:00,98.36220481370763,98.2181515669235,98.51324230876467,1
2026-07-02 07:15:00+00:00,98.45890722474329,98.2988480616498,98.51324230876467,1
2026-07-02 07:30:00+00:00,98.2668362290311,98.23148983051462,98.51324230876467,1
2026-07-02 07:45:00+00:00,98.3628717268872,98.15146024896788,98.51324230876467,1
2026-07-02 08:00:00+00:00,98.29264486629128,98.0852348674493,98.5110405924835,1
2026-07-02 08:15:00+00:00,98.42202602312518,98.16059605673917,98.5110405924835,1
2026-07-02 08:30:00+00:00,98.33666113614198,98.29131103993215,98.5110405924835,1
2026-07-02 08:45:00+00:00,98.08323412791064,98.05722451390794,98.5110405924835,1
2026-07-02 09:00:00+00:00,98.11657978688844,97.92184113845803,98.5110405924835,1
2026-07-02 09:15:00+00:00,97.92650953071492,97.88115943450512,98.5110405924835,1
2026-07-02 09:30:00+00:00,97.7923261351704,97.7923261351704,97.7923261351704,0
2026-07-02 09:45:00+00:00,97.7923261351704,97.7923261351704,97.7923261351704,0
2026-07-02 10:00:00+00:00,97.7923261351704,97.7923261351704,97.7923261351704,0
2026-07-02 10:15:00+00:00,97.7923261351704,97.7923261351704,97.7923261351704,0
2026-07-02 10:30:00+00:00,97.7923261351704,97.7923261351704,97.7923261351704,0
2026-07-02 10:45:00+00:00,97.7923261351704,97.7923261351704,97.7923261351704,0
2026-07-02 11:00:00+00:00,97.7923261351704,97.7923261351704,97.7923261351704,0
2026-07-02 11:15:00+00:00,97.7923261351704,97.7923261351704,97.7923261351704,0
2026-07-02 11:30:00+00:00,97.7923261351704,97.7923261351704,97.7923261351704,0
2026-07-02 11:45:00+00:00,97.7923261351704,97.7923261351704,97.7923261351704,0
2026-07-02 12:00:00+00:00,97.7923261351704,97.7923261351704,97.7923261351704,0
2026-07-02 12:15:00+00:00,97.7923261351704,97.7923261351704,97.7923261351704,0
2026-07-02 12:30:00+00:00,97.7923261351704,97.7923261351704,97.7923261351704,0
2026-07-02 12:45:00+00:00,97.7923261351704,97.7923261351704,97.7923261351704,0
2026-07-02 13:00:00+00:00,97.7923261351704,97.7923261351704,97.7923261351704,0
2026-07-02 13:15:00+00:00,97.7923261351704,97.7923261351704,97.7923261351704,0
2026-07-02 13:30:00+00:00,97.7923261351704,97.7923261351704,97.7923261351704,0
2026-07-02 13:45:00+00:00,97.7923261351704,97.7923261351704,97.7923261351704,0
2026-07-02 14:00:00+00:00,97.7923261351704,97.7923261351704,97.7923261351704,0
2026-07-02 14:15:00+00:00,98.43108921947407,97.7548805350597,97.78315319556908,1
2026-07-02 14:30:00+00:00,98.9152342446552,98.33450122096004,97.78315319556908,1
2026-07-02 14:45:00+00:00,99.05594497569577,98.86110047197556,97.78315319556908,1
2026-07-02 15:00:00+00:00,99.34522367357364,99.01997938699763,98.34111679115438,1
2026-07-02 15:15:00+00:00,99.26908415152046,99.17509160786096,98.34111679115438,1
2026-07-02 15:30:00+00:00,99.18382345955004,99.01502619919108,98.34111679115438,1
2026-07-02 15:45:00+00:00,99.25890626069815,99.11713880875251,98.34111679115438,1
2026-07-02 16:00:00+00:00,99.2386359416611,99.22767941438244,98.34631900761796,1
2026-07-02 16:15:00+00:00,99.42384018449316,99.2322956162308,98.34631900761796,1
2026-07-02 16:30:00+00:00,99.49541912158772,99.4080449878072,98.34631900761796,1
2026-07-02 16:45:00+00:00,99.57383761612586,99.42743566861456,98.34096818942372,2
2026-07-02 17:00:00+00:00,99.57559301124456,99.46378244599698,98.34096818942372,2
2026-07-02 17:15:00+00:00,99.59361153290632,99.40917375957152,98.34096818942372,2
2026-07-02 17:30:00+00:00,99.83928624635044,99.55535480653114,98.34096818942372,2
2026-07-02 17:45:00+00:00,100.04753315943285,99.8368809428466,98.34096818942372,2
2026-07-02 18:00:00+00:00,99.85037738022118,99.70462618379928,98.34096818942372,2
2026-07-02 18:15:00+00:00,99.721590772341,99.71171378759178,98.34096818942372,2
2026-07-02 18:30:00+00:00,99.73164407349093,99.61835881224354,98.34096818942372,2
2026-07-02 18:45:00+00:00,99.68721484489504,99.50557461091336,98.34096818942372,2
2026-07-02 19:00:00+00:00,99.87475414295706,99.60819664374702,98.34096818942372,2
2026-07-02 19:15:00+00:00,99.95178995352036,99.82012132757212,98.34096818942372,2
2026-07-02 19:30:00+00:00,99.95071666758524,99.87164052639334,98.34096818942372,2
2026-07-02 19:45:00+00:00,99.64766701133416,99.58866560643835,98.34096818942372,2
2026-07-02 20:00:00+00:00,99.4344227267268,99.41861942442416,99.45136541127796,1
2026-07-02 20:15:00+00:00,99.46153705713378,99.39200191947718,99.45136541127796,1
2026-07-02 20:30:00+00:00,99.49488331025528,99.45541446639672,99.45136541127796,1
2026-07-02 20:45:00+00:00,99.45388381871246,99.43168942729062,99.45136541127796,1
2026-07-02 21:00:00+00:00,99.47487555838238,99.45169717916352,99.45136541127796,1
2026-07-02 21:15:00+00:00,99.4509318553214,99.44295062096772,99.45136541127796,1
2026-07-02 21:30:00+00:00,99.44721456808816,99.43879600582471,99.45136541127796,1
2026-07-02 21:45:00+00:00,99.4019511294249,99.397577850327,99.45136541127796,1
2026-07-02 22:00:00+00:00,99.41354031903434,99.37243149551408,99.45136541127796,1
2026-07-02 22:15:00+00:00,99.39375123111634,99.38380202116862,99.45136541127796,1
2026-07-02 22:30:00+00:00,99.3276053847606,99.31962415040694,99.45136541127796,1
2026-07-02 22:45:00+00:00,99.38561588281726,99.32673072894104,99.38561588281726,0
2026-07-02 23:00:00+00:00,99.38561588281726,99.38561588281726,99.38561588281726,0
2026-07-02 23:15:00+00:00,99.38561588281726,99.38561588281726,99.38561588281726,0
2026-07-02 23:30:00+00:00,99.38561588281726,99.38561588281726,99.38561588281726,0
2026-07-02 23:45:00+00:00,99.38561588281726,99.38561588281726,99.38561588281726,0
2026-07-03 00:00:00+00:00,99.38561588281726,99.38561588281726,99.38561588281726,0
2026-07-03 00:15:00+00:00,99.38561588281726,99.38561588281726,99.38561588281726,0
2026-07-03 00:30:00+00:00,99.38561588281726,99.38561588281726,99.38561588281726,0
2026-07-03 00:45:00+00:00,99.38561588281726,99.38561588281726,99.38561588281726,0
2026-07-03 01:00:00+00:00,99.38561588281726,99.38561588281726,99.38561588281726,0
2026-07-03 01:15:00+00:00,99.38561588281726,99.38561588281726,99.38561588281726,0
2026-07-03 01:30:00+00:00,99.38561588281726,99.38561588281726,99.38561588281726,0
2026-07-03 01:45:00+00:00,99.38561588281726,99.38561588281726,99.38561588281726,0
2026-07-03 02:00:00+00:00,99.38561588281726,99.38561588281726,99.38561588281726,0
2026-07-03 02:15:00+00:00,99.38561588281726,99.38561588281726,99.38561588281726,0
2026-07-03 02:30:00+00:00,99.38561588281726,99.38561588281726,99.38561588281726,0
2026-07-03 02:45:00+00:00,99.38561588281726,99.38561588281726,99.38561588281726,0
2026-07-03 03:00:00+00:00,99.38561588281726,99.38561588281726,99.38561588281726,0
2026-07-03 03:15:00+00:00,99.38561588281726,99.38561588281726,99.38561588281726,0
2026-07-03 03:30:00+00:00,99.38561588281726,99.38561588281726,99.38561588281726,0
2026-07-03 03:45:00+00:00,99.38561588281726,99.38561588281726,99.38561588281726,0
2026-07-03 04:00:00+00:00,99.38561588281726,99.38561588281726,99.38561588281726,0
2026-07-03 04:15:00+00:00,99.38561588281726,99.38561588281726,99.38561588281726,0
2026-07-03 04:30:00+00:00,99.38561588281726,99.38561588281726,99.38561588281726,0
2026-07-03 04:45:00+00:00,99.38561588281726,99.38561588281726,99.38561588281726,0
2026-07-03 05:00:00+00:00,99.38561588281726,99.38561588281726,99.38561588281726,0
2026-07-03 05:15:00+00:00,99.38561588281726,99.38561588281726,99.38561588281726,0
2026-07-03 05:30:00+00:00,99.38561588281726,99.38561588281726,99.38561588281726,0
2026-07-03 05:45:00+00:00,99.38561588281726,99.38561588281726,99.38561588281726,0
2026-07-03 06:00:00+00:00,99.38561588281726,99.38561588281726,99.38561588281726,0
2026-07-03 06:15:00+00:00,99.38561588281726,99.38561588281726,99.38561588281726,0
2026-07-03 06:30:00+00:00,99.38561588281726,99.38561588281726,99.38561588281726,0
2026-07-03 06:45:00+00:00,99.38561588281726,99.38561588281726,99.38561588281726,0
2026-07-03 07:00:00+00:00,99.38561588281726,99.38561588281726,99.38561588281726,0
2026-07-03 07:15:00+00:00,99.38561588281726,99.38561588281726,99.38561588281726,0
2026-07-03 07:30:00+00:00,99.38561588281726,99.38561588281726,99.38561588281726,0
2026-07-03 07:45:00+00:00,99.38561588281726,99.38561588281726,99.38561588281726,0
2026-07-03 08:00:00+00:00,99.38561588281726,99.38561588281726,99.38561588281726,0
2026-07-03 08:15:00+00:00,99.38561588281726,99.38561588281726,99.38561588281726,0
2026-07-03 08:30:00+00:00,99.38561588281726,99.38561588281726,99.38561588281726,0
2026-07-03 08:45:00+00:00,99.38561588281726,99.38561588281726,99.38561588281726,0
2026-07-03 09:00:00+00:00,99.38561588281726,99.38561588281726,99.38561588281726,0
2026-07-03 09:15:00+00:00,99.38561588281726,99.38561588281726,99.38561588281726,0
2026-07-03 09:30:00+00:00,99.38561588281726,99.38561588281726,99.38561588281726,0
2026-07-03 09:45:00+00:00,99.38561588281726,99.38561588281726,99.38561588281726,0
2026-07-03 10:00:00+00:00,99.38561588281726,99.38561588281726,99.38561588281726,0
2026-07-03 10:15:00+00:00,99.38561588281726,99.38561588281726,99.38561588281726,0
2026-07-03 10:30:00+00:00,99.38561588281726,99.38561588281726,99.38561588281726,0
2026-07-03 10:45:00+00:00,99.38561588281726,99.38561588281726,99.38561588281726,0
2026-07-03 11:00:00+00:00,99.38561588281726,99.38561588281726,99.38561588281726,0
2026-07-03 11:15:00+00:00,99.38561588281726,99.38561588281726,99.38561588281726,0
2026-07-03 11:30:00+00:00,99.38561588281726,99.38561588281726,99.38561588281726,0
2026-07-03 11:45:00+00:00,99.38561588281726,99.38561588281726,99.38561588281726,0
2026-07-03 12:00:00+00:00,99.38561588281726,99.38561588281726,99.38561588281726,0
2026-07-03 12:15:00+00:00,99.38561588281726,99.38561588281726,99.38561588281726,0
2026-07-03 12:30:00+00:00,99.38561588281726,99.38561588281726,99.38561588281726,0
2026-07-03 12:45:00+00:00,99.38561588281726,99.38561588281726,99.38561588281726,0
2026-07-03 13:00:00+00:00,99.38561588281726,99.38561588281726,99.38561588281726,0
2026-07-03 13:15:00+00:00,99.38561588281726,99.38561588281726,99.38561588281726,0
2026-07-03 13:30:00+00:00,99.38561588281726,99.38561588281726,99.38561588281726,0
2026-07-03 13:45:00+00:00,99.38561588281726,99.38561588281726,99.38561588281726,0
2026-07-03 14:00:00+00:00,99.38561588281726,99.38561588281726,99.38561588281726,0
2026-07-03 14:15:00+00:00,99.38561588281726,99.38561588281726,99.38561588281726,0
2026-07-03 14:30:00+00:00,99.38561588281726,99.38561588281726,99.38561588281726,0
2026-07-03 14:45:00+00:00,99.38561588281726,99.38561588281726,99.38561588281726,0
2026-07-03 15:00:00+00:00,99.38561588281726,99.38561588281726,99.38561588281726,0
2026-07-03 15:15:00+00:00,99.38561588281726,99.38561588281726,99.38561588281726,0
2026-07-03 15:30:00+00:00,99.38561588281726,99.38561588281726,99.38561588281726,0
2026-07-03 15:45:00+00:00,99.38561588281726,99.38561588281726,99.38561588281726,0
2026-07-03 16:00:00+00:00,99.38561588281726,99.38561588281726,99.38561588281726,0
2026-07-03 16:15:00+00:00,99.38561588281726,99.38561588281726,99.38561588281726,0
2026-07-03 16:30:00+00:00,99.38561588281726,99.38561588281726,99.38561588281726,0
2026-07-03 16:45:00+00:00,99.38561588281726,99.38561588281726,99.38561588281726,0
2026-07-03 17:00:00+00:00,99.38561588281726,99.38561588281726,99.38561588281726,0
2026-07-03 17:15:00+00:00,99.38561588281726,99.38561588281726,99.38561588281726,0
2026-07-03 17:30:00+00:00,99.38561588281726,99.38561588281726,99.38561588281726,0
2026-07-03 17:45:00+00:00,99.38561588281726,99.38561588281726,99.38561588281726,0
2026-07-03 18:00:00+00:00,99.38561588281726,99.38561588281726,99.38561588281726,0
2026-07-03 18:15:00+00:00,99.38561588281726,99.38561588281726,99.38561588281726,0
2026-07-03 18:30:00+00:00,99.38561588281726,99.38561588281726,99.38561588281726,0
2026-07-03 18:45:00+00:00,99.38561588281726,99.38561588281726,99.38561588281726,0
2026-07-03 19:00:00+00:00,99.38561588281726,99.38561588281726,99.38561588281726,0
2026-07-03 19:15:00+00:00,99.38561588281726,99.38561588281726,99.38561588281726,0
2026-07-03 19:30:00+00:00,99.38561588281726,99.38561588281726,99.38561588281726,0
2026-07-03 19:45:00+00:00,99.38561588281726,99.38561588281726,99.38561588281726,0
2026-07-03 20:00:00+00:00,99.38561588281726,99.38561588281726,99.38561588281726,0
2026-07-03 20:15:00+00:00,99.38561588281726,99.38561588281726,99.38561588281726,0
2026-07-03 20:30:00+00:00,99.38561588281726,99.38561588281726,99.38561588281726,0
2026-07-03 20:45:00+00:00,99.38561588281726,99.38561588281726,99.38561588281726,0
2026-07-03 21:00:00+00:00,99.38561588281726,99.38561588281726,99.38561588281726,0
2026-07-03 21:15:00+00:00,99.38561588281726,99.38561588281726,99.38561588281726,0
2026-07-03 21:30:00+00:00,99.38561588281726,99.38561588281726,99.38561588281726,0
2026-07-03 21:45:00+00:00,99.38561588281726,99.38561588281726,99.38561588281726,0
2026-07-03 22:00:00+00:00,99.38561588281726,99.38561588281726,99.38561588281726,0
2026-07-03 22:15:00+00:00,99.38561588281726,99.38561588281726,99.38561588281726,0
2026-07-03 22:30:00+00:00,99.38561588281726,99.38561588281726,99.38561588281726,0
2026-07-03 22:45:00+00:00,99.38561588281726,99.38561588281726,99.38561588281726,0
2026-07-03 23:00:00+00:00,99.38561588281726,99.38561588281726,99.38561588281726,0
2026-07-03 23:15:00+00:00,99.38561588281726,99.38561588281726,99.38561588281726,0
2026-07-03 23:30:00+00:00,99.38561588281726,99.38561588281726,99.38561588281726,0
2026-07-03 23:45:00+00:00,99.38561588281726,99.38561588281726,99.38561588281726,0
2026-07-04 00:00:00+00:00,99.38561588281726,99.38561588281726,99.38561588281726,0
2026-07-04 00:15:00+00:00,99.38561588281726,99.38561588281726,99.38561588281726,0
2026-07-04 00:30:00+00:00,99.38561588281726,99.38561588281726,99.38561588281726,0
2026-07-04 00:45:00+00:00,99.38561588281726,99.38561588281726,99.38561588281726,0
2026-07-04 01:00:00+00:00,99.38561588281726,99.38561588281726,99.38561588281726,0
2026-07-04 01:15:00+00:00,99.38561588281726,99.38561588281726,99.38561588281726,0
2026-07-04 01:30:00+00:00,99.38561588281726,99.38561588281726,99.38561588281726,0
2026-07-04 01:45:00+00:00,99.38561588281726,99.38561588281726,99.38561588281726,0
2026-07-04 02:00:00+00:00,99.38561588281726,99.38561588281726,99.38561588281726,0
2026-07-04 02:15:00+00:00,99.38561588281726,99.38561588281726,99.38561588281726,0
2026-07-04 02:30:00+00:00,99.38561588281726,99.38561588281726,99.38561588281726,0
2026-07-04 02:45:00+00:00,99.38561588281726,99.38561588281726,99.38561588281726,0
2026-07-04 03:00:00+00:00,99.38561588281726,99.38561588281726,99.38561588281726,0
2026-07-04 03:15:00+00:00,99.38561588281726,99.38561588281726,99.38561588281726,0
2026-07-04 03:30:00+00:00,99.38561588281726,99.38561588281726,99.38561588281726,0
2026-07-04 03:45:00+00:00,99.38561588281726,99.38561588281726,99.38561588281726,0
2026-07-04 04:00:00+00:00,99.38561588281726,99.38561588281726,99.38561588281726,0
2026-07-04 04:15:00+00:00,99.38561588281726,99.38561588281726,99.38561588281726,0
2026-07-04 04:30:00+00:00,99.38561588281726,99.38561588281726,99.38561588281726,0
2026-07-04 04:45:00+00:00,99.38561588281726,99.38561588281726,99.38561588281726,0
2026-07-04 05:00:00+00:00,99.38561588281726,99.38561588281726,99.38561588281726,0
2026-07-04 05:15:00+00:00,99.38561588281726,99.38561588281726,99.38561588281726,0
2026-07-04 05:30:00+00:00,99.38561588281726,99.38561588281726,99.38561588281726,0
2026-07-04 05:45:00+00:00,99.38561588281726,99.38561588281726,99.38561588281726,0
2026-07-04 06:00:00+00:00,99.38561588281726,99.38561588281726,99.38561588281726,0
2026-07-04 06:15:00+00:00,99.38561588281726,99.38561588281726,99.38561588281726,0
2026-07-04 06:30:00+00:00,99.38561588281726,99.38561588281726,99.38561588281726,0
2026-07-04 06:45:00+00:00,99.38561588281726,99.38561588281726,99.38561588281726,0
2026-07-04 07:00:00+00:00,99.38561588281726,99.38561588281726,99.38561588281726,0
2026-07-04 07:15:00+00:00,99.38561588281726,99.38561588281726,99.38561588281726,0
2026-07-04 07:30:00+00:00,99.38561588281726,99.38561588281726,99.38561588281726,0
2026-07-04 07:45:00+00:00,99.38561588281726,99.38561588281726,99.38561588281726,0
2026-07-04 08:00:00+00:00,99.38561588281726,99.38561588281726,99.38561588281726,0
2026-07-04 08:15:00+00:00,99.38561588281726,99.38561588281726,99.38561588281726,0
2026-07-04 08:30:00+00:00,99.38561588281726,99.38561588281726,99.38561588281726,0
2026-07-04 08:45:00+00:00,99.38561588281726,99.38561588281726,99.38561588281726,0
2026-07-04 09:00:00+00:00,99.38561588281726,99.38561588281726,99.38561588281726,0
2026-07-04 09:15:00+00:00,99.38561588281726,99.38561588281726,99.38561588281726,0
2026-07-04 09:30:00+00:00,99.38561588281726,99.38561588281726,99.38561588281726,0
2026-07-04 09:45:00+00:00,99.38561588281726,99.38561588281726,99.38561588281726,0
2026-07-04 10:00:00+00:00,99.38561588281726,99.38561588281726,99.38561588281726,0
2026-07-04 10:15:00+00:00,99.38561588281726,99.38561588281726,99.38561588281726,0
2026-07-04 10:30:00+00:00,99.38561588281726,99.38561588281726,99.38561588281726,0
2026-07-04 10:45:00+00:00,99.38561588281726,99.38561588281726,99.38561588281726,0
2026-07-04 11:00:00+00:00,99.38561588281726,99.38561588281726,99.38561588281726,0
2026-07-04 11:15:00+00:00,99.38561588281726,99.38561588281726,99.38561588281726,0
2026-07-04 11:30:00+00:00,99.38561588281726,99.38561588281726,99.38561588281726,0
2026-07-04 11:45:00+00:00,99.38561588281726,99.38561588281726,99.38561588281726,0
2026-07-04 12:00:00+00:00,99.38561588281726,99.38561588281726,99.38561588281726,0
2026-07-04 12:15:00+00:00,99.38561588281726,99.38561588281726,99.38561588281726,0
2026-07-04 12:30:00+00:00,99.38561588281726,99.38561588281726,99.38561588281726,0
2026-07-04 12:45:00+00:00,99.38561588281726,99.38561588281726,99.38561588281726,0
2026-07-04 13:00:00+00:00,99.38561588281726,99.38561588281726,99.38561588281726,0
2026-07-04 13:15:00+00:00,99.38561588281726,99.38561588281726,99.38561588281726,0
2026-07-04 13:30:00+00:00,99.38561588281726,99.38561588281726,99.38561588281726,0
2026-07-04 13:45:00+00:00,99.38561588281726,99.38561588281726,99.38561588281726,0
2026-07-04 14:00:00+00:00,99.38561588281726,99.38561588281726,99.38561588281726,0
2026-07-04 14:15:00+00:00,99.38561588281726,99.38561588281726,99.38561588281726,0
2026-07-04 14:30:00+00:00,99.38561588281726,99.38561588281726,99.38561588281726,0
2026-07-04 14:45:00+00:00,99.38561588281726,99.38561588281726,99.38561588281726,0
2026-07-04 15:00:00+00:00,99.38561588281726,99.38561588281726,99.38561588281726,0
2026-07-04 15:15:00+00:00,99.38561588281726,99.38561588281726,99.38561588281726,0
2026-07-04 15:30:00+00:00,99.38561588281726,99.38561588281726,99.38561588281726,0
2026-07-04 15:45:00+00:00,99.38561588281726,99.38561588281726,99.38561588281726,0
2026-07-04 16:00:00+00:00,99.38561588281726,99.38561588281726,99.38561588281726,0
2026-07-04 16:15:00+00:00,99.38561588281726,99.38561588281726,99.38561588281726,0
2026-07-04 16:30:00+00:00,99.38561588281726,99.38561588281726,99.38561588281726,0
2026-07-04 16:45:00+00:00,99.38561588281726,99.38561588281726,99.38561588281726,0
2026-07-04 17:00:00+00:00,99.38561588281726,99.38561588281726,99.38561588281726,0
2026-07-04 17:15:00+00:00,99.38561588281726,99.38561588281726,99.38561588281726,0
2026-07-04 17:30:00+00:00,99.38561588281726,99.38561588281726,99.38561588281726,0
2026-07-04 17:45:00+00:00,99.38561588281726,99.38561588281726,99.38561588281726,0
2026-07-04 18:00:00+00:00,99.38561588281726,99.38561588281726,99.38561588281726,0
2026-07-04 18:15:00+00:00,99.38561588281726,99.38561588281726,99.38561588281726,0
2026-07-04 18:30:00+00:00,99.38561588281726,99.38561588281726,99.38561588281726,0
2026-07-04 18:45:00+00:00,99.38561588281726,99.38561588281726,99.38561588281726,0
2026-07-04 19:00:00+00:00,99.38561588281726,99.38561588281726,99.38561588281726,0
2026-07-04 19:15:00+00:00,99.38561588281726,99.38561588281726,99.38561588281726,0
2026-07-04 19:30:00+00:00,99.38561588281726,99.38561588281726,99.38561588281726,0
2026-07-04 19:45:00+00:00,99.38561588281726,99.38561588281726,99.38561588281726,0
2026-07-04 20:00:00+00:00,99.38561588281726,99.38561588281726,99.38561588281726,0
2026-07-04 20:15:00+00:00,99.38561588281726,99.38561588281726,99.38561588281726,0
2026-07-04 20:30:00+00:00,99.38561588281726,99.38561588281726,99.38561588281726,0
2026-07-04 20:45:00+00:00,99.38561588281726,99.38561588281726,99.38561588281726,0
2026-07-04 21:00:00+00:00,99.38561588281726,99.38561588281726,99.38561588281726,0
2026-07-04 21:15:00+00:00,99.38561588281726,99.38561588281726,99.38561588281726,0
2026-07-04 21:30:00+00:00,99.38561588281726,99.38561588281726,99.38561588281726,0
2026-07-04 21:45:00+00:00,99.38561588281726,99.38561588281726,99.38561588281726,0
2026-07-04 22:00:00+00:00,99.38561588281726,99.38561588281726,99.38561588281726,0
2026-07-04 22:15:00+00:00,99.38561588281726,99.38561588281726,99.38561588281726,0
2026-07-04 22:30:00+00:00,99.38561588281726,99.38561588281726,99.38561588281726,0
2026-07-04 22:45:00+00:00,99.38561588281726,99.38561588281726,99.38561588281726,0
2026-07-04 23:00:00+00:00,99.38561588281726,99.38561588281726,99.38561588281726,0
2026-07-04 23:15:00+00:00,99.38561588281726,99.38561588281726,99.38561588281726,0
2026-07-04 23:30:00+00:00,99.38561588281726,99.38561588281726,99.38561588281726,0
2026-07-04 23:45:00+00:00,99.38561588281726,99.38561588281726,99.38561588281726,0
2026-07-05 00:00:00+00:00,99.38561588281726,99.38561588281726,99.38561588281726,0
2026-07-05 00:15:00+00:00,99.38561588281726,99.38561588281726,99.38561588281726,0
2026-07-05 00:30:00+00:00,99.38561588281726,99.38561588281726,99.38561588281726,0
2026-07-05 00:45:00+00:00,99.38561588281726,99.38561588281726,99.38561588281726,0
2026-07-05 01:00:00+00:00,99.38561588281726,99.38561588281726,99.38561588281726,0
2026-07-05 01:15:00+00:00,99.38561588281726,99.38561588281726,99.38561588281726,0
2026-07-05 01:30:00+00:00,99.38561588281726,99.38561588281726,99.38561588281726,0
2026-07-05 01:45:00+00:00,99.38561588281726,99.38561588281726,99.38561588281726,0
2026-07-05 02:00:00+00:00,99.38561588281726,99.38561588281726,99.38561588281726,0
2026-07-05 02:15:00+00:00,99.38561588281726,99.38561588281726,99.38561588281726,0
2026-07-05 02:30:00+00:00,99.38561588281726,99.38561588281726,99.38561588281726,0
2026-07-05 02:45:00+00:00,99.38561588281726,99.38561588281726,99.38561588281726,0
2026-07-05 03:00:00+00:00,99.38561588281726,99.38561588281726,99.38561588281726,0
2026-07-05 03:15:00+00:00,99.38561588281726,99.38561588281726,99.38561588281726,0
2026-07-05 03:30:00+00:00,99.38561588281726,99.38561588281726,99.38561588281726,0
2026-07-05 03:45:00+00:00,99.38561588281726,99.38561588281726,99.38561588281726,0
2026-07-05 04:00:00+00:00,99.38561588281726,99.38561588281726,99.38561588281726,0
2026-07-05 04:15:00+00:00,99.38561588281726,99.38561588281726,99.38561588281726,0
2026-07-05 04:30:00+00:00,99.38561588281726,99.38561588281726,99.38561588281726,0
2026-07-05 04:45:00+00:00,99.38561588281726,99.38561588281726,99.38561588281726,0
2026-07-05 05:00:00+00:00,99.38561588281726,99.38561588281726,99.38561588281726,0
2026-07-05 05:15:00+00:00,99.38561588281726,99.38561588281726,99.38561588281726,0
2026-07-05 05:30:00+00:00,99.38561588281726,99.38561588281726,99.38561588281726,0
2026-07-05 05:45:00+00:00,99.38561588281726,99.38561588281726,99.38561588281726,0
2026-07-05 06:00:00+00:00,99.38561588281726,99.38561588281726,99.38561588281726,0
2026-07-05 06:15:00+00:00,99.38561588281726,99.38561588281726,99.38561588281726,0
2026-07-05 06:30:00+00:00,99.38561588281726,99.38561588281726,99.38561588281726,0
2026-07-05 06:45:00+00:00,99.38561588281726,99.38561588281726,99.38561588281726,0
2026-07-05 07:00:00+00:00,99.38561588281726,99.38561588281726,99.38561588281726,0
2026-07-05 07:15:00+00:00,99.38561588281726,99.38561588281726,99.38561588281726,0
2026-07-05 07:30:00+00:00,99.38561588281726,99.38561588281726,99.38561588281726,0
2026-07-05 07:45:00+00:00,99.38561588281726,99.38561588281726,99.38561588281726,0
2026-07-05 08:00:00+00:00,99.38561588281726,99.38561588281726,99.38561588281726,0
2026-07-05 08:15:00+00:00,99.38561588281726,99.38561588281726,99.38561588281726,0
2026-07-05 08:30:00+00:00,99.38561588281726,99.38561588281726,99.38561588281726,0
2026-07-05 08:45:00+00:00,99.38561588281726,99.38561588281726,99.38561588281726,0
2026-07-05 09:00:00+00:00,99.38561588281726,99.38561588281726,99.38561588281726,0
2026-07-05 09:15:00+00:00,99.38561588281726,99.38561588281726,99.38561588281726,0
2026-07-05 09:30:00+00:00,99.38561588281726,99.38561588281726,99.38561588281726,0
2026-07-05 09:45:00+00:00,99.38561588281726,99.38561588281726,99.38561588281726,0
2026-07-05 10:00:00+00:00,99.38561588281726,99.38561588281726,99.38561588281726,0
2026-07-05 10:15:00+00:00,99.38561588281726,99.38561588281726,99.38561588281726,0
2026-07-05 10:30:00+00:00,99.38561588281726,99.38561588281726,99.38561588281726,0
2026-07-05 10:45:00+00:00,99.38561588281726,99.38561588281726,99.38561588281726,0
2026-07-05 11:00:00+00:00,99.38561588281726,99.38561588281726,99.38561588281726,0
2026-07-05 11:15:00+00:00,99.38561588281726,99.38561588281726,99.38561588281726,0
2026-07-05 11:30:00+00:00,99.38561588281726,99.38561588281726,99.38561588281726,0
2026-07-05 11:45:00+00:00,99.38561588281726,99.38561588281726,99.38561588281726,0
2026-07-05 12:00:00+00:00,99.38561588281726,99.38561588281726,99.38561588281726,0
2026-07-05 12:15:00+00:00,99.38561588281726,99.38561588281726,99.38561588281726,0
2026-07-05 12:30:00+00:00,99.38561588281726,99.38561588281726,99.38561588281726,0
2026-07-05 12:45:00+00:00,99.38561588281726,99.38561588281726,99.38561588281726,0
2026-07-05 13:00:00+00:00,99.38561588281726,99.38561588281726,99.38561588281726,0
2026-07-05 13:15:00+00:00,99.38561588281726,99.38561588281726,99.38561588281726,0
2026-07-05 13:30:00+00:00,99.38561588281726,99.38561588281726,99.38561588281726,0
2026-07-05 13:45:00+00:00,99.38561588281726,99.38561588281726,99.38561588281726,0
2026-07-05 14:00:00+00:00,99.38561588281726,99.38561588281726,99.38561588281726,0
2026-07-05 14:15:00+00:00,99.38561588281726,99.38561588281726,99.38561588281726,0
2026-07-05 14:30:00+00:00,99.38561588281726,99.38561588281726,99.38561588281726,0
2026-07-05 14:45:00+00:00,99.38561588281726,99.38561588281726,99.38561588281726,0
2026-07-05 15:00:00+00:00,99.38561588281726,99.38561588281726,99.38561588281726,0
2026-07-05 15:15:00+00:00,99.38561588281726,99.38561588281726,99.38561588281726,0
2026-07-05 15:30:00+00:00,99.38561588281726,99.38561588281726,99.38561588281726,0
2026-07-05 15:45:00+00:00,99.38561588281726,99.38561588281726,99.38561588281726,0
2026-07-05 16:00:00+00:00,99.38561588281726,99.38561588281726,99.38561588281726,0
2026-07-05 16:15:00+00:00,99.38561588281726,99.38561588281726,99.38561588281726,0
2026-07-05 16:30:00+00:00,99.38561588281726,99.38561588281726,99.38561588281726,0
2026-07-05 16:45:00+00:00,99.38561588281726,99.38561588281726,99.38561588281726,0
2026-07-05 17:00:00+00:00,99.38561588281726,99.38561588281726,99.38561588281726,0
2026-07-05 17:15:00+00:00,99.38561588281726,99.38561588281726,99.38561588281726,0
2026-07-05 17:30:00+00:00,99.38561588281726,99.38561588281726,99.38561588281726,0
2026-07-05 17:45:00+00:00,99.38561588281726,99.38561588281726,99.38561588281726,0
2026-07-05 18:00:00+00:00,99.38561588281726,99.38561588281726,99.38561588281726,0
2026-07-05 18:15:00+00:00,99.38561588281726,99.38561588281726,99.38561588281726,0
2026-07-05 18:30:00+00:00,99.38561588281726,99.38561588281726,99.38561588281726,0
2026-07-05 18:45:00+00:00,99.38561588281726,99.38561588281726,99.38561588281726,0
2026-07-05 19:00:00+00:00,99.38561588281726,99.38561588281726,99.38561588281726,0
2026-07-05 19:15:00+00:00,99.38561588281726,99.38561588281726,99.38561588281726,0
2026-07-05 19:30:00+00:00,99.38561588281726,99.38561588281726,99.38561588281726,0
2026-07-05 19:45:00+00:00,99.38561588281726,99.38561588281726,99.38561588281726,0
2026-07-05 20:00:00+00:00,99.38561588281726,99.38561588281726,99.38561588281726,0
2026-07-05 20:15:00+00:00,99.38561588281726,99.38561588281726,99.38561588281726,0
2026-07-05 20:30:00+00:00,99.38561588281726,99.38561588281726,99.38561588281726,0
2026-07-05 20:45:00+00:00,99.38561588281726,99.38561588281726,99.38561588281726,0
2026-07-05 21:00:00+00:00,99.38561588281726,99.38561588281726,99.38561588281726,0
2026-07-05 21:15:00+00:00,99.38561588281726,99.38561588281726,99.38561588281726,0
2026-07-05 21:30:00+00:00,99.38561588281726,99.38561588281726,99.38561588281726,0
2026-07-05 21:45:00+00:00,99.38561588281726,99.38561588281726,99.38561588281726,0
2026-07-05 22:00:00+00:00,99.38561588281726,99.38561588281726,99.38561588281726,0
2026-07-05 22:15:00+00:00,99.38561588281726,99.38561588281726,99.38561588281726,0
2026-07-05 22:30:00+00:00,99.38561588281726,99.38561588281726,99.38561588281726,0
2026-07-05 22:45:00+00:00,99.38561588281726,99.38561588281726,99.38561588281726,0
2026-07-05 23:00:00+00:00,99.38561588281726,99.38561588281726,99.38561588281726,0
2026-07-05 23:15:00+00:00,99.38561588281726,99.38561588281726,99.38561588281726,0
2026-07-05 23:30:00+00:00,99.38561588281726,99.38561588281726,99.38561588281726,0
2026-07-05 23:45:00+00:00,99.38561588281726,99.38561588281726,99.38561588281726,0
2026-07-06 00:00:00+00:00,99.38561588281726,99.38561588281726,99.38561588281726,0
2026-07-06 00:15:00+00:00,99.38561588281726,99.38561588281726,99.38561588281726,0
2026-07-06 00:30:00+00:00,99.38561588281726,99.38561588281726,99.38561588281726,0
2026-07-06 00:45:00+00:00,99.38561588281726,99.38561588281726,99.38561588281726,0
2026-07-06 01:00:00+00:00,99.38561588281726,99.38561588281726,99.38561588281726,0
2026-07-06 01:15:00+00:00,99.38561588281726,99.38561588281726,99.38561588281726,0
2026-07-06 01:30:00+00:00,99.38561588281726,99.38561588281726,99.38561588281726,0
2026-07-06 01:45:00+00:00,99.38561588281726,99.38561588281726,99.38561588281726,0
2026-07-06 02:00:00+00:00,99.38561588281726,99.38561588281726,99.38561588281726,0
2026-07-06 02:15:00+00:00,99.38561588281726,99.38561588281726,99.38561588281726,0
2026-07-06 02:30:00+00:00,99.38561588281726,99.38561588281726,99.38561588281726,0
2026-07-06 02:45:00+00:00,99.38561588281726,99.38561588281726,99.38561588281726,0
2026-07-06 03:00:00+00:00,99.38561588281726,99.38561588281726,99.38561588281726,0
2026-07-06 03:15:00+00:00,99.38561588281726,99.38561588281726,99.38561588281726,0
2026-07-06 03:30:00+00:00,99.38561588281726,99.38561588281726,99.38561588281726,0
2026-07-06 03:45:00+00:00,99.38561588281726,99.38561588281726,99.38561588281726,0
2026-07-06 04:00:00+00:00,99.38561588281726,99.38561588281726,99.38561588281726,0
2026-07-06 04:15:00+00:00,99.38561588281726,99.38561588281726,99.38561588281726,0
2026-07-06 04:30:00+00:00,99.38561588281726,99.38561588281726,99.38561588281726,0
2026-07-06 04:45:00+00:00,99.38561588281726,99.38561588281726,99.38561588281726,0
2026-07-06 05:00:00+00:00,99.38561588281726,99.38561588281726,99.38561588281726,0
2026-07-06 05:15:00+00:00,99.38561588281726,99.38561588281726,99.38561588281726,0
2026-07-06 05:30:00+00:00,99.38561588281726,99.38561588281726,99.38561588281726,0
2026-07-06 05:45:00+00:00,99.38561588281726,99.38561588281726,99.38561588281726,0
2026-07-06 06:00:00+00:00,99.38561588281726,99.38561588281726,99.38561588281726,0
2026-07-06 06:15:00+00:00,99.38561588281726,99.38561588281726,99.38561588281726,0
2026-07-06 06:30:00+00:00,99.38561588281726,99.38561588281726,99.38561588281726,0
2026-07-06 06:45:00+00:00,99.38561588281726,99.38561588281726,99.38561588281726,0
2026-07-06 07:00:00+00:00,99.38561588281726,99.38561588281726,99.38561588281726,0
2026-07-06 07:15:00+00:00,99.38561588281726,99.38561588281726,99.38561588281726,0
2026-07-06 07:30:00+00:00,99.38561588281726,99.38561588281726,99.38561588281726,0
2026-07-06 07:45:00+00:00,99.38561588281726,99.38561588281726,99.38561588281726,0
2026-07-06 08:00:00+00:00,99.38561588281726,99.38561588281726,99.38561588281726,0
2026-07-06 08:15:00+00:00,99.38561588281726,99.38561588281726,99.38561588281726,0
2026-07-06 08:30:00+00:00,99.38561588281726,99.38561588281726,99.38561588281726,0
2026-07-06 08:45:00+00:00,99.38561588281726,99.38561588281726,99.38561588281726,0
2026-07-06 09:00:00+00:00,99.38561588281726,99.38561588281726,99.38561588281726,0
2026-07-06 09:15:00+00:00,99.38561588281726,99.38561588281726,99.38561588281726,0
2026-07-06 09:30:00+00:00,99.38561588281726,99.38561588281726,99.38561588281726,0
2026-07-06 09:45:00+00:00,99.38561588281726,99.38561588281726,99.38561588281726,0
2026-07-06 10:00:00+00:00,99.38561588281726,99.38561588281726,99.38561588281726,0
2026-07-06 10:15:00+00:00,99.38561588281726,99.38561588281726,99.38561588281726,0
2026-07-06 10:30:00+00:00,99.38561588281726,99.38561588281726,99.38561588281726,0
2026-07-06 10:45:00+00:00,99.38561588281726,99.38561588281726,99.38561588281726,0
2026-07-06 11:00:00+00:00,99.38561588281726,99.38561588281726,99.38561588281726,0
2026-07-06 11:15:00+00:00,99.38561588281726,99.38561588281726,99.38561588281726,0
2026-07-06 11:30:00+00:00,99.38561588281726,99.38561588281726,99.38561588281726,0
2026-07-06 11:45:00+00:00,99.38561588281726,99.38561588281726,99.38561588281726,0
2026-07-06 12:00:00+00:00,99.38561588281726,99.38561588281726,99.38561588281726,0
2026-07-06 12:15:00+00:00,99.38561588281726,99.38561588281726,99.38561588281726,0
2026-07-06 12:30:00+00:00,99.38561588281726,99.38561588281726,99.38561588281726,0
2026-07-06 12:45:00+00:00,99.38561588281726,99.38561588281726,99.38561588281726,0
2026-07-06 13:00:00+00:00,99.32544927153852,99.15914149931145,99.3770888614062,1
2026-07-06 13:15:00+00:00,99.24434856779814,99.14374263151264,99.3770888614062,1
2026-07-06 13:30:00+00:00,99.26488039152989,99.18583287016268,99.3770888614062,1
2026-07-06 13:45:00+00:00,99.44248066680942,99.2638538003433,99.3770888614062,1
2026-07-06 14:00:00+00:00,99.4641618572964,99.41077911559388,99.48397712037988,1
2026-07-06 14:15:00+00:00,99.4641618572964,99.33173159422668,99.48397712037988,1
2026-07-06 14:30:00+00:00,99.2916945379498,99.2198331548887,99.48397712037988,1
2026-07-06 14:45:00+00:00,99.23831179624727,99.22291292844848,99.48397712037988,1
2026-07-06 15:00:00+00:00,99.19314178403744,99.11409426267024,99.48397712037988,1
2026-07-06 15:15:00+00:00,99.04736583554212,98.97858422604078,99.48397712037988,1
2026-07-06 15:30:00+00:00,98.74783591728266,98.74783591728266,98.74783591728266,0
2026-07-06 15:45:00+00:00,98.74783591728266,98.74783591728266,98.74783591728266,0
2026-07-06 16:00:00+00:00,98.74783591728266,98.74783591728266,98.74783591728266,0
2026-07-06 16:15:00+00:00,98.74783591728266,98.74783591728266,98.74783591728266,0
2026-07-06 16:30:00+00:00,98.74783591728266,98.74783591728266,98.74783591728266,0
2026-07-06 16:45:00+00:00,98.817238915878,98.5326645653525,98.72760375785428,2
2026-07-06 17:00:00+00:00,98.6033064068489,98.38233299841652,98.72760375785428,2
2026-07-06 17:15:00+00:00,98.55402424591222,98.27292201826896,98.72760375785428,2
2026-07-06 17:30:00+00:00,98.51208474706178,98.38649039737211,98.72760375785428,2
2026-07-06 17:45:00+00:00,98.36062271149368,98.29565121725383,98.72760375785428,2
2026-07-06 18:00:00+00:00,98.51950709241233,98.33899210783518,98.72760375785428,2
2026-07-06 18:15:00+00:00,98.43476854917806,98.32884562856565,98.72760375785428,2
2026-07-06 18:30:00+00:00,98.4565266460595,98.25197565696226,98.72760375785428,2
2026-07-06 18:45:00+00:00,98.54599630775266,98.31928880545225,98.72760375785428,2
2026-07-06 19:00:00+00:00,98.43822576912902,98.30235744694689,98.72760375785428,2
2026-07-06 19:15:00+00:00,98.43496082273408,98.2910964356981,98.72760375785428,2
2026-07-06 19:30:00+00:00,98.50993536636764,98.32277789870892,98.72760375785428,2
2026-07-06 19:45:00+00:00,98.09686722905197,98.01642951464912,98.72760375785428,2
2026-07-06 20:00:00+00:00,97.90644437968638,97.79800450164228,98.72561227465536,2
2026-07-06 20:15:00+00:00,97.76721135677566,97.6728934837244,97.99521029720162,1
2026-07-06 20:30:00+00:00,97.4946460064622,97.38601488858366,97.99521029720162,1
2026-07-06 20:45:00+00:00,97.60722734680908,97.4689695604182,97.99521029720162,1
2026-07-06 21:00:00+00:00,97.93904603414718,97.5617997884235,97.99521029720162,1
2026-07-06 21:15:00+00:00,97.9647224801912,97.7514104669024,97.99521029720162,1
2026-07-06 21:30:00+00:00,97.74746024443412,97.64672957149216,97.99521029720162,1
2026-07-06 21:45:00+00:00,97.96867270265952,97.65660512766296,97.99521029720162,1
2026-07-06 22:00:00+00:00,98.04570204079158,97.87979269712253,97.99521029720162,1
2026-07-06 22:15:00+00:00,98.17210915977752,98.02990115091832,97.99521029720162,1
2026-07-06 22:30:00+00:00,98.22741227433389,98.13853226879688,97.99521029720162,1
2026-07-06 22:45:00+00:00,98.13466843720018,98.09112959917717,98.13466843720018,0
2026-07-06 23:00:00+00:00,98.13466843720018,98.13466843720018,98.13466843720018,0
2026-07-06 23:15:00+00:00,98.13466843720018,98.13466843720018,98.13466843720018,0
2026-07-06 23:30:00+00:00,98.13466843720018,98.13466843720018,98.13466843720018,0
2026-07-06 23:45:00+00:00,98.13466843720018,98.13466843720018,98.13466843720018,0
2026-07-07 00:00:00+00:00,98.13466843720018,98.13466843720018,98.13466843720018,0
2026-07-07 00:15:00+00:00,98.13466843720018,98.13466843720018,98.13466843720018,0
2026-07-07 00:30:00+00:00,98.13466843720018,98.13466843720018,98.13466843720018,0
2026-07-07 00:45:00+00:00,98.13466843720018,98.13466843720018,98.13466843720018,0
2026-07-07 01:00:00+00:00,98.13466843720018,98.13466843720018,98.13466843720018,0
2026-07-07 01:15:00+00:00,98.13466843720018,98.13466843720018,98.13466843720018,0
2026-07-07 01:30:00+00:00,98.13466843720018,98.13466843720018,98.13466843720018,0
2026-07-07 01:45:00+00:00,98.13466843720018,98.13466843720018,98.13466843720018,0
2026-07-07 02:00:00+00:00,98.13466843720018,98.13466843720018,98.13466843720018,0
2026-07-07 02:15:00+00:00,98.13466843720018,98.13466843720018,98.13466843720018,0
2026-07-07 02:30:00+00:00,98.13466843720018,98.13466843720018,98.13466843720018,0
2026-07-07 02:45:00+00:00,98.13466843720018,98.13466843720018,98.13466843720018,0
2026-07-07 03:00:00+00:00,98.13466843720018,98.13466843720018,98.13466843720018,0
2026-07-07 03:15:00+00:00,98.13466843720018,98.13466843720018,98.13466843720018,0
2026-07-07 03:30:00+00:00,98.13466843720018,98.13466843720018,98.13466843720018,0
2026-07-07 03:45:00+00:00,98.13466843720018,98.13466843720018,98.13466843720018,0
2026-07-07 04:00:00+00:00,98.13466843720018,98.13466843720018,98.13466843720018,0
2026-07-07 04:15:00+00:00,98.13466843720018,98.13466843720018,98.13466843720018,0
2026-07-07 04:30:00+00:00,98.13466843720018,98.13466843720018,98.13466843720018,0
2026-07-07 04:45:00+00:00,98.13466843720018,98.13466843720018,98.13466843720018,0
2026-07-07 05:00:00+00:00,98.13466843720018,98.13466843720018,98.13466843720018,0
2026-07-07 05:15:00+00:00,98.13466843720018,98.13466843720018,98.13466843720018,0
2026-07-07 05:30:00+00:00,98.13466843720018,98.13466843720018,98.13466843720018,0
2026-07-07 05:45:00+00:00,98.13466843720018,98.13466843720018,98.13466843720018,0
2026-07-07 06:00:00+00:00,98.13466843720018,98.13466843720018,98.13466843720018,0
2026-07-07 06:15:00+00:00,98.13466843720018,98.13466843720018,98.13466843720018,0
2026-07-07 06:30:00+00:00,98.13466843720018,98.13466843720018,98.13466843720018,0
2026-07-07 06:45:00+00:00,98.13466843720018,98.13466843720018,98.13466843720018,0
2026-07-07 07:00:00+00:00,98.13466843720018,98.13466843720018,98.13466843720018,0
2026-07-07 07:15:00+00:00,98.13466843720018,98.13466843720018,98.13466843720018,0
2026-07-07 07:30:00+00:00,98.13466843720018,98.13466843720018,98.13466843720018,0
2026-07-07 07:45:00+00:00,98.13466843720018,98.13466843720018,98.13466843720018,0
2026-07-07 08:00:00+00:00,98.13466843720018,98.13466843720018,98.13466843720018,0
2026-07-07 08:15:00+00:00,98.13466843720018,98.13466843720018,98.13466843720018,0
2026-07-07 08:30:00+00:00,98.13466843720018,98.13466843720018,98.13466843720018,0
2026-07-07 08:45:00+00:00,98.13466843720018,98.13466843720018,98.13466843720018,0
2026-07-07 09:00:00+00:00,98.13466843720018,98.13466843720018,98.13466843720018,0
2026-07-07 09:15:00+00:00,98.13466843720018,98.13466843720018,98.13466843720018,0
2026-07-07 09:30:00+00:00,98.13466843720018,98.13466843720018,98.13466843720018,0
2026-07-07 09:45:00+00:00,98.13466843720018,98.13466843720018,98.13466843720018,0
2026-07-07 10:00:00+00:00,98.13466843720018,98.13466843720018,98.13466843720018,0
2026-07-07 10:15:00+00:00,98.13466843720018,98.13466843720018,98.13466843720018,0
2026-07-07 10:30:00+00:00,98.13466843720018,98.13466843720018,98.13466843720018,0
2026-07-07 10:45:00+00:00,98.13466843720018,98.13466843720018,98.13466843720018,0
2026-07-07 11:00:00+00:00,98.13466843720018,98.13466843720018,98.13466843720018,0
2026-07-07 11:15:00+00:00,98.13466843720018,98.13466843720018,98.13466843720018,0
2026-07-07 11:30:00+00:00,98.13466843720018,98.13466843720018,98.13466843720018,0
2026-07-07 11:45:00+00:00,98.13466843720018,98.13466843720018,98.13466843720018,0
2026-07-07 12:00:00+00:00,98.13466843720018,98.13466843720018,98.13466843720018,0
2026-07-07 12:15:00+00:00,98.13466843720018,98.13466843720018,98.13466843720018,0
2026-07-07 12:30:00+00:00,98.13466843720018,98.13466843720018,98.13466843720018,0
2026-07-07 12:45:00+00:00,98.13466843720018,98.13466843720018,98.13466843720018,0
2026-07-07 13:00:00+00:00,98.13466843720018,98.13466843720018,98.13466843720018,0
2026-07-07 13:15:00+00:00,98.13466843720018,98.13466843720018,98.13466843720018,0
2026-07-07 13:30:00+00:00,98.13466843720018,98.13466843720018,98.13466843720018,0
2026-07-07 13:45:00+00:00,98.13466843720018,98.13466843720018,98.13466843720018,0
2026-07-07 14:00:00+00:00,98.13466843720018,98.13466843720018,98.13466843720018,0
2026-07-07 14:15:00+00:00,98.13466843720018,98.13466843720018,98.13466843720018,0
2026-07-07 14:30:00+00:00,98.13466843720018,98.13466843720018,98.13466843720018,0
2026-07-07 14:45:00+00:00,98.13466843720018,98.13466843720018,98.13466843720018,0
2026-07-07 15:00:00+00:00,98.13466843720018,98.13466843720018,98.13466843720018,0
2026-07-07 15:15:00+00:00,98.13466843720018,98.13466843720018,98.13466843720018,0
2026-07-07 15:30:00+00:00,98.13466843720018,98.13466843720018,98.13466843720018,0
2026-07-07 15:45:00+00:00,98.13466843720018,98.13466843720018,98.13466843720018,0
2026-07-07 16:00:00+00:00,98.13466843720018,98.13466843720018,98.13466843720018,0
2026-07-07 16:15:00+00:00,98.13466843720018,98.13466843720018,98.13466843720018,0
2026-07-07 16:30:00+00:00,98.13466843720018,98.13466843720018,98.13466843720018,0
2026-07-07 16:45:00+00:00,98.13466843720018,98.13466843720018,98.13466843720018,0
2026-07-07 17:00:00+00:00,98.13466843720018,98.13466843720018,98.13466843720018,0
2026-07-07 17:15:00+00:00,98.13466843720018,98.13466843720018,98.13466843720018,0
2026-07-07 17:30:00+00:00,98.13466843720018,98.13466843720018,98.13466843720018,0
2026-07-07 17:45:00+00:00,98.13466843720018,98.13466843720018,98.13466843720018,0
2026-07-07 18:00:00+00:00,98.13466843720018,98.13466843720018,98.13466843720018,0
2026-07-07 18:15:00+00:00,98.13466843720018,98.13466843720018,98.13466843720018,0
2026-07-07 18:30:00+00:00,98.13466843720018,98.13466843720018,98.13466843720018,0
2026-07-07 18:45:00+00:00,98.13466843720018,98.13466843720018,98.13466843720018,0
2026-07-07 19:00:00+00:00,98.13466843720018,98.13466843720018,98.13466843720018,0
2026-07-07 19:15:00+00:00,98.13466843720018,98.13466843720018,98.13466843720018,0
2026-07-07 19:30:00+00:00,98.13466843720018,98.13466843720018,98.13466843720018,0
2026-07-07 19:45:00+00:00,98.13466843720018,98.13466843720018,98.13466843720018,0
2026-07-07 20:00:00+00:00,98.13466843720018,98.13466843720018,98.13466843720018,0
2026-07-07 20:15:00+00:00,98.13466843720018,98.13466843720018,98.13466843720018,0
2026-07-07 20:30:00+00:00,98.13466843720018,98.13466843720018,98.13466843720018,0
2026-07-07 20:45:00+00:00,98.13466843720018,98.13466843720018,98.13466843720018,0
2026-07-07 21:00:00+00:00,98.13466843720018,98.13466843720018,98.13466843720018,0
2026-07-07 21:15:00+00:00,98.13466843720018,98.13466843720018,98.13466843720018,0
2026-07-07 21:30:00+00:00,98.13466843720018,98.13466843720018,98.13466843720018,0
2026-07-07 21:45:00+00:00,98.13466843720018,98.13466843720018,98.13466843720018,0
2026-07-07 22:00:00+00:00,98.13466843720018,98.13466843720018,98.13466843720018,0
2026-07-07 22:15:00+00:00,98.13466843720018,98.13466843720018,98.13466843720018,0
2026-07-07 22:30:00+00:00,98.13466843720018,98.13466843720018,98.13466843720018,0
2026-07-07 22:45:00+00:00,98.13466843720018,98.13466843720018,98.13466843720018,0
2026-07-07 23:00:00+00:00,98.13466843720018,98.13466843720018,98.13466843720018,0
2026-07-07 23:15:00+00:00,98.13466843720018,98.13466843720018,98.13466843720018,0
2026-07-07 23:30:00+00:00,98.13466843720018,98.13466843720018,98.13466843720018,0
2026-07-07 23:45:00+00:00,98.13466843720018,98.13466843720018,98.13466843720018,0
2026-07-08 00:00:00+00:00,98.13466843720018,98.13466843720018,98.13466843720018,0
2026-07-08 00:15:00+00:00,98.13466843720018,98.13466843720018,98.13466843720018,0
2026-07-08 00:30:00+00:00,98.13466843720018,98.13466843720018,98.13466843720018,0
2026-07-08 00:45:00+00:00,98.13466843720018,98.13466843720018,98.13466843720018,0
2026-07-08 01:00:00+00:00,98.13466843720018,98.13466843720018,98.13466843720018,0
2026-07-08 01:15:00+00:00,98.13466843720018,98.13466843720018,98.13466843720018,0
2026-07-08 01:30:00+00:00,98.13466843720018,98.13466843720018,98.13466843720018,0
2026-07-08 01:45:00+00:00,98.13466843720018,98.13466843720018,98.13466843720018,0
2026-07-08 02:00:00+00:00,98.13466843720018,98.13466843720018,98.13466843720018,0
2026-07-08 02:15:00+00:00,98.13466843720018,98.13466843720018,98.13466843720018,0
2026-07-08 02:30:00+00:00,98.13466843720018,98.13466843720018,98.13466843720018,0
2026-07-08 02:45:00+00:00,98.13466843720018,98.13466843720018,98.13466843720018,0
2026-07-08 03:00:00+00:00,98.13466843720018,98.13466843720018,98.13466843720018,0
2026-07-08 03:15:00+00:00,98.13466843720018,98.13466843720018,98.13466843720018,0
2026-07-08 03:30:00+00:00,98.13466843720018,98.13466843720018,98.13466843720018,0
2026-07-08 03:45:00+00:00,98.13466843720018,98.13466843720018,98.13466843720018,0
2026-07-08 04:00:00+00:00,98.13466843720018,98.13466843720018,98.13466843720018,0
2026-07-08 04:15:00+00:00,98.13466843720018,98.13466843720018,98.13466843720018,0
2026-07-08 04:30:00+00:00,98.13466843720018,98.13466843720018,98.13466843720018,0
2026-07-08 04:45:00+00:00,98.13466843720018,98.13466843720018,98.13466843720018,0
2026-07-08 05:00:00+00:00,98.13466843720018,98.13466843720018,98.13466843720018,0
2026-07-08 05:15:00+00:00,98.13466843720018,98.13466843720018,98.13466843720018,0
2026-07-08 05:30:00+00:00,98.13466843720018,98.13466843720018,98.13466843720018,0
2026-07-08 05:45:00+00:00,98.13466843720018,98.13466843720018,98.13466843720018,0
2026-07-08 06:00:00+00:00,98.13466843720018,98.13466843720018,98.13466843720018,0
2026-07-08 06:15:00+00:00,98.13466843720018,98.13466843720018,98.13466843720018,0
2026-07-08 06:30:00+00:00,98.13466843720018,98.13466843720018,98.13466843720018,0
2026-07-08 06:45:00+00:00,98.13466843720018,98.13466843720018,98.13466843720018,0
2026-07-08 07:00:00+00:00,98.13466843720018,98.13466843720018,98.13466843720018,0
2026-07-08 07:15:00+00:00,98.13466843720018,98.13466843720018,98.13466843720018,0
2026-07-08 07:30:00+00:00,98.13466843720018,98.13466843720018,98.13466843720018,0
2026-07-08 07:45:00+00:00,98.13466843720018,98.13466843720018,98.13466843720018,0
2026-07-08 08:00:00+00:00,98.13466843720018,98.13466843720018,98.13466843720018,0
2026-07-08 08:15:00+00:00,98.13466843720018,98.13466843720018,98.13466843720018,0
2026-07-08 08:30:00+00:00,98.13466843720018,98.13466843720018,98.13466843720018,0
2026-07-08 08:45:00+00:00,98.13466843720018,98.13466843720018,98.13466843720018,0
2026-07-08 09:00:00+00:00,98.13466843720018,98.13466843720018,98.13466843720018,0
2026-07-08 09:15:00+00:00,98.13466843720018,98.13466843720018,98.13466843720018,0
2026-07-08 09:30:00+00:00,98.13466843720018,98.13466843720018,98.13466843720018,0
2026-07-08 09:45:00+00:00,98.13466843720018,98.13466843720018,98.13466843720018,0
2026-07-08 10:00:00+00:00,98.13466843720018,98.13466843720018,98.13466843720018,0
2026-07-08 10:15:00+00:00,98.13466843720018,98.13466843720018,98.13466843720018,0
2026-07-08 10:30:00+00:00,98.13466843720018,98.13466843720018,98.13466843720018,0
2026-07-08 10:45:00+00:00,98.13466843720018,98.13466843720018,98.13466843720018,0
2026-07-08 11:00:00+00:00,98.13466843720018,98.13466843720018,98.13466843720018,0
2026-07-08 11:15:00+00:00,98.13466843720018,98.13466843720018,98.13466843720018,0
2026-07-08 11:30:00+00:00,98.13466843720018,98.13466843720018,98.13466843720018,0
2026-07-08 11:45:00+00:00,98.13466843720018,98.13466843720018,98.13466843720018,0
2026-07-08 12:00:00+00:00,98.13466843720018,98.13466843720018,98.13466843720018,0
2026-07-08 12:15:00+00:00,98.13466843720018,98.13466843720018,98.13466843720018,0
2026-07-08 12:30:00+00:00,98.13466843720018,98.13466843720018,98.13466843720018,0
2026-07-08 12:45:00+00:00,98.13466843720018,98.13466843720018,98.13466843720018,0
2026-07-08 13:00:00+00:00,98.13466843720018,98.13466843720018,98.13466843720018,0
2026-07-08 13:15:00+00:00,98.13466843720018,98.13466843720018,98.13466843720018,0
2026-07-08 13:30:00+00:00,98.13466843720018,98.13466843720018,98.13466843720018,0
2026-07-08 13:45:00+00:00,98.13466843720018,98.13466843720018,98.13466843720018,0
2026-07-08 14:00:00+00:00,98.13466843720018,98.13466843720018,98.13466843720018,0
2026-07-08 14:15:00+00:00,98.13466843720018,98.13466843720018,98.13466843720018,0
2026-07-08 14:30:00+00:00,98.13466843720018,98.13466843720018,98.13466843720018,0
2026-07-08 14:45:00+00:00,98.13466843720018,98.13466843720018,98.13466843720018,0
2026-07-08 15:00:00+00:00,98.13466843720018,98.13466843720018,98.13466843720018,0
2026-07-08 15:15:00+00:00,98.13466843720018,98.13466843720018,98.13466843720018,0
2026-07-08 15:30:00+00:00,98.13466843720018,98.13466843720018,98.13466843720018,0
2026-07-08 15:45:00+00:00,98.13466843720018,98.13466843720018,98.13466843720018,0
2026-07-08 16:00:00+00:00,98.13466843720018,98.13466843720018,98.13466843720018,0
2026-07-08 16:15:00+00:00,98.13466843720018,98.13466843720018,98.13466843720018,0
2026-07-08 16:30:00+00:00,98.13466843720018,98.13466843720018,98.13466843720018,0
2026-07-08 16:45:00+00:00,98.13466843720018,98.13466843720018,98.13466843720018,0
2026-07-08 17:00:00+00:00,98.13466843720018,98.13466843720018,98.13466843720018,0
2026-07-08 17:15:00+00:00,98.13466843720018,98.13466843720018,98.13466843720018,0
2026-07-08 17:30:00+00:00,98.13466843720018,98.13466843720018,98.13466843720018,0
2026-07-08 17:45:00+00:00,98.13466843720018,98.13466843720018,98.13466843720018,0
2026-07-08 18:00:00+00:00,98.13466843720018,98.13466843720018,98.13466843720018,0
2026-07-08 18:15:00+00:00,98.13466843720018,98.13466843720018,98.13466843720018,0
2026-07-08 18:30:00+00:00,98.13466843720018,98.13466843720018,98.13466843720018,0
2026-07-08 18:45:00+00:00,98.13466843720018,98.13466843720018,98.13466843720018,0
2026-07-08 19:00:00+00:00,98.13466843720018,98.13466843720018,98.13466843720018,0
2026-07-08 19:15:00+00:00,98.13466843720018,98.13466843720018,98.13466843720018,0
2026-07-08 19:30:00+00:00,98.13466843720018,98.13466843720018,98.13466843720018,0
2026-07-08 19:45:00+00:00,98.13466843720018,98.13466843720018,98.13466843720018,0
2026-07-08 20:00:00+00:00,98.13466843720018,98.13466843720018,98.13466843720018,0
2026-07-08 20:15:00+00:00,98.13466843720018,98.13466843720018,98.13466843720018,0
2026-07-08 20:30:00+00:00,98.13466843720018,98.13466843720018,98.13466843720018,0
2026-07-08 20:45:00+00:00,98.13466843720018,98.13466843720018,98.13466843720018,0
2026-07-08 21:00:00+00:00,98.13466843720018,98.13466843720018,98.13466843720018,0
2026-07-08 21:15:00+00:00,98.13466843720018,98.13466843720018,98.13466843720018,0
2026-07-08 21:30:00+00:00,98.13466843720018,98.13466843720018,98.13466843720018,0
2026-07-08 21:45:00+00:00,98.13466843720018,98.13466843720018,98.13466843720018,0
2026-07-08 22:00:00+00:00,98.13466843720018,98.13466843720018,98.13466843720018,0
2026-07-08 22:15:00+00:00,98.13466843720018,98.13466843720018,98.13466843720018,0
2026-07-08 22:30:00+00:00,98.13466843720018,98.13466843720018,98.13466843720018,0
2026-07-08 22:45:00+00:00,98.13466843720018,98.13466843720018,98.13466843720018,0
2026-07-08 23:00:00+00:00,98.13466843720018,98.13466843720018,98.13466843720018,0
2026-07-08 23:15:00+00:00,98.13466843720018,98.13466843720018,98.13466843720018,0
2026-07-08 23:30:00+00:00,98.13466843720018,98.13466843720018,98.13466843720018,0
2026-07-08 23:45:00+00:00,98.13466843720018,98.13466843720018,98.13466843720018,0
2026-07-09 00:00:00+00:00,98.13466843720018,98.13466843720018,98.13466843720018,0
2026-07-09 00:15:00+00:00,98.13466843720018,98.13466843720018,98.13466843720018,0
2026-07-09 00:30:00+00:00,98.13466843720018,98.13466843720018,98.13466843720018,0
2026-07-09 00:45:00+00:00,98.13466843720018,98.13466843720018,98.13466843720018,0
2026-07-09 01:00:00+00:00,98.13466843720018,98.13466843720018,98.13466843720018,0
2026-07-09 01:15:00+00:00,98.13466843720018,98.13466843720018,98.13466843720018,0
2026-07-09 01:30:00+00:00,98.13466843720018,98.13466843720018,98.13466843720018,0
2026-07-09 01:45:00+00:00,98.13466843720018,98.13466843720018,98.13466843720018,0
2026-07-09 02:00:00+00:00,98.13466843720018,98.13466843720018,98.13466843720018,0
2026-07-09 02:15:00+00:00,98.13466843720018,98.13466843720018,98.13466843720018,0
2026-07-09 02:30:00+00:00,98.13466843720018,98.13466843720018,98.13466843720018,0
2026-07-09 02:45:00+00:00,98.13466843720018,98.13466843720018,98.13466843720018,0
2026-07-09 03:00:00+00:00,98.13466843720018,98.13466843720018,98.13466843720018,0
2026-07-09 03:15:00+00:00,98.13466843720018,98.13466843720018,98.13466843720018,0
2026-07-09 03:30:00+00:00,98.13466843720018,98.13466843720018,98.13466843720018,0
2026-07-09 03:45:00+00:00,98.13466843720018,98.13466843720018,98.13466843720018,0
2026-07-09 04:00:00+00:00,98.13466843720018,98.13466843720018,98.13466843720018,0
2026-07-09 04:15:00+00:00,98.13466843720018,98.13466843720018,98.13466843720018,0
2026-07-09 04:30:00+00:00,98.13466843720018,98.13466843720018,98.13466843720018,0
2026-07-09 04:45:00+00:00,98.13466843720018,98.13466843720018,98.13466843720018,0
2026-07-09 05:00:00+00:00,98.13466843720018,98.13466843720018,98.13466843720018,0
2026-07-09 05:15:00+00:00,98.13466843720018,98.13466843720018,98.13466843720018,0
2026-07-09 05:30:00+00:00,98.13466843720018,98.13466843720018,98.13466843720018,0
2026-07-09 05:45:00+00:00,98.13466843720018,98.13466843720018,98.13466843720018,0
2026-07-09 06:00:00+00:00,98.13466843720018,98.13466843720018,98.13466843720018,0
2026-07-09 06:15:00+00:00,98.13466843720018,98.13466843720018,98.13466843720018,0
2026-07-09 06:30:00+00:00,98.13466843720018,98.13466843720018,98.13466843720018,0
2026-07-09 06:45:00+00:00,98.13466843720018,98.13466843720018,98.13466843720018,0
2026-07-09 07:00:00+00:00,98.13466843720018,98.13466843720018,98.13466843720018,0
2026-07-09 07:15:00+00:00,98.13466843720018,98.13466843720018,98.13466843720018,0
2026-07-09 07:30:00+00:00,98.13466843720018,98.13466843720018,98.13466843720018,0
2026-07-09 07:45:00+00:00,98.13466843720018,98.13466843720018,98.13466843720018,0
2026-07-09 08:00:00+00:00,98.13466843720018,98.13466843720018,98.13466843720018,0
2026-07-09 08:15:00+00:00,98.13466843720018,98.13466843720018,98.13466843720018,0
2026-07-09 08:30:00+00:00,98.13466843720018,98.13466843720018,98.13466843720018,0
2026-07-09 08:45:00+00:00,98.13466843720018,98.13466843720018,98.13466843720018,0
2026-07-09 09:00:00+00:00,98.13466843720018,98.13466843720018,98.13466843720018,0
2026-07-09 09:15:00+00:00,98.13466843720018,98.13466843720018,98.13466843720018,0
2026-07-09 09:30:00+00:00,98.13466843720018,98.13466843720018,98.13466843720018,0
2026-07-09 09:45:00+00:00,98.13466843720018,98.13466843720018,98.13466843720018,0
2026-07-09 10:00:00+00:00,98.13466843720018,98.13466843720018,98.13466843720018,0
2026-07-09 10:15:00+00:00,98.13466843720018,98.13466843720018,98.13466843720018,0
2026-07-09 10:30:00+00:00,98.13466843720018,98.13466843720018,98.13466843720018,0
2026-07-09 10:45:00+00:00,98.13466843720018,98.13466843720018,98.13466843720018,0
2026-07-09 11:00:00+00:00,98.13466843720018,98.13466843720018,98.13466843720018,0
2026-07-09 11:15:00+00:00,98.13466843720018,98.13466843720018,98.13466843720018,0
2026-07-09 11:30:00+00:00,98.13466843720018,98.13466843720018,98.13466843720018,0
2026-07-09 11:45:00+00:00,98.13466843720018,98.13466843720018,98.13466843720018,0
2026-07-09 12:00:00+00:00,98.13466843720018,98.13466843720018,98.13466843720018,0
2026-07-09 12:15:00+00:00,98.13466843720018,98.13466843720018,98.13466843720018,0
2026-07-09 12:30:00+00:00,98.13466843720018,98.13466843720018,98.13466843720018,0
2026-07-09 12:45:00+00:00,98.13466843720018,98.13466843720018,98.13466843720018,0
2026-07-09 13:00:00+00:00,98.13466843720018,98.13466843720018,98.13466843720018,0
2026-07-09 13:15:00+00:00,98.13466843720018,98.13466843720018,98.13466843720018,0
2026-07-09 13:30:00+00:00,98.13466843720018,98.13466843720018,98.13466843720018,0
2026-07-09 13:45:00+00:00,98.13466843720018,98.13466843720018,98.13466843720018,0
2026-07-09 14:00:00+00:00,98.13466843720018,98.13466843720018,98.13466843720018,0
2026-07-09 14:15:00+00:00,98.13466843720018,98.13466843720018,98.13466843720018,0
2026-07-09 14:30:00+00:00,98.13466843720018,98.13466843720018,98.13466843720018,0
2026-07-09 14:45:00+00:00,98.13466843720018,98.13466843720018,98.13466843720018,0
2026-07-09 15:00:00+00:00,98.13466843720018,98.13466843720018,98.13466843720018,0
2026-07-09 15:15:00+00:00,98.13466843720018,98.13466843720018,98.13466843720018,0
2026-07-09 15:30:00+00:00,98.13466843720018,98.13466843720018,98.13466843720018,0
2026-07-09 15:45:00+00:00,98.13466843720018,98.13466843720018,98.13466843720018,0
2026-07-09 16:00:00+00:00,98.13466843720018,98.13466843720018,98.13466843720018,0
2026-07-09 16:15:00+00:00,98.13466843720018,98.13466843720018,98.13466843720018,0
2026-07-09 16:30:00+00:00,98.13466843720018,98.13466843720018,98.13466843720018,0
2026-07-09 16:45:00+00:00,98.13466843720018,98.13466843720018,98.13466843720018,0
2026-07-09 17:00:00+00:00,98.13466843720018,98.13466843720018,98.13466843720018,0
2026-07-09 17:15:00+00:00,98.13466843720018,98.13466843720018,98.13466843720018,0
2026-07-09 17:30:00+00:00,98.13466843720018,98.13466843720018,98.13466843720018,0
2026-07-09 17:45:00+00:00,98.13466843720018,98.13466843720018,98.13466843720018,0
2026-07-09 18:00:00+00:00,98.13466843720018,98.13466843720018,98.13466843720018,0
2026-07-09 18:15:00+00:00,98.13466843720018,98.13466843720018,98.13466843720018,0
2026-07-09 18:30:00+00:00,98.13466843720018,98.13466843720018,98.13466843720018,0
2026-07-09 18:45:00+00:00,98.13466843720018,98.13466843720018,98.13466843720018,0
2026-07-09 19:00:00+00:00,98.13466843720018,98.13466843720018,98.13466843720018,0
2026-07-09 19:15:00+00:00,98.13466843720018,98.13466843720018,98.13466843720018,0
2026-07-09 19:30:00+00:00,98.13466843720018,98.13466843720018,98.13466843720018,0
2026-07-09 19:45:00+00:00,98.13466843720018,98.13466843720018,98.13466843720018,0
2026-07-09 20:00:00+00:00,98.13466843720018,98.13466843720018,98.13466843720018,0
2026-07-09 20:15:00+00:00,98.13466843720018,98.13466843720018,98.13466843720018,0
2026-07-09 20:30:00+00:00,98.13466843720018,98.13466843720018,98.13466843720018,0
2026-07-09 20:45:00+00:00,98.13466843720018,98.13466843720018,98.13466843720018,0
2026-07-09 21:00:00+00:00,98.13466843720018,98.13466843720018,98.13466843720018,0
2026-07-09 21:15:00+00:00,98.13466843720018,98.13466843720018,98.13466843720018,0
2026-07-09 21:30:00+00:00,98.13466843720018,98.13466843720018,98.13466843720018,0
2026-07-09 21:45:00+00:00,98.13466843720018,98.13466843720018,98.13466843720018,0
2026-07-09 22:00:00+00:00,98.13466843720018,98.13466843720018,98.13466843720018,0
2026-07-09 22:15:00+00:00,98.13466843720018,98.13466843720018,98.13466843720018,0
2026-07-09 22:30:00+00:00,98.13466843720018,98.13466843720018,98.13466843720018,0
2026-07-09 22:45:00+00:00,98.13466843720018,98.13466843720018,98.13466843720018,0
2026-07-09 23:00:00+00:00,98.13466843720018,98.13466843720018,98.13466843720018,0
2026-07-09 23:15:00+00:00,98.13466843720018,98.13466843720018,98.13466843720018,0
2026-07-09 23:30:00+00:00,98.13466843720018,98.13466843720018,98.13466843720018,0
2026-07-09 23:45:00+00:00,98.13466843720018,98.13466843720018,98.13466843720018,0
2026-07-10 00:00:00+00:00,98.13466843720018,98.13466843720018,98.13466843720018,0
2026-07-10 00:15:00+00:00,98.13466843720018,98.13466843720018,98.13466843720018,0
2026-07-10 00:30:00+00:00,98.13466843720018,98.13466843720018,98.13466843720018,0
2026-07-10 00:45:00+00:00,98.13466843720018,98.13466843720018,98.13466843720018,0
2026-07-10 01:00:00+00:00,98.13466843720018,98.13466843720018,98.13466843720018,0
2026-07-10 01:15:00+00:00,98.13466843720018,98.13466843720018,98.13466843720018,0
2026-07-10 01:30:00+00:00,98.13466843720018,98.13466843720018,98.13466843720018,0
2026-07-10 01:45:00+00:00,98.13466843720018,98.13466843720018,98.13466843720018,0
2026-07-10 02:00:00+00:00,98.13466843720018,98.13466843720018,98.13466843720018,0
2026-07-10 02:15:00+00:00,98.13466843720018,98.13466843720018,98.13466843720018,0
2026-07-10 02:30:00+00:00,98.13466843720018,98.13466843720018,98.13466843720018,0
2026-07-10 02:45:00+00:00,98.13466843720018,98.13466843720018,98.13466843720018,0
2026-07-10 03:00:00+00:00,98.13466843720018,98.13466843720018,98.13466843720018,0
2026-07-10 03:15:00+00:00,98.13466843720018,98.13466843720018,98.13466843720018,0
2026-07-10 03:30:00+00:00,98.13466843720018,98.13466843720018,98.13466843720018,0
2026-07-10 03:45:00+00:00,98.13466843720018,98.13466843720018,98.13466843720018,0
2026-07-10 04:00:00+00:00,98.13466843720018,98.13466843720018,98.13466843720018,0
2026-07-10 04:15:00+00:00,98.13466843720018,98.13466843720018,98.13466843720018,0
2026-07-10 04:30:00+00:00,98.13466843720018,98.13466843720018,98.13466843720018,0
2026-07-10 04:45:00+00:00,98.13466843720018,98.13466843720018,98.13466843720018,0
2026-07-10 05:00:00+00:00,98.13466843720018,98.13466843720018,98.13466843720018,0
2026-07-10 05:15:00+00:00,98.13466843720018,98.13466843720018,98.13466843720018,0
2026-07-10 05:30:00+00:00,98.13466843720018,98.13466843720018,98.13466843720018,0
2026-07-10 05:45:00+00:00,98.13466843720018,98.13466843720018,98.13466843720018,0
2026-07-10 06:00:00+00:00,98.13466843720018,98.13466843720018,98.13466843720018,0
2026-07-10 06:15:00+00:00,98.13466843720018,98.13466843720018,98.13466843720018,0
2026-07-10 06:30:00+00:00,98.13466843720018,98.13466843720018,98.13466843720018,0
2026-07-10 06:45:00+00:00,97.9075449330102,97.80005280210524,98.1285972989841,1
2026-07-10 07:00:00+00:00,97.99307630598834,97.78849450845954,98.1285972989841,1
2026-07-10 07:15:00+00:00,97.98845298853006,97.93644066712444,98.1285972989841,1
2026-07-10 07:30:00+00:00,98.01388123455058,97.9641805718741,98.1285972989841,1
2026-07-10 07:45:00+00:00,97.78733867909496,97.74572882197046,98.1285972989841,1
2026-07-10 08:00:00+00:00,97.82951431469344,97.77172284646495,98.1280072480935,1
2026-07-10 08:15:00+00:00,97.65498408064344,97.48276550532258,98.1280072480935,1
2026-07-10 08:30:00+00:00,97.60759507669609,97.56714104893616,98.1280072480935,1
2026-07-10 08:45:00+00:00,97.62262085843548,97.5960367830504,98.1280072480935,1
2026-07-10 09:00:00+00:00,97.67232152111198,97.6110625647898,98.1280072480935,1
2026-07-10 09:15:00+00:00,97.78790445756891,97.66307488619542,98.1280072480935,1
2026-07-10 09:30:00+00:00,97.60643924733152,97.52437536244707,98.1280072480935,1
2026-07-10 09:45:00+00:00,97.39878902574917,97.39878902574917,97.39878902574917,0
2026-07-10 10:00:00+00:00,97.39878902574917,97.39878902574917,97.39878902574917,0
2026-07-10 10:15:00+00:00,97.39878902574917,97.39878902574917,97.39878902574917,0
2026-07-10 10:30:00+00:00,97.39878902574917,97.39878902574917,97.39878902574917,0
2026-07-10 10:45:00+00:00,97.39878902574917,97.39878902574917,97.39878902574917,0
2026-07-10 11:00:00+00:00,97.39878902574917,97.39878902574917,97.39878902574917,0
2026-07-10 11:15:00+00:00,97.39878902574917,97.39878902574917,97.39878902574917,0
2026-07-10 11:30:00+00:00,97.39878902574917,97.39878902574917,97.39878902574917,0
2026-07-10 11:45:00+00:00,97.39878902574917,97.39878902574917,97.39878902574917,0
2026-07-10 12:00:00+00:00,97.39878902574917,97.39878902574917,97.39878902574917,0
2026-07-10 12:15:00+00:00,97.39878902574917,97.39878902574917,97.39878902574917,0
2026-07-10 12:30:00+00:00,97.39878902574917,97.39878902574917,97.39878902574917,0
2026-07-10 12:45:00+00:00,97.39878902574917,97.39878902574917,97.39878902574917,0
2026-07-10 13:00:00+00:00,97.39878902574917,97.39878902574917,97.39878902574917,0
2026-07-10 13:15:00+00:00,97.39878902574917,97.39878902574917,97.39878902574917,0
2026-07-10 13:30:00+00:00,97.39878902574917,97.39878902574917,97.39878902574917,0
2026-07-10 13:45:00+00:00,97.39878902574917,97.39878902574917,97.39878902574917,0
2026-07-10 14:00:00+00:00,97.39878902574917,97.39878902574917,97.39878902574917,0
2026-07-10 14:15:00+00:00,97.39878902574917,97.39878902574917,97.39878902574917,0
2026-07-10 14:30:00+00:00,97.39878902574917,97.39878902574917,97.39878902574917,0
2026-07-10 14:45:00+00:00,97.39878902574917,97.39878902574917,97.39878902574917,0
2026-07-10 15:00:00+00:00,97.39878902574917,97.39878902574917,97.39878902574917,0
2026-07-10 15:15:00+00:00,97.39878902574917,97.39878902574917,97.39878902574917,0
2026-07-10 15:30:00+00:00,97.39878902574917,97.39878902574917,97.39878902574917,0
2026-07-10 15:45:00+00:00,97.39878902574917,97.39878902574917,97.39878902574917,0
2026-07-10 16:00:00+00:00,97.39878902574917,97.39878902574917,97.39878902574917,0
2026-07-10 16:15:00+00:00,97.39878902574917,97.39878902574917,97.39878902574917,0
2026-07-10 16:30:00+00:00,97.39878902574917,97.39878902574917,97.39878902574917,0
2026-07-10 16:45:00+00:00,97.39878902574917,97.39878902574917,97.39878902574917,0
2026-07-10 17:00:00+00:00,97.39878902574917,97.39878902574917,97.39878902574917,0
2026-07-10 17:15:00+00:00,97.39878902574917,97.39878902574917,97.39878902574917,0
2026-07-10 17:30:00+00:00,97.39878902574917,97.39878902574917,97.39878902574917,0
2026-07-10 17:45:00+00:00,97.39878902574917,97.39878902574917,97.39878902574917,0
2026-07-10 18:00:00+00:00,97.39878902574917,97.39878902574917,97.39878902574917,0
2026-07-10 18:15:00+00:00,97.39878902574917,97.39878902574917,97.39878902574917,0
2026-07-10 18:30:00+00:00,97.39878902574917,97.39878902574917,97.39878902574917,0
2026-07-10 18:45:00+00:00,97.39878902574917,97.39878902574917,97.39878902574917,0
2026-07-10 19:00:00+00:00,97.39878902574917,97.39878902574917,97.39878902574917,0
2026-07-10 19:15:00+00:00,97.39878902574917,97.39878902574917,97.39878902574917,0
2026-07-10 19:30:00+00:00,97.39878902574917,97.39878902574917,97.39878902574917,0
2026-07-10 19:45:00+00:00,97.39878902574917,97.39878902574917,97.39878902574917,0
2026-07-10 20:00:00+00:00,97.39878902574917,97.39878902574917,97.39878902574917,0
2026-07-10 20:15:00+00:00,97.39878902574917,97.39878902574917,97.39878902574917,0
2026-07-10 20:30:00+00:00,97.39878902574917,97.39878902574917,97.39878902574917,0
2026-07-10 20:45:00+00:00,97.39878902574917,97.39878902574917,97.39878902574917,0
2026-07-10 21:00:00+00:00,97.39878902574917,97.39878902574917,97.39878902574917,0
2026-07-10 21:15:00+00:00,97.39878902574917,97.39878902574917,97.39878902574917,0
2026-07-10 21:30:00+00:00,97.39878902574917,97.39878902574917,97.39878902574917,0
2026-07-10 21:45:00+00:00,97.39878902574917,97.39878902574917,97.39878902574917,0
2026-07-10 22:00:00+00:00,97.39878902574917,97.39878902574917,97.39878902574917,0
2026-07-10 22:15:00+00:00,97.39878902574917,97.39878902574917,97.39878902574917,0
2026-07-10 22:30:00+00:00,97.39878902574917,97.39878902574917,97.39878902574917,0
2026-07-10 22:45:00+00:00,97.43567122678684,97.3282110525554,97.38894867419071,1
2026-07-10 23:00:00+00:00,97.4262448957139,97.33952264984292,97.38894867419071,1
2026-07-10 23:15:00+00:00,97.26411200125943,97.23206247561149,97.38894867419071,1
2026-07-10 23:30:00+00:00,97.35271951334502,97.25091513775736,97.38894867419071,1
2026-07-10 23:45:00+00:00,97.32066998769704,97.2999320593366,97.38894867419071,1
2026-07-11 00:00:00+00:00,97.13304801123144,97.05009629778964,97.3879680529692,1
2026-07-11 00:15:00+00:00,96.79747062503505,96.71074837916404,97.3879680529692,1
2026-07-11 00:30:00+00:00,96.80501168989338,96.75788003452872,97.3879680529692,1
2026-07-11 00:45:00+00:00,96.82009381961008,96.7880442939621,97.3879680529692,1
2026-07-11 01:00:00+00:00,96.66802320163085,96.66802320163085,96.66802320163085,0
2026-07-11 01:15:00+00:00,96.66802320163085,96.66802320163085,96.66802320163085,0
2026-07-11 01:30:00+00:00,96.66802320163085,96.66802320163085,96.66802320163085,0
2026-07-11 01:45:00+00:00,96.66802320163085,96.66802320163085,96.66802320163085,0
2026-07-11 02:00:00+00:00,96.66802320163085,96.66802320163085,96.66802320163085,0
2026-07-11 02:15:00+00:00,96.66802320163085,96.66802320163085,96.66802320163085,0
2026-07-11 02:30:00+00:00,96.66802320163085,96.66802320163085,96.66802320163085,0
2026-07-11 02:45:00+00:00,96.66802320163085,96.66802320163085,96.66802320163085,0
2026-07-11 03:00:00+00:00,96.66802320163085,96.66802320163085,96.66802320163085,0
2026-07-11 03:15:00+00:00,96.66802320163085,96.66802320163085,96.66802320163085,0
2026-07-11 03:30:00+00:00,96.66802320163085,96.66802320163085,96.66802320163085,0
2026-07-11 03:45:00+00:00,96.66802320163085,96.66802320163085,96.66802320163085,0
2026-07-11 04:00:00+00:00,96.66802320163085,96.66802320163085,96.66802320163085,0
2026-07-11 04:15:00+00:00,96.66802320163085,96.66802320163085,96.66802320163085,0
2026-07-11 04:30:00+00:00,96.66802320163085,96.66802320163085,96.66802320163085,0
2026-07-11 04:45:00+00:00,96.66802320163085,96.66802320163085,96.66802320163085,0
2026-07-11 05:00:00+00:00,96.66802320163085,96.66802320163085,96.66802320163085,0
2026-07-11 05:15:00+00:00,96.66802320163085,96.66802320163085,96.66802320163085,0
2026-07-11 05:30:00+00:00,96.66802320163085,96.66802320163085,96.66802320163085,0
2026-07-11 05:45:00+00:00,96.66802320163085,96.66802320163085,96.66802320163085,0
2026-07-11 06:00:00+00:00,96.66802320163085,96.66802320163085,96.66802320163085,0
2026-07-11 06:15:00+00:00,96.66802320163085,96.66802320163085,96.66802320163085,0
2026-07-11 06:30:00+00:00,96.66802320163085,96.66802320163085,96.66802320163085,0
2026-07-11 06:45:00+00:00,96.66802320163085,96.66802320163085,96.66802320163085,0
2026-07-11 07:00:00+00:00,96.66802320163085,96.66802320163085,96.66802320163085,0
2026-07-11 07:15:00+00:00,96.66802320163085,96.66802320163085,96.66802320163085,0
2026-07-11 07:30:00+00:00,96.66802320163085,96.66802320163085,96.66802320163085,0
2026-07-11 07:45:00+00:00,96.66802320163085,96.66802320163085,96.66802320163085,0
2026-07-11 08:00:00+00:00,96.66802320163085,96.66802320163085,96.66802320163085,0
2026-07-11 08:15:00+00:00,96.66802320163085,96.66802320163085,96.66802320163085,0
2026-07-11 08:30:00+00:00,96.66802320163085,96.66802320163085,96.66802320163085,0
2026-07-11 08:45:00+00:00,96.66802320163085,96.66802320163085,96.66802320163085,0
2026-07-11 09:00:00+00:00,96.66802320163085,96.66802320163085,96.66802320163085,0
2026-07-11 09:15:00+00:00,96.66802320163085,96.66802320163085,96.66802320163085,0
2026-07-11 09:30:00+00:00,96.66802320163085,96.66802320163085,96.66802320163085,0
2026-07-11 09:45:00+00:00,96.66802320163085,96.66802320163085,96.66802320163085,0
2026-07-11 10:00:00+00:00,96.66802320163085,96.66802320163085,96.66802320163085,0
2026-07-11 10:15:00+00:00,96.66802320163085,96.66802320163085,96.66802320163085,0
2026-07-11 10:30:00+00:00,96.66802320163085,96.66802320163085,96.66802320163085,0
2026-07-11 10:45:00+00:00,96.66802320163085,96.66802320163085,96.66802320163085,0
2026-07-11 11:00:00+00:00,96.66802320163085,96.66802320163085,96.66802320163085,0
2026-07-11 11:15:00+00:00,96.66802320163085,96.66802320163085,96.66802320163085,0
2026-07-11 11:30:00+00:00,96.66802320163085,96.66802320163085,96.66802320163085,0
2026-07-11 11:45:00+00:00,96.66802320163085,96.66802320163085,96.66802320163085,0
2026-07-11 12:00:00+00:00,96.66802320163085,96.66802320163085,96.66802320163085,0
2026-07-11 12:15:00+00:00,96.66802320163085,96.66802320163085,96.66802320163085,0
2026-07-11 12:30:00+00:00,96.66802320163085,96.66802320163085,96.66802320163085,0
2026-07-11 12:45:00+00:00,96.66802320163085,96.66802320163085,96.66802320163085,0
2026-07-11 13:00:00+00:00,96.66802320163085,96.66802320163085,96.66802320163085,0
2026-07-11 13:15:00+00:00,96.66802320163085,96.66802320163085,96.66802320163085,0
2026-07-11 13:30:00+00:00,96.66802320163085,96.66802320163085,96.66802320163085,0
2026-07-11 13:45:00+00:00,96.66802320163085,96.66802320163085,96.66802320163085,0
2026-07-11 14:00:00+00:00,96.66802320163085,96.66802320163085,96.66802320163085,0
2026-07-11 14:15:00+00:00,96.66802320163085,96.66802320163085,96.66802320163085,0
2026-07-11 14:30:00+00:00,96.48398935102604,96.44014958084118,96.65710712351468,1
2026-07-11 14:45:00+00:00,96.60893269605282,96.3371261209068,96.65710712351468,1
2026-07-11 15:00:00+00:00,96.65715644325616,96.60893269605282,96.65710712351468,1
2026-07-11 15:15:00+00:00,96.98814670815172,96.58262883394192,96.65710712351468,1
2026-07-11 15:30:00+00:00,96.87197131716188,96.65058047772844,96.65710712351468,1
2026-07-11 15:45:00+00:00,96.5870128109604,96.4313816268042,96.65710712351468,1
2026-07-11 16:00:00+00:00,96.88403525472076,96.48728533454792,96.65601913001812,1
2026-07-11 16:15:00+00:00,96.39522181715977,96.25712654107753,96.65601913001812,1
2026-07-11 16:30:00+00:00,96.24397461002204,96.17383097772633,96.65601913001812,1
2026-07-11 16:45:00+00:00,96.36015000101187,96.16506302368934,96.65601913001812,1
2026-07-11 17:00:00+00:00,96.42152567927069,96.22863069045736,96.65601913001812,1
2026-07-11 17:15:00+00:00,96.54866101280672,96.39083784014127,96.65601913001812,1
2026-07-11 17:30:00+00:00,96.43248562181688,96.397413805669,96.65601913001812,1
2026-07-11 17:45:00+00:00,96.53112510473278,96.37330193206736,96.65601913001812,1
2026-07-11 18:00:00+00:00,96.53112510473278,96.3754939205766,96.65601913001812,1
2026-07-11 18:15:00+00:00,96.59907674851928,96.469749426474,96.65601913001812,1
2026-07-11 18:30:00+00:00,96.6363405531764,96.5530449898252,96.65601913001812,1
2026-07-11 18:45:00+00:00,96.6560684497596,96.5793488519361,96.65601913001812,1
2026-07-11 19:00:00+00:00,96.6670283923058,96.6560684497596,96.65601913001812,1
2026-07-11 19:15:00+00:00,96.41494971374294,96.36672596653962,96.65601913001812,1
2026-07-11 19:30:00+00:00,96.44125357585384,96.39960579417826,96.65601913001812,1
2026-07-11 19:45:00+00:00,96.58154084044536,96.40837374821524,96.65601913001812,1
2026-07-11 20:00:00+00:00,96.44454977857464,96.40071000838978,96.6549313557204,1
2026-07-11 20:15:00+00:00,96.37879012329736,96.23631087019662,96.6549313557204,1
2026-07-11 20:30:00+00:00,96.25869862920835,96.2560387667798,96.25869862920835,0
2026-07-11 20:45:00+00:00,96.25869862920835,96.25869862920835,96.25869862920835,0
2026-07-11 21:00:00+00:00,96.25869862920835,96.25869862920835,96.25869862920835,0
2026-07-11 21:15:00+00:00,96.25869862920835,96.25869862920835,96.25869862920835,0
2026-07-11 21:30:00+00:00,96.25869862920835,96.25869862920835,96.25869862920835,0
2026-07-11 21:45:00+00:00,96.25869862920835,96.25869862920835,96.25869862920835,0
2026-07-11 22:00:00+00:00,96.25869862920835,96.25869862920835,96.25869862920835,0
2026-07-11 22:15:00+00:00,96.25869862920835,96.25869862920835,96.25869862920835,0
2026-07-11 22:30:00+00:00,96.25869862920835,96.25869862920835,96.25869862920835,0
2026-07-11 22:45:00+00:00,96.25869862920835,96.25869862920835,96.25869862920835,0
2026-07-11 23:00:00+00:00,96.25869862920835,96.25869862920835,96.25869862920835,0
2026-07-11 23:15:00+00:00,96.25869862920835,96.25869862920835,96.25869862920835,0
2026-07-11 23:30:00+00:00,96.25869862920835,96.25869862920835,96.25869862920835,0
2026-07-11 23:45:00+00:00,96.25869862920835,96.25869862920835,96.25869862920835,0
2026-07-12 00:00:00+00:00,96.25869862920835,96.25869862920835,96.25869862920835,0
2026-07-12 00:15:00+00:00,96.25869862920835,96.25869862920835,96.25869862920835,0
2026-07-12 00:30:00+00:00,96.25869862920835,96.25869862920835,96.25869862920835,0
2026-07-12 00:45:00+00:00,96.25869862920835,96.25869862920835,96.25869862920835,0
2026-07-12 01:00:00+00:00,96.25869862920835,96.25869862920835,96.25869862920835,0
2026-07-12 01:15:00+00:00,96.25869862920835,96.25869862920835,96.25869862920835,0
2026-07-12 01:30:00+00:00,95.92970955193604,95.90127953799596,96.24853591255172,1
2026-07-12 01:45:00+00:00,96.0718596216364,95.9276788366546,96.24853591255172,1
2026-07-12 02:00:00+00:00,96.14496537176802,95.9520474200318,96.24853591255172,1
2026-07-12 02:15:00+00:00,96.23228612886967,96.06982890635496,96.24853591255172,1
2026-07-12 02:30:00+00:00,96.24243970527684,96.17136467042668,96.24853591255172,1
2026-07-12 02:45:00+00:00,96.20182539964816,96.1185660731094,96.24853591255172,1
2026-07-12 03:00:00+00:00,96.191671823241,96.14090394120517,96.24853591255172,1
2026-07-12 03:15:00+00:00,95.75506803773273,95.66571656534964,96.24853591255172,1
2026-07-12 03:30:00+00:00,95.86066523236728,95.7347608849184,96.24853591255172,1
2026-07-12 03:45:00+00:00,95.9094023991217,95.82208164202004,96.24853591255172,1
2026-07-12 04:00:00+00:00,96.18864179296958,95.86981949378446,96.24753659756172,1
2026-07-12 04:15:00+00:00,96.16427320959237,96.0708603066464,96.24753659756172,1
2026-07-12 04:30:00+00:00,96.0708603066464,95.91652594525743,96.24753659756172,1
2026-07-12 04:45:00+00:00,96.61509200207068,96.05664529967638,96.24753659756172,1
2026-07-12 05:00:00+00:00,96.60087699510063,96.45872692540028,96.24753659756172,1
2026-07-12 05:15:00+00:00,96.82831710662124,96.53386339081332,96.24753659756172,1
2026-07-12 05:30:00+00:00,96.89939214147142,96.77551850930396,96.24753659756172,1
2026-07-12 05:45:00+00:00,96.93594501653725,96.69835132860948,96.24753659756172,1
2026-07-12 06:00:00+00:00,96.8750235580942,96.74911921064532,96.24753659756172,1
2026-07-12 06:15:00+00:00,96.62727629375928,96.56432412003484,96.24753659756172,1
2026-07-12 06:30:00+00:00,96.72271991198669,96.58056984228632,96.24753659756172,1
2026-07-12 06:45:00+00:00,96.61915343263357,96.51964838384328,96.24753659756172,1
2026-07-12 07:00:00+00:00,96.43841977258592,96.36125259189146,96.24753659756172,1
2026-07-12 07:15:00+00:00,96.63539915488502,96.4424812031488,96.24753659756172,1
2026-07-12 07:30:00+00:00,96.71459705086096,96.47091121708888,96.24753659756172,1
2026-07-12 07:45:00+00:00,96.65367559241793,96.64149130072931,96.24753659756172,1
2026-07-12 08:00:00+00:00,96.55685127665568,96.4840896454435,96.55685127665568,0
2026-07-12 08:15:00+00:00,96.55685127665568,96.55685127665568,96.55685127665568,0
2026-07-12 08:30:00+00:00,96.55685127665568,96.55685127665568,96.55685127665568,0
2026-07-12 08:45:00+00:00,96.55685127665568,96.55685127665568,96.55685127665568,0
2026-07-12 09:00:00+00:00,96.55685127665568,96.55685127665568,96.55685127665568,0
2026-07-12 09:15:00+00:00,96.55685127665568,96.55685127665568,96.55685127665568,0
2026-07-12 09:30:00+00:00,96.55685127665568,96.55685127665568,96.55685127665568,0
2026-07-12 09:45:00+00:00,96.55685127665568,96.55685127665568,96.55685127665568,0
2026-07-12 10:00:00+00:00,96.55685127665568,96.55685127665568,96.55685127665568,0
2026-07-12 10:15:00+00:00,96.55685127665568,96.55685127665568,96.55685127665568,0
2026-07-12 10:30:00+00:00,96.55685127665568,96.55685127665568,96.55685127665568,0
2026-07-12 10:45:00+00:00,96.55685127665568,96.55685127665568,96.55685127665568,0
2026-07-12 11:00:00+00:00,96.55685127665568,96.55685127665568,96.55685127665568,0
2026-07-12 11:15:00+00:00,96.55685127665568,96.55685127665568,96.55685127665568,0
2026-07-12 11:30:00+00:00,96.55685127665568,96.55685127665568,96.55685127665568,0
2026-07-12 11:45:00+00:00,96.55685127665568,96.55685127665568,96.55685127665568,0
2026-07-12 12:00:00+00:00,96.55685127665568,96.55685127665568,96.55685127665568,0
2026-07-12 12:15:00+00:00,96.69635881924376,96.48568618923194,96.54686197696182,1
2026-07-12 12:30:00+00:00,96.79874177962331,96.59791366503264,96.54686197696182,1
2026-07-12 12:45:00+00:00,96.9090003523398,96.74361249326508,96.54686197696182,1
2026-07-12 13:00:00+00:00,96.70226552849644,96.65894966064351,96.54686197696182,1
2026-07-12 13:15:00+00:00,96.5683801187693,96.53687766942171,96.54686197696182,1
2026-07-12 13:30:00+00:00,96.51128192932684,96.3852721319366,96.54686197696182,1
2026-07-12 13:45:00+00:00,96.44237032137904,96.37739651959971,96.54686197696182,1
2026-07-12 14:00:00+00:00,96.30454710548348,96.28485807464124,96.54686197696182,1
2026-07-12 14:15:00+00:00,96.40693006586304,96.06630983229256,96.54686197696182,1
2026-07-12 14:30:00+00:00,96.26713794688324,96.2277598851988,96.54686197696182,1
2026-07-12 14:45:00+00:00,96.23957330370412,96.123408021735,96.54686197696182,1
2026-07-12 15:00:00+00:00,96.2809202684728,96.19428853276702,96.54686197696182,1
2026-07-12 15:15:00+00:00,96.31242271782035,96.2198842728619,96.54686197696182,1
2026-07-12 15:30:00+00:00,96.30454710548348,96.1923196296828,96.54686197696182,1
2026-07-12 15:45:00+00:00,96.54869108792708,96.26516904379902,96.54686197696182,1
2026-07-12 16:00:00+00:00,96.57131870662248,96.39805523521092,96.54586275864658,1
2026-07-12 16:15:00+00:00,96.5535985788645,96.4315265876427,96.54586275864658,1
2026-07-12 16:30:00+00:00,96.7819913366343,96.5102827110116,96.54586275864658,1
2026-07-12 16:45:00+00:00,97.11276705478367,96.74851998420252,96.54586275864658,1
2026-07-12 17:00:00+00:00,97.02219751290944,96.98085054814078,96.54586275864658,1
2026-07-12 17:15:00+00:00,96.76624011196051,96.65401263615983,96.54586275864658,1
2026-07-12 17:30:00+00:00,96.9217834556141,96.70914192251809,96.54586275864658,1
2026-07-12 17:45:00+00:00,96.75245779037095,96.73473766261296,96.54586275864658,1
2026-07-12 18:00:00+00:00,96.82924501065564,96.73276875952874,96.54586275864658,1
2026-07-12 18:15:00+00:00,97.07535789618346,96.81152488289764,96.54586275864658,1
2026-07-12 18:30:00+00:00,96.92572126178254,96.88437429701388,96.54586275864658,1
2026-07-12 18:45:00+00:00,96.85226065732532,96.85226065732532,96.85226065732532,0
2026-07-12 19:00:00+00:00,96.85226065732532,96.85226065732532,96.85226065732532,0
2026-07-12 19:15:00+00:00,96.85226065732532,96.85226065732532,96.85226065732532,0
2026-07-12 19:30:00+00:00,96.85226065732532,96.85226065732532,96.85226065732532,0
2026-07-12 19:45:00+00:00,96.85226065732532,96.85226065732532,96.85226065732532,0
2026-07-12 20:00:00+00:00,96.85226065732532,96.85226065732532,96.85226065732532,0
2026-07-12 20:15:00+00:00,96.85226065732532,96.85226065732532,96.85226065732532,0
2026-07-12 20:30:00+00:00,96.85226065732532,96.85226065732532,96.85226065732532,0
2026-07-12 20:45:00+00:00,96.85226065732532,96.85226065732532,96.85226065732532,0
2026-07-12 21:00:00+00:00,96.85226065732532,96.85226065732532,96.85226065732532,0
2026-07-12 21:15:00+00:00,96.85226065732532,96.85226065732532,96.85226065732532,0
2026-07-12 21:30:00+00:00,96.85226065732532,96.85226065732532,96.85226065732532,0
2026-07-12 21:45:00+00:00,96.85226065732532,96.85226065732532,96.85226065732532,0
2026-07-12 22:00:00+00:00,96.85226065732532,96.85226065732532,96.85226065732532,0
2026-07-12 22:15:00+00:00,96.85226065732532,96.85226065732532,96.85226065732532,0
2026-07-12 22:30:00+00:00,96.85226065732532,96.85226065732532,96.85226065732532,0
2026-07-12 22:45:00+00:00,96.85226065732532,96.85226065732532,96.85226065732532,0
2026-07-12 23:00:00+00:00,96.85226065732532,96.85226065732532,96.85226065732532,0
2026-07-12 23:15:00+00:00,96.85226065732532,96.85226065732532,96.85226065732532,0
2026-07-12 23:30:00+00:00,96.85226065732532,96.85226065732532,96.85226065732532,0
2026-07-12 23:45:00+00:00,96.85226065732532,96.85226065732532,96.85226065732532,0
2026-07-13 00:00:00+00:00,96.85226065732532,96.85226065732532,96.85226065732532,0
2026-07-13 00:15:00+00:00,96.85226065732532,96.85226065732532,96.85226065732532,0
2026-07-13 00:30:00+00:00,96.85226065732532,96.85226065732532,96.85226065732532,0
2026-07-13 00:45:00+00:00,96.85226065732532,96.85226065732532,96.85226065732532,0
2026-07-13 01:00:00+00:00,96.85226065732532,96.85226065732532,96.85226065732532,0
2026-07-13 01:15:00+00:00,96.85226065732532,96.85226065732532,96.85226065732532,0
2026-07-13 01:30:00+00:00,96.85226065732532,96.85226065732532,96.85226065732532,0
2026-07-13 01:45:00+00:00,96.85226065732532,96.85226065732532,96.85226065732532,0
2026-07-13 02:00:00+00:00,96.85226065732532,96.85226065732532,96.85226065732532,0
2026-07-13 02:15:00+00:00,96.85226065732532,96.85226065732532,96.85226065732532,0
2026-07-13 02:30:00+00:00,96.85226065732532,96.85226065732532,96.85226065732532,0
2026-07-13 02:45:00+00:00,96.85226065732532,96.85226065732532,96.85226065732532,0
2026-07-13 03:00:00+00:00,96.85226065732532,96.85226065732532,96.85226065732532,0
2026-07-13 03:15:00+00:00,96.85226065732532,96.85226065732532,96.85226065732532,0
2026-07-13 03:30:00+00:00,96.85226065732532,96.85226065732532,96.85226065732532,0
2026-07-13 03:45:00+00:00,96.85226065732532,96.85226065732532,96.85226065732532,0
2026-07-13 04:00:00+00:00,96.85226065732532,96.85226065732532,96.85226065732532,0
2026-07-13 04:15:00+00:00,96.85226065732532,96.85226065732532,96.85226065732532,0
2026-07-13 04:30:00+00:00,96.85226065732532,96.85226065732532,96.85226065732532,0
2026-07-13 04:45:00+00:00,96.85226065732532,96.85226065732532,96.85226065732532,0
2026-07-13 05:00:00+00:00,96.85226065732532,96.85226065732532,96.85226065732532,0
2026-07-13 05:15:00+00:00,96.85226065732532,96.85226065732532,96.85226065732532,0
2026-07-13 05:30:00+00:00,96.85226065732532,96.85226065732532,96.85226065732532,0
2026-07-13 05:45:00+00:00,96.85226065732532,96.85226065732532,96.85226065732532,0
2026-07-13 06:00:00+00:00,96.85226065732532,96.85226065732532,96.85226065732532,0
2026-07-13 06:15:00+00:00,96.85226065732532,96.85226065732532,96.85226065732532,0
2026-07-13 06:30:00+00:00,96.85226065732532,96.85226065732532,96.85226065732532,0
2026-07-13 06:45:00+00:00,96.85226065732532,96.85226065732532,96.85226065732532,0
2026-07-13 07:00:00+00:00,96.85226065732532,96.85226065732532,96.85226065732532,0
2026-07-13 07:15:00+00:00,96.85226065732532,96.85226065732532,96.85226065732532,0
2026-07-13 07:30:00+00:00,96.85226065732532,96.85226065732532,96.85226065732532,0
2026-07-13 07:45:00+00:00,96.85226065732532,96.85226065732532,96.85226065732532,0
2026-07-13 08:00:00+00:00,96.85226065732532,96.85226065732532,96.85226065732532,0
2026-07-13 08:15:00+00:00,96.85226065732532,96.85226065732532,96.85226065732532,0
2026-07-13 08:30:00+00:00,96.69064808864086,96.67293763463329,96.84412627236532,1
2026-07-13 08:45:00+00:00,96.67293763463329,96.61247780888324,96.84412627236532,1
2026-07-13 09:00:00+00:00,96.5080472007695,96.50499367421646,96.84412627236532,1
2026-07-13 09:15:00+00:00,96.59965299736048,96.45552654405734,96.84412627236532,1
2026-07-13 09:30:00+00:00,96.6198062726105,96.54652163533773,96.84412627236532,1
2026-07-13 09:45:00+00:00,96.62652403102716,96.574003374315,96.84412627236532,1
2026-07-13 10:00:00+00:00,96.5361396450574,96.43537326880733,96.84412627236532,1
2026-07-13 10:15:00+00:00,96.56789632120896,96.4237698679058,96.84412627236532,1
2026-07-13 10:30:00+00:00,96.59049241770138,96.53125400257257,96.84412627236532,1
2026-07-13 10:45:00+00:00,96.34682099876936,96.33704971379966,96.84412627236532,1
2026-07-13 11:00:00+00:00,96.50194014766345,96.2747577721178,96.84412627236532,1
2026-07-13 11:15:00+00:00,96.5172077804286,96.38285261209516,96.84412627236532,1
2026-07-13 11:30:00+00:00,96.43293044756489,96.4237698679058,96.84412627236532,1
2026-07-13 11:45:00+00:00,96.21613006229956,96.20452666139803,96.84412627236532,1
2026-07-13 12:00:00+00:00,96.1266432791289,96.1266432791289,96.1266432791289,0
2026-07-13 12:15:00+00:00,96.1266432791289,96.1266432791289,96.1266432791289,0
2026-07-13 12:30:00+00:00,96.1266432791289,96.1266432791289,96.1266432791289,0
2026-07-13 12:45:00+00:00,96.11900154576692,96.03445279525052,96.10929027628262,1
2026-07-13 13:00:00+00:00,96.08518204556036,95.94652209471346,96.10929027628262,1
2026-07-13 13:15:00+00:00,96.11900154576692,95.68272999310226,96.10929027628262,1
2026-07-13 13:30:00+00:00,96.2847170967791,95.98372354494067,96.10929027628262,1
2026-07-13 13:45:00+00:00,96.3557380472129,96.19678639624205,96.10929027628262,1
2026-07-13 14:00:00+00:00,96.08180009553972,95.8416816440731,96.10929027628262,1
2026-07-13 14:15:00+00:00,95.83153579401112,95.4764310418422,96.10929027628262,1
2026-07-13 14:30:00+00:00,95.9668137948374,95.655674392937,96.10929027628262,1
2026-07-13 14:45:00+00:00,96.2779531967378,95.95666794477545,96.10929027628262,1
2026-07-13 15:00:00+00:00,96.03783474527118,95.98710549496134,96.10929027628262,1
2026-07-13 15:15:00+00:00,95.7875704437426,95.71993144332949,96.10929027628262,1
2026-07-13 15:30:00+00:00,95.67258414304028,95.56436174237928,96.10929027628262,1
2026-07-13 15:45:00+00:00,95.92623039458952,95.61847294270976,96.10929027628262,1
2026-07-13 16:00:00+00:00,95.53219770670782,95.48823235643928,96.10756379079707,1
2026-07-13 16:15:00+00:00,95.40464436914466,95.40464436914466,95.40464436914466,0
2026-07-13 16:30:00+00:00,95.40464436914466,95.40464436914466,95.40464436914466,0
2026-07-13 16:45:00+00:00,95.40464436914466,95.40464436914466,95.40464436914466,0
2026-07-13 17:00:00+00:00,95.40464436914466,95.40464436914466,95.40464436914466,0
2026-07-13 17:15:00+00:00,95.40464436914466,95.40464436914466,95.40464436914466,0
2026-07-13 17:30:00+00:00,95.40464436914466,95.40464436914466,95.40464436914466,0
2026-07-13 17:45:00+00:00,95.40464436914466,95.40464436914466,95.40464436914466,0
2026-07-13 18:00:00+00:00,95.40464436914466,95.40464436914466,95.40464436914466,0
2026-07-13 18:15:00+00:00,95.40464436914466,95.40464436914466,95.40464436914466,0
2026-07-13 18:30:00+00:00,95.40464436914466,95.40464436914466,95.40464436914466,0
2026-07-13 18:45:00+00:00,95.40464436914466,95.40464436914466,95.40464436914466,0
2026-07-13 19:00:00+00:00,95.40464436914466,95.40464436914466,95.40464436914466,0
2026-07-13 19:15:00+00:00,95.40464436914466,95.40464436914466,95.40464436914466,0
2026-07-13 19:30:00+00:00,95.40464436914466,95.40464436914466,95.40464436914466,0
2026-07-13 19:45:00+00:00,95.40464436914466,95.40464436914466,95.40464436914466,0
2026-07-13 20:00:00+00:00,95.40464436914466,95.40464436914466,95.40464436914466,0
2026-07-13 20:15:00+00:00,95.40464436914466,95.40464436914466,95.40464436914466,0
2026-07-13 20:30:00+00:00,95.40464436914466,95.40464436914466,95.40464436914466,0
2026-07-13 20:45:00+00:00,95.40464436914466,95.40464436914466,95.40464436914466,0
2026-07-13 21:00:00+00:00,95.40464436914466,95.40464436914466,95.40464436914466,0
2026-07-13 21:15:00+00:00,95.40464436914466,95.40464436914466,95.40464436914466,0
2026-07-13 21:30:00+00:00,95.40464436914466,95.40464436914466,95.40464436914466,0
2026-07-13 21:45:00+00:00,95.40464436914466,95.40464436914466,95.40464436914466,0
2026-07-13 22:00:00+00:00,95.40464436914466,95.40464436914466,95.40464436914466,0
2026-07-13 22:15:00+00:00,95.40464436914466,95.40464436914466,95.40464436914466,0
2026-07-13 22:30:00+00:00,95.40464436914466,95.40464436914466,95.40464436914466,0
2026-07-13 22:45:00+00:00,95.40464436914466,95.40464436914466,95.40464436914466,0
2026-07-13 23:00:00+00:00,95.40464436914466,95.40464436914466,95.40464436914466,0
2026-07-13 23:15:00+00:00,95.40464436914466,95.40464436914466,95.40464436914466,0
2026-07-13 23:30:00+00:00,95.40464436914466,95.40464436914466,95.40464436914466,0
2026-07-13 23:45:00+00:00,95.40464436914466,95.40464436914466,95.40464436914466,0
2026-07-14 00:00:00+00:00,95.40464436914466,95.40464436914466,95.40464436914466,0
2026-07-14 00:15:00+00:00,95.40464436914466,95.40464436914466,95.40464436914466,0
2026-07-14 00:30:00+00:00,95.40464436914466,95.40464436914466,95.40464436914466,0
2026-07-14 00:45:00+00:00,95.40464436914466,95.40464436914466,95.40464436914466,0
2026-07-14 01:00:00+00:00,95.40464436914466,95.40464436914466,95.40464436914466,0
2026-07-14 01:15:00+00:00,95.40464436914466,95.40464436914466,95.40464436914466,0
2026-07-14 01:30:00+00:00,95.40464436914466,95.40464436914466,95.40464436914466,0
2026-07-14 01:45:00+00:00,95.40464436914466,95.40464436914466,95.40464436914466,0
2026-07-14 02:00:00+00:00,95.40464436914466,95.40464436914466,95.40464436914466,0
2026-07-14 02:15:00+00:00,95.40464436914466,95.40464436914466,95.40464436914466,0
2026-07-14 02:30:00+00:00,95.40464436914466,95.40464436914466,95.40464436914466,0
2026-07-14 02:45:00+00:00,95.40464436914466,95.40464436914466,95.40464436914466,0
2026-07-14 03:00:00+00:00,95.40464436914466,95.40464436914466,95.40464436914466,0
2026-07-14 03:15:00+00:00,95.40464436914466,95.40464436914466,95.40464436914466,0
2026-07-14 03:30:00+00:00,95.40464436914466,95.40464436914466,95.40464436914466,0
2026-07-14 03:45:00+00:00,95.40464436914466,95.40464436914466,95.40464436914466,0
2026-07-14 04:00:00+00:00,95.40464436914466,95.40464436914466,95.40464436914466,0
2026-07-14 04:15:00+00:00,95.40464436914466,95.40464436914466,95.40464436914466,0
2026-07-14 04:30:00+00:00,95.40464436914466,95.40464436914466,95.40464436914466,0
2026-07-14 04:45:00+00:00,95.25038818654204,95.1478349590256,95.38776208054634,1
2026-07-14 05:00:00+00:00,95.69264898020668,95.24910627119807,95.38776208054634,1
2026-07-14 05:15:00+00:00,95.54266488496388,95.42216484263209,95.38776208054634,1
2026-07-14 05:30:00+00:00,95.6375266204166,95.5452287156518,95.38776208054634,1
2026-07-14 05:45:00+00:00,95.8451969061374,95.59778724475396,95.38776208054634,1
2026-07-14 06:00:00+00:00,95.61060639819354,95.57343085321882,95.38776208054634,1
2026-07-14 06:15:00+00:00,95.5477925463397,95.47344145639028,95.38776208054634,1
2026-07-14 06:30:00+00:00,95.65547343523195,95.44780314951116,95.38776208054634,1
2026-07-14 06:45:00+00:00,95.59906916009793,95.55163829237158,95.38776208054634,1
2026-07-14 07:00:00+00:00,95.79392029237916,95.46574996432656,95.38776208054634,1
2026-07-14 07:15:00+00:00,95.96185120243734,95.79135646169128,95.38776208054634,1
2026-07-14 07:30:00+00:00,96.1015799749285,95.8503245675132,95.38776208054634,1
2026-07-14 07:45:00+00:00,95.9310852341824,95.82596817597806,95.38776208054634,1
2026-07-14 08:00:00+00:00,95.46659782313505,95.31020415117248,95.38604610866692,1
2026-07-14 08:15:00+00:00,95.58966169615478,95.17560304005715,95.38604610866692,1
2026-07-14 08:30:00+00:00,95.73964579139758,95.49864570673394,95.38604610866692,1
2026-07-14 08:45:00+00:00,95.51659252154931,95.45506058503943,95.38604610866692,1
2026-07-14 09:00:00+00:00,95.52172018292514,95.36660842630651,95.38604610866692,1
2026-07-14 09:15:00+00:00,95.6870872622954,95.52300209826907,95.38604610866692,1
2026-07-14 09:30:00+00:00,95.33968820408346,95.324305219956,95.38604610866692,1
2026-07-14 09:45:00+00:00,95.33840628873948,95.20765092365605,95.38604610866692,1
2026-07-14 10:00:00+00:00,95.46147016175922,95.33712437339554,95.38604610866692,1
2026-07-14 10:15:00+00:00,95.36276268027466,95.23328923053516,95.38604610866692,1
2026-07-14 10:30:00+00:00,95.4448052622878,95.31917755858017,95.38604610866692,1
2026-07-14 10:45:00+00:00,94.92947209211364,94.85768803475618,94.92947209211364,0
2026-07-14 11:00:00+00:00,94.92947209211364,94.92947209211364,94.92947209211364,0
2026-07-14 11:15:00+00:00,94.92947209211364,94.92947209211364,94.92947209211364,0
2026-07-14 11:30:00+00:00,94.92947209211364,94.92947209211364,94.92947209211364,0
2026-07-14 11:45:00+00:00,94.92947209211364,94.92947209211364,94.92947209211364,0
2026-07-14 12:00:00+00:00,94.92947209211364,94.92947209211364,94.92947209211364,0
2026-07-14 12:15:00+00:00,94.92947209211364,94.92947209211364,94.92947209211364,0
2026-07-14 12:30:00+00:00,94.92947209211364,94.92947209211364,94.92947209211364,0
2026-07-14 12:45:00+00:00,94.92947209211364,94.92947209211364,94.92947209211364,0
2026-07-14 13:00:00+00:00,94.92947209211364,94.92947209211364,94.92947209211364,0
2026-07-14 13:15:00+00:00,95.27049593507026,94.65357444617628,94.90810151762372,1
2026-07-14 13:30:00+00:00,95.05028249021572,94.75396586956586,94.90810151762372,1
2026-07-14 13:45:00+00:00,94.7410121375156,94.70377015787106,94.90810151762372,1
2026-07-14 14:00:00+00:00,94.72320075594646,94.4948912285605,94.90810151762372,1
2026-07-14 14:15:00+00:00,94.60014030146893,94.50298731109191,94.90810151762372,1
2026-07-14 14:30:00+00:00,94.21815943406244,94.21815943406244,94.21815943406244,0
2026-07-14 14:45:00+00:00,94.21815943406244,94.21815943406244,94.21815943406244,0
2026-07-14 15:00:00+00:00,94.21815943406244,94.21815943406244,94.21815943406244,0
2026-07-14 15:15:00+00:00,94.21815943406244,94.21815943406244,94.21815943406244,0
2026-07-14 15:30:00+00:00,94.21815943406244,94.21815943406244,94.21815943406244,0
2026-07-14 15:45:00+00:00,94.21815943406244,94.21815943406244,94.21815943406244,0
2026-07-14 16:00:00+00:00,94.21815943406244,94.21815943406244,94.21815943406244,0
2026-07-14 16:15:00+00:00,94.21815943406244,94.21815943406244,94.21815943406244,0
2026-07-14 16:30:00+00:00,94.21815943406244,94.21815943406244,94.21815943406244,0
2026-07-14 16:45:00+00:00,94.21815943406244,94.21815943406244,94.21815943406244,0
2026-07-14 17:00:00+00:00,94.21815943406244,94.21815943406244,94.21815943406244,0
2026-07-14 17:15:00+00:00,94.21815943406244,94.21815943406244,94.21815943406244,0
2026-07-14 17:30:00+00:00,94.21815943406244,94.21815943406244,94.21815943406244,0
2026-07-14 17:45:00+00:00,94.21815943406244,94.21815943406244,94.21815943406244,0
2026-07-14 18:00:00+00:00,94.21815943406244,94.21815943406244,94.21815943406244,0
2026-07-14 18:15:00+00:00,94.21815943406244,94.21815943406244,94.21815943406244,0
2026-07-14 18:30:00+00:00,94.21815943406244,94.21815943406244,94.21815943406244,0
2026-07-14 18:45:00+00:00,94.21815943406244,94.21815943406244,94.21815943406244,0
2026-07-14 19:00:00+00:00,94.21815943406244,94.21815943406244,94.21815943406244,0
2026-07-14 19:15:00+00:00,94.21815943406244,94.21815943406244,94.21815943406244,0
2026-07-14 19:30:00+00:00,94.21815943406244,94.21815943406244,94.21815943406244,0
2026-07-14 19:45:00+00:00,94.21815943406244,94.21815943406244,94.21815943406244,0
2026-07-14 20:00:00+00:00,94.21815943406244,94.21815943406244,94.21815943406244,0
2026-07-14 20:15:00+00:00,94.21815943406244,94.21815943406244,94.21815943406244,0
2026-07-14 20:30:00+00:00,94.21815943406244,94.21815943406244,94.21815943406244,0
2026-07-14 20:45:00+00:00,94.21815943406244,94.21815943406244,94.21815943406244,0
2026-07-14 21:00:00+00:00,94.21815943406244,94.21815943406244,94.21815943406244,0
2026-07-14 21:15:00+00:00,94.21815943406244,94.21815943406244,94.21815943406244,0
2026-07-14 21:30:00+00:00,94.21815943406244,94.21815943406244,94.21815943406244,0
2026-07-14 21:45:00+00:00,94.21815943406244,94.21815943406244,94.21815943406244,0
2026-07-14 22:00:00+00:00,94.21815943406244,94.21815943406244,94.21815943406244,0
2026-07-14 22:15:00+00:00,94.21815943406244,94.21815943406244,94.21815943406244,0
2026-07-14 22:30:00+00:00,94.21815943406244,94.21815943406244,94.21815943406244,0
2026-07-14 22:45:00+00:00,94.21815943406244,94.21815943406244,94.21815943406244,0
2026-07-14 23:00:00+00:00,94.21815943406244,94.21815943406244,94.21815943406244,0
2026-07-14 23:15:00+00:00,94.21815943406244,94.21815943406244,94.21815943406244,0
2026-07-14 23:30:00+00:00,94.21815943406244,94.21815943406244,94.21815943406244,0
2026-07-14 23:45:00+00:00,94.21815943406244,94.21815943406244,94.21815943406244,0
2026-07-15 00:00:00+00:00,94.21815943406244,94.21815943406244,94.21815943406244,0
2026-07-15 00:15:00+00:00,94.21815943406244,94.21815943406244,94.21815943406244,0
2026-07-15 00:30:00+00:00,94.21815943406244,94.21815943406244,94.21815943406244,0
2026-07-15 00:45:00+00:00,94.21815943406244,94.21815943406244,94.21815943406244,0
2026-07-15 01:00:00+00:00,94.21815943406244,94.21815943406244,94.21815943406244,0
2026-07-15 01:15:00+00:00,94.21815943406244,94.21815943406244,94.21815943406244,0
2026-07-15 01:30:00+00:00,94.21815943406244,94.21815943406244,94.21815943406244,0
2026-07-15 01:45:00+00:00,94.21815943406244,94.21815943406244,94.21815943406244,0
2026-07-15 02:00:00+00:00,94.21815943406244,94.21815943406244,94.21815943406244,0
2026-07-15 02:15:00+00:00,94.21815943406244,94.21815943406244,94.21815943406244,0
2026-07-15 02:30:00+00:00,94.21815943406244,94.21815943406244,94.21815943406244,0
2026-07-15 02:45:00+00:00,94.21815943406244,94.21815943406244,94.21815943406244,0
2026-07-15 03:00:00+00:00,94.21815943406244,94.21815943406244,94.21815943406244,0
2026-07-15 03:15:00+00:00,94.21815943406244,94.21815943406244,94.21815943406244,0
2026-07-15 03:30:00+00:00,94.21815943406244,94.21815943406244,94.21815943406244,0
2026-07-15 03:45:00+00:00,94.21815943406244,94.21815943406244,94.21815943406244,0
2026-07-15 04:00:00+00:00,94.21815943406244,94.21815943406244,94.21815943406244,0
2026-07-15 04:15:00+00:00,94.21815943406244,94.21815943406244,94.21815943406244,0
2026-07-15 04:30:00+00:00,94.21815943406244,94.21815943406244,94.21815943406244,0
2026-07-15 04:45:00+00:00,94.090405617584,93.67319180988912,94.19616596671976,1
2026-07-15 05:00:00+00:00,94.00327662963169,93.70335184418032,94.19616596671976,1
2026-07-15 05:15:00+00:00,94.29649918524052,93.91279652675809,94.19616596671976,1
2026-07-15 05:30:00+00:00,94.090405617584,93.99992551471044,94.19616596671976,1
2026-07-15 05:45:00+00:00,94.00160107217104,93.9680899229586,94.19616596671976,1
2026-07-15 06:00:00+00:00,93.79718306197516,93.6262762009917,94.19616596671976,1
2026-07-15 06:15:00+00:00,93.953009905813,93.59276505177924,94.19616596671976,1
2026-07-15 06:30:00+00:00,94.26298803602808,93.87593426262438,94.19616596671976,1
2026-07-15 06:45:00+00:00,95.90491174000614,94.18591239283948,94.69058783001718,1
2026-07-15 07:00:00+00:00,96.58424816153908,95.01820673184494,96.58424816153908,0
2026-07-15 07:15:00+00:00,96.58424816153908,96.58424816153908,96.58424816153908,0
2026-07-15 07:30:00+00:00,96.58424816153908,96.58424816153908,96.58424816153908,0
2026-07-15 07:45:00+00:00,96.58424816153908,96.58424816153908,96.58424816153908,0
2026-07-15 08:00:00+00:00,96.58424816153908,96.58424816153908,96.58424816153908,0
2026-07-15 08:15:00+00:00,96.58424816153908,96.58424816153908,96.58424816153908,0
2026-07-15 08:30:00+00:00,96.58424816153908,96.58424816153908,96.58424816153908,0
2026-07-15 08:45:00+00:00,96.58424816153908,96.58424816153908,96.58424816153908,0
2026-07-15 09:00:00+00:00,96.58424816153908,96.58424816153908,96.58424816153908,0
2026-07-15 09:15:00+00:00,96.58424816153908,96.58424816153908,96.58424816153908,0
2026-07-15 09:30:00+00:00,96.58424816153908,96.58424816153908,96.58424816153908,0
2026-07-15 09:45:00+00:00,96.58424816153908,96.58424816153908,96.58424816153908,0
2026-07-15 10:00:00+00:00,96.58424816153908,96.58424816153908,96.58424816153908,0
2026-07-15 10:15:00+00:00,96.58424816153908,96.58424816153908,96.58424816153908,0
2026-07-15 10:30:00+00:00,96.58424816153908,96.58424816153908,96.58424816153908,0
2026-07-15 10:45:00+00:00,96.58424816153908,96.58424816153908,96.58424816153908,0
2026-07-15 11:00:00+00:00,96.58424816153908,96.58424816153908,96.58424816153908,0
2026-07-15 11:15:00+00:00,96.58424816153908,96.58424816153908,96.58424816153908,0
2026-07-15 11:30:00+00:00,96.58424816153908,96.58424816153908,96.58424816153908,0
2026-07-15 11:45:00+00:00,96.58424816153908,96.58424816153908,96.58424816153908,0
2026-07-15 12:00:00+00:00,96.58424816153908,96.58424816153908,96.58424816153908,0
2026-07-15 12:15:00+00:00,96.58424816153908,96.58424816153908,96.58424816153908,0
2026-07-15 12:30:00+00:00,96.58424816153908,96.58424816153908,96.58424816153908,0
2026-07-15 12:45:00+00:00,96.58424816153908,96.58424816153908,96.58424816153908,0
2026-07-15 13:00:00+00:00,96.58424816153908,96.58424816153908,96.58424816153908,0
2026-07-15 13:15:00+00:00,96.58424816153908,96.58424816153908,96.58424816153908,0
2026-07-15 13:30:00+00:00,96.58424816153908,96.58424816153908,96.58424816153908,0
2026-07-15 13:45:00+00:00,96.58424816153908,96.58424816153908,96.58424816153908,0
2026-07-15 14:00:00+00:00,96.58424816153908,96.58424816153908,96.58424816153908,0
2026-07-15 14:15:00+00:00,96.58424816153908,96.58424816153908,96.58424816153908,0
2026-07-15 14:30:00+00:00,96.58424816153908,96.58424816153908,96.58424816153908,0
2026-07-15 14:45:00+00:00,96.58424816153908,96.58424816153908,96.58424816153908,0
2026-07-15 15:00:00+00:00,96.58424816153908,96.58424816153908,96.58424816153908,0
2026-07-15 15:15:00+00:00,96.58424816153908,96.58424816153908,96.58424816153908,0
2026-07-15 15:30:00+00:00,96.58424816153908,96.58424816153908,96.58424816153908,0
2026-07-15 15:45:00+00:00,96.58424816153908,96.58424816153908,96.58424816153908,0
2026-07-15 16:00:00+00:00,96.58424816153908,96.58424816153908,96.58424816153908,0
2026-07-15 16:15:00+00:00,96.58424816153908,96.58424816153908,96.58424816153908,0
2026-07-15 16:30:00+00:00,96.58424816153908,96.58424816153908,96.58424816153908,0
2026-07-15 16:45:00+00:00,96.3752134567547,96.01494633669638,96.56546036263737,2
2026-07-15 17:00:00+00:00,96.58992740061704,96.2409798201776,96.56546036263737,2
2026-07-15 17:15:00+00:00,96.60871786171263,96.44473260800004,96.56546036263737,2
2026-07-15 17:30:00+00:00,96.8526544950802,96.52012660141598,96.56546036263737,2
2026-07-15 17:45:00+00:00,96.78599916521392,96.6572612372979,96.56546036263737,2
2026-07-15 18:00:00+00:00,96.94739511392316,96.713522599098,96.56546036263737,2
2026-07-15 18:15:00+00:00,96.83604113455142,96.66423889677954,96.56546036263737,2
2026-07-15 18:30:00+00:00,96.94915741534528,96.73767410537508,96.56546036263737,2
2026-07-15 18:45:00+00:00,96.641822240287,96.58902214912187,96.56546036263737,2
2026-07-15 19:00:00+00:00,96.86865246606718,96.42900115432762,96.56546036263737,2
2026-07-15 19:15:00+00:00,97.07266334227003,96.76815091860269,96.56546036263737,2
2026-07-15 19:30:00+00:00,96.96600703190634,96.7926046078295,96.56546036263737,2
2026-07-15 19:45:00+00:00,96.86085342229372,96.76263337759345,96.56546036263737,2
2026-07-15 20:00:00+00:00,97.04488404863744,96.70826436415528,96.55044559645488,2
2026-07-15 20:15:00+00:00,96.73070177057836,96.66349287108888,96.55044559645488,2
2026-07-15 20:30:00+00:00,96.37946447337713,96.27811279262914,96.55044559645488,2
2026-07-15 20:45:00+00:00,96.36433868295828,96.1874447269642,96.55044559645488,2
2026-07-15 21:00:00+00:00,96.46047630300087,96.25670017053967,96.55044559645488,2
2026-07-15 21:15:00+00:00,96.2550325450267,96.19550056176396,96.55044559645488,2
2026-07-15 21:30:00+00:00,96.68874049296996,96.18717950700372,96.55044559645488,2
2026-07-15 21:45:00+00:00,96.57218477388928,96.5322330773776,96.55044559645488,2
2026-07-15 22:00:00+00:00,96.685206378774,96.50263536136164,96.55044559645488,2
2026-07-15 22:15:00+00:00,96.48506054870852,96.3745677262626,96.55044559645488,2
2026-07-15 22:30:00+00:00,96.43680833243069,96.3414413004036,96.55044559645488,2
2026-07-15 22:45:00+00:00,96.04459178131754,96.04459178131754,96.04459178131754,0
2026-07-15 23:00:00+00:00,96.04459178131754,96.04459178131754,96.04459178131754,0
2026-07-15 23:15:00+00:00,96.04459178131754,96.04459178131754,96.04459178131754,0
2026-07-15 23:30:00+00:00,96.04459178131754,96.04459178131754,96.04459178131754,0
2026-07-15 23:45:00+00:00,96.04459178131754,96.04459178131754,96.04459178131754,0
2026-07-16 00:00:00+00:00,96.04459178131754,96.04459178131754,96.04459178131754,0
2026-07-16 00:15:00+00:00,96.04459178131754,96.04459178131754,96.04459178131754,0
2026-07-16 00:30:00+00:00,96.04459178131754,96.04459178131754,96.04459178131754,0
2026-07-16 00:45:00+00:00,96.04459178131754,96.04459178131754,96.04459178131754,0
2026-07-16 01:00:00+00:00,96.04459178131754,96.04459178131754,96.04459178131754,0
2026-07-16 01:15:00+00:00,96.04459178131754,96.04459178131754,96.04459178131754,0
2026-07-16 01:30:00+00:00,96.04459178131754,96.04459178131754,96.04459178131754,0
2026-07-16 01:45:00+00:00,96.04459178131754,96.04459178131754,96.04459178131754,0
2026-07-16 02:00:00+00:00,96.04459178131754,96.04459178131754,96.04459178131754,0
2026-07-16 02:15:00+00:00,96.04459178131754,96.04459178131754,96.04459178131754,0
2026-07-16 02:30:00+00:00,96.04459178131754,96.04459178131754,96.04459178131754,0
2026-07-16 02:45:00+00:00,96.04459178131754,96.04459178131754,96.04459178131754,0
2026-07-16 03:00:00+00:00,96.04459178131754,96.04459178131754,96.04459178131754,0
2026-07-16 03:15:00+00:00,96.04459178131754,96.04459178131754,96.04459178131754,0
2026-07-16 03:30:00+00:00,96.04459178131754,96.04459178131754,96.04459178131754,0
2026-07-16 03:45:00+00:00,96.04459178131754,96.04459178131754,96.04459178131754,0
2026-07-16 04:00:00+00:00,96.04459178131754,96.04459178131754,96.04459178131754,0
2026-07-16 04:15:00+00:00,96.04459178131754,96.04459178131754,96.04459178131754,0
2026-07-16 04:30:00+00:00,96.04459178131754,96.04459178131754,96.04459178131754,0
2026-07-16 04:45:00+00:00,96.04459178131754,96.04459178131754,96.04459178131754,0
2026-07-16 05:00:00+00:00,96.04459178131754,96.04459178131754,96.04459178131754,0
2026-07-16 05:15:00+00:00,96.04459178131754,96.04459178131754,96.04459178131754,0
2026-07-16 05:30:00+00:00,95.92933343091174,95.84378149887591,96.004775976312,1
2026-07-16 05:45:00+00:00,95.88655746489384,95.85091082654556,96.004775976312,1
2026-07-16 06:00:00+00:00,95.86516948188488,95.8295228435366,96.004775976312,1
2026-07-16 06:15:00+00:00,95.801005532858,95.73684158383114,96.004775976312,1
2026-07-16 06:30:00+00:00,95.73684158383114,95.62277234111669,96.004775976312,1
2026-07-16 06:45:00+00:00,95.7724882221794,95.70832427315251,96.004775976312,1
2026-07-16 07:00:00+00:00,95.68693629014356,95.65841897946495,96.004775976312,1
2026-07-16 07:15:00+00:00,95.60138435810774,95.59425503043808,96.004775976312,1
2026-07-16 07:30:00+00:00,95.32487798766174,95.32487798766174,95.32487798766174,0
2026-07-16 07:45:00+00:00,95.32487798766174,95.32487798766174,95.32487798766174,0
2026-07-16 08:00:00+00:00,95.32487798766174,95.32487798766174,95.32487798766174,0
2026-07-16 08:15:00+00:00,95.32487798766174,95.32487798766174,95.32487798766174,0
2026-07-16 08:30:00+00:00,95.32487798766174,95.32487798766174,95.32487798766174,0
2026-07-16 08:45:00+00:00,95.32487798766174,95.32487798766174,95.32487798766174,0
2026-07-16 09:00:00+00:00,95.32487798766174,95.32487798766174,95.32487798766174,0
2026-07-16 09:15:00+00:00,95.32487798766174,95.32487798766174,95.32487798766174,0
2026-07-16 09:30:00+00:00,95.32487798766174,95.32487798766174,95.32487798766174,0
2026-07-16 09:45:00+00:00,95.32487798766174,95.32487798766174,95.32487798766174,0
2026-07-16 10:00:00+00:00,95.32487798766174,95.32487798766174,95.32487798766174,0
2026-07-16 10:15:00+00:00,95.32487798766174,95.32487798766174,95.32487798766174,0
2026-07-16 10:30:00+00:00,95.32487798766174,95.32487798766174,95.32487798766174,0
2026-07-16 10:45:00+00:00,95.32487798766174,95.32487798766174,95.32487798766174,0
2026-07-16 11:00:00+00:00,95.32487798766174,95.32487798766174,95.32487798766174,0
2026-07-16 11:15:00+00:00,95.32487798766174,95.32487798766174,95.32487798766174,0
2026-07-16 11:30:00+00:00,95.32487798766174,95.32487798766174,95.32487798766174,0
2026-07-16 11:45:00+00:00,95.32487798766174,95.32487798766174,95.32487798766174,0
2026-07-16 12:00:00+00:00,95.32487798766174,95.32487798766174,95.32487798766174,0
2026-07-16 12:15:00+00:00,95.32487798766174,95.32487798766174,95.32487798766174,0
2026-07-16 12:30:00+00:00,95.32487798766174,95.32487798766174,95.32487798766174,0
2026-07-16 12:45:00+00:00,95.32487798766174,95.32487798766174,95.32487798766174,0
2026-07-16 13:00:00+00:00,95.32487798766174,95.32487798766174,95.32487798766174,0
2026-07-16 13:15:00+00:00,95.32487798766174,95.32487798766174,95.32487798766174,0
2026-07-16 13:30:00+00:00,95.32487798766174,95.32487798766174,95.32487798766174,0
2026-07-16 13:45:00+00:00,95.32487798766174,95.32487798766174,95.32487798766174,0
2026-07-16 14:00:00+00:00,95.32487798766174,95.32487798766174,95.32487798766174,0
2026-07-16 14:15:00+00:00,95.32487798766174,95.32487798766174,95.32487798766174,0
2026-07-16 14:30:00+00:00,95.32487798766174,95.32487798766174,95.32487798766174,0
2026-07-16 14:45:00+00:00,95.32487798766174,95.32487798766174,95.32487798766174,0
2026-07-16 15:00:00+00:00,95.32487798766174,95.32487798766174,95.32487798766174,0
2026-07-16 15:15:00+00:00,95.32487798766174,95.32487798766174,95.32487798766174,0
2026-07-16 15:30:00+00:00,95.32487798766174,95.32487798766174,95.32487798766174,0
2026-07-16 15:45:00+00:00,95.32487798766174,95.32487798766174,95.32487798766174,0
2026-07-16 16:00:00+00:00,95.32487798766174,95.32487798766174,95.32487798766174,0
2026-07-16 16:15:00+00:00,95.32487798766174,95.32487798766174,95.32487798766174,0
2026-07-16 16:30:00+00:00,95.32487798766174,95.32487798766174,95.32487798766174,0
2026-07-16 16:45:00+00:00,95.32487798766174,95.32487798766174,95.32487798766174,0
2026-07-16 17:00:00+00:00,95.32487798766174,95.32487798766174,95.32487798766174,0
2026-07-16 17:15:00+00:00,95.32487798766174,95.32487798766174,95.32487798766174,0
2026-07-16 17:30:00+00:00,95.32487798766174,95.32487798766174,95.32487798766174,0
2026-07-16 17:45:00+00:00,95.32487798766174,95.32487798766174,95.32487798766174,0
2026-07-16 18:00:00+00:00,95.32487798766174,95.32487798766174,95.32487798766174,0
2026-07-16 18:15:00+00:00,95.32487798766174,95.32487798766174,95.32487798766174,0
2026-07-16 18:30:00+00:00,95.32487798766174,95.32487798766174,95.32487798766174,0
2026-07-16 18:45:00+00:00,95.32487798766174,95.32487798766174,95.32487798766174,0
2026-07-16 19:00:00+00:00,95.32487798766174,95.32487798766174,95.32487798766174,0
2026-07-16 19:15:00+00:00,95.32487798766174,95.32487798766174,95.32487798766174,0
2026-07-16 19:30:00+00:00,95.32487798766174,95.32487798766174,95.32487798766174,0
2026-07-16 19:45:00+00:00,95.32487798766174,95.32487798766174,95.32487798766174,0
2026-07-16 20:00:00+00:00,95.32487798766174,95.32487798766174,95.32487798766174,0
2026-07-16 20:15:00+00:00,95.32487798766174,95.32487798766174,95.32487798766174,0
2026-07-16 20:30:00+00:00,95.32487798766174,95.32487798766174,95.32487798766174,0
2026-07-16 20:45:00+00:00,95.32487798766174,95.32487798766174,95.32487798766174,0
2026-07-16 21:00:00+00:00,95.32487798766174,95.32487798766174,95.32487798766174,0
2026-07-16 21:15:00+00:00,95.32487798766174,95.32487798766174,95.32487798766174,0
2026-07-16 21:30:00+00:00,95.32487798766174,95.32487798766174,95.32487798766174,0
2026-07-16 21:45:00+00:00,95.32487798766174,95.32487798766174,95.32487798766174,0
2026-07-16 22:00:00+00:00,95.32487798766174,95.32487798766174,95.32487798766174,0
2026-07-16 22:15:00+00:00,95.32487798766174,95.32487798766174,95.32487798766174,0
2026-07-16 22:30:00+00:00,95.32487798766174,95.32487798766174,95.32487798766174,0
2026-07-16 22:45:00+00:00,95.32487798766174,95.32487798766174,95.32487798766174,0
2026-07-16 23:00:00+00:00,95.32487798766174,95.32487798766174,95.32487798766174,0
2026-07-16 23:15:00+00:00,95.32487798766174,95.32487798766174,95.32487798766174,0
2026-07-16 23:30:00+00:00,95.32487798766174,95.32487798766174,95.32487798766174,0
2026-07-16 23:45:00+00:00,95.32487798766174,95.32487798766174,95.32487798766174,0
2026-07-17 00:00:00+00:00,95.32487798766174,95.32487798766174,95.32487798766174,0
2026-07-17 00:15:00+00:00,95.32487798766174,95.32487798766174,95.32487798766174,0
2026-07-17 00:30:00+00:00,95.32487798766174,95.32487798766174,95.32487798766174,0
2026-07-17 00:45:00+00:00,95.32487798766174,95.32487798766174,95.32487798766174,0
2026-07-17 01:00:00+00:00,95.32487798766174,95.32487798766174,95.32487798766174,0
2026-07-17 01:15:00+00:00,95.41671585603406,95.29362780490796,95.3169680389788,1
2026-07-17 01:30:00+00:00,95.4699639784648,95.34687592733869,95.3169680389788,1
2026-07-17 01:45:00+00:00,95.16398020246794,95.14082884488936,95.3169680389788,1
2026-07-17 02:00:00+00:00,94.9918884444672,94.93516761839967,95.3169680389788,1
2026-07-17 02:15:00+00:00,94.90082643799146,94.84410561192396,95.3169680389788,1
2026-07-17 02:30:00+00:00,94.9965187159829,94.86301255394643,95.3169680389788,1
2026-07-17 02:45:00+00:00,95.05594053376792,94.96989465476754,95.3169680389788,1
2026-07-17 03:00:00+00:00,94.8931093187986,94.88153364000932,95.3169680389788,1
2026-07-17 03:15:00+00:00,94.94751500910826,94.88654976748468,95.3169680389788,1
2026-07-17 03:30:00+00:00,94.8931093187986,94.78236865838107,95.3169680389788,1
2026-07-17 03:45:00+00:00,94.77387982726891,94.68320367675284,95.3169680389788,1
2026-07-17 04:00:00+00:00,94.74186165408015,94.66893487770764,95.31620419852108,1
2026-07-17 04:15:00+00:00,94.90353530117054,94.74186165408015,95.31620419852108,1
2026-07-17 04:30:00+00:00,94.9382623375384,94.8232772615648,95.31620419852108,1
2026-07-17 04:45:00+00:00,94.86803655288338,94.79395220863196,95.31620419852108,1
2026-07-17 05:00:00+00:00,94.88462835914804,94.84449933934516,95.31620419852108,1
2026-07-17 05:15:00+00:00,94.95832684743984,94.78391995368123,95.31620419852108,1
2026-07-17 05:30:00+00:00,94.92630080278948,94.8942747581391,95.31620419852108,1
2026-07-17 05:45:00+00:00,94.98379334077627,94.8969757498566,95.31620419852108,1
2026-07-17 06:00:00+00:00,95.150483115342,94.98379334077627,95.31620419852108,1
2026-07-17 06:15:00+00:00,95.15434167493844,95.0281667761352,95.31620419852108,1
2026-07-17 06:30:00+00:00,95.22996944302848,95.07562705917128,95.31620419852108,1
2026-07-17 06:45:00+00:00,95.36270389314564,95.17980816827487,95.31620419852108,1
2026-07-17 07:00:00+00:00,95.10263697634628,95.05633426118914,95.31620419852108,1
2026-07-17 07:15:00+00:00,95.17607816401912,95.04167173472273,95.17607816401912,0
2026-07-17 07:30:00+00:00,95.17607816401912,95.17607816401912,95.17607816401912,0
2026-07-17 07:45:00+00:00,95.17607816401912,95.17607816401912,95.17607816401912,0
2026-07-17 08:00:00+00:00,95.17607816401912,95.17607816401912,95.17607816401912,0
2026-07-17 08:15:00+00:00,95.17607816401912,95.17607816401912,95.17607816401912,0
2026-07-17 08:30:00+00:00,95.17607816401912,95.17607816401912,95.17607816401912,0
2026-07-17 08:45:00+00:00,95.08163269862132,95.01496026188704,95.16183718365976,1
2026-07-17 09:00:00+00:00,95.09005448010356,94.92582974120012,95.16183718365976,1
2026-07-17 09:15:00+00:00,94.99811669892256,94.9840803964522,95.16183718365976,1
2026-07-17 09:30:00+00:00,94.82055747267226,94.80652117020188,95.16183718365976,1
2026-07-17 09:45:00+00:00,94.83038288440152,94.7623068174202,95.16183718365976,1
2026-07-17 10:00:00+00:00,94.940567858794,94.73844510322054,95.16183718365976,1
2026-07-17 10:15:00+00:00,95.0809308834978,94.89705532113584,95.16183718365976,1
2026-07-17 10:30:00+00:00,95.11181074893264,94.95741142175848,95.16183718365976,1
2026-07-17 10:45:00+00:00,95.0697018415215,94.91389888410028,95.16183718365976,1
2026-07-17 11:00:00+00:00,94.5187769695591,94.51246063344742,95.16183718365976,1
2026-07-17 11:15:00+00:00,94.4629356281499,94.4629356281499,94.4629356281499,0
2026-07-17 11:30:00+00:00,94.4629356281499,94.4629356281499,94.4629356281499,0
2026-07-17 11:45:00+00:00,94.4629356281499,94.4629356281499,94.4629356281499,0
2026-07-17 12:00:00+00:00,94.4629356281499,94.4629356281499,94.4629356281499,0
2026-07-17 12:15:00+00:00,94.4629356281499,94.4629356281499,94.4629356281499,0
2026-07-17 12:30:00+00:00,94.4629356281499,94.4629356281499,94.4629356281499,0
2026-07-17 12:45:00+00:00,94.4629356281499,94.4629356281499,94.4629356281499,0
2026-07-17 13:00:00+00:00,94.4629356281499,94.4629356281499,94.4629356281499,0
2026-07-17 13:15:00+00:00,94.4629356281499,94.4629356281499,94.4629356281499,0
2026-07-17 13:30:00+00:00,94.4629356281499,94.4629356281499,94.4629356281499,0
2026-07-17 13:45:00+00:00,94.4629356281499,94.4629356281499,94.4629356281499,0
2026-07-17 14:00:00+00:00,94.4629356281499,94.4629356281499,94.4629356281499,0
2026-07-17 14:15:00+00:00,94.4629356281499,94.4629356281499,94.4629356281499,0
2026-07-17 14:30:00+00:00,94.4629356281499,94.4629356281499,94.4629356281499,0
2026-07-17 14:45:00+00:00,94.4629356281499,94.4629356281499,94.4629356281499,0
2026-07-17 15:00:00+00:00,94.4629356281499,94.4629356281499,94.4629356281499,0
2026-07-17 15:15:00+00:00,94.4629356281499,94.4629356281499,94.4629356281499,0
2026-07-17 15:30:00+00:00,94.4629356281499,94.4629356281499,94.4629356281499,0
2026-07-17 15:45:00+00:00,94.4629356281499,94.4629356281499,94.4629356281499,0
2026-07-17 16:00:00+00:00,94.4629356281499,94.4629356281499,94.4629356281499,0
2026-07-17 16:15:00+00:00,94.4629356281499,94.4629356281499,94.4629356281499,0
2026-07-17 16:30:00+00:00,94.4629356281499,94.4629356281499,94.4629356281499,0
2026-07-17 16:45:00+00:00,94.4629356281499,94.4629356281499,94.4629356281499,0
2026-07-17 17:00:00+00:00,94.4629356281499,94.4629356281499,94.4629356281499,0
2026-07-17 17:15:00+00:00,94.4629356281499,94.4629356281499,94.4629356281499,0
2026-07-17 17:30:00+00:00,94.4629356281499,94.4629356281499,94.4629356281499,0
2026-07-17 17:45:00+00:00,94.4629356281499,94.4629356281499,94.4629356281499,0
2026-07-17 18:00:00+00:00,94.4629356281499,94.4629356281499,94.4629356281499,0
2026-07-17 18:15:00+00:00,94.4629356281499,94.4629356281499,94.4629356281499,0
2026-07-17 18:30:00+00:00,94.4629356281499,94.4629356281499,94.4629356281499,0
2026-07-17 18:45:00+00:00,94.4629356281499,94.4629356281499,94.4629356281499,0
2026-07-17 19:00:00+00:00,94.4629356281499,94.4629356281499,94.4629356281499,0
2026-07-17 19:15:00+00:00,94.4629356281499,94.4629356281499,94.4629356281499,0
2026-07-17 19:30:00+00:00,94.4629356281499,94.4629356281499,94.4629356281499,0
2026-07-17 19:45:00+00:00,94.4629356281499,94.4629356281499,94.4629356281499,0
2026-07-17 20:00:00+00:00,94.4629356281499,94.4629356281499,94.4629356281499,0
2026-07-17 20:15:00+00:00,94.4629356281499,94.4629356281499,94.4629356281499,0
2026-07-17 20:30:00+00:00,94.4629356281499,94.4629356281499,94.4629356281499,0
2026-07-17 20:45:00+00:00,94.4629356281499,94.4629356281499,94.4629356281499,0
2026-07-17 21:00:00+00:00,94.4629356281499,94.4629356281499,94.4629356281499,0
2026-07-17 21:15:00+00:00,94.4629356281499,94.4629356281499,94.4629356281499,0
2026-07-17 21:30:00+00:00,94.4629356281499,94.4629356281499,94.4629356281499,0
2026-07-17 21:45:00+00:00,94.4629356281499,94.4629356281499,94.4629356281499,0
2026-07-17 22:00:00+00:00,94.4629356281499,94.4629356281499,94.4629356281499,0
2026-07-17 22:15:00+00:00,94.4629356281499,94.4629356281499,94.4629356281499,0
2026-07-17 22:30:00+00:00,94.4629356281499,94.4629356281499,94.4629356281499,0
2026-07-17 22:45:00+00:00,94.4629356281499,94.4629356281499,94.4629356281499,0
2026-07-17 23:00:00+00:00,94.4629356281499,94.4629356281499,94.4629356281499,0
2026-07-17 23:15:00+00:00,94.4629356281499,94.4629356281499,94.4629356281499,0
2026-07-17 23:30:00+00:00,94.4629356281499,94.4629356281499,94.4629356281499,0
2026-07-17 23:45:00+00:00,94.4629356281499,94.4629356281499,94.4629356281499,0
2026-07-18 00:00:00+00:00,94.4629356281499,94.4629356281499,94.4629356281499,0
2026-07-18 00:15:00+00:00,94.4629356281499,94.4629356281499,94.4629356281499,0
2026-07-18 00:30:00+00:00,94.4629356281499,94.4629356281499,94.4629356281499,0
2026-07-18 00:45:00+00:00,94.4629356281499,94.4629356281499,94.4629356281499,0
2026-07-18 01:00:00+00:00,94.4629356281499,94.4629356281499,94.4629356281499,0
2026-07-18 01:15:00+00:00,94.4629356281499,94.4629356281499,94.4629356281499,0
2026-07-18 01:30:00+00:00,94.4629356281499,94.4629356281499,94.4629356281499,0
2026-07-18 01:45:00+00:00,94.4629356281499,94.4629356281499,94.4629356281499,0
2026-07-18 02:00:00+00:00,94.4629356281499,94.4629356281499,94.4629356281499,0
2026-07-18 02:15:00+00:00,94.4629356281499,94.4629356281499,94.4629356281499,0
2026-07-18 02:30:00+00:00,94.4629356281499,94.4629356281499,94.4629356281499,0
2026-07-18 02:45:00+00:00,94.4629356281499,94.4629356281499,94.4629356281499,0
2026-07-18 03:00:00+00:00,94.4629356281499,94.4629356281499,94.4629356281499,0
2026-07-18 03:15:00+00:00,94.4629356281499,94.4629356281499,94.4629356281499,0
2026-07-18 03:30:00+00:00,94.4629356281499,94.4629356281499,94.4629356281499,0
2026-07-18 03:45:00+00:00,94.4629356281499,94.4629356281499,94.4629356281499,0
2026-07-18 04:00:00+00:00,94.4629356281499,94.4629356281499,94.4629356281499,0
2026-07-18 04:15:00+00:00,94.4629356281499,94.4629356281499,94.4629356281499,0
2026-07-18 04:30:00+00:00,94.4629356281499,94.4629356281499,94.4629356281499,0
2026-07-18 04:45:00+00:00,94.4629356281499,94.4629356281499,94.4629356281499,0
2026-07-18 05:00:00+00:00,94.4629356281499,94.4629356281499,94.4629356281499,0
2026-07-18 05:15:00+00:00,94.4629356281499,94.4629356281499,94.4629356281499,0
2026-07-18 05:30:00+00:00,94.4629356281499,94.4629356281499,94.4629356281499,0
2026-07-18 05:45:00+00:00,94.4629356281499,94.4629356281499,94.4629356281499,0
2026-07-18 06:00:00+00:00,94.4629356281499,94.4629356281499,94.4629356281499,0
2026-07-18 06:15:00+00:00,94.4629356281499,94.4629356281499,94.4629356281499,0
2026-07-18 06:30:00+00:00,94.4629356281499,94.4629356281499,94.4629356281499,0
2026-07-18 06:45:00+00:00,94.4629356281499,94.4629356281499,94.4629356281499,0
2026-07-18 07:00:00+00:00,94.4629356281499,94.4629356281499,94.4629356281499,0
2026-07-18 07:15:00+00:00,94.4629356281499,94.4629356281499,94.4629356281499,0
2026-07-18 07:30:00+00:00,94.4629356281499,94.4629356281499,94.4629356281499,0
2026-07-18 07:45:00+00:00,94.4629356281499,94.4629356281499,94.4629356281499,0
2026-07-18 08:00:00+00:00,94.4629356281499,94.4629356281499,94.4629356281499,0
2026-07-18 08:15:00+00:00,94.4629356281499,94.4629356281499,94.4629356281499,0
2026-07-18 08:30:00+00:00,94.4629356281499,94.4629356281499,94.4629356281499,0
2026-07-18 08:45:00+00:00,94.39598279614592,94.38813882551156,94.457769752833,1
2026-07-18 09:00:00+00:00,94.30700275426211,94.22317031810712,94.457769752833,1
2026-07-18 09:15:00+00:00,94.25528157289165,94.19645179313372,94.457769752833,1
2026-07-18 09:30:00+00:00,94.89603592408804,94.24719247817492,94.457769752833,1
2026-07-18 09:45:00+00:00,95.0053612648048,94.7440589930468,94.457769752833,1
2026-07-18 10:00:00+00:00,94.9864867104658,94.74577486162308,94.457769752833,1
2026-07-18 10:15:00+00:00,95.17351638527944,94.97226951369096,94.457769752833,1
2026-07-18 10:30:00+00:00,95.24950485080004,95.10488164222856,94.457769752833,1
2026-07-18 10:45:00+00:00,95.07865336541984,94.91638122292098,94.457769752833,1
2026-07-18 11:00:00+00:00,95.11051949612202,94.95731694466916,94.457769752833,1
2026-07-18 11:15:00+00:00,95.15464183094043,94.98771233087744,94.457769752833,1
2026-07-18 11:30:00+00:00,95.18479209306636,95.10757800713414,94.457769752833,1
2026-07-18 11:45:00+00:00,95.05683732209296,95.03404078243676,94.457769752833,1
2026-07-18 12:00:00+00:00,95.13511568720584,94.97872652268276,94.457608411602,1
2026-07-18 12:15:00+00:00,95.14246940967556,95.06672606823729,94.457608411602,1
2026-07-18 12:30:00+00:00,95.2066919192446,94.96475444999028,94.457608411602,1
2026-07-18 12:45:00+00:00,95.21516691487886,95.0575599963585,94.44971762084664,2
2026-07-18 13:00:00+00:00,95.40316135319313,95.16801912170696,94.44971762084664,2
2026-07-18 13:15:00+00:00,95.43593472808064,95.14370395306328,94.44971762084664,2
2026-07-18 13:30:00+00:00,95.62586587380297,95.29889286482512,94.44971762084664,2
2026-07-18 13:45:00+00:00,95.53883610735612,95.42012673257425,94.44971762084664,2
2026-07-18 14:00:00+00:00,95.59720317139956,95.22920653810075,94.44971762084664,2
2026-07-18 14:15:00+00:00,95.60206061935978,95.45748244447456,94.44971762084664,2
2026-07-18 14:30:00+00:00,95.59495202097236,95.4090690128118,94.44971762084664,2
2026-07-18 14:45:00+00:00,95.29796811940372,95.2077996243802,94.44971762084664,2
2026-07-18 15:00:00+00:00,95.02430817292785,94.91553168209091,94.44971762084664,2
2026-07-18 15:15:00+00:00,95.19101113254452,94.85657899728812,94.44971762084664,2
2026-07-18 15:30:00+00:00,95.07867498390308,94.98025230623894,94.44971762084664,2
2026-07-18 15:45:00+00:00,95.03107302743857,94.89522355052992,94.44971762084664,2
2026-07-18 16:00:00+00:00,94.6918809634744,94.49167033912312,94.44881497773396,2
2026-07-18 16:15:00+00:00,94.73219350079891,94.56904843057936,94.44881497773396,2
2026-07-18 16:30:00+00:00,95.09955013444544,94.49413406557538,94.44881497773396,2
2026-07-18 16:45:00+00:00,95.22484069217818,95.04068033660836,94.44881497773396,2
2026-07-18 17:00:00+00:00,95.15697455543904,94.9346402287562,94.44881497773396,2
2026-07-18 17:15:00+00:00,94.95068764673036,94.87813878477664,94.44881497773396,2
2026-07-18 17:30:00+00:00,94.96497022923482,94.8569369770592,94.44881497773396,2
2026-07-18 17:45:00+00:00,95.17159016459856,94.90006023191236,94.44881497773396,2
2026-07-18 18:00:00+00:00,95.10924467832254,94.97031114134523,94.44881497773396,2
2026-07-18 18:15:00+00:00,95.05308697821968,94.91264946268367,94.44881497773396,2
2026-07-18 18:30:00+00:00,94.9346677612064,94.7809467431312,94.44881497773396,2
2026-07-18 18:45:00+00:00,94.99662589990297,94.85493311551411,94.26200471311752,1
2026-07-18 19:00:00+00:00,94.92897165318138,94.87406385874068,94.26200471311752,1
2026-07-18 19:15:00+00:00,94.93975711280366,94.89195791675036,94.26200471311752,1
2026-07-18 19:30:00+00:00,94.90568486536056,94.89391890940897,94.26200471311752,1
2026-07-18 19:45:00+00:00,95.00839185585454,94.85004169867288,94.26200471311752,1
2026-07-18 20:00:00+00:00,94.92349609289606,94.87520664867812,94.261676758561,1
2026-07-18 20:15:00+00:00,94.8801091303246,94.86491143722048,94.261676758561,1
2026-07-18 20:30:00+00:00,94.94065477865878,94.86907854662,94.261676758561,1
2026-07-18 20:45:00+00:00,94.93821756837032,94.91467162593236,94.93821756837032,0
2026-07-18 21:00:00+00:00,94.93821756837032,94.93821756837032,94.93821756837032,0
2026-07-18 21:15:00+00:00,94.93821756837032,94.93821756837032,94.93821756837032,0
2026-07-18 21:30:00+00:00,94.93821756837032,94.93821756837032,94.93821756837032,0
2026-07-18 21:45:00+00:00,94.90001474584416,94.84061253986364,94.92380220290744,1
2026-07-18 22:00:00+00:00,94.84373897175732,94.81560108471392,94.92380220290744,1
2026-07-18 22:15:00+00:00,94.7812103338831,94.68741737707175,94.92380220290744,1
2026-07-18 22:30:00+00:00,94.65927949002834,94.61238301162268,94.92380220290744,1
2026-07-18 22:45:00+00:00,94.72493455979628,94.61550944351636,94.92380220290744,1
2026-07-18 23:00:00+00:00,94.66240592192206,94.6436473305598,94.92380220290744,1
2026-07-18 23:15:00+00:00,94.79684249335166,94.65927949002834,94.92380220290744,1
2026-07-18 23:30:00+00:00,94.83748610796992,94.76557817441454,94.92380220290744,1
2026-07-18 23:45:00+00:00,94.68116451328432,94.68116451328432,94.92380220290744,1
2026-07-19 00:00:00+00:00,94.71099927123804,94.66722922472609,94.92237264192406,1
2026-07-19 00:15:00+00:00,94.82980368319907,94.57968913170215,94.92237264192406,1
2026-07-19 00:30:00+00:00,95.0424010519715,94.76414861343116,94.92237264192406,1
2026-07-19 00:45:00+00:00,94.86732086592365,94.7266314307066,94.92237264192406,1
2026-07-19 01:00:00+00:00,94.99863100545952,94.87357372971104,94.92237264192406,1
2026-07-19 01:15:00+00:00,95.01113673303438,95.00175743735323,94.92237264192406,1
2026-07-19 01:30:00+00:00,94.89545875296704,94.80166579615567,94.92237264192406,1
2026-07-19 01:45:00+00:00,94.87357372971104,94.84543584266764,94.92237264192406,1
2026-07-19 02:00:00+00:00,94.87670016160476,94.81729795562424,94.92237264192406,1
2026-07-19 02:15:00+00:00,94.72350499881288,94.6984935436632,94.92237264192406,1
2026-07-19 02:30:00+00:00,94.72037856691918,94.67348208851352,94.92237264192406,1
2026-07-19 02:45:00+00:00,94.78290720479342,94.70474640745064,94.92237264192406,1
2026-07-19 03:00:00+00:00,94.70474640745064,94.6703556566198,94.92237264192406,1
2026-07-19 03:15:00+00:00,94.2254272066446,94.2254272066446,94.2254272066446,0
2026-07-19 03:30:00+00:00,94.2254272066446,94.2254272066446,94.2254272066446,0
2026-07-19 03:45:00+00:00,94.2254272066446,94.2254272066446,94.2254272066446,0
2026-07-19 04:00:00+00:00,94.2254272066446,94.2254272066446,94.2254272066446,0
2026-07-19 04:15:00+00:00,94.2254272066446,94.2254272066446,94.2254272066446,0
2026-07-19 04:30:00+00:00,94.2254272066446,94.2254272066446,94.2254272066446,0
2026-07-19 04:45:00+00:00,94.2254272066446,94.2254272066446,94.2254272066446,0
2026-07-19 05:00:00+00:00,94.2254272066446,94.2254272066446,94.2254272066446,0
2026-07-19 05:15:00+00:00,94.2254272066446,94.2254272066446,94.2254272066446,0
2026-07-19 05:30:00+00:00,94.2254272066446,94.2254272066446,94.2254272066446,0
2026-07-19 05:45:00+00:00,94.2254272066446,94.2254272066446,94.2254272066446,0
2026-07-19 06:00:00+00:00,94.2254272066446,94.2254272066446,94.2254272066446,0
2026-07-19 06:15:00+00:00,94.2254272066446,94.2254272066446,94.2254272066446,0
2026-07-19 06:30:00+00:00,94.2254272066446,94.2254272066446,94.2254272066446,0
2026-07-19 06:45:00+00:00,94.2254272066446,94.2254272066446,94.2254272066446,0
2026-07-19 07:00:00+00:00,94.2254272066446,94.2254272066446,94.2254272066446,0
2026-07-19 07:15:00+00:00,94.2254272066446,94.2254272066446,94.2254272066446,0
2026-07-19 07:30:00+00:00,94.2254272066446,94.2254272066446,94.2254272066446,0
2026-07-19 07:45:00+00:00,94.2254272066446,94.2254272066446,94.2254272066446,0
2026-07-19 08:00:00+00:00,94.2254272066446,94.2254272066446,94.2254272066446,0
2026-07-19 08:15:00+00:00,94.2254272066446,94.2254272066446,94.2254272066446,0
2026-07-19 08:30:00+00:00,94.2254272066446,94.2254272066446,94.2254272066446,0
2026-07-19 08:45:00+00:00,94.2254272066446,94.2254272066446,94.2254272066446,0
2026-07-19 09:00:00+00:00,94.2254272066446,94.2254272066446,94.2254272066446,0
2026-07-19 09:15:00+00:00,94.2254272066446,94.2254272066446,94.2254272066446,0
2026-07-19 09:30:00+00:00,94.2254272066446,94.2254272066446,94.2254272066446,0
2026-07-19 09:45:00+00:00,94.2254272066446,94.2254272066446,94.2254272066446,0
2026-07-19 10:00:00+00:00,94.2254272066446,94.2254272066446,94.2254272066446,0
2026-07-19 10:15:00+00:00,94.2254272066446,94.2254272066446,94.2254272066446,0
2026-07-19 10:30:00+00:00,94.2254272066446,94.2254272066446,94.2254272066446,0
2026-07-19 10:45:00+00:00,94.2254272066446,94.2254272066446,94.2254272066446,0
2026-07-19 11:00:00+00:00,94.2254272066446,94.2254272066446,94.2254272066446,0
2026-07-19 11:15:00+00:00,94.2254272066446,94.2254272066446,94.2254272066446,0
2026-07-19 11:30:00+00:00,94.2254272066446,94.2254272066446,94.2254272066446,0
2026-07-19 11:45:00+00:00,94.2254272066446,94.2254272066446,94.2254272066446,0
2026-07-19 12:00:00+00:00,94.2254272066446,94.2254272066446,94.2254272066446,0
2026-07-19 12:15:00+00:00,94.2254272066446,94.2254272066446,94.2254272066446,0
2026-07-19 12:30:00+00:00,94.2254272066446,94.2254272066446,94.2254272066446,0
2026-07-19 12:45:00+00:00,94.2254272066446,94.2254272066446,94.2254272066446,0
2026-07-19 13:00:00+00:00,94.2254272066446,94.2254272066446,94.2254272066446,0
2026-07-19 13:15:00+00:00,94.2254272066446,94.2254272066446,94.2254272066446,0
2026-07-19 13:30:00+00:00,94.2254272066446,94.2254272066446,94.2254272066446,0
2026-07-19 13:45:00+00:00,94.2254272066446,94.2254272066446,94.2254272066446,0
2026-07-19 14:00:00+00:00,94.2254272066446,94.2254272066446,94.2254272066446,0
2026-07-19 14:15:00+00:00,94.2254272066446,94.2254272066446,94.2254272066446,0
2026-07-19 14:30:00+00:00,94.18791816566576,94.142604068964,94.21791899007144,1
2026-07-19 14:45:00+00:00,94.10243199741991,94.06836608075054,94.21791899007144,1
2026-07-19 15:00:00+00:00,94.3328589997968,94.08797005166406,94.21791899007144,1
2026-07-19 15:15:00+00:00,94.20977177258573,94.20977177258573,94.21791899007144,1
2026-07-19 15:30:00+00:00,94.37431657763032,94.20977177258573,94.21791899007144,1
2026-07-19 15:45:00+00:00,94.3431430501121,94.26954781504332,94.21791899007144,1
2026-07-19 16:00:00+00:00,94.41051786486588,94.3034994662724,94.21716197148643,1
2026-07-19 16:15:00+00:00,94.15663037270724,94.1039246148414,94.21716197148643,1
2026-07-19 16:30:00+00:00,94.19680244425132,94.097175706822,94.21716197148643,1
2026-07-19 16:45:00+00:00,94.09267643480904,94.03804241750908,94.21716197148643,1
2026-07-19 17:00:00+00:00,94.32149655432416,94.02807974376614,94.21716197148643,1
2026-07-19 17:15:00+00:00,94.38159397335411,94.24886544897244,94.21716197148643,1
2026-07-19 17:30:00+00:00,94.37163129961118,94.34592117382296,94.21716197148643,1
2026-07-19 17:45:00+00:00,94.1270637280508,94.04832646782435,94.21716197148643,1
2026-07-19 18:00:00+00:00,94.16595029330546,94.08721303307904,94.21716197148643,1
2026-07-19 18:15:00+00:00,93.96091204014444,93.92684612347504,94.21716197148643,1
2026-07-19 18:30:00+00:00,94.0942833176708,93.92748887661976,94.21716197148643,1
2026-07-19 18:45:00+00:00,94.13799053151077,94.0582891415673,94.21716197148643,1
2026-07-19 19:00:00+00:00,94.18330462821253,94.086248903362,94.21716197148643,1
2026-07-19 19:15:00+00:00,94.16530754016075,94.07757173590846,94.21716197148643,1
2026-07-19 19:30:00+00:00,94.1338126360702,94.11228040572256,94.21716197148643,1
2026-07-19 19:45:00+00:00,94.0949260708155,94.07082282788906,94.21716197148643,1
2026-07-19 20:00:00+00:00,94.0318343059168,94.0202647493121,94.21641726162414,1
2026-07-19 20:15:00+00:00,94.063007833435,93.98619883264271,94.21641726162414,1
2026-07-19 20:30:00+00:00,94.01154822399458,93.97912854805097,94.01154822399458,0
2026-07-19 20:45:00+00:00,94.01154822399458,94.01154822399458,94.01154822399458,0
2026-07-19 21:00:00+00:00,94.01154822399458,94.01154822399458,94.01154822399458,0
2026-07-19 21:15:00+00:00,94.01154822399458,94.01154822399458,94.01154822399458,0
2026-07-19 21:30:00+00:00,94.01154822399458,94.01154822399458,94.01154822399458,0
2026-07-19 21:45:00+00:00,94.01154822399458,94.01154822399458,94.01154822399458,0
2026-07-19 22:00:00+00:00,94.01154822399458,94.01154822399458,94.01154822399458,0
2026-07-19 22:15:00+00:00,94.01154822399458,94.01154822399458,94.01154822399458,0
2026-07-19 22:30:00+00:00,94.01154822399458,94.01154822399458,94.01154822399458,0
2026-07-19 22:45:00+00:00,94.01154822399458,94.01154822399458,94.01154822399458,0
2026-07-19 23:00:00+00:00,94.01154822399458,94.01154822399458,94.01154822399458,0
2026-07-19 23:15:00+00:00,94.01154822399458,94.01154822399458,94.01154822399458,0
2026-07-19 23:30:00+00:00,94.01154822399458,94.01154822399458,94.01154822399458,0
2026-07-19 23:45:00+00:00,94.01154822399458,94.01154822399458,94.01154822399458,0
2026-07-20 00:00:00+00:00,94.01154822399458,94.01154822399458,94.01154822399458,0
2026-07-20 00:15:00+00:00,94.01154822399458,94.01154822399458,94.01154822399458,0
2026-07-20 00:30:00+00:00,94.01154822399458,94.01154822399458,94.01154822399458,0
2026-07-20 00:45:00+00:00,94.01154822399458,94.01154822399458,94.01154822399458,0
2026-07-20 01:00:00+00:00,94.01154822399458,94.01154822399458,94.01154822399458,0
2026-07-20 01:15:00+00:00,94.01154822399458,94.01154822399458,94.01154822399458,0
2026-07-20 01:30:00+00:00,94.01154822399458,94.01154822399458,94.01154822399458,0
2026-07-20 01:45:00+00:00,94.01154822399458,94.01154822399458,94.01154822399458,0
2026-07-20 02:00:00+00:00,94.01154822399458,94.01154822399458,94.01154822399458,0
2026-07-20 02:15:00+00:00,94.01154822399458,94.01154822399458,94.01154822399458,0
2026-07-20 02:30:00+00:00,94.01154822399458,94.01154822399458,94.01154822399458,0
2026-07-20 02:45:00+00:00,94.01154822399458,94.01154822399458,94.01154822399458,0
2026-07-20 03:00:00+00:00,94.01154822399458,94.01154822399458,94.01154822399458,0
2026-07-20 03:15:00+00:00,94.01154822399458,94.01154822399458,94.01154822399458,0
2026-07-20 03:30:00+00:00,94.01154822399458,94.01154822399458,94.01154822399458,0
2026-07-20 03:45:00+00:00,94.01154822399458,94.01154822399458,94.01154822399458,0
2026-07-20 04:00:00+00:00,94.01154822399458,94.01154822399458,94.01154822399458,0
2026-07-20 04:15:00+00:00,94.01154822399458,94.01154822399458,94.01154822399458,0
2026-07-20 04:30:00+00:00,94.01154822399458,94.01154822399458,94.01154822399458,0
2026-07-20 04:45:00+00:00,94.01154822399458,94.01154822399458,94.01154822399458,0
2026-07-20 05:00:00+00:00,94.01154822399458,94.01154822399458,94.01154822399458,0
2026-07-20 05:15:00+00:00,94.01154822399458,94.01154822399458,94.01154822399458,0
2026-07-20 05:30:00+00:00,94.01154822399458,94.01154822399458,94.01154822399458,0
2026-07-20 05:45:00+00:00,94.01154822399458,94.01154822399458,94.01154822399458,0
2026-07-20 06:00:00+00:00,94.01154822399458,94.01154822399458,94.01154822399458,0
2026-07-20 06:15:00+00:00,94.01154822399458,94.01154822399458,94.01154822399458,0
2026-07-20 06:30:00+00:00,94.01154822399458,94.01154822399458,94.01154822399458,0
2026-07-20 06:45:00+00:00,94.01154822399458,94.01154822399458,94.01154822399458,0
2026-07-20 07:00:00+00:00,94.01154822399458,94.01154822399458,94.01154822399458,0
2026-07-20 07:15:00+00:00,94.01154822399458,94.01154822399458,94.01154822399458,0
2026-07-20 07:30:00+00:00,94.01154822399458,94.01154822399458,94.01154822399458,0
2026-07-20 07:45:00+00:00,94.01154822399458,94.01154822399458,94.01154822399458,0
2026-07-20 08:00:00+00:00,94.01154822399458,94.01154822399458,94.01154822399458,0
2026-07-20 08:15:00+00:00,94.01154822399458,94.01154822399458,94.01154822399458,0
2026-07-20 08:30:00+00:00,94.01154822399458,94.01154822399458,94.01154822399458,0
2026-07-20 08:45:00+00:00,94.01154822399458,94.01154822399458,94.01154822399458,0
2026-07-20 09:00:00+00:00,94.01154822399458,94.01154822399458,94.01154822399458,0
2026-07-20 09:15:00+00:00,94.01154822399458,94.01154822399458,94.01154822399458,0
2026-07-20 09:30:00+00:00,94.01154822399458,94.01154822399458,94.01154822399458,0
2026-07-20 09:45:00+00:00,94.01154822399458,94.01154822399458,94.01154822399458,0
2026-07-20 10:00:00+00:00,94.01154822399458,94.01154822399458,94.01154822399458,0
2026-07-20 10:15:00+00:00,94.01154822399458,94.01154822399458,94.01154822399458,0
2026-07-20 10:30:00+00:00,94.01154822399458,94.01154822399458,94.01154822399458,0
2026-07-20 10:45:00+00:00,94.01154822399458,94.01154822399458,94.01154822399458,0
2026-07-20 11:00:00+00:00,94.01154822399458,94.01154822399458,94.01154822399458,0
2026-07-20 11:15:00+00:00,94.01154822399458,94.01154822399458,94.01154822399458,0
2026-07-20 11:30:00+00:00,94.01154822399458,94.01154822399458,94.01154822399458,0
2026-07-20 11:45:00+00:00,94.01154822399458,94.01154822399458,94.01154822399458,0
2026-07-20 12:00:00+00:00,94.01154822399458,94.01154822399458,94.01154822399458,0
2026-07-20 12:15:00+00:00,94.01154822399458,94.01154822399458,94.01154822399458,0
2026-07-20 12:30:00+00:00,94.01154822399458,94.01154822399458,94.01154822399458,0
2026-07-20 12:45:00+00:00,94.0718092441292,93.9631645481995,93.99722959876873,1
2026-07-20 13:00:00+00:00,94.09156282520732,94.03230208197294,93.99722959876873,1
2026-07-20 13:15:00+00:00,93.95328775766043,93.92365738604325,93.99722959876873,1
2026-07-20 13:30:00+00:00,94.06193245359012,93.8545198522698,93.99722959876873,1
2026-07-20 13:45:00+00:00,93.7162447847229,93.65698404148851,93.99722959876873,1
2026-07-20 14:00:00+00:00,93.50883218340256,93.43969464962912,93.99722959876873,1
2026-07-20 14:15:00+00:00,93.33315406327594,93.25700986705608,93.30352783134792,1
2026-07-20 14:30:00+00:00,93.26448423376902,93.24159429060006,93.30352783134792,1
2026-07-20 14:45:00+00:00,93.2674377748231,93.21722757690408,93.30352783134792,1
2026-07-20 15:00:00+00:00,93.384841031722,93.26153069271496,93.30352783134792,1
2026-07-20 15:15:00+00:00,93.32798536643134,93.2770367832488,93.30352783134792,1
2026-07-20 15:30:00+00:00,93.34792176854624,93.3021418822083,93.30352783134792,1
2026-07-20 15:45:00+00:00,93.33832276012056,93.2977115706272,93.30352783134792,1
2026-07-20 16:00:00+00:00,93.3053684509664,93.24555924462167,93.30306247378846,1
2026-07-20 16:15:00+00:00,93.29798459833128,93.2514663267298,93.30306247378846,1
2026-07-20 16:30:00+00:00,93.24925117093926,93.23005315408788,93.30306247378846,1
2026-07-20 16:45:00+00:00,93.34026436856696,93.19814486490748,93.283338813707,2
2026-07-20 17:00:00+00:00,93.26271035982867,93.23317494928808,93.283338813707,2
2026-07-20 17:15:00+00:00,93.34980448681966,93.1607543032906,93.283338813707,2
2026-07-20 17:30:00+00:00,93.43766055514337,93.28568673427044,93.283338813707,2
2026-07-20 17:45:00+00:00,93.7192248862652,93.41772415302846,93.283338813707,2
2026-07-20 18:00:00+00:00,94.00760356227369,93.7090328140218,93.283338813707,2
2026-07-20 18:15:00+00:00,94.00552194989432,93.8777224091332,93.283338813707,2
2026-07-20 18:30:00+00:00,93.78244715407055,93.67182290795446,93.283338813707,2
2026-07-20 18:45:00+00:00,93.74696932731804,93.6638106573978,93.283338813707,2
2026-07-20 19:00:00+00:00,93.6114835129956,93.58076197481952,93.283338813707,2
2026-07-20 19:15:00+00:00,93.81894223094356,93.58031423244758,93.283338813707,2
2026-07-20 19:30:00+00:00,93.82634963964792,93.67343322189268,93.283338813707,2
2026-07-20 19:45:00+00:00,93.81436659791667,93.73931838786052,93.283338813707,2
2026-07-20 20:00:00+00:00,93.74714359408266,93.62377436490264,93.28172211098384,2
2026-07-20 20:15:00+00:00,93.6303042379792,93.6047334475316,93.59327236321036,1
2026-07-20 20:30:00+00:00,93.69768973054325,93.6303042379792,93.59327236321036,1
2026-07-20 20:45:00+00:00,93.66577028669712,93.6196644233638,93.59327236321036,1
2026-07-20 21:00:00+00:00,93.73315577926118,93.65513047208174,93.59327236321036,1
2026-07-20 21:15:00+00:00,93.7154227549022,93.70478294028683,93.59327236321036,1
2026-07-20 21:30:00+00:00,93.72745678176804,93.65882598076712,93.58102529804913,2
2026-07-20 21:45:00+00:00,93.56853690965782,93.53518283693602,93.58102529804913,2
2026-07-20 22:00:00+00:00,93.35019142228636,93.1148701923112,93.58102529804913,2
2026-07-20 22:15:00+00:00,93.24216932681811,93.18753562486556,93.58102529804913,2
2026-07-20 22:30:00+00:00,93.07117501121684,93.0261251358816,93.58102529804913,2
2026-07-20 22:45:00+00:00,93.0804494763577,93.0628364930364,93.42623114826468,1
2026-07-20 23:00:00+00:00,93.17217317634268,93.0637724399968,93.42623114826468,1
2026-07-20 23:15:00+00:00,93.21386576724493,93.17217317634268,93.42623114826468,1
2026-07-20 23:30:00+00:00,93.28057391268854,93.20552724906447,93.42623114826468,1
2026-07-20 23:45:00+00:00,93.26389687632764,93.23054280360584,93.42623114826468,1
2026-07-21 00:00:00+00:00,93.17807768106624,93.1697391628858,93.4237971348078,1
2026-07-21 00:15:00+00:00,93.2364473083294,93.16140064470534,93.4237971348078,1
2026-07-21 00:30:00+00:00,93.40321767193844,93.22810879014897,93.4237971348078,1
2026-07-21 00:45:00+00:00,93.46992581738206,93.38654063557756,93.4237971348078,1
2026-07-21 01:00:00+00:00,93.46992581738206,93.4115561901189,93.4237971348078,1
2026-07-21 01:15:00+00:00,93.394879153758,93.3615250810362,93.4237971348078,1
2026-07-21 01:30:00+00:00,93.31983249013392,93.28647841741213,93.4237971348078,1
2026-07-21 01:45:00+00:00,93.29481693559258,93.26146286287076,93.4237971348078,1
2026-07-21 02:00:00+00:00,93.3615250810362,93.28647841741213,93.4237971348078,1
2026-07-21 02:15:00+00:00,93.2197702719685,93.2030932356076,93.4237971348078,1
2026-07-21 02:30:00+00:00,93.31149397195348,93.2197702719685,93.4237971348078,1
2026-07-21 02:45:00+00:00,93.31149397195348,93.22810879014897,93.4237971348078,1
2026-07-21 03:00:00+00:00,93.394879153758,93.30315545377302,93.4237971348078,1
2026-07-21 03:15:00+00:00,93.44491026284072,93.3782021173971,93.4237971348078,1
2026-07-21 03:30:00+00:00,93.37042005771964,93.37042005771964,93.37042005771964,0
2026-07-21 03:45:00+00:00,93.37042005771964,93.37042005771964,93.37042005771964,0
2026-07-21 04:00:00+00:00,93.37042005771964,93.37042005771964,93.37042005771964,0
2026-07-21 04:15:00+00:00,93.37042005771964,93.37042005771964,93.37042005771964,0
2026-07-21 04:30:00+00:00,93.37042005771964,93.37042005771964,93.37042005771964,0
2026-07-21 04:45:00+00:00,93.37042005771964,93.37042005771964,93.37042005771964,0
2026-07-21 05:00:00+00:00,93.37042005771964,93.37042005771964,93.37042005771964,0
2026-07-21 05:15:00+00:00,93.37042005771964,93.37042005771964,93.37042005771964,0
2026-07-21 05:30:00+00:00,93.37042005771964,93.37042005771964,93.37042005771964,0
2026-07-21 05:45:00+00:00,93.37042005771964,93.37042005771964,93.37042005771964,0
2026-07-21 06:00:00+00:00,93.37042005771964,93.37042005771964,93.37042005771964,0
2026-07-21 06:15:00+00:00,93.37042005771964,93.37042005771964,93.37042005771964,0
2026-07-21 06:30:00+00:00,93.37042005771964,93.37042005771964,93.37042005771964,0
2026-07-21 06:45:00+00:00,93.37042005771964,93.37042005771964,93.37042005771964,0
2026-07-21 07:00:00+00:00,93.37042005771964,93.37042005771964,93.37042005771964,0
2026-07-21 07:15:00+00:00,93.37042005771964,93.37042005771964,93.37042005771964,0
2026-07-21 07:30:00+00:00,93.37042005771964,93.37042005771964,93.37042005771964,0
2026-07-21 07:45:00+00:00,93.37042005771964,93.37042005771964,93.37042005771964,0
2026-07-21 08:00:00+00:00,93.37042005771964,93.37042005771964,93.37042005771964,0
2026-07-21 08:15:00+00:00,93.37042005771964,93.37042005771964,93.37042005771964,0
2026-07-21 08:30:00+00:00,93.37042005771964,93.37042005771964,93.37042005771964,0
2026-07-21 08:45:00+00:00,93.37042005771964,93.37042005771964,93.37042005771964,0
2026-07-21 09:00:00+00:00,93.37042005771964,93.37042005771964,93.37042005771964,0
2026-07-21 09:15:00+00:00,93.37042005771964,93.37042005771964,93.37042005771964,0
2026-07-21 09:30:00+00:00,93.37042005771964,93.37042005771964,93.37042005771964,0
2026-07-21 09:45:00+00:00,93.37042005771964,93.37042005771964,93.37042005771964,0
2026-07-21 10:00:00+00:00,93.402022384457,93.14617707219992,93.36480787200912,1
2026-07-21 10:15:00+00:00,93.5974750264388,93.34492385983312,93.36480787200912,1
2026-07-21 10:30:00+00:00,93.63151453150306,93.47998383153964,93.36480787200912,1
2026-07-21 10:45:00+00:00,93.47888578298918,93.44374822937448,93.36480787200912,1
2026-07-21 11:00:00+00:00,93.6359067257049,93.4646111518332,93.36480787200912,1
2026-07-21 11:15:00+00:00,93.82477107638394,93.63371062860398,93.36480787200912,1
2026-07-21 11:30:00+00:00,93.79182961987014,93.76767255176004,93.36480787200912,1
2026-07-21 11:45:00+00:00,93.74241743509948,93.69849549308108,93.36480787200912,1
2026-07-21 12:00:00+00:00,93.72290553369044,93.6778855431216,93.36396279595787,1
2026-07-21 12:15:00+00:00,93.74596455325008,93.5395314257637,93.36396279595787,1
2026-07-21 12:30:00+00:00,93.65921871776378,93.63615969820414,93.36396279595787,1
2026-07-21 12:45:00+00:00,93.60102214458942,93.59992409603896,93.36396279595787,1
2026-07-21 13:00:00+00:00,93.57137483372702,93.55710020257104,93.36396279595787,1
2026-07-21 13:15:00+00:00,93.76902357280974,93.57247288227748,93.36396279595787,1
2026-07-21 13:30:00+00:00,93.884318670608,93.7536508931033,93.36396279595787,1
2026-07-21 13:45:00+00:00,93.81514161192904,93.7865923496171,93.36396279595787,1
2026-07-21 14:00:00+00:00,93.72180748513998,93.65812066921332,93.36396279595787,1
2026-07-21 14:15:00+00:00,93.6614148148647,93.59553190183712,93.36396279595787,1
2026-07-21 14:30:00+00:00,93.68447383442437,93.56698263952518,93.36396279595787,1
2026-07-21 14:45:00+00:00,93.53843337721324,93.43851095912142,93.36396279595787,1
2026-07-21 15:00:00+00:00,93.6229831155986,93.5120802120022,93.36396279595787,1
2026-07-21 15:15:00+00:00,93.54941386271784,93.50439387214898,93.36396279595787,1
2026-07-21 15:30:00+00:00,93.41654998811222,93.36164756058923,93.36396279595787,1
2026-07-21 15:45:00+00:00,93.51866850330497,93.3978831627544,93.36396279595787,1
2026-07-21 16:00:00+00:00,93.66768480854518,93.51122208324166,93.66768480854518,0
2026-07-21 16:15:00+00:00,93.66768480854518,93.66768480854518,93.66768480854518,0
2026-07-21 16:30:00+00:00,93.66768480854518,93.66768480854518,93.66768480854518,0
2026-07-21 16:45:00+00:00,93.66768480854518,93.66768480854518,93.66768480854518,0
2026-07-21 17:00:00+00:00,93.66768480854518,93.66768480854518,93.66768480854518,0
2026-07-21 17:15:00+00:00,93.66768480854518,93.66768480854518,93.66768480854518,0
2026-07-21 17:30:00+00:00,93.66768480854518,93.66768480854518,93.66768480854518,0
2026-07-21 17:45:00+00:00,93.66768480854518,93.66768480854518,93.66768480854518,0
2026-07-21 18:00:00+00:00,93.66768480854518,93.66768480854518,93.66768480854518,0
2026-07-21 18:15:00+00:00,93.66768480854518,93.66768480854518,93.66768480854518,0
2026-07-21 18:30:00+00:00,93.66768480854518,93.66768480854518,93.66768480854518,0
2026-07-21 18:45:00+00:00,93.66768480854518,93.66768480854518,93.66768480854518,0
2026-07-21 19:00:00+00:00,93.66768480854518,93.66768480854518,93.66768480854518,0
2026-07-21 19:15:00+00:00,93.66768480854518,93.66768480854518,93.66768480854518,0
2026-07-21 19:30:00+00:00,93.66768480854518,93.66768480854518,93.66768480854518,0
2026-07-21 19:45:00+00:00,93.66768480854518,93.66768480854518,93.66768480854518,0
2026-07-21 20:00:00+00:00,93.66768480854518,93.66768480854518,93.66768480854518,0
2026-07-21 20:15:00+00:00,93.66768480854518,93.66768480854518,93.66768480854518,0
2026-07-21 20:30:00+00:00,93.66768480854518,93.66768480854518,93.66768480854518,0
2026-07-21 20:45:00+00:00,93.66768480854518,93.66768480854518,93.66768480854518,0
2026-07-21 21:00:00+00:00,93.66768480854518,93.66768480854518,93.66768480854518,0
2026-07-21 21:15:00+00:00,93.66768480854518,93.66768480854518,93.66768480854518,0
2026-07-21 21:30:00+00:00,93.66768480854518,93.66768480854518,93.66768480854518,0
2026-07-21 21:45:00+00:00,93.66768480854518,93.66768480854518,93.66768480854518,0
2026-07-21 22:00:00+00:00,93.66768480854518,93.66768480854518,93.66768480854518,0
2026-07-21 22:15:00+00:00,93.66768480854518,93.66768480854518,93.66768480854518,0
2026-07-21 22:30:00+00:00,93.66768480854518,93.66768480854518,93.66768480854518,0
2026-07-21 22:45:00+00:00,93.66768480854518,93.66768480854518,93.66768480854518,0
2026-07-21 23:00:00+00:00,93.66768480854518,93.66768480854518,93.66768480854518,0
2026-07-21 23:15:00+00:00,93.66768480854518,93.66768480854518,93.66768480854518,0
2026-07-21 23:30:00+00:00,93.66768480854518,93.66768480854518,93.66768480854518,0
2026-07-21 23:45:00+00:00,93.66768480854518,93.66768480854518,93.66768480854518,0
2026-07-22 00:00:00+00:00,93.66768480854518,93.66768480854518,93.66768480854518,0
2026-07-22 00:15:00+00:00,93.66768480854518,93.66768480854518,93.66768480854518,0
2026-07-22 00:30:00+00:00,93.66768480854518,93.66768480854518,93.66768480854518,0
2026-07-22 00:45:00+00:00,93.66768480854518,93.66768480854518,93.66768480854518,0
2026-07-22 01:00:00+00:00,93.66768480854518,93.66768480854518,93.66768480854518,0
2026-07-22 01:15:00+00:00,93.66768480854518,93.66768480854518,93.66768480854518,0
2026-07-22 01:30:00+00:00,93.66768480854518,93.66768480854518,93.66768480854518,0
2026-07-22 01:45:00+00:00,93.66768480854518,93.66768480854518,93.66768480854518,0
2026-07-22 02:00:00+00:00,93.66768480854518,93.66768480854518,93.66768480854518,0
2026-07-22 02:15:00+00:00,93.66768480854518,93.66768480854518,93.66768480854518,0
2026-07-22 02:30:00+00:00,93.5629552752355,93.51719158974592,93.65844120500952,1
2026-07-22 02:45:00+00:00,93.76361143468982,93.44326563626277,93.65844120500952,1
2026-07-22 03:00:00+00:00,93.7917737026834,93.61751966947308,93.65844120500952,1
2026-07-22 03:15:00+00:00,93.86921993966575,93.77769256868662,93.65844120500952,1
2026-07-22 03:30:00+00:00,93.76537157643942,93.68440505595784,93.65844120500952,1
2026-07-22 03:45:00+00:00,93.50839088099792,93.42214393526756,93.65844120500952,1
2026-07-22 04:00:00+00:00,93.6481980594944,93.46866360103527,93.65743704353804,1
2026-07-22 04:15:00+00:00,93.73796528872396,93.53378884577046,93.65743704353804,1
2026-07-22 04:30:00+00:00,93.97558442491987,93.72564429647676,93.65743704353804,1
2026-07-22 04:45:00+00:00,94.05831108715104,93.85061436069832,93.65743704353804,1
2026-07-22 05:00:00+00:00,93.87701648694232,93.79076954121194,93.65743704353804,1
2026-07-22 05:15:00+00:00,93.9227801724319,93.81189124220714,93.65743704353804,1
2026-07-22 05:30:00+00:00,94.10407477264062,93.85941506944631,93.65743704353804,1
2026-07-22 05:45:00+00:00,93.97382428317027,93.9351011646791,93.65743704353804,1
2026-07-22 06:00:00+00:00,93.8946179044383,93.75556670621997,93.65743704353804,1
2026-07-22 06:15:00+00:00,93.83125280145272,93.59715394875604,93.65743704353804,1
2026-07-22 06:30:00+00:00,94.02134811040946,93.81013110045754,93.65743704353804,1
2026-07-22 06:45:00+00:00,94.1304768988846,93.98790541716708,93.65743704353804,1
2026-07-22 07:00:00+00:00,94.29769036509654,94.04951037840304,93.65743704353804,1
2026-07-22 07:15:00+00:00,94.1692000173758,94.07943278814624,93.65743704353804,1
2026-07-22 07:30:00+00:00,94.3980184448237,94.1269566153854,93.65743704353804,1
2026-07-22 07:45:00+00:00,94.26248753010456,94.23080497861176,93.65743704353804,1
2026-07-22 08:00:00+00:00,94.1576838499436,94.10311945570602,93.65648172660346,1
2026-07-22 08:15:00+00:00,94.31433646565796,94.11192016445402,93.65648172660346,1
2026-07-22 08:30:00+00:00,95.1681544273558,94.27913363066595,94.1883704663563,1
2026-07-22 08:45:00+00:00,95.25369731638632,95.04036813633488,94.1883704663563,1
2026-07-22 09:00:00+00:00,95.33079152501875,95.10373323932046,94.1883704663563,1
2026-07-22 09:15:00+00:00,95.42795134959664,95.3065015688743,94.1883704663563,1
2026-07-22 09:30:00+00:00,95.42583917949712,95.24208038083896,94.1883704663563,1
2026-07-22 09:45:00+00:00,95.39204445790484,95.30755765392406,94.1883704663563,1
2026-07-22 10:00:00+00:00,95.57474717151322,95.25264123133655,94.1883704663563,1
2026-07-22 10:15:00+00:00,95.60854189310554,95.39943705325314,94.1883704663563,1
2026-07-22 10:30:00+00:00,95.56313023596589,95.4554095608904,94.1883704663563,1
2026-07-22 10:45:00+00:00,96.0352002532084,95.5441207050702,94.1883704663563,1
2026-07-22 11:00:00+00:00,95.89896528178942,95.8577779648488,94.1883704663563,1
2026-07-22 11:15:00+00:00,95.98239600072044,95.8366562638536,94.1883704663563,1
2026-07-22 11:30:00+00:00,96.07638757014902,95.9253674080334,94.1883704663563,1
2026-07-22 11:45:00+00:00,95.98873251101898,95.94015259873004,94.1883704663563,1
2026-07-22 12:00:00+00:00,95.791568068526,95.71975428514236,94.18552567301909,1
2026-07-22 12:15:00+00:00,95.42911079015776,95.42911079015776,95.42911079015776,0
2026-07-22 12:30:00+00:00,95.42911079015776,95.42911079015776,95.42911079015776,0
2026-07-22 12:45:00+00:00,95.42911079015776,95.42911079015776,95.42911079015776,0
2026-07-22 13:00:00+00:00,95.42911079015776,95.42911079015776,95.42911079015776,0
2026-07-22 13:15:00+00:00,95.42911079015776,95.42911079015776,95.42911079015776,0
2026-07-22 13:30:00+00:00,95.42911079015776,95.42911079015776,95.42911079015776,0
2026-07-22 13:45:00+00:00,95.42911079015776,95.42911079015776,95.42911079015776,0
2026-07-22 14:00:00+00:00,95.54168316712897,95.31769918315096,95.38497933778656,1
2026-07-22 14:15:00+00:00,94.90062555781265,94.8929019721582,95.38497933778656,1
2026-07-22 14:30:00+00:00,95.07054444220972,94.8311132869229,95.38497933778656,1
2026-07-22 14:45:00+00:00,95.30225201184211,95.03192651393766,95.38497933778656,1
2026-07-22 15:00:00+00:00,95.71932563718048,95.30225201184211,95.38497933778656,1
2026-07-22 15:15:00+00:00,96.25997663298942,95.672984123254,95.38497933778656,1
2026-07-22 15:30:00+00:00,96.09778133424672,95.92786244984964,95.38497933778656,1
2026-07-22 15:45:00+00:00,96.0128218920482,95.93558603550404,95.38497933778656,1
2026-07-22 16:00:00+00:00,96.0018997745021,95.8242573044506,95.38178080589488,1
2026-07-22 16:15:00+00:00,95.80108654748736,95.65433842005348,95.38178080589488,1
2026-07-22 16:30:00+00:00,96.32629037198748,95.78563937617852,95.38178080589488,1
2026-07-22 16:45:00+00:00,96.18856780419404,96.00086733119362,95.36879990007306,2
2026-07-22 17:00:00+00:00,96.03182676055548,95.96591833489504,95.36879990007306,2
2026-07-22 17:15:00+00:00,95.75883092210115,95.51776646142326,95.36879990007306,2
2026-07-22 17:30:00+00:00,95.95464070246337,95.59154917928592,95.36879990007306,2
2026-07-22 17:45:00+00:00,95.71926420085744,95.63365475639928,95.36879990007306,2
2026-07-22 18:00:00+00:00,95.50282120820984,95.39677643408253,95.36879990007306,2
2026-07-22 18:15:00+00:00,95.2920661746342,95.24967840629284,95.36879990007306,2
2026-07-22 18:30:00+00:00,94.9809543260032,94.79352075593862,95.36879990007306,2
2026-07-22 18:45:00+00:00,95.16056471350936,94.94282040515075,95.36879990007306,2
2026-07-22 19:00:00+00:00,94.80249454766026,94.6375970205915,95.36879990007306,2
2026-07-22 19:15:00+00:00,94.99701698941186,94.72999654602468,95.36879990007306,2
2026-07-22 19:30:00+00:00,94.99059471946848,94.93989976114906,95.36879990007306,2
2026-07-22 19:45:00+00:00,94.57199000802667,94.48479574543764,95.36879990007306,2
2026-07-22 20:00:00+00:00,94.84898915229611,94.22454978043528,94.69781826538708,1
2026-07-22 20:15:00+00:00,94.75103577485478,94.7045946640243,94.69781826538708,1
2026-07-22 20:30:00+00:00,94.51002242382069,94.4595777689531,94.69781826538708,1
2026-07-22 20:45:00+00:00,94.78306412715168,94.4857342566622,94.69781826538708,1
2026-07-22 21:00:00+00:00,94.8585976579852,94.78146270953684,94.69781826538708,1
2026-07-22 21:15:00+00:00,94.83404258789088,94.7873345741246,94.69781826538708,1
2026-07-22 21:30:00+00:00,94.97710256148368,94.8268362086241,94.69781826538708,1
2026-07-22 21:45:00+00:00,94.87514564000524,94.78172961247265,94.69781826538708,1
2026-07-22 22:00:00+00:00,94.88635556330917,94.8126903530263,94.69781826538708,1
2026-07-22 22:15:00+00:00,94.80468326495208,94.79507475926302,94.69781826538708,1
2026-07-22 22:30:00+00:00,94.7155376843924,94.68564455558196,94.69781826538708,1
2026-07-22 22:45:00+00:00,94.52059562529637,94.42878252493104,94.71113564917476,1
2026-07-22 23:00:00+00:00,94.48844272372628,94.45564676412478,94.71113564917476,1
2026-07-22 23:15:00+00:00,94.54824712064662,94.44921618381076,94.71113564917476,1
2026-07-22 23:30:00+00:00,94.61190986575538,94.52895537970456,94.71113564917476,1
2026-07-22 23:45:00+00:00,94.55532075899204,94.51609421907654,94.71113564917476,1
2026-07-23 00:00:00+00:00,94.59152672410492,94.44105114475694,94.71068730649776,1
2026-07-23 00:15:00+00:00,94.47320404632704,94.44426643491394,94.71068730649776,1
2026-07-23 00:30:00+00:00,94.460342885699,94.44105114475694,94.71068730649776,1
2026-07-23 00:45:00+00:00,94.02252578750183,93.98768278405694,94.64238722023998,2
2026-07-23 01:00:00+00:00,93.9824204500565,93.8058689402048,94.64238722023998,2
2026-07-23 01:15:00+00:00,93.78007938587444,93.7380149072238,94.00277231132291,1
2026-07-23 01:30:00+00:00,93.72284722107968,93.6495386054999,94.00277231132291,1
2026-07-23 01:45:00+00:00,93.67783315888155,93.6135273557414,94.00277231132291,1
2026-07-23 02:00:00+00:00,93.63989273502888,93.6212440521182,94.00277231132291,1
2026-07-23 02:15:00+00:00,93.68040539100716,93.59938007905056,94.00277231132291,1
2026-07-23 02:30:00+00:00,93.74278202005311,93.67333175266177,94.00277231132291,1
2026-07-23 02:45:00+00:00,93.95884951860408,93.74149590399033,94.00277231132291,1
2026-07-23 03:00:00+00:00,94.04630541087472,93.8392407247634,94.00277231132291,1
2026-07-23 03:15:00+00:00,94.0032205227708,93.86303387192524,94.00277231132291,1
2026-07-23 03:30:00+00:00,93.85917552373684,93.81544757760152,94.00277231132291,1
2026-07-23 03:45:00+00:00,93.93569942947364,93.8070878231933,94.00277231132291,1
2026-07-23 04:00:00+00:00,93.98371936998082,93.85317858960627,94.00191984144358,1
2026-07-23 04:15:00+00:00,93.9348469595943,93.92648720518608,94.00191984144358,1
2026-07-23 04:30:00+00:00,93.87400164869372,93.78280837086156,93.98503083011774,2
2026-07-23 04:45:00+00:00,93.86292643502505,93.78422248529203,93.94459575635793,1
2026-07-23 05:00:00+00:00,93.78125125513492,93.73369355545206,93.94459575635793,1
2026-07-23 05:15:00+00:00,94.03833853023204,93.6995760752448,93.94459575635793,1
2026-07-23 05:30:00+00:00,93.96045418147608,93.93495222657369,93.94459575635793,1
2026-07-23 05:45:00+00:00,93.69509600208627,93.61479930624496,93.94459575635793,1
2026-07-23 06:00:00+00:00,93.76195247845205,93.63444270394004,93.94459575635793,1
2026-07-23 06:15:00+00:00,93.81674721939096,93.64822754442784,93.94459575635793,1
2026-07-23 06:30:00+00:00,93.82191653457387,93.75885088934228,93.94459575635793,1
2026-07-23 06:45:00+00:00,93.76436482553738,93.75402619517156,93.94459575635793,1
2026-07-23 07:00:00+00:00,93.64719368139124,93.50555444537927,93.94459575635793,1
2026-07-23 07:15:00+00:00,93.6371996720376,93.6051499179035,93.94459575635793,1
2026-07-23 07:30:00+00:00,93.50004050918416,93.49280346792808,93.94459575635793,1
2026-07-23 07:45:00+00:00,93.69750834917164,93.47419393326958,93.94459575635793,1
2026-07-23 08:00:00+00:00,93.8515539416226,93.44248880014769,93.94459575635793,1
2026-07-23 08:15:00+00:00,94.03454769909791,93.838113722147,93.94459575635793,1
2026-07-23 08:30:00+00:00,94.08107153574416,94.03282459403694,93.94459575635793,1
2026-07-23 08:45:00+00:00,94.2750931656097,94.0479879185735,93.94459575635793,1
2026-07-23 09:00:00+00:00,94.17170686195136,94.1620574736099,93.94459575635793,1
2026-07-23 09:15:00+00:00,94.43672042032895,94.1686052728416,93.94459575635793,1
2026-07-23 09:30:00+00:00,94.3702085649754,94.29094573217066,93.94459575635793,1
2026-07-23 09:45:00+00:00,94.30507519367065,94.24614500058536,93.94459575635793,1
2026-07-23 10:00:00+00:00,94.27302543953654,94.2451111375488,93.94459575635793,1
2026-07-23 10:15:00+00:00,94.19789805887812,94.17963314523182,93.94459575635793,1
2026-07-23 10:30:00+00:00,94.30300746759748,94.17791004017084,93.94459575635793,1
2026-07-23 10:45:00+00:00,94.28646565901214,94.25786211499998,93.94459575635793,1
2026-07-23 11:00:00+00:00,94.05818236321252,94.01111347026868,94.05818236321252,0
2026-07-23 11:15:00+00:00,94.05818236321252,94.05818236321252,94.05818236321252,0
2026-07-23 11:30:00+00:00,94.05818236321252,94.05818236321252,94.05818236321252,0
2026-07-23 11:45:00+00:00,94.05818236321252,94.05818236321252,94.05818236321252,0
2026-07-23 12:00:00+00:00,94.05818236321252,94.05818236321252,94.05818236321252,0
2026-07-23 12:15:00+00:00,94.05818236321252,94.05818236321252,94.05818236321252,0
2026-07-23 12:30:00+00:00,94.05818236321252,94.05818236321252,94.05818236321252,0
2026-07-23 12:45:00+00:00,94.05818236321252,94.05818236321252,94.05818236321252,0
2026-07-23 13:00:00+00:00,94.05818236321252,94.05818236321252,94.05818236321252,0
2026-07-23 13:15:00+00:00,94.05818236321252,94.05818236321252,94.05818236321252,0
2026-07-23 13:30:00+00:00,94.05818236321252,94.05818236321252,94.05818236321252,0
2026-07-23 13:45:00+00:00,94.05818236321252,94.05818236321252,94.05818236321252,0
2026-07-23 14:00:00+00:00,94.05818236321252,94.05818236321252,94.05818236321252,0
2026-07-23 14:15:00+00:00,94.05818236321252,94.05818236321252,94.05818236321252,0
2026-07-23 14:30:00+00:00,94.05818236321252,94.05818236321252,94.05818236321252,0
2026-07-23 14:45:00+00:00,94.05818236321252,94.05818236321252,94.05818236321252,0
2026-07-23 15:00:00+00:00,94.05818236321252,94.05818236321252,94.05818236321252,0
2026-07-23 15:15:00+00:00,94.05818236321252,94.05818236321252,94.05818236321252,0
2026-07-23 15:30:00+00:00,94.05818236321252,94.05818236321252,94.05818236321252,0
2026-07-23 15:45:00+00:00,94.05818236321252,94.05818236321252,94.05818236321252,0
2026-07-23 16:00:00+00:00,94.05818236321252,94.05818236321252,94.05818236321252,0
2026-07-23 16:15:00+00:00,94.05818236321252,94.05818236321252,94.05818236321252,0
2026-07-23 16:30:00+00:00,94.05818236321252,94.05818236321252,94.05818236321252,0
2026-07-23 16:45:00+00:00,93.84306319839308,93.78174188708466,94.04817691231716,1
2026-07-23 17:00:00+00:00,93.86416728605116,93.74510837643288,94.04817691231716,1
2026-07-23 17:15:00+00:00,93.958936585346,93.86197723921872,94.04817691231716,1
2026-07-23 17:30:00+00:00,93.87810394771218,93.83529848689624,94.04817691231716,1
2026-07-23 17:45:00+00:00,93.80861973457374,93.80822154424057,94.04817691231716,1
2026-07-23 18:00:00+00:00,93.76780522542366,93.70767848511476,94.04817691231716,1
2026-07-23 18:15:00+00:00,93.80384145057567,93.72201333710892,94.04817691231716,1
2026-07-23 18:30:00+00:00,93.74530747159946,93.73515361810358,94.04817691231716,1
2026-07-23 18:45:00+00:00,93.64556079314,93.58901776582962,94.04817691231716,1
2026-07-23 19:00:00+00:00,93.56014896667467,93.53745211768393,94.04817691231716,1
2026-07-23 19:15:00+00:00,93.79747040524494,93.53765121285048,94.04817691231716,1
2026-07-23 19:30:00+00:00,93.59439333532744,93.5699046298374,94.04817691231716,1
2026-07-23 19:45:00+00:00,93.762827846259,93.48230275653964,94.04817691231716,1
2026-07-23 20:00:00+00:00,93.9238958360269,93.70907215128084,94.04817691231716,1
2026-07-23 20:15:00+00:00,93.85918990688651,93.84206772256016,94.04817691231716,1
2026-07-23 20:30:00+00:00,93.81240254273888,93.77636631758683,94.04817691231716,1
2026-07-23 20:45:00+00:00,93.8470451017248,93.78751564691564,94.04817691231716,1
2026-07-23 21:00:00+00:00,93.7839319339171,93.78094550641832,94.04817691231716,1
2026-07-23 21:15:00+00:00,93.70608572378208,93.6608911209671,94.04817691231716,1
2026-07-23 21:30:00+00:00,93.75665589609486,93.70270110595013,94.04817691231716,1
2026-07-23 21:45:00+00:00,93.7265925259404,93.7196241951099,94.04817691231716,1
2026-07-23 22:00:00+00:00,93.62385941998214,93.59538881116038,94.04817691231716,1
2026-07-23 22:15:00+00:00,93.66566940496516,93.58842048032987,94.04817691231716,1
2026-07-23 22:30:00+00:00,93.68995901528862,93.64675536413952,94.04817691231716,1
2026-07-23 22:45:00+00:00,93.7130739106224,93.67980516179274,93.7130739106224,0
2026-07-23 23:00:00+00:00,93.7130739106224,93.7130739106224,93.7130739106224,0
2026-07-23 23:15:00+00:00,93.7130739106224,93.7130739106224,93.7130739106224,0
2026-07-23 23:30:00+00:00,93.7130739106224,93.7130739106224,93.7130739106224,0
2026-07-23 23:45:00+00:00,93.7130739106224,93.7130739106224,93.7130739106224,0
2026-07-24 00:00:00+00:00,93.7130739106224,93.7130739106224,93.7130739106224,0
2026-07-24 00:15:00+00:00,93.7130739106224,93.7130739106224,93.7130739106224,0
2026-07-24 00:30:00+00:00,93.7130739106224,93.7130739106224,93.7130739106224,0
2026-07-24 00:45:00+00:00,93.7130739106224,93.7130739106224,93.7130739106224,0
2026-07-24 01:00:00+00:00,93.7130739106224,93.7130739106224,93.7130739106224,0
2026-07-24 01:15:00+00:00,93.7130739106224,93.7130739106224,93.7130739106224,0
2026-07-24 01:30:00+00:00,93.7130739106224,93.7130739106224,93.7130739106224,0
2026-07-24 01:45:00+00:00,93.7130739106224,93.7130739106224,93.7130739106224,0
2026-07-24 02:00:00+00:00,93.7130739106224,93.7130739106224,93.7130739106224,0
2026-07-24 02:15:00+00:00,93.7130739106224,93.7130739106224,93.7130739106224,0
2026-07-24 02:30:00+00:00,93.7130739106224,93.7130739106224,93.7130739106224,0
2026-07-24 02:45:00+00:00,93.7130739106224,93.7130739106224,93.7130739106224,0
2026-07-24 03:00:00+00:00,93.7130739106224,93.7130739106224,93.7130739106224,0
2026-07-24 03:15:00+00:00,93.7130739106224,93.7130739106224,93.7130739106224,0
2026-07-24 03:30:00+00:00,93.7130739106224,93.7130739106224,93.7130739106224,0
2026-07-24 03:45:00+00:00,93.7130739106224,93.7130739106224,93.7130739106224,0
2026-07-24 04:00:00+00:00,93.7130739106224,93.7130739106224,93.7130739106224,0
2026-07-24 04:15:00+00:00,93.7130739106224,93.7130739106224,93.7130739106224,0
2026-07-24 04:30:00+00:00,93.7130739106224,93.7130739106224,93.7130739106224,0
2026-07-24 04:45:00+00:00,93.7130739106224,93.7130739106224,93.7130739106224,0
2026-07-24 05:00:00+00:00,93.7130739106224,93.7130739106224,93.7130739106224,0
2026-07-24 05:15:00+00:00,93.7130739106224,93.7130739106224,93.7130739106224,0
2026-07-24 05:30:00+00:00,93.7130739106224,93.7130739106224,93.7130739106224,0
2026-07-24 05:45:00+00:00,93.7130739106224,93.7130739106224,93.7130739106224,0
2026-07-24 06:00:00+00:00,93.7130739106224,93.7130739106224,93.7130739106224,0
2026-07-24 06:15:00+00:00,93.7130739106224,93.7130739106224,93.7130739106224,0
2026-07-24 06:30:00+00:00,93.7130739106224,93.7130739106224,93.7130739106224,0
2026-07-24 06:45:00+00:00,93.7130739106224,93.7130739106224,93.7130739106224,0
2026-07-24 07:00:00+00:00,93.7130739106224,93.7130739106224,93.7130739106224,0
2026-07-24 07:15:00+00:00,93.7130739106224,93.7130739106224,93.7130739106224,0
2026-07-24 07:30:00+00:00,93.7130739106224,93.7130739106224,93.7130739106224,0
2026-07-24 07:45:00+00:00,93.7130739106224,93.7130739106224,93.7130739106224,0
2026-07-24 08:00:00+00:00,93.7130739106224,93.7130739106224,93.7130739106224,0
2026-07-24 08:15:00+00:00,93.7130739106224,93.7130739106224,93.7130739106224,0
2026-07-24 08:30:00+00:00,93.7130739106224,93.7130739106224,93.7130739106224,0
2026-07-24 08:45:00+00:00,93.7130739106224,93.7130739106224,93.7130739106224,0
2026-07-24 09:00:00+00:00,93.7130739106224,93.7130739106224,93.7130739106224,0
2026-07-24 09:15:00+00:00,93.7130739106224,93.7130739106224,93.7130739106224,0
2026-07-24 09:30:00+00:00,93.7130739106224,93.7130739106224,93.7130739106224,0
2026-07-24 09:45:00+00:00,93.7130739106224,93.7130739106224,93.7130739106224,0
2026-07-24 10:00:00+00:00,93.7130739106224,93.7130739106224,93.7130739106224,0
2026-07-24 10:15:00+00:00,93.7130739106224,93.7130739106224,93.7130739106224,0
2026-07-24 10:30:00+00:00,93.7130739106224,93.7130739106224,93.7130739106224,0
2026-07-24 10:45:00+00:00,93.7130739106224,93.7130739106224,93.7130739106224,0
2026-07-24 11:00:00+00:00,93.7130739106224,93.7130739106224,93.7130739106224,0
2026-07-24 11:15:00+00:00,93.7130739106224,93.7130739106224,93.7130739106224,0
2026-07-24 11:30:00+00:00,93.7130739106224,93.7130739106224,93.7130739106224,0
2026-07-24 11:45:00+00:00,93.7130739106224,93.7130739106224,93.7130739106224,0
2026-07-24 12:00:00+00:00,93.7130739106224,93.7130739106224,93.7130739106224,0
2026-07-24 12:15:00+00:00,93.7130739106224,93.7130739106224,93.7130739106224,0
2026-07-24 12:30:00+00:00,93.7130739106224,93.7130739106224,93.7130739106224,0
2026-07-24 12:45:00+00:00,93.7130739106224,93.7130739106224,93.7130739106224,0
2026-07-24 13:00:00+00:00,93.7130739106224,93.7130739106224,93.7130739106224,0
2026-07-24 13:15:00+00:00,93.7130739106224,93.7130739106224,93.7130739106224,0
2026-07-24 13:30:00+00:00,93.7130739106224,93.7130739106224,93.7130739106224,0
2026-07-24 13:45:00+00:00,93.7130739106224,93.7130739106224,93.7130739106224,0
2026-07-24 14:00:00+00:00,93.7130739106224,93.7130739106224,93.7130739106224,0
2026-07-24 14:15:00+00:00,93.7130739106224,93.7130739106224,93.7130739106224,0
2026-07-24 14:30:00+00:00,93.7130739106224,93.7130739106224,93.7130739106224,0
2026-07-24 14:45:00+00:00,93.7130739106224,93.7130739106224,93.7130739106224,0
2026-07-24 15:00:00+00:00,93.7130739106224,93.7130739106224,93.7130739106224,0
2026-07-24 15:15:00+00:00,93.7130739106224,93.7130739106224,93.7130739106224,0
2026-07-24 15:30:00+00:00,93.7130739106224,93.7130739106224,93.7130739106224,0
2026-07-24 15:45:00+00:00,93.7130739106224,93.7130739106224,93.7130739106224,0
2026-07-24 16:00:00+00:00,93.7130739106224,93.7130739106224,93.7130739106224,0
2026-07-24 16:15:00+00:00,93.7130739106224,93.7130739106224,93.7130739106224,0
2026-07-24 16:30:00+00:00,93.7130739106224,93.7130739106224,93.7130739106224,0
2026-07-24 16:45:00+00:00,93.58872129139984,93.54176672398091,93.70882418478504,1
2026-07-24 17:00:00+00:00,93.46214810966188,93.43254631715864,93.70882418478504,1
2026-07-24 17:15:00+00:00,93.55095348717158,93.39375776146476,93.70882418478504,1
2026-07-24 17:30:00+00:00,93.50348854401985,93.41953173597189,93.70882418478504,1
2026-07-24 17:45:00+00:00,93.52849695492776,93.47210043645175,93.70882418478504,1
2026-07-24 18:00:00+00:00,93.46036179459703,93.42846331129614,93.70882418478504,1
2026-07-24 18:15:00+00:00,93.4657207397916,93.40090302172418,93.70882418478504,1
2026-07-24 18:30:00+00:00,93.3881436284038,93.2733090885206,93.70882418478504,1
2026-07-24 18:45:00+00:00,93.37589461081627,93.34067868525209,93.70882418478504,1
2026-07-24 19:00:00+00:00,93.40396527612106,93.34374093964897,93.70882418478504,1
2026-07-24 19:15:00+00:00,93.46444480045956,93.37819130161394,93.70882418478504,1
2026-07-24 19:30:00+00:00,93.44938871634152,93.38584693760616,93.70882418478504,1
2026-07-24 19:45:00+00:00,93.4585754795322,93.43918120168524,93.70882418478504,1
2026-07-24 20:00:00+00:00,93.3792484701966,93.3552608107543,93.714474734963,1
2026-07-24 20:15:00+00:00,93.4259478497491,93.37031689487232,93.714474734963,1
2026-07-24 20:30:00+00:00,93.43105160707724,93.4085950748334,93.714474734963,1
2026-07-24 20:45:00+00:00,93.36036456808245,93.35475043502149,93.714474734963,1
2026-07-24 21:00:00+00:00,93.4519770121226,93.35066742915896,93.714474734963,1
2026-07-24 21:15:00+00:00,93.63494671233654,93.45452889078668,93.714474734963,1
2026-07-24 21:30:00+00:00,93.59181996291372,93.58441951478792,93.714474734963,1
2026-07-24 21:45:00+00:00,93.53491306870494,93.48974481635088,93.714474734963,1
2026-07-24 22:00:00+00:00,93.54486539549482,93.52011217245332,93.714474734963,1
2026-07-24 22:15:00+00:00,93.54690689842607,93.50990465779704,93.714474734963,1
2026-07-24 22:30:00+00:00,93.58824733278404,93.5405272017659,93.714474734963,1
2026-07-24 22:45:00+00:00,93.5301643170617,93.52725743271272,93.5301643170617,0
2026-07-24 23:00:00+00:00,93.5301643170617,93.5301643170617,93.5301643170617,0
2026-07-24 23:15:00+00:00,93.5301643170617,93.5301643170617,93.5301643170617,0
2026-07-24 23:30:00+00:00,93.5301643170617,93.5301643170617,93.5301643170617,0
2026-07-24 23:45:00+00:00,93.5301643170617,93.5301643170617,93.5301643170617,0
2026-07-25 00:00:00+00:00,93.5301643170617,93.5301643170617,93.5301643170617,0
2026-07-25 00:15:00+00:00,93.5301643170617,93.5301643170617,93.5301643170617,0
2026-07-25 00:30:00+00:00,93.5301643170617,93.5301643170617,93.5301643170617,0
2026-07-25 00:45:00+00:00,93.5301643170617,93.5301643170617,93.5301643170617,0
2026-07-25 01:00:00+00:00,93.5301643170617,93.5301643170617,93.5301643170617,0
2026-07-25 01:15:00+00:00,93.5301643170617,93.5301643170617,93.5301643170617,0
2026-07-25 01:30:00+00:00,93.5301643170617,93.5301643170617,93.5301643170617,0
2026-07-25 01:45:00+00:00,93.5301643170617,93.5301643170617,93.5301643170617,0
2026-07-25 02:00:00+00:00,93.5301643170617,93.5301643170617,93.5301643170617,0
2026-07-25 02:15:00+00:00,93.5301643170617,93.5301643170617,93.5301643170617,0
2026-07-25 02:30:00+00:00,93.5301643170617,93.5301643170617,93.5301643170617,0
2026-07-25 02:45:00+00:00,93.5301643170617,93.5301643170617,93.5301643170617,0
2026-07-25 03:00:00+00:00,93.5301643170617,93.5301643170617,93.5301643170617,0
2026-07-25 03:15:00+00:00,93.5301643170617,93.5301643170617,93.5301643170617,0
2026-07-25 03:30:00+00:00,93.5301643170617,93.5301643170617,93.5301643170617,0
2026-07-25 03:45:00+00:00,93.5301643170617,93.5301643170617,93.5301643170617,0
2026-07-25 04:00:00+00:00,93.5301643170617,93.5301643170617,93.5301643170617,0
2026-07-25 04:15:00+00:00,93.5301643170617,93.5301643170617,93.5301643170617,0
2026-07-25 04:30:00+00:00,93.5301643170617,93.5301643170617,93.5301643170617,0
2026-07-25 04:45:00+00:00,93.5301643170617,93.5301643170617,93.5301643170617,0
2026-07-25 05:00:00+00:00,93.5301643170617,93.5301643170617,93.5301643170617,0
2026-07-25 05:15:00+00:00,93.5301643170617,93.5301643170617,93.5301643170617,0
2026-07-25 05:30:00+00:00,93.5301643170617,93.5301643170617,93.5301643170617,0
2026-07-25 05:45:00+00:00,93.5301643170617,93.5301643170617,93.5301643170617,0
2026-07-25 06:00:00+00:00,93.5301643170617,93.5301643170617,93.5301643170617,0
2026-07-25 06:15:00+00:00,93.5301643170617,93.5301643170617,93.5301643170617,0
2026-07-25 06:30:00+00:00,93.5301643170617,93.5301643170617,93.5301643170617,0
2026-07-25 06:45:00+00:00,93.5301643170617,93.5301643170617,93.5301643170617,0
2026-07-25 07:00:00+00:00,93.5301643170617,93.5301643170617,93.5301643170617,0
2026-07-25 07:15:00+00:00,93.5301643170617,93.5301643170617,93.5301643170617,0
2026-07-25 07:30:00+00:00,93.5301643170617,93.5301643170617,93.5301643170617,0
2026-07-25 07:45:00+00:00,93.5301643170617,93.5301643170617,93.5301643170617,0
2026-07-25 08:00:00+00:00,93.5301643170617,93.5301643170617,93.5301643170617,0
2026-07-25 08:15:00+00:00,93.5301643170617,93.5301643170617,93.5301643170617,0
2026-07-25 08:30:00+00:00,93.5301643170617,93.5301643170617,93.5301643170617,0
2026-07-25 08:45:00+00:00,93.5301643170617,93.5301643170617,93.5301643170617,0
2026-07-25 09:00:00+00:00,93.5301643170617,93.5301643170617,93.5301643170617,0
2026-07-25 09:15:00+00:00,93.5301643170617,93.5301643170617,93.5301643170617,0
2026-07-25 09:30:00+00:00,93.5301643170617,93.5301643170617,93.5301643170617,0
2026-07-25 09:45:00+00:00,93.5301643170617,93.5301643170617,93.5301643170617,0
2026-07-25 10:00:00+00:00,93.5301643170617,93.5301643170617,93.5301643170617,0
2026-07-25 10:15:00+00:00,93.5301643170617,93.5301643170617,93.5301643170617,0
2026-07-25 10:30:00+00:00,93.5301643170617,93.5301643170617,93.5301643170617,0
2026-07-25 10:45:00+00:00,93.5301643170617,93.5301643170617,93.5301643170617,0
2026-07-25 11:00:00+00:00,93.5301643170617,93.5301643170617,93.5301643170617,0
2026-07-25 11:15:00+00:00,93.5301643170617,93.5301643170617,93.5301643170617,0
2026-07-25 11:30:00+00:00,93.5301643170617,93.5301643170617,93.5301643170617,0
2026-07-25 11:45:00+00:00,93.5301643170617,93.5301643170617,93.5301643170617,0
2026-07-25 12:00:00+00:00,93.5301643170617,93.5301643170617,93.5301643170617,0
2026-07-25 12:15:00+00:00,93.5301643170617,93.5301643170617,93.5301643170617,0
2026-07-25 12:30:00+00:00,93.5301643170617,93.5301643170617,93.5301643170617,0
2026-07-25 12:45:00+00:00,93.5301643170617,93.5301643170617,93.5301643170617,0
2026-07-25 13:00:00+00:00,93.5301643170617,93.5301643170617,93.5301643170617,0
2026-07-25 13:15:00+00:00,93.5301643170617,93.5301643170617,93.5301643170617,0
2026-07-25 13:30:00+00:00,93.5301643170617,93.5301643170617,93.5301643170617,0
2026-07-25 13:45:00+00:00,93.5301643170617,93.5301643170617,93.5301643170617,0
2026-07-25 14:00:00+00:00,93.5301643170617,93.5301643170617,93.5301643170617,0
2026-07-25 14:15:00+00:00,93.5301643170617,93.5301643170617,93.5301643170617,0
2026-07-25 14:30:00+00:00,93.5301643170617,93.5301643170617,93.5301643170617,0
2026-07-25 14:45:00+00:00,93.5301643170617,93.5301643170617,93.5301643170617,0
2026-07-25 15:00:00+00:00,93.5301643170617,93.5301643170617,93.5301643170617,0
2026-07-25 15:15:00+00:00,93.5301643170617,93.5301643170617,93.5301643170617,0
2026-07-25 15:30:00+00:00,93.5301643170617,93.5301643170617,93.5301643170617,0
2026-07-25 15:45:00+00:00,93.5301643170617,93.5301643170617,93.5301643170617,0
2026-07-25 16:00:00+00:00,93.5301643170617,93.5301643170617,93.5301643170617,0
2026-07-25 16:15:00+00:00,93.5301643170617,93.5301643170617,93.5301643170617,0
2026-07-25 16:30:00+00:00,93.5301643170617,93.5301643170617,93.5301643170617,0
2026-07-25 16:45:00+00:00,93.5301643170617,93.5301643170617,93.5301643170617,0
2026-07-25 17:00:00+00:00,93.5301643170617,93.5301643170617,93.5301643170617,0
2026-07-25 17:15:00+00:00,93.5301643170617,93.5301643170617,93.5301643170617,0
2026-07-25 17:30:00+00:00,93.5301643170617,93.5301643170617,93.5301643170617,0
2026-07-25 17:45:00+00:00,93.5301643170617,93.5301643170617,93.5301643170617,0
2026-07-25 18:00:00+00:00,93.5301643170617,93.5301643170617,93.5301643170617,0
2026-07-25 18:15:00+00:00,93.5301643170617,93.5301643170617,93.5301643170617,0
2026-07-25 18:30:00+00:00,93.5301643170617,93.5301643170617,93.5301643170617,0
2026-07-25 18:45:00+00:00,93.5301643170617,93.5301643170617,93.5301643170617,0
2026-07-25 19:00:00+00:00,93.5301643170617,93.5301643170617,93.5301643170617,0
2026-07-25 19:15:00+00:00,93.5301643170617,93.5301643170617,93.5301643170617,0
2026-07-25 19:30:00+00:00,93.5301643170617,93.5301643170617,93.5301643170617,0
2026-07-25 19:45:00+00:00,93.5301643170617,93.5301643170617,93.5301643170617,0
2026-07-25 20:00:00+00:00,93.5301643170617,93.5301643170617,93.5301643170617,0
2026-07-25 20:15:00+00:00,93.5301643170617,93.5301643170617,93.5301643170617,0
2026-07-25 20:30:00+00:00,93.5301643170617,93.5301643170617,93.5301643170617,0
2026-07-25 20:45:00+00:00,93.5301643170617,93.5301643170617,93.5301643170617,0
2026-07-25 21:00:00+00:00,93.5301643170617,93.5301643170617,93.5301643170617,0
2026-07-25 21:15:00+00:00,93.5301643170617,93.5301643170617,93.5301643170617,0
2026-07-25 21:30:00+00:00,93.5301643170617,93.5301643170617,93.5301643170617,0
2026-07-25 21:45:00+00:00,93.5301643170617,93.5301643170617,93.5301643170617,0
2026-07-25 22:00:00+00:00,93.5301643170617,93.5301643170617,93.5301643170617,0
2026-07-25 22:15:00+00:00,93.5301643170617,93.5301643170617,93.5301643170617,0
2026-07-25 22:30:00+00:00,93.5301643170617,93.5301643170617,93.5301643170617,0
2026-07-25 22:45:00+00:00,93.5301643170617,93.5301643170617,93.5301643170617,0
2026-07-25 23:00:00+00:00,93.5301643170617,93.5301643170617,93.5301643170617,0
2026-07-25 23:15:00+00:00,93.5301643170617,93.5301643170617,93.5301643170617,0
2026-07-25 23:30:00+00:00,93.5301643170617,93.5301643170617,93.5301643170617,0
2026-07-25 23:45:00+00:00,93.5301643170617,93.5301643170617,93.5301643170617,0
2026-07-26 00:00:00+00:00,93.5301643170617,93.5301643170617,93.5301643170617,0
2026-07-26 00:15:00+00:00,93.5301643170617,93.5301643170617,93.5301643170617,0
2026-07-26 00:30:00+00:00,93.5301643170617,93.5301643170617,93.5301643170617,0
2026-07-26 00:45:00+00:00,93.5301643170617,93.5301643170617,93.5301643170617,0
2026-07-26 01:00:00+00:00,93.5301643170617,93.5301643170617,93.5301643170617,0
2026-07-26 01:15:00+00:00,93.5301643170617,93.5301643170617,93.5301643170617,0
2026-07-26 01:30:00+00:00,93.5301643170617,93.5301643170617,93.5301643170617,0
2026-07-26 01:45:00+00:00,93.5301643170617,93.5301643170617,93.5301643170617,0
2026-07-26 02:00:00+00:00,93.5301643170617,93.5301643170617,93.5301643170617,0
2026-07-26 02:15:00+00:00,93.5301643170617,93.5301643170617,93.5301643170617,0
2026-07-26 02:30:00+00:00,93.5301643170617,93.5301643170617,93.5301643170617,0
2026-07-26 02:45:00+00:00,93.5301643170617,93.5301643170617,93.5301643170617,0
2026-07-26 03:00:00+00:00,93.5301643170617,93.5301643170617,93.5301643170617,0
2026-07-26 03:15:00+00:00,93.5301643170617,93.5301643170617,93.5301643170617,0
2026-07-26 03:30:00+00:00,93.5301643170617,93.5301643170617,93.5301643170617,0
2026-07-26 03:45:00+00:00,93.5301643170617,93.5301643170617,93.5301643170617,0
2026-07-26 04:00:00+00:00,93.5301643170617,93.5301643170617,93.5301643170617,0
2026-07-26 04:15:00+00:00,93.5301643170617,93.5301643170617,93.5301643170617,0
2026-07-26 04:30:00+00:00,93.5301643170617,93.5301643170617,93.5301643170617,0
2026-07-26 04:45:00+00:00,93.5301643170617,93.5301643170617,93.5301643170617,0
2026-07-26 05:00:00+00:00,93.5301643170617,93.5301643170617,93.5301643170617,0
2026-07-26 05:15:00+00:00,93.5301643170617,93.5301643170617,93.5301643170617,0
2026-07-26 05:30:00+00:00,93.5301643170617,93.5301643170617,93.5301643170617,0
2026-07-26 05:45:00+00:00,93.5301643170617,93.5301643170617,93.5301643170617,0
2026-07-26 06:00:00+00:00,93.5301643170617,93.5301643170617,93.5301643170617,0
2026-07-26 06:15:00+00:00,93.5301643170617,93.5301643170617,93.5301643170617,0
2026-07-26 06:30:00+00:00,93.5301643170617,93.5301643170617,93.5301643170617,0
2026-07-26 06:45:00+00:00,93.5301643170617,93.5301643170617,93.5301643170617,0
2026-07-26 07:00:00+00:00,93.5301643170617,93.5301643170617,93.5301643170617,0
2026-07-26 07:15:00+00:00,93.5301643170617,93.5301643170617,93.5301643170617,0
2026-07-26 07:30:00+00:00,93.5301643170617,93.5301643170617,93.5301643170617,0
2026-07-26 07:45:00+00:00,93.5301643170617,93.5301643170617,93.5301643170617,0
2026-07-26 08:00:00+00:00,93.5301643170617,93.5301643170617,93.5301643170617,0
2026-07-26 08:15:00+00:00,93.5301643170617,93.5301643170617,93.5301643170617,0
2026-07-26 08:30:00+00:00,93.5301643170617,93.5301643170617,93.5301643170617,0
2026-07-26 08:45:00+00:00,93.5301643170617,93.5301643170617,93.5301643170617,0
2026-07-26 09:00:00+00:00,93.5301643170617,93.5301643170617,93.5301643170617,0
2026-07-26 09:15:00+00:00,93.5301643170617,93.5301643170617,93.5301643170617,0
2026-07-26 09:30:00+00:00,93.5301643170617,93.5301643170617,93.5301643170617,0
2026-07-26 09:45:00+00:00,93.5301643170617,93.5301643170617,93.5301643170617,0
2026-07-26 10:00:00+00:00,93.5301643170617,93.5301643170617,93.5301643170617,0
2026-07-26 10:15:00+00:00,93.5301643170617,93.5301643170617,93.5301643170617,0
2026-07-26 10:30:00+00:00,93.5301643170617,93.5301643170617,93.5301643170617,0
2026-07-26 10:45:00+00:00,93.5301643170617,93.5301643170617,93.5301643170617,0
2026-07-26 11:00:00+00:00,93.5301643170617,93.5301643170617,93.5301643170617,0
2026-07-26 11:15:00+00:00,93.5301643170617,93.5301643170617,93.5301643170617,0
2026-07-26 11:30:00+00:00,93.5301643170617,93.5301643170617,93.5301643170617,0
2026-07-26 11:45:00+00:00,93.5301643170617,93.5301643170617,93.5301643170617,0
2026-07-26 12:00:00+00:00,93.5301643170617,93.5301643170617,93.5301643170617,0
2026-07-26 12:15:00+00:00,93.5301643170617,93.5301643170617,93.5301643170617,0
2026-07-26 12:30:00+00:00,93.5301643170617,93.5301643170617,93.5301643170617,0
2026-07-26 12:45:00+00:00,93.5301643170617,93.5301643170617,93.5301643170617,0
2026-07-26 13:00:00+00:00,93.5301643170617,93.5301643170617,93.5301643170617,0
2026-07-26 13:15:00+00:00,93.5301643170617,93.5301643170617,93.5301643170617,0
2026-07-26 13:30:00+00:00,93.5301643170617,93.5301643170617,93.5301643170617,0
2026-07-26 13:45:00+00:00,93.5301643170617,93.5301643170617,93.5301643170617,0
2026-07-26 14:00:00+00:00,93.5301643170617,93.5301643170617,93.5301643170617,0
2026-07-26 14:15:00+00:00,93.5301643170617,93.5301643170617,93.5301643170617,0
2026-07-26 14:30:00+00:00,93.5301643170617,93.5301643170617,93.5301643170617,0
2026-07-26 14:45:00+00:00,93.5301643170617,93.5301643170617,93.5301643170617,0
2026-07-26 15:00:00+00:00,93.5301643170617,93.5301643170617,93.5301643170617,0
2026-07-26 15:15:00+00:00,93.5301643170617,93.5301643170617,93.5301643170617,0
2026-07-26 15:30:00+00:00,93.5301643170617,93.5301643170617,93.5301643170617,0
2026-07-26 15:45:00+00:00,93.5301643170617,93.5301643170617,93.5301643170617,0
2026-07-26 16:00:00+00:00,93.5301643170617,93.5301643170617,93.5301643170617,0
2026-07-26 16:15:00+00:00,93.5301643170617,93.5301643170617,93.5301643170617,0
2026-07-26 16:30:00+00:00,93.5301643170617,93.5301643170617,93.5301643170617,0
2026-07-26 16:45:00+00:00,93.5301643170617,93.5301643170617,93.5301643170617,0
2026-07-26 17:00:00+00:00,93.5301643170617,93.5301643170617,93.5301643170617,0
2026-07-26 17:15:00+00:00,93.5301643170617,93.5301643170617,93.5301643170617,0
2026-07-26 17:30:00+00:00,93.5301643170617,93.5301643170617,93.5301643170617,0
2026-07-26 17:45:00+00:00,93.5301643170617,93.5301643170617,93.5301643170617,0
2026-07-26 18:00:00+00:00,93.5301643170617,93.5301643170617,93.5301643170617,0
2026-07-26 18:15:00+00:00,93.5301643170617,93.5301643170617,93.5301643170617,0
2026-07-26 18:30:00+00:00,93.5301643170617,93.5301643170617,93.5301643170617,0
2026-07-26 18:45:00+00:00,93.5301643170617,93.5301643170617,93.5301643170617,0
2026-07-26 19:00:00+00:00,93.5301643170617,93.5301643170617,93.5301643170617,0
2026-07-26 19:15:00+00:00,93.5301643170617,93.5301643170617,93.5301643170617,0
2026-07-26 19:30:00+00:00,93.5301643170617,93.5301643170617,93.5301643170617,0
2026-07-26 19:45:00+00:00,93.5301643170617,93.5301643170617,93.5301643170617,0
2026-07-26 20:00:00+00:00,93.5301643170617,93.5301643170617,93.5301643170617,0
2026-07-26 20:15:00+00:00,93.5301643170617,93.5301643170617,93.5301643170617,0
2026-07-26 20:30:00+00:00,93.5301643170617,93.5301643170617,93.5301643170617,0
2026-07-26 20:45:00+00:00,93.5301643170617,93.5301643170617,93.5301643170617,0
2026-07-26 21:00:00+00:00,93.5301643170617,93.5301643170617,93.5301643170617,0
2026-07-26 21:15:00+00:00,93.5301643170617,93.5301643170617,93.5301643170617,0
2026-07-26 21:30:00+00:00,93.5301643170617,93.5301643170617,93.5301643170617,0
2026-07-26 21:45:00+00:00,93.5301643170617,93.5301643170617,93.5301643170617,0
2026-07-26 22:00:00+00:00,93.5301643170617,93.5301643170617,93.5301643170617,0
2026-07-26 22:15:00+00:00,93.5301643170617,93.5301643170617,93.5301643170617,0
2026-07-26 22:30:00+00:00,93.5301643170617,93.5301643170617,93.5301643170617,0
2026-07-26 22:45:00+00:00,93.5301643170617,93.5301643170617,93.5301643170617,0
2026-07-26 23:00:00+00:00,93.5301643170617,93.5301643170617,93.5301643170617,0
2026-07-26 23:15:00+00:00,93.5301643170617,93.5301643170617,93.5301643170617,0
2026-07-26 23:30:00+00:00,93.5301643170617,93.5301643170617,93.5301643170617,0
2026-07-26 23:45:00+00:00,93.5301643170617,93.5301643170617,93.5301643170617,0
2026-07-27 00:00:00+00:00,93.5301643170617,93.5301643170617,93.5301643170617,0
2026-07-27 00:15:00+00:00,93.5301643170617,93.5301643170617,93.5301643170617,0
2026-07-27 00:30:00+00:00,93.5301643170617,93.5301643170617,93.5301643170617,0
2026-07-27 00:45:00+00:00,93.5301643170617,93.5301643170617,93.5301643170617,0
2026-07-27 01:00:00+00:00,93.5301643170617,93.5301643170617,93.5301643170617,0
2026-07-27 01:15:00+00:00,93.5301643170617,93.5301643170617,93.5301643170617,0
2026-07-27 01:30:00+00:00,93.5301643170617,93.5301643170617,93.5301643170617,0
2026-07-27 01:45:00+00:00,93.5301643170617,93.5301643170617,93.5301643170617,0
2026-07-27 02:00:00+00:00,93.5301643170617,93.5301643170617,93.5301643170617,0
2026-07-27 02:15:00+00:00,93.5301643170617,93.5301643170617,93.5301643170617,0
2026-07-27 02:30:00+00:00,93.5301643170617,93.5301643170617,93.5301643170617,0
2026-07-27 02:45:00+00:00,93.5301643170617,93.5301643170617,93.5301643170617,0
2026-07-27 03:00:00+00:00,93.5301643170617,93.5301643170617,93.5301643170617,0
2026-07-27 03:15:00+00:00,93.5301643170617,93.5301643170617,93.5301643170617,0
2026-07-27 03:30:00+00:00,93.5301643170617,93.5301643170617,93.5301643170617,0
2026-07-27 03:45:00+00:00,93.5301643170617,93.5301643170617,93.5301643170617,0
2026-07-27 04:00:00+00:00,93.5301643170617,93.5301643170617,93.5301643170617,0
2026-07-27 04:15:00+00:00,93.5301643170617,93.5301643170617,93.5301643170617,0
2026-07-27 04:30:00+00:00,93.5301643170617,93.5301643170617,93.5301643170617,0
2026-07-27 04:45:00+00:00,93.5301643170617,93.5301643170617,93.5301643170617,0
2026-07-27 05:00:00+00:00,93.5301643170617,93.5301643170617,93.5301643170617,0
2026-07-27 05:15:00+00:00,93.49627397726196,93.3716089635834,93.48411913842828,1
2026-07-27 05:30:00+00:00,93.48796297635003,93.4214749690548,93.48411913842828,1
2026-07-27 05:45:00+00:00,93.62924999185236,93.4214749690548,93.48411913842828,1
2026-07-27 06:00:00+00:00,93.80378101100231,93.61262799002856,93.48411913842828,1
2026-07-27 06:15:00+00:00,93.67080499641187,93.62924999185236,93.48411913842828,1
2026-07-27 06:30:00+00:00,93.7788480082666,93.59600598820477,93.48411913842828,1
2026-07-27 06:45:00+00:00,93.67080499641187,93.62924999185236,93.48411913842828,1
2026-07-27 07:00:00+00:00,93.6874269982357,93.43809697087862,93.48411913842828,1
2026-07-27 07:15:00+00:00,93.57107298546906,93.56276198455716,93.48411913842828,1
2026-07-27 07:30:00+00:00,93.404852967231,93.29680995537628,93.48411913842828,1
2026-07-27 07:45:00+00:00,93.3965419663191,93.3965419663191,93.48411913842828,1
2026-07-27 08:00:00+00:00,93.31002621336664,93.25184920698332,93.48071339459482,1
2026-07-27 08:15:00+00:00,93.40975822430946,93.1936722006,93.48071339459482,1
2026-07-27 08:30:00+00:00,93.28509321063092,93.28509321063092,93.48071339459482,1
2026-07-27 08:45:00+00:00,93.30171521245474,93.23522720515952,93.48071339459482,1
2026-07-27 09:00:00+00:00,93.20198320151192,93.08562918874529,93.48071339459482,1
2026-07-27 09:15:00+00:00,93.32664821519045,93.15211719604048,93.48071339459482,1
2026-07-27 09:30:00+00:00,93.45131322886895,93.27678220971902,93.48071339459482,1
2026-07-27 09:45:00+00:00,93.41806922522136,93.39313622248564,93.48071339459482,1
2026-07-27 10:00:00+00:00,93.42638022613326,93.32664821519045,93.48071339459482,1
2026-07-27 10:15:00+00:00,93.45131322886895,93.40144722339755,93.48071339459482,1
2026-07-27 10:30:00+00:00,93.5011792343404,93.42638022613326,93.48071339459482,1
2026-07-27 10:45:00+00:00,93.42638022613326,93.40975822430946,93.48071339459482,1
2026-07-27 11:00:00+00:00,93.4928682334285,93.25184920698332,93.48071339459482,1
2026-07-27 11:15:00+00:00,93.05207568342372,93.05207568342372,93.05207568342372,0
2026-07-27 11:30:00+00:00,93.05207568342372,93.05207568342372,93.05207568342372,0
2026-07-27 11:45:00+00:00,93.05207568342372,93.05207568342372,93.05207568342372,0
2026-07-27 12:00:00+00:00,93.05207568342372,93.05207568342372,93.05207568342372,0
2026-07-27 12:15:00+00:00,93.05207568342372,93.05207568342372,93.05207568342372,0
2026-07-27 12:30:00+00:00,93.05207568342372,93.05207568342372,93.05207568342372,0
2026-07-27 12:45:00+00:00,93.05207568342372,93.05207568342372,93.05207568342372,0
2026-07-27 13:00:00+00:00,93.05207568342372,93.05207568342372,93.05207568342372,0
2026-07-27 13:15:00+00:00,93.05207568342372,93.05207568342372,93.05207568342372,0
2026-07-27 13:30:00+00:00,93.05207568342372,93.05207568342372,93.05207568342372,0
2026-07-27 13:45:00+00:00,93.05207568342372,93.05207568342372,93.05207568342372,0
2026-07-27 14:00:00+00:00,93.05207568342372,93.05207568342372,93.05207568342372,0
2026-07-27 14:15:00+00:00,93.05207568342372,93.05207568342372,93.05207568342372,0
2026-07-27 14:30:00+00:00,93.05207568342372,93.05207568342372,93.05207568342372,0
2026-07-27 14:45:00+00:00,93.05207568342372,93.05207568342372,93.05207568342372,0
2026-07-27 15:00:00+00:00,93.05207568342372,93.05207568342372,93.05207568342372,0
2026-07-27 15:15:00+00:00,93.05207568342372,93.05207568342372,93.05207568342372,0
2026-07-27 15:30:00+00:00,93.05207568342372,93.05207568342372,93.05207568342372,0
2026-07-27 15:45:00+00:00,93.05207568342372,93.05207568342372,93.05207568342372,0
2026-07-27 16:00:00+00:00,93.05207568342372,93.05207568342372,93.05207568342372,0
2026-07-27 16:15:00+00:00,93.05207568342372,93.05207568342372,93.05207568342372,0
2026-07-27 16:30:00+00:00,93.05207568342372,93.05207568342372,93.05207568342372,0
2026-07-27 16:45:00+00:00,93.05207568342372,93.05207568342372,93.05207568342372,0
2026-07-27 17:00:00+00:00,93.05207568342372,93.05207568342372,93.05207568342372,0
2026-07-27 17:15:00+00:00,93.05207568342372,93.05207568342372,93.05207568342372,0
2026-07-27 17:30:00+00:00,93.05207568342372,93.05207568342372,93.05207568342372,0
2026-07-27 17:45:00+00:00,93.05207568342372,93.05207568342372,93.05207568342372,0
2026-07-27 18:00:00+00:00,93.05207568342372,93.05207568342372,93.05207568342372,0
2026-07-27 18:15:00+00:00,93.05207568342372,93.05207568342372,93.05207568342372,0
2026-07-27 18:30:00+00:00,93.05207568342372,93.05207568342372,93.05207568342372,0
2026-07-27 18:45:00+00:00,93.05207568342372,93.05207568342372,93.05207568342372,0
2026-07-27 19:00:00+00:00,93.05207568342372,93.05207568342372,93.05207568342372,0
2026-07-27 19:15:00+00:00,93.05207568342372,93.05207568342372,93.05207568342372,0
2026-07-27 19:30:00+00:00,93.05207568342372,93.05207568342372,93.05207568342372,0
2026-07-27 19:45:00+00:00,93.05207568342372,93.05207568342372,93.05207568342372,0
2026-07-27 20:00:00+00:00,93.05207568342372,93.05207568342372,93.05207568342372,0
2026-07-27 20:15:00+00:00,93.05207568342372,93.05207568342372,93.05207568342372,0
2026-07-27 20:30:00+00:00,93.05207568342372,93.05207568342372,93.05207568342372,0
2026-07-27 20:45:00+00:00,93.05207568342372,93.05207568342372,93.05207568342372,0
2026-07-27 21:00:00+00:00,93.05207568342372,93.05207568342372,93.05207568342372,0
2026-07-27 21:15:00+00:00,93.05207568342372,93.05207568342372,93.05207568342372,0
2026-07-27 21:30:00+00:00,93.05207568342372,93.05207568342372,93.05207568342372,0
2026-07-27 21:45:00+00:00,93.05207568342372,93.05207568342372,93.05207568342372,0
2026-07-27 22:00:00+00:00,93.05207568342372,93.05207568342372,93.05207568342372,0
2026-07-27 22:15:00+00:00,93.05207568342372,93.05207568342372,93.05207568342372,0
2026-07-27 22:30:00+00:00,93.05207568342372,93.05207568342372,93.05207568342372,0
2026-07-27 22:45:00+00:00,93.05207568342372,93.05207568342372,93.05207568342372,0
2026-07-27 23:00:00+00:00,93.05207568342372,93.05207568342372,93.05207568342372,0
2026-07-27 23:15:00+00:00,93.05207568342372,93.05207568342372,93.05207568342372,0
2026-07-27 23:30:00+00:00,93.05207568342372,93.05207568342372,93.05207568342372,0
2026-07-27 23:45:00+00:00,93.05207568342372,93.05207568342372,93.05207568342372,0
2026-07-28 00:00:00+00:00,93.05207568342372,93.05207568342372,93.05207568342372,0
2026-07-28 00:15:00+00:00,93.05207568342372,93.05207568342372,93.05207568342372,0
2026-07-28 00:30:00+00:00,93.05207568342372,93.05207568342372,93.05207568342372,0
2026-07-28 00:45:00+00:00,93.05207568342372,93.05207568342372,93.05207568342372,0
2026-07-28 01:00:00+00:00,93.05207568342372,93.05207568342372,93.05207568342372,0
2026-07-28 01:15:00+00:00,93.05207568342372,93.05207568342372,93.05207568342372,0
2026-07-28 01:30:00+00:00,93.05207568342372,93.05207568342372,93.05207568342372,0
2026-07-28 01:45:00+00:00,93.05207568342372,93.05207568342372,93.05207568342372,0
2026-07-28 02:00:00+00:00,93.05207568342372,93.05207568342372,93.05207568342372,0
2026-07-28 02:15:00+00:00,93.05207568342372,93.05207568342372,93.05207568342372,0
2026-07-28 02:30:00+00:00,93.05207568342372,93.05207568342372,93.05207568342372,0
2026-07-28 02:45:00+00:00,93.05207568342372,93.05207568342372,93.05207568342372,0
2026-07-28 03:00:00+00:00,93.05207568342372,93.05207568342372,93.05207568342372,0
2026-07-28 03:15:00+00:00,93.05207568342372,93.05207568342372,93.05207568342372,0
2026-07-28 03:30:00+00:00,93.05207568342372,93.05207568342372,93.05207568342372,0
2026-07-28 03:45:00+00:00,93.05207568342372,93.05207568342372,93.05207568342372,0
2026-07-28 04:00:00+00:00,93.05207568342372,93.05207568342372,93.05207568342372,0
2026-07-28 04:15:00+00:00,93.05207568342372,93.05207568342372,93.05207568342372,0
2026-07-28 04:30:00+00:00,93.05207568342372,93.05207568342372,93.05207568342372,0
2026-07-28 04:45:00+00:00,93.05207568342372,93.05207568342372,93.05207568342372,0
2026-07-28 05:00:00+00:00,93.05207568342372,93.05207568342372,93.05207568342372,0
2026-07-28 05:15:00+00:00,93.05207568342372,93.05207568342372,93.05207568342372,0
2026-07-28 05:30:00+00:00,93.05207568342372,93.05207568342372,93.05207568342372,0
2026-07-28 05:45:00+00:00,93.05207568342372,93.05207568342372,93.05207568342372,0
2026-07-28 06:00:00+00:00,93.05207568342372,93.05207568342372,93.05207568342372,0
2026-07-28 06:15:00+00:00,93.05207568342372,93.05207568342372,93.05207568342372,0
2026-07-28 06:30:00+00:00,93.05207568342372,93.05207568342372,93.05207568342372,0
2026-07-28 06:45:00+00:00,93.05207568342372,93.05207568342372,93.05207568342372,0
2026-07-28 07:00:00+00:00,93.05207568342372,93.05207568342372,93.05207568342372,0
2026-07-28 07:15:00+00:00,93.05207568342372,93.05207568342372,93.05207568342372,0
2026-07-28 07:30:00+00:00,93.05207568342372,93.05207568342372,93.05207568342372,0
2026-07-28 07:45:00+00:00,93.05207568342372,93.05207568342372,93.05207568342372,0
2026-07-28 08:00:00+00:00,93.05207568342372,93.05207568342372,93.05207568342372,0
2026-07-28 08:15:00+00:00,93.05207568342372,93.05207568342372,93.05207568342372,0
2026-07-28 08:30:00+00:00,93.05207568342372,93.05207568342372,93.05207568342372,0
2026-07-28 08:45:00+00:00,93.05207568342372,93.05207568342372,93.05207568342372,0
2026-07-28 09:00:00+00:00,93.05207568342372,93.05207568342372,93.05207568342372,0
2026-07-28 09:15:00+00:00,93.05207568342372,93.05207568342372,93.05207568342372,0
2026-07-28 09:30:00+00:00,93.05207568342372,93.05207568342372,93.05207568342372,0
2026-07-28 09:45:00+00:00,93.05207568342372,93.05207568342372,93.05207568342372,0
2026-07-28 10:00:00+00:00,93.05207568342372,93.05207568342372,93.05207568342372,0
2026-07-28 10:15:00+00:00,93.05207568342372,93.05207568342372,93.05207568342372,0
2026-07-28 10:30:00+00:00,93.05207568342372,93.05207568342372,93.05207568342372,0
2026-07-28 10:45:00+00:00,93.05207568342372,93.05207568342372,93.05207568342372,0
2026-07-28 11:00:00+00:00,93.05207568342372,93.05207568342372,93.05207568342372,0
2026-07-28 11:15:00+00:00,93.05207568342372,93.05207568342372,93.05207568342372,0
2026-07-28 11:30:00+00:00,93.05207568342372,93.05207568342372,93.05207568342372,0
2026-07-28 11:45:00+00:00,93.05207568342372,93.05207568342372,93.05207568342372,0
2026-07-28 12:00:00+00:00,93.05207568342372,93.05207568342372,93.05207568342372,0
2026-07-28 12:15:00+00:00,93.05207568342372,93.05207568342372,93.05207568342372,0
2026-07-28 12:30:00+00:00,93.05207568342372,93.05207568342372,93.05207568342372,0
2026-07-28 12:45:00+00:00,93.05207568342372,93.05207568342372,93.05207568342372,0
2026-07-28 13:00:00+00:00,93.05207568342372,93.05207568342372,93.05207568342372,0
2026-07-28 13:15:00+00:00,93.05207568342372,93.05207568342372,93.05207568342372,0
2026-07-28 13:30:00+00:00,93.05207568342372,93.05207568342372,93.05207568342372,0
2026-07-28 13:45:00+00:00,93.05207568342372,93.05207568342372,93.05207568342372,0
2026-07-28 14:00:00+00:00,93.05207568342372,93.05207568342372,93.05207568342372,0
2026-07-28 14:15:00+00:00,93.05207568342372,93.05207568342372,93.05207568342372,0
2026-07-28 14:30:00+00:00,93.05207568342372,93.05207568342372,93.05207568342372,0
2026-07-28 14:45:00+00:00,93.05207568342372,93.05207568342372,93.05207568342372,0
2026-07-28 15:00:00+00:00,93.05207568342372,93.05207568342372,93.05207568342372,0
2026-07-28 15:15:00+00:00,93.05207568342372,93.05207568342372,93.05207568342372,0
2026-07-28 15:30:00+00:00,93.05207568342372,93.05207568342372,93.05207568342372,0
2026-07-28 15:45:00+00:00,93.05207568342372,93.05207568342372,93.05207568342372,0
2026-07-28 16:00:00+00:00,93.05207568342372,93.05207568342372,93.05207568342372,0
2026-07-28 16:15:00+00:00,93.05207568342372,93.05207568342372,93.05207568342372,0
2026-07-28 16:30:00+00:00,93.05207568342372,93.05207568342372,93.05207568342372,0
2026-07-28 16:45:00+00:00,93.05207568342372,93.05207568342372,93.05207568342372,0
2026-07-28 17:00:00+00:00,93.05207568342372,93.05207568342372,93.05207568342372,0
2026-07-28 17:15:00+00:00,93.05207568342372,93.05207568342372,93.05207568342372,0
2026-07-28 17:30:00+00:00,93.05207568342372,93.05207568342372,93.05207568342372,0
2026-07-28 17:45:00+00:00,93.05207568342372,93.05207568342372,93.05207568342372,0
2026-07-28 18:00:00+00:00,93.05207568342372,93.05207568342372,93.05207568342372,0
2026-07-28 18:15:00+00:00,93.05207568342372,93.05207568342372,93.05207568342372,0
2026-07-28 18:30:00+00:00,93.05207568342372,93.05207568342372,93.05207568342372,0
2026-07-28 18:45:00+00:00,93.05207568342372,93.05207568342372,93.05207568342372,0
2026-07-28 19:00:00+00:00,93.05207568342372,93.05207568342372,93.05207568342372,0
2026-07-28 19:15:00+00:00,93.05207568342372,93.05207568342372,93.05207568342372,0
2026-07-28 19:30:00+00:00,93.05207568342372,93.05207568342372,93.05207568342372,0
2026-07-28 19:45:00+00:00,93.05207568342372,93.05207568342372,93.05207568342372,0
2026-07-28 20:00:00+00:00,93.05207568342372,93.05207568342372,93.05207568342372,0
2026-07-28 20:15:00+00:00,93.05207568342372,93.05207568342372,93.05207568342372,0
2026-07-28 20:30:00+00:00,93.05207568342372,93.05207568342372,93.05207568342372,0
2026-07-28 20:45:00+00:00,93.05207568342372,93.05207568342372,93.05207568342372,0
2026-07-28 21:00:00+00:00,93.05207568342372,93.05207568342372,93.05207568342372,0
2026-07-28 21:15:00+00:00,93.05207568342372,93.05207568342372,93.05207568342372,0
2026-07-28 21:30:00+00:00,93.05207568342372,93.05207568342372,93.05207568342372,0
2026-07-28 21:45:00+00:00,93.05207568342372,93.05207568342372,93.05207568342372,0
2026-07-28 22:00:00+00:00,93.05207568342372,93.05207568342372,93.05207568342372,0
2026-07-28 22:15:00+00:00,93.05207568342372,93.05207568342372,93.05207568342372,0
2026-07-28 22:30:00+00:00,93.05207568342372,93.05207568342372,93.05207568342372,0
2026-07-28 22:45:00+00:00,93.05207568342372,93.05207568342372,93.05207568342372,0
2026-07-28 23:00:00+00:00,93.05207568342372,93.05207568342372,93.05207568342372,0
2026-07-28 23:15:00+00:00,93.05207568342372,93.05207568342372,93.05207568342372,0
2026-07-28 23:30:00+00:00,93.05207568342372,93.05207568342372,93.05207568342372,0
2026-07-28 23:45:00+00:00,93.05207568342372,93.05207568342372,93.05207568342372,0
2026-07-29 00:00:00+00:00,93.05207568342372,93.05207568342372,93.05207568342372,0
2026-07-29 00:15:00+00:00,93.05207568342372,93.05207568342372,93.05207568342372,0
2026-07-29 00:30:00+00:00,93.05207568342372,93.05207568342372,93.05207568342372,0
2026-07-29 00:45:00+00:00,93.05207568342372,93.05207568342372,93.05207568342372,0
2026-07-29 01:00:00+00:00,93.05207568342372,93.05207568342372,93.05207568342372,0
2026-07-29 01:15:00+00:00,92.943508034508,92.85249365449135,93.04523544634029,1
2026-07-29 01:30:00+00:00,93.14084605254774,92.9281987765015,93.04523544634029,1
2026-07-29 01:45:00+00:00,93.3940376272705,93.11190987257942,93.04523544634029,1
2026-07-29 02:00:00+00:00,93.28098464506871,93.18408208889576,93.04523544634029,1
2026-07-29 02:15:00+00:00,93.1950172731861,93.1746610070456,93.04523544634029,1
2026-07-29 02:30:00+00:00,93.19468080597716,93.1475753967264,93.04523544634029,1
2026-07-29 02:45:00+00:00,93.35685800068332,93.18088565041089,93.04523544634029,1
2026-07-29 03:00:00+00:00,93.3814201069355,93.26533891985328,93.04523544634029,1
2026-07-29 03:15:00+00:00,93.47327565497444,93.34037110744556,93.04523544634029,1
2026-07-29 03:30:00+00:00,93.46738747881813,93.43323605711132,93.04523544634029,1
2026-07-29 03:45:00+00:00,93.59103917810133,93.4571252289456,93.04523544634029,1
2026-07-29 04:00:00+00:00,93.7831619544026,93.56344886696874,93.04523544634029,1
2026-07-29 04:15:00+00:00,93.8610541132708,93.76549742593356,93.04523544634029,1
2026-07-29 04:30:00+00:00,93.83060383086227,93.6909699391547,93.04523544634029,1
2026-07-29 04:45:00+00:00,93.50322123656956,93.47579915904146,93.04523544634029,1
2026-07-29 05:00:00+00:00,93.24397325208598,93.24010387918324,93.04523544634029,1
2026-07-29 05:15:00+00:00,93.29713507109754,93.24313208406365,93.04523544634029,1
2026-07-29 05:30:00+00:00,93.16019291706144,93.07287967634308,93.04523544634029,1
2026-07-29 05:45:00+00:00,93.2570954732344,93.1161157126911,93.04523544634029,1
2026-07-29 06:00:00+00:00,93.27576940333024,93.25036612905572,93.04523544634029,1
2026-07-29 06:15:00+00:00,93.27476000170344,93.22008408025168,93.04523544634029,1
2026-07-29 06:30:00+00:00,93.13512610999588,93.1176298151313,93.04523544634029,1
2026-07-29 06:45:00+00:00,93.12200388884744,93.07439377878327,93.04523544634029,1
2026-07-29 07:00:00+00:00,93.08499249586473,93.05185047578472,93.04523544634029,1
2026-07-29 07:15:00+00:00,93.05619219935636,93.04242939393455,93.05619219935636,0
2026-07-29 07:30:00+00:00,93.05619219935636,93.05619219935636,93.05619219935636,0
2026-07-29 07:45:00+00:00,93.05619219935636,93.05619219935636,93.05619219935636,0
2026-07-29 08:00:00+00:00,93.05619219935636,93.05619219935636,93.05619219935636,0
2026-07-29 08:15:00+00:00,93.05619219935636,93.05619219935636,93.05619219935636,0
2026-07-29 08:30:00+00:00,93.05619219935636,93.05619219935636,93.05619219935636,0
2026-07-29 08:45:00+00:00,93.05619219935636,93.05619219935636,93.05619219935636,0
2026-07-29 09:00:00+00:00,93.05619219935636,93.05619219935636,93.05619219935636,0
2026-07-29 09:15:00+00:00,93.05619219935636,93.05619219935636,93.05619219935636,0
2026-07-29 09:30:00+00:00,93.05619219935636,93.05619219935636,93.05619219935636,0
2026-07-29 09:45:00+00:00,93.05619219935636,93.05619219935636,93.05619219935636,0
2026-07-29 10:00:00+00:00,93.05619219935636,93.05619219935636,93.05619219935636,0
2026-07-29 10:15:00+00:00,93.05619219935636,93.05619219935636,93.05619219935636,0
2026-07-29 10:30:00+00:00,93.05619219935636,93.05619219935636,93.05619219935636,0
2026-07-29 10:45:00+00:00,93.05619219935636,93.05619219935636,93.05619219935636,0
2026-07-29 11:00:00+00:00,93.05619219935636,93.05619219935636,93.05619219935636,0
2026-07-29 11:15:00+00:00,93.05619219935636,93.05619219935636,93.05619219935636,0
2026-07-29 11:30:00+00:00,93.05619219935636,93.05619219935636,93.05619219935636,0
2026-07-29 11:45:00+00:00,93.05619219935636,93.05619219935636,93.05619219935636,0
2026-07-29 12:00:00+00:00,93.05619219935636,93.05619219935636,93.05619219935636,0
2026-07-29 12:15:00+00:00,93.05619219935636,93.05619219935636,93.05619219935636,0
2026-07-29 12:30:00+00:00,93.05619219935636,93.05619219935636,93.05619219935636,0
2026-07-29 12:45:00+00:00,93.05619219935636,93.05619219935636,93.05619219935636,0
2026-07-29 13:00:00+00:00,93.05619219935636,93.05619219935636,93.05619219935636,0
2026-07-29 13:15:00+00:00,93.05619219935636,93.05619219935636,93.05619219935636,0
2026-07-29 13:30:00+00:00,93.05619219935636,93.05619219935636,93.05619219935636,0
2026-07-29 13:45:00+00:00,93.05619219935636,93.05619219935636,93.05619219935636,0
2026-07-29 14:00:00+00:00,93.05619219935636,93.05619219935636,93.05619219935636,0
2026-07-29 14:15:00+00:00,93.05619219935636,93.05619219935636,93.05619219935636,0
2026-07-29 14:30:00+00:00,93.05619219935636,93.05619219935636,93.05619219935636,0
2026-07-29 14:45:00+00:00,93.05619219935636,93.05619219935636,93.05619219935636,0
2026-07-29 15:00:00+00:00,93.05619219935636,93.05619219935636,93.05619219935636,0
2026-07-29 15:15:00+00:00,93.05619219935636,93.05619219935636,93.05619219935636,0
2026-07-29 15:30:00+00:00,93.05619219935636,93.05619219935636,93.05619219935636,0
2026-07-29 15:45:00+00:00,93.05619219935636,93.05619219935636,93.05619219935636,0
2026-07-29 16:00:00+00:00,93.05619219935636,93.05619219935636,93.05619219935636,0
2026-07-29 16:15:00+00:00,93.05619219935636,93.05619219935636,93.05619219935636,0
2026-07-29 16:30:00+00:00,93.05619219935636,93.05619219935636,93.05619219935636,0
2026-07-29 16:45:00+00:00,93.00954220280846,92.99180879255589,93.05112731256796,1
2026-07-29 17:00:00+00:00,92.86504774889848,92.86255193560366,93.05112731256796,1
2026-07-29 17:15:00+00:00,93.02556795133302,92.85795438479744,93.05112731256796,1
2026-07-29 17:30:00+00:00,93.02451708257732,92.96146495723475,93.05112731256796,1
2026-07-29 17:45:00+00:00,93.00428785902992,92.9685583213358,93.05112731256796,1
2026-07-29 18:00:00+00:00,92.99890215665692,92.82866141823204,93.05112731256796,1
2026-07-29 18:15:00+00:00,93.0880946422977,92.94202388525416,93.05112731256796,1
2026-07-29 18:30:00+00:00,92.81500012440785,92.80160154777252,93.05112731256796,1
2026-07-29 18:45:00+00:00,92.74564278653104,92.71162091056496,93.05112731256796,1
2026-07-29 19:00:00+00:00,92.96987190728044,92.71411672385976,93.05112731256796,1
2026-07-29 19:15:00+00:00,93.1029381634721,92.94031622352612,93.05112731256796,1
2026-07-29 19:30:00+00:00,93.35632889219244,93.0686535703171,93.05112731256796,1
2026-07-29 19:45:00+00:00,93.46614467716402,93.32480282952116,93.05112731256796,1
2026-07-29 20:00:00+00:00,93.51632366024911,93.43566948324846,93.05112731256796,1
2026-07-29 20:15:00+00:00,93.66278849307606,93.47783559207129,93.05112731256796,1
2026-07-29 20:30:00+00:00,93.6366481327778,93.61300358577436,93.05112731256796,1
2026-07-29 20:45:00+00:00,93.74528169039922,93.62627080381516,93.05112731256796,1
2026-07-29 21:00:00+00:00,93.83736406511822,93.71270475897224,93.05112731256796,1
2026-07-29 21:15:00+00:00,93.73437892705874,93.72991273484698,93.05112731256796,1
2026-07-29 21:30:00+00:00,93.77142205069748,93.72991273484698,93.05112731256796,1
2026-07-29 21:45:00+00:00,93.69497134871966,93.66856827123247,93.05112731256796,1
2026-07-29 22:00:00+00:00,93.58817681142072,93.52735778218408,93.05112731256796,1
2026-07-29 22:15:00+00:00,93.52315430716124,93.45629278257924,93.05112731256796,1
2026-07-29 22:30:00+00:00,93.51553550868236,93.47074222797023,93.05112731256796,1
2026-07-29 22:45:00+00:00,93.57110019414046,93.5012174218858,93.05112731256796,1
2026-07-29 23:00:00+00:00,93.57215106289615,93.49162824448996,93.05112731256796,1
2026-07-29 23:15:00+00:00,93.57201970430172,93.5590152034498,93.05112731256796,1
2026-07-29 23:30:00+00:00,93.5835792606145,93.52814593375084,93.05112731256796,1
2026-07-29 23:45:00+00:00,93.52157800402767,93.48414080460552,93.05112731256796,1
2026-07-30 00:00:00+00:00,93.49136552730104,93.41806743159032,93.05112731256796,1
2026-07-30 00:15:00+00:00,93.39718141507062,93.39008805096958,93.05112731256796,1
2026-07-30 00:30:00+00:00,93.6168129850138,93.3950796775592,93.05112731256796,1
2026-07-30 00:45:00+00:00,93.51789996338267,93.51382784695431,93.05112731256796,1
2026-07-30 01:00:00+00:00,93.45655549976816,93.34240488117928,93.05112731256796,1
2026-07-30 01:15:00+00:00,93.26405764289444,93.26135662839523,93.26405764289444,0
2026-07-30 01:30:00+00:00,93.26405764289444,93.26405764289444,93.26405764289444,0
2026-07-30 01:45:00+00:00,93.26405764289444,93.26405764289444,93.26405764289444,0
2026-07-30 02:00:00+00:00,93.26405764289444,93.26405764289444,93.26405764289444,0
2026-07-30 02:15:00+00:00,93.26405764289444,93.26405764289444,93.26405764289444,0
2026-07-30 02:30:00+00:00,93.26405764289444,93.26405764289444,93.26405764289444,0
2026-07-30 02:45:00+00:00,93.26405764289444,93.26405764289444,93.26405764289444,0
2026-07-30 03:00:00+00:00,93.26405764289444,93.26405764289444,93.26405764289444,0
2026-07-30 03:15:00+00:00,93.26405764289444,93.26405764289444,93.26405764289444,0
2026-07-30 03:30:00+00:00,93.26405764289444,93.26405764289444,93.26405764289444,0
2026-07-30 03:45:00+00:00,93.26405764289444,93.26405764289444,93.26405764289444,0
2026-07-30 04:00:00+00:00,93.26405764289444,93.26405764289444,93.26405764289444,0
2026-07-30 04:15:00+00:00,93.26405764289444,93.26405764289444,93.26405764289444,0
2026-07-30 04:30:00+00:00,93.26405764289444,93.26405764289444,93.26405764289444,0
2026-07-30 04:45:00+00:00,93.26405764289444,93.26405764289444,93.26405764289444,0
2026-07-30 05:00:00+00:00,93.26405764289444,93.26405764289444,93.26405764289444,0
2026-07-30 05:15:00+00:00,93.26405764289444,93.26405764289444,93.26405764289444,0
2026-07-30 05:30:00+00:00,93.26405764289444,93.26405764289444,93.26405764289444,0
2026-07-30 05:45:00+00:00,93.26405764289444,93.26405764289444,93.26405764289444,0
2026-07-30 06:00:00+00:00,93.26405764289444,93.26405764289444,93.26405764289444,0
2026-07-30 06:15:00+00:00,93.26405764289444,93.26405764289444,93.26405764289444,0
2026-07-30 06:30:00+00:00,93.26405764289444,93.26405764289444,93.26405764289444,0
2026-07-30 06:45:00+00:00,93.26405764289444,93.26405764289444,93.26405764289444,0
2026-07-30 07:00:00+00:00,93.26405764289444,93.26405764289444,93.26405764289444,0
2026-07-30 07:15:00+00:00,93.26405764289444,93.26405764289444,93.26405764289444,0
2026-07-30 07:30:00+00:00,93.26405764289444,93.26405764289444,93.26405764289444,0
2026-07-30 07:45:00+00:00,93.26405764289444,93.26405764289444,93.26405764289444,0
2026-07-30 08:00:00+00:00,93.26405764289444,93.26405764289444,93.26405764289444,0
2026-07-30 08:15:00+00:00,93.26405764289444,93.26405764289444,93.26405764289444,0
2026-07-30 08:30:00+00:00,93.26405764289444,93.26405764289444,93.26405764289444,0
2026-07-30 08:45:00+00:00,93.18704691282213,93.15077994952404,93.2589271142646,1
2026-07-30 09:00:00+00:00,93.20885965161736,93.10373801886932,93.2589271142646,1
2026-07-30 09:15:00+00:00,93.05774730454203,92.93475499422686,93.2589271142646,1
2026-07-30 09:30:00+00:00,93.1363257250212,93.02016632083463,93.2589271142646,1
2026-07-30 09:45:00+00:00,93.01596145552472,92.9773292554898,93.2589271142646,1
2026-07-30 10:00:00+00:00,93.07772041476416,93.0151730432791,93.2589271142646,1
2026-07-30 10:15:00+00:00,93.18625850057651,93.04513270861229,93.2589271142646,1
2026-07-30 10:30:00+00:00,93.11924345969965,92.92660806768887,93.2589271142646,1
2026-07-30 10:45:00+00:00,93.1197690678634,93.07535517802737,93.2589271142646,1
2026-07-30 11:00:00+00:00,93.08954659844832,93.07561798210922,93.2589271142646,1
2026-07-30 11:15:00+00:00,93.15840126789828,93.074041157618,93.2589271142646,1
2026-07-30 11:30:00+00:00,93.09611670049507,93.09138622702142,93.2589271142646,1
2026-07-30 11:45:00+00:00,93.09637950457694,93.05406804739587,93.2589271142646,1
2026-07-30 12:00:00+00:00,93.20313414689744,93.06384798350632,93.25819488710026,1
2026-07-30 12:15:00+00:00,93.1668671835994,93.1237673141727,93.25819488710026,1
2026-07-30 12:30:00+00:00,93.13322826112002,92.96004037116764,93.25819488710026,1
2026-07-30 12:45:00+00:00,92.86884735475874,92.7303496036132,93.25819488710026,1
2026-07-30 13:00:00+00:00,92.8780454976242,92.79053173836144,93.25819488710026,1
2026-07-30 13:15:00+00:00,93.02784382429012,92.83573404044311,93.25819488710026,1
2026-07-30 13:30:00+00:00,92.96871290586937,92.90485151397492,93.25819488710026,1
2026-07-30 13:45:00+00:00,92.96004037116764,92.89171130988144,93.25819488710026,1
2026-07-30 14:00:00+00:00,92.95005381605658,92.88225036293412,93.25819488710026,1
2026-07-30 14:15:00+00:00,92.99078844874644,92.91904293439592,93.25819488710026,1
2026-07-30 14:30:00+00:00,92.96818729770564,92.91142161602168,93.25819488710026,1
2026-07-30 14:45:00+00:00,92.87656838297266,92.87656838297266,92.87656838297266,0
2026-07-30 15:00:00+00:00,92.87656838297266,92.87656838297266,92.87656838297266,0
2026-07-30 15:15:00+00:00,92.87656838297266,92.87656838297266,92.87656838297266,0
2026-07-30 15:30:00+00:00,92.87656838297266,92.87656838297266,92.87656838297266,0
2026-07-30 15:45:00+00:00,92.87656838297266,92.87656838297266,92.87656838297266,0
2026-07-30 16:00:00+00:00,92.87656838297266,92.87656838297266,92.87656838297266,0
2026-07-30 16:15:00+00:00,92.87656838297266,92.87656838297266,92.87656838297266,0
2026-07-30 16:30:00+00:00,92.87656838297266,92.87656838297266,92.87656838297266,0
2026-07-30 16:45:00+00:00,92.87656838297266,92.87656838297266,92.87656838297266,0
2026-07-30 17:00:00+00:00,92.87656838297266,92.87656838297266,92.87656838297266,0
2026-07-30 17:15:00+00:00,92.87656838297266,92.87656838297266,92.87656838297266,0
2026-07-30 17:30:00+00:00,92.87656838297266,92.87656838297266,92.87656838297266,0
2026-07-30 17:45:00+00:00,92.87656838297266,92.87656838297266,92.87656838297266,0
2026-07-30 18:00:00+00:00,92.87656838297266,92.87656838297266,92.87656838297266,0
2026-07-30 18:15:00+00:00,92.87656838297266,92.87656838297266,92.87656838297266,0
2026-07-30 18:30:00+00:00,92.87656838297266,92.87656838297266,92.87656838297266,0
2026-07-30 18:45:00+00:00,92.87656838297266,92.87656838297266,92.87656838297266,0
2026-07-30 19:00:00+00:00,92.87656838297266,92.87656838297266,92.87656838297266,0
2026-07-30 19:15:00+00:00,92.87656838297266,92.87656838297266,92.87656838297266,0
2026-07-30 19:30:00+00:00,92.87656838297266,92.87656838297266,92.87656838297266,0
2026-07-30 19:45:00+00:00,92.87656838297266,92.87656838297266,92.87656838297266,0
2026-07-30 20:00:00+00:00,92.87656838297266,92.87656838297266,92.87656838297266,0
2026-07-30 20:15:00+00:00,92.87656838297266,92.87656838297266,92.87656838297266,0
2026-07-30 20:30:00+00:00,92.87656838297266,92.87656838297266,92.87656838297266,0
2026-07-30 20:45:00+00:00,92.87656838297266,92.87656838297266,92.87656838297266,0
2026-07-30 21:00:00+00:00,92.87656838297266,92.87656838297266,92.87656838297266,0
2026-07-30 21:15:00+00:00,92.87656838297266,92.87656838297266,92.87656838297266,0
2026-07-30 21:30:00+00:00,92.87656838297266,92.87656838297266,92.87656838297266,0
2026-07-30 21:45:00+00:00,92.87656838297266,92.87656838297266,92.87656838297266,0
2026-07-30 22:00:00+00:00,92.87656838297266,92.87656838297266,92.87656838297266,0
2026-07-30 22:15:00+00:00,92.87656838297266,92.87656838297266,92.87656838297266,0
2026-07-30 22:30:00+00:00,92.87656838297266,92.87656838297266,92.87656838297266,0
2026-07-30 22:45:00+00:00,92.87656838297266,92.87656838297266,92.87656838297266,0
2026-07-30 23:00:00+00:00,92.87656838297266,92.87656838297266,92.87656838297266,0
2026-07-30 23:15:00+00:00,92.87656838297266,92.87656838297266,92.87656838297266,0
2026-07-30 23:30:00+00:00,92.87656838297266,92.87656838297266,92.87656838297266,0
2026-07-30 23:45:00+00:00,92.87656838297266,92.87656838297266,92.87656838297266,0
2026-07-31 00:00:00+00:00,92.87656838297266,92.87656838297266,92.87656838297266,0
2026-07-31 00:15:00+00:00,92.87656838297266,92.87656838297266,92.87656838297266,0
2026-07-31 00:30:00+00:00,92.87656838297266,92.87656838297266,92.87656838297266,0
2026-07-31 00:45:00+00:00,92.74732256011607,92.67796693730624,92.86924547983035,1
2026-07-31 01:00:00+00:00,92.83670600983352,92.72989093299276,92.86924547983035,1
2026-07-31 01:15:00+00:00,92.75807824493684,92.68798085076008,92.86924547983035,1
2026-07-31 01:30:00+00:00,92.7677212727072,92.68093402277404,92.86924547983035,1
2026-07-31 01:45:00+00:00,92.84709080897083,92.72803650457536,92.86924547983035,1
2026-07-31 02:00:00+00:00,92.75140230263428,92.73619598961182,92.86924547983035,1
2026-07-31 02:15:00+00:00,92.61751257089983,92.51218103679297,92.86924547983035,1
2026-07-31 02:30:00+00:00,92.55223669060824,92.46730386909248,92.86924547983035,1
2026-07-31 02:45:00+00:00,92.51663166499463,92.4654494406751,92.86924547983035,1
2026-07-31 03:00:00+00:00,92.55186580492476,92.4951202953531,92.86924547983035,1
2026-07-31 03:15:00+00:00,92.57560248866716,92.53332152075102,92.86924547983035,1
2026-07-31 03:30:00+00:00,92.55854174722732,92.47472158276196,92.86924547983035,1
2026-07-31 03:45:00+00:00,92.47212538297764,92.38793433282883,92.86924547983035,1
2026-07-31 04:00:00+00:00,92.55479212102932,92.4487188155555,92.86623762499931,1
2026-07-31 04:15:00+00:00,92.50027192555852,92.44760615850508,92.86623762499931,1
2026-07-31 04:30:00+00:00,92.44797704418852,92.44500995872076,92.86623762499931,1
2026-07-31 04:45:00+00:00,92.42424036044616,92.3626733369893,92.86623762499931,1
2026-07-31 05:00:00+00:00,92.17766436362297,92.17766436362297,92.17766436362297,0
2026-07-31 05:15:00+00:00,92.17766436362297,92.17766436362297,92.17766436362297,0
2026-07-31 05:30:00+00:00,92.17766436362297,92.17766436362297,92.17766436362297,0
2026-07-31 05:45:00+00:00,92.17766436362297,92.17766436362297,92.17766436362297,0
2026-07-31 06:00:00+00:00,92.17766436362297,92.17766436362297,92.17766436362297,0
2026-07-31 06:15:00+00:00,92.17766436362297,92.17766436362297,92.17766436362297,0
2026-07-31 06:30:00+00:00,92.17766436362297,92.17766436362297,92.17766436362297,0
2026-07-31 06:45:00+00:00,92.17766436362297,92.17766436362297,92.17766436362297,0
2026-07-31 07:00:00+00:00,92.17766436362297,92.17766436362297,92.17766436362297,0
2026-07-31 07:15:00+00:00,92.17766436362297,92.17766436362297,92.17766436362297,0
2026-07-31 07:30:00+00:00,92.17766436362297,92.17766436362297,92.17766436362297,0
2026-07-31 07:45:00+00:00,92.17766436362297,92.17766436362297,92.17766436362297,0
2026-07-31 08:00:00+00:00,92.17766436362297,92.17766436362297,92.17766436362297,0
2026-07-31 08:15:00+00:00,92.17766436362297,92.17766436362297,92.17766436362297,0
2026-07-31 08:30:00+00:00,92.17766436362297,92.17766436362297,92.17766436362297,0
2026-07-31 08:45:00+00:00,92.17766436362297,92.17766436362297,92.17766436362297,0
2026-07-31 09:00:00+00:00,92.17766436362297,92.17766436362297,92.17766436362297,0
2026-07-31 09:15:00+00:00,92.17766436362297,92.17766436362297,92.17766436362297,0
2026-07-31 09:30:00+00:00,92.17766436362297,92.17766436362297,92.17766436362297,0
2026-07-31 09:45:00+00:00,92.17766436362297,92.17766436362297,92.17766436362297,0
2026-07-31 10:00:00+00:00,92.17766436362297,92.17766436362297,92.17766436362297,0
2026-07-31 10:15:00+00:00,92.17766436362297,92.17766436362297,92.17766436362297,0
2026-07-31 10:30:00+00:00,92.17766436362297,92.17766436362297,92.17766436362297,0
2026-07-31 10:45:00+00:00,92.17766436362297,92.17766436362297,92.17766436362297,0
2026-07-31 11:00:00+00:00,92.17766436362297,92.17766436362297,92.17766436362297,0
2026-07-31 11:15:00+00:00,92.17766436362297,92.17766436362297,92.17766436362297,0
2026-07-31 11:30:00+00:00,92.17766436362297,92.17766436362297,92.17766436362297,0
2026-07-31 11:45:00+00:00,92.17766436362297,92.17766436362297,92.17766436362297,0
2026-07-31 12:00:00+00:00,92.17766436362297,92.17766436362297,92.17766436362297,0
2026-07-31 12:15:00+00:00,92.17766436362297,92.17766436362297,92.17766436362297,0
2026-07-31 12:30:00+00:00,92.17766436362297,92.17766436362297,92.17766436362297,0
2026-07-31 12:45:00+00:00,92.17766436362297,92.17766436362297,92.17766436362297,0
2026-07-31 13:00:00+00:00,92.17766436362297,92.17766436362297,92.17766436362297,0
2026-07-31 13:15:00+00:00,92.17766436362297,92.17766436362297,92.17766436362297,0
2026-07-31 13:30:00+00:00,92.17766436362297,92.17766436362297,92.17766436362297,0
2026-07-31 13:45:00+00:00,92.17766436362297,92.17766436362297,92.17766436362297,0
2026-07-31 14:00:00+00:00,92.17766436362297,92.17766436362297,92.17766436362297,0
2026-07-31 14:15:00+00:00,92.17766436362297,92.17766436362297,92.17766436362297,0
2026-07-31 14:30:00+00:00,92.17766436362297,92.17766436362297,92.17766436362297,0
2026-07-31 14:45:00+00:00,92.17766436362297,92.17766436362297,92.17766436362297,0
2026-07-31 15:00:00+00:00,92.17766436362297,92.17766436362297,92.17766436362297,0
2026-07-31 15:15:00+00:00,92.17766436362297,92.17766436362297,92.17766436362297,0
2026-07-31 15:30:00+00:00,92.17766436362297,92.17766436362297,92.17766436362297,0
2026-07-31 15:45:00+00:00,92.17766436362297,92.17766436362297,92.17766436362297,0
2026-07-31 16:00:00+00:00,92.17766436362297,92.17766436362297,92.17766436362297,0
2026-07-31 16:15:00+00:00,92.17766436362297,92.17766436362297,92.17766436362297,0
2026-07-31 16:30:00+00:00,92.17766436362297,92.17766436362297,92.17766436362297,0
2026-07-31 16:45:00+00:00,92.17766436362297,92.17766436362297,92.17766436362297,0
2026-07-31 17:00:00+00:00,92.17766436362297,92.17766436362297,92.17766436362297,0
2026-07-31 17:15:00+00:00,92.17766436362297,92.17766436362297,92.17766436362297,0
2026-07-31 17:30:00+00:00,92.17766436362297,92.17766436362297,92.17766436362297,0
2026-07-31 17:45:00+00:00,92.17766436362297,92.17766436362297,92.17766436362297,0
2026-07-31 18:00:00+00:00,92.17766436362297,92.17766436362297,92.17766436362297,0
2026-07-31 18:15:00+00:00,92.17766436362297,92.17766436362297,92.17766436362297,0
2026-07-31 18:30:00+00:00,92.17766436362297,92.17766436362297,92.17766436362297,0
2026-07-31 18:45:00+00:00,92.17766436362297,92.17766436362297,92.17766436362297,0
2026-07-31 19:00:00+00:00,92.17766436362297,92.17766436362297,92.17766436362297,0
2026-07-31 19:15:00+00:00,92.17766436362297,92.17766436362297,92.17766436362297,0
2026-07-31 19:30:00+00:00,92.17766436362297,92.17766436362297,92.17766436362297,0
2026-07-31 19:45:00+00:00,92.17766436362297,92.17766436362297,92.17766436362297,0
2026-07-31 20:00:00+00:00,92.17766436362297,92.17766436362297,92.17766436362297,0
2026-07-31 20:15:00+00:00,92.17766436362297,92.17766436362297,92.17766436362297,0
2026-07-31 20:30:00+00:00,92.17766436362297,92.17766436362297,92.17766436362297,0
2026-07-31 20:45:00+00:00,92.17766436362297,92.17766436362297,92.17766436362297,0
2026-07-31 21:00:00+00:00,92.17766436362297,92.17766436362297,92.17766436362297,0
2026-07-31 21:15:00+00:00,92.17766436362297,92.17766436362297,92.17766436362297,0
2026-07-31 21:30:00+00:00,92.17766436362297,92.17766436362297,92.17766436362297,0
2026-07-31 21:45:00+00:00,92.17766436362297,92.17766436362297,92.17766436362297,0
2026-07-31 22:00:00+00:00,92.17766436362297,92.17766436362297,92.17766436362297,0
2026-07-31 22:15:00+00:00,92.17766436362297,92.17766436362297,92.17766436362297,0
2026-07-31 22:30:00+00:00,92.17766436362297,92.17766436362297,92.17766436362297,0
2026-07-31 22:45:00+00:00,92.17766436362297,92.17766436362297,92.17766436362297,0
2026-07-31 23:00:00+00:00,92.17766436362297,92.17766436362297,92.17766436362297,0
2026-07-31 23:15:00+00:00,92.17766436362297,92.17766436362297,92.17766436362297,0
2026-07-31 23:30:00+00:00,92.17766436362297,92.17766436362297,92.17766436362297,0
2026-07-31 23:45:00+00:00,92.17766436362297,92.17766436362297,92.17766436362297,0
2026-08-01 00:00:00+00:00,92.17766436362297,92.17766436362297,92.17766436362297,0
2026-08-01 00:15:00+00:00,92.17766436362297,92.17766436362297,92.17766436362297,0
2026-08-01 00:30:00+00:00,92.17766436362297,92.17766436362297,92.17766436362297,0
2026-08-01 00:45:00+00:00,92.17766436362297,92.17766436362297,92.17766436362297,0
2026-08-01 01:00:00+00:00,92.17766436362297,92.17766436362297,92.17766436362297,0
2026-08-01 01:15:00+00:00,92.17766436362297,92.17766436362297,92.17766436362297,0
2026-08-01 01:30:00+00:00,92.17766436362297,92.17766436362297,92.17766436362297,0
2026-08-01 01:45:00+00:00,92.17766436362297,92.17766436362297,92.17766436362297,0
2026-08-01 02:00:00+00:00,92.17766436362297,92.17766436362297,92.17766436362297,0
2026-08-01 02:15:00+00:00,92.17766436362297,92.17766436362297,92.17766436362297,0
2026-08-01 02:30:00+00:00,92.17766436362297,92.17766436362297,92.17766436362297,0
2026-08-01 02:45:00+00:00,92.17766436362297,92.17766436362297,92.17766436362297,0
2026-08-01 03:00:00+00:00,92.17766436362297,92.17766436362297,92.17766436362297,0
2026-08-01 03:15:00+00:00,92.17766436362297,92.17766436362297,92.17766436362297,0
2026-08-01 03:30:00+00:00,92.17766436362297,92.17766436362297,92.17766436362297,0
2026-08-01 03:45:00+00:00,92.17766436362297,92.17766436362297,92.17766436362297,0
2026-08-01 04:00:00+00:00,92.17766436362297,92.17766436362297,92.17766436362297,0
2026-08-01 04:15:00+00:00,92.17766436362297,92.17766436362297,92.17766436362297,0
2026-08-01 04:30:00+00:00,92.17766436362297,92.17766436362297,92.17766436362297,0
2026-08-01 04:45:00+00:00,92.17766436362297,92.17766436362297,92.17766436362297,0
2026-08-01 05:00:00+00:00,92.17766436362297,92.17766436362297,92.17766436362297,0
2026-08-01 05:15:00+00:00,92.17766436362297,92.17766436362297,92.17766436362297,0
2026-08-01 05:30:00+00:00,92.17766436362297,92.17766436362297,92.17766436362297,0
2026-08-01 05:45:00+00:00,92.17766436362297,92.17766436362297,92.17766436362297,0
2026-08-01 06:00:00+00:00,92.17766436362297,92.17766436362297,92.17766436362297,0
2026-08-01 06:15:00+00:00,92.17766436362297,92.17766436362297,92.17766436362297,0
2026-08-01 06:30:00+00:00,92.17766436362297,92.17766436362297,92.17766436362297,0
2026-08-01 06:45:00+00:00,92.17766436362297,92.17766436362297,92.17766436362297,0
2026-08-01 07:00:00+00:00,92.17766436362297,92.17766436362297,92.17766436362297,0
2026-08-01 07:15:00+00:00,92.17766436362297,92.17766436362297,92.17766436362297,0
2026-08-01 07:30:00+00:00,92.17766436362297,92.17766436362297,92.17766436362297,0
2026-08-01 07:45:00+00:00,92.17766436362297,92.17766436362297,92.17766436362297,0
2026-08-01 08:00:00+00:00,92.17766436362297,92.17766436362297,92.17766436362297,0
2026-08-01 08:15:00+00:00,92.17766436362297,92.17766436362297,92.17766436362297,0
2026-08-01 08:30:00+00:00,92.17766436362297,92.17766436362297,92.17766436362297,0
2026-08-01 08:45:00+00:00,92.17766436362297,92.17766436362297,92.17766436362297,0
2026-08-01 09:00:00+00:00,92.17766436362297,92.17766436362297,92.17766436362297,0
2026-08-01 09:15:00+00:00,92.17766436362297,92.17766436362297,92.17766436362297,0
2026-08-01 09:30:00+00:00,92.17766436362297,92.17766436362297,92.17766436362297,0
2026-08-01 09:45:00+00:00,92.17766436362297,92.17766436362297,92.17766436362297,0
2026-08-01 10:00:00+00:00,92.17766436362297,92.17766436362297,92.17766436362297,0
2026-08-01 10:15:00+00:00,92.17766436362297,92.17766436362297,92.17766436362297,0
2026-08-01 10:30:00+00:00,92.17766436362297,92.17766436362297,92.17766436362297,0
2026-08-01 10:45:00+00:00,92.17766436362297,92.17766436362297,92.17766436362297,0
2026-08-01 11:00:00+00:00,92.17766436362297,92.17766436362297,92.17766436362297,0
2026-08-01 11:15:00+00:00,92.17766436362297,92.17766436362297,92.17766436362297,0
2026-08-01 11:30:00+00:00,92.17766436362297,92.17766436362297,92.17766436362297,0
2026-08-01 11:45:00+00:00,92.17766436362297,92.17766436362297,92.17766436362297,0
2026-08-01 12:00:00+00:00,92.17766436362297,92.17766436362297,92.17766436362297,0
2026-08-01 12:15:00+00:00,92.17766436362297,92.17766436362297,92.17766436362297,0
2026-08-01 12:30:00+00:00,92.17766436362297,92.17766436362297,92.17766436362297,0
2026-08-01 12:45:00+00:00,92.17766436362297,92.17766436362297,92.17766436362297,0
2026-08-01 13:00:00+00:00,92.17766436362297,92.17766436362297,92.17766436362297,0
2026-08-01 13:15:00+00:00,92.17766436362297,92.17766436362297,92.17766436362297,0
2026-08-01 13:30:00+00:00,92.17766436362297,92.17766436362297,92.17766436362297,0
2026-08-01 13:45:00+00:00,92.17766436362297,92.17766436362297,92.17766436362297,0
2026-08-01 14:00:00+00:00,92.17766436362297,92.17766436362297,92.17766436362297,0
2026-08-01 14:15:00+00:00,92.17766436362297,92.17766436362297,92.17766436362297,0
2026-08-01 14:30:00+00:00,92.17766436362297,92.17766436362297,92.17766436362297,0
2026-08-01 14:45:00+00:00,92.17766436362297,92.17766436362297,92.17766436362297,0
2026-08-01 15:00:00+00:00,92.17766436362297,92.17766436362297,92.17766436362297,0
2026-08-01 15:15:00+00:00,92.17766436362297,92.17766436362297,92.17766436362297,0
2026-08-01 15:30:00+00:00,92.17766436362297,92.17766436362297,92.17766436362297,0
2026-08-01 15:45:00+00:00,92.17766436362297,92.17766436362297,92.17766436362297,0
2026-08-01 16:00:00+00:00,92.17766436362297,92.17766436362297,92.17766436362297,0
2026-08-01 16:15:00+00:00,92.17766436362297,92.17766436362297,92.17766436362297,0
2026-08-01 16:30:00+00:00,92.17766436362297,92.17766436362297,92.17766436362297,0
2026-08-01 16:45:00+00:00,92.17766436362297,92.17766436362297,92.17766436362297,0
2026-08-01 17:00:00+00:00,92.17766436362297,92.17766436362297,92.17766436362297,0
2026-08-01 17:15:00+00:00,92.17766436362297,92.17766436362297,92.17766436362297,0
2026-08-01 17:30:00+00:00,92.17766436362297,92.17766436362297,92.17766436362297,0
2026-08-01 17:45:00+00:00,92.17766436362297,92.17766436362297,92.17766436362297,0
2026-08-01 18:00:00+00:00,92.17766436362297,92.17766436362297,92.17766436362297,0
2026-08-01 18:15:00+00:00,92.17766436362297,92.17766436362297,92.17766436362297,0
2026-08-01 18:30:00+00:00,92.17766436362297,92.17766436362297,92.17766436362297,0
2026-08-01 18:45:00+00:00,92.17766436362297,92.17766436362297,92.17766436362297,0
2026-08-01 19:00:00+00:00,92.17766436362297,92.17766436362297,92.17766436362297,0
2026-08-01 19:15:00+00:00,92.17766436362297,92.17766436362297,92.17766436362297,0
2026-08-01 19:30:00+00:00,92.17766436362297,92.17766436362297,92.17766436362297,0
2026-08-01 19:45:00+00:00,92.17766436362297,92.17766436362297,92.17766436362297,0
2026-08-01 20:00:00+00:00,92.17766436362297,92.17766436362297,92.17766436362297,0
2026-08-01 20:15:00+00:00,92.17766436362297,92.17766436362297,92.17766436362297,0
2026-08-01 20:30:00+00:00,92.17766436362297,92.17766436362297,92.17766436362297,0
2026-08-01 20:45:00+00:00,92.17766436362297,92.17766436362297,92.17766436362297,0
2026-08-01 21:00:00+00:00,92.17766436362297,92.17766436362297,92.17766436362297,0
2026-08-01 21:15:00+00:00,92.17766436362297,92.17766436362297,92.17766436362297,0
2026-08-01 21:30:00+00:00,92.17766436362297,92.17766436362297,92.17766436362297,0
2026-08-01 21:45:00+00:00,92.17766436362297,92.17766436362297,92.17766436362297,0
2026-08-01 22:00:00+00:00,92.17766436362297,92.17766436362297,92.17766436362297,0
2026-08-01 22:15:00+00:00,92.17766436362297,92.17766436362297,92.17766436362297,0
2026-08-01 22:30:00+00:00,92.17766436362297,92.17766436362297,92.17766436362297,0
2026-08-01 22:45:00+00:00,92.17766436362297,92.17766436362297,92.17766436362297,0
2026-08-01 23:00:00+00:00,92.17766436362297,92.17766436362297,92.17766436362297,0
2026-08-01 23:15:00+00:00,92.17766436362297,92.17766436362297,92.17766436362297,0
2026-08-01 23:30:00+00:00,92.17766436362297,92.17766436362297,92.17766436362297,0
2026-08-01 23:45:00+00:00,92.17766436362297,92.17766436362297,92.17766436362297,0
2026-08-02 00:00:00+00:00,92.17766436362297,92.17766436362297,92.17766436362297,0
2026-08-02 00:15:00+00:00,92.17766436362297,92.17766436362297,92.17766436362297,0
2026-08-02 00:30:00+00:00,92.17766436362297,92.17766436362297,92.17766436362297,0
2026-08-02 00:45:00+00:00,92.17766436362297,92.17766436362297,92.17766436362297,0
2026-08-02 01:00:00+00:00,92.17766436362297,92.17766436362297,92.17766436362297,0
2026-08-02 01:15:00+00:00,92.17766436362297,92.17766436362297,92.17766436362297,0
2026-08-02 01:30:00+00:00,92.17766436362297,92.17766436362297,92.17766436362297,0
2026-08-02 01:45:00+00:00,92.17766436362297,92.17766436362297,92.17766436362297,0
2026-08-02 02:00:00+00:00,92.17766436362297,92.17766436362297,92.17766436362297,0
2026-08-02 02:15:00+00:00,92.17766436362297,92.17766436362297,92.17766436362297,0
2026-08-02 02:30:00+00:00,92.17766436362297,92.17766436362297,92.17766436362297,0
2026-08-02 02:45:00+00:00,92.17766436362297,92.17766436362297,92.17766436362297,0
2026-08-02 03:00:00+00:00,92.17766436362297,92.17766436362297,92.17766436362297,0
2026-08-02 03:15:00+00:00,92.17766436362297,92.17766436362297,92.17766436362297,0
2026-08-02 03:30:00+00:00,92.17766436362297,92.17766436362297,92.17766436362297,0
2026-08-02 03:45:00+00:00,92.17766436362297,92.17766436362297,92.17766436362297,0
2026-08-02 04:00:00+00:00,92.17766436362297,92.17766436362297,92.17766436362297,0
2026-08-02 04:15:00+00:00,92.17766436362297,92.17766436362297,92.17766436362297,0
2026-08-02 04:30:00+00:00,92.17766436362297,92.17766436362297,92.17766436362297,0
2026-08-02 04:45:00+00:00,92.17766436362297,92.17766436362297,92.17766436362297,0
2026-08-02 05:00:00+00:00,92.17766436362297,92.17766436362297,92.17766436362297,0
2026-08-02 05:15:00+00:00,92.17766436362297,92.17766436362297,92.17766436362297,0
2026-08-02 05:30:00+00:00,92.17766436362297,92.17766436362297,92.17766436362297,0
2026-08-02 05:45:00+00:00,92.17766436362297,92.17766436362297,92.17766436362297,0
2026-08-02 06:00:00+00:00,92.17766436362297,92.17766436362297,92.17766436362297,0
2026-08-02 06:15:00+00:00,92.17766436362297,92.17766436362297,92.17766436362297,0
2026-08-02 06:30:00+00:00,92.17766436362297,92.17766436362297,92.17766436362297,0
2026-08-02 06:45:00+00:00,92.17766436362297,92.17766436362297,92.17766436362297,0
2026-08-02 07:00:00+00:00,92.17766436362297,92.17766436362297,92.17766436362297,0
2026-08-02 07:15:00+00:00,92.17766436362297,92.17766436362297,92.17766436362297,0
2026-08-02 07:30:00+00:00,92.17766436362297,92.17766436362297,92.17766436362297,0
2026-08-02 07:45:00+00:00,92.17766436362297,92.17766436362297,92.17766436362297,0
2026-08-02 08:00:00+00:00,92.17766436362297,92.17766436362297,92.17766436362297,0
2026-08-02 08:15:00+00:00,92.17766436362297,92.17766436362297,92.17766436362297,0
2026-08-02 08:30:00+00:00,92.17766436362297,92.17766436362297,92.17766436362297,0
2026-08-02 08:45:00+00:00,92.17766436362297,92.17766436362297,92.17766436362297,0
2026-08-02 09:00:00+00:00,92.17766436362297,92.17766436362297,92.17766436362297,0
2026-08-02 09:15:00+00:00,92.17766436362297,92.17766436362297,92.17766436362297,0
2026-08-02 09:30:00+00:00,92.17766436362297,92.17766436362297,92.17766436362297,0
2026-08-02 09:45:00+00:00,92.17766436362297,92.17766436362297,92.17766436362297,0
2026-08-02 10:00:00+00:00,92.17766436362297,92.17766436362297,92.17766436362297,0
2026-08-02 10:15:00+00:00,92.17766436362297,92.17766436362297,92.17766436362297,0
2026-08-02 10:30:00+00:00,92.17766436362297,92.17766436362297,92.17766436362297,0
2026-08-02 10:45:00+00:00,92.17766436362297,92.17766436362297,92.17766436362297,0
2026-08-02 11:00:00+00:00,92.17766436362297,92.17766436362297,92.17766436362297,0
2026-08-02 11:15:00+00:00,92.17766436362297,92.17766436362297,92.17766436362297,0
2026-08-02 11:30:00+00:00,92.17766436362297,92.17766436362297,92.17766436362297,0
2026-08-02 11:45:00+00:00,92.17766436362297,92.17766436362297,92.17766436362297,0
2026-08-02 12:00:00+00:00,92.17766436362297,92.17766436362297,92.17766436362297,0
2026-08-02 12:15:00+00:00,92.17766436362297,92.17766436362297,92.17766436362297,0
2026-08-02 12:30:00+00:00,92.17766436362297,92.17766436362297,92.17766436362297,0
2026-08-02 12:45:00+00:00,92.17766436362297,92.17766436362297,92.17766436362297,0
2026-08-02 13:00:00+00:00,92.17766436362297,92.17766436362297,92.17766436362297,0
2026-08-02 13:15:00+00:00,92.17766436362297,92.17766436362297,92.17766436362297,0
2026-08-02 13:30:00+00:00,92.17766436362297,92.17766436362297,92.17766436362297,0
2026-08-02 13:45:00+00:00,92.17766436362297,92.17766436362297,92.17766436362297,0
2026-08-02 14:00:00+00:00,92.17766436362297,92.17766436362297,92.17766436362297,0
2026-08-02 14:15:00+00:00,92.17766436362297,92.17766436362297,92.17766436362297,0
2026-08-02 14:30:00+00:00,92.17766436362297,92.17766436362297,92.17766436362297,0
2026-08-02 14:45:00+00:00,92.17766436362297,92.17766436362297,92.17766436362297,0
2026-08-02 15:00:00+00:00,92.17766436362297,92.17766436362297,92.17766436362297,0
2026-08-02 15:15:00+00:00,92.17766436362297,92.17766436362297,92.17766436362297,0
2026-08-02 15:30:00+00:00,92.17766436362297,92.17766436362297,92.17766436362297,0
2026-08-02 15:45:00+00:00,92.17766436362297,92.17766436362297,92.17766436362297,0
2026-08-02 16:00:00+00:00,92.17766436362297,92.17766436362297,92.17766436362297,0
2026-08-02 16:15:00+00:00,92.17766436362297,92.17766436362297,92.17766436362297,0
2026-08-02 16:30:00+00:00,92.17766436362297,92.17766436362297,92.17766436362297,0
2026-08-02 16:45:00+00:00,92.17766436362297,92.17766436362297,92.17766436362297,0
2026-08-02 17:00:00+00:00,92.17766436362297,92.17766436362297,92.17766436362297,0
2026-08-02 17:15:00+00:00,92.17766436362297,92.17766436362297,92.17766436362297,0
2026-08-02 17:30:00+00:00,92.17766436362297,92.17766436362297,92.17766436362297,0
2026-08-02 17:45:00+00:00,92.17766436362297,92.17766436362297,92.17766436362297,0
2026-08-02 18:00:00+00:00,92.17766436362297,92.17766436362297,92.17766436362297,0
2026-08-02 18:15:00+00:00,92.17766436362297,92.17766436362297,92.17766436362297,0
2026-08-02 18:30:00+00:00,92.17766436362297,92.17766436362297,92.17766436362297,0
2026-08-02 18:45:00+00:00,92.17766436362297,92.17766436362297,92.17766436362297,0
2026-08-02 19:00:00+00:00,92.17766436362297,92.17766436362297,92.17766436362297,0
2026-08-02 19:15:00+00:00,92.17766436362297,92.17766436362297,92.17766436362297,0
2026-08-02 19:30:00+00:00,92.17766436362297,92.17766436362297,92.17766436362297,0
2026-08-02 19:45:00+00:00,92.17766436362297,92.17766436362297,92.17766436362297,0
2026-08-02 20:00:00+00:00,92.17766436362297,92.17766436362297,92.17766436362297,0
2026-08-02 20:15:00+00:00,92.17766436362297,92.17766436362297,92.17766436362297,0
2026-08-02 20:30:00+00:00,92.17766436362297,92.17766436362297,92.17766436362297,0
2026-08-02 20:45:00+00:00,92.17766436362297,92.17766436362297,92.17766436362297,0
2026-08-02 21:00:00+00:00,92.17766436362297,92.17766436362297,92.17766436362297,0
2026-08-02 21:15:00+00:00,92.17766436362297,92.17766436362297,92.17766436362297,0
2026-08-02 21:30:00+00:00,92.17766436362297,92.17766436362297,92.17766436362297,0
2026-08-02 21:45:00+00:00,92.17766436362297,92.17766436362297,92.17766436362297,0
2026-08-02 22:00:00+00:00,92.17766436362297,92.17766436362297,92.17766436362297,0
2026-08-02 22:15:00+00:00,92.17766436362297,92.17766436362297,92.17766436362297,0
2026-08-02 22:30:00+00:00,92.17766436362297,92.17766436362297,92.17766436362297,0
2026-08-02 22:45:00+00:00,92.17766436362297,92.17766436362297,92.17766436362297,0
2026-08-02 23:00:00+00:00,92.17766436362297,92.17766436362297,92.17766436362297,0
2026-08-02 23:15:00+00:00,92.17766436362297,92.17766436362297,92.17766436362297,0
2026-08-02 23:30:00+00:00,92.17766436362297,92.17766436362297,92.17766436362297,0
2026-08-02 23:45:00+00:00,92.17766436362297,92.17766436362297,92.17766436362297,0
2026-08-03 00:00:00+00:00,92.17766436362297,92.17766436362297,92.17766436362297,0
2026-08-03 00:15:00+00:00,92.17766436362297,92.17766436362297,92.17766436362297,0
2026-08-03 00:30:00+00:00,92.17766436362297,92.17766436362297,92.17766436362297,0
2026-08-03 00:45:00+00:00,92.17766436362297,92.17766436362297,92.17766436362297,0
2026-08-03 01:00:00+00:00,92.17766436362297,92.17766436362297,92.17766436362297,0
2026-08-03 01:15:00+00:00,92.17766436362297,92.17766436362297,92.17766436362297,0
2026-08-03 01:30:00+00:00,92.17766436362297,92.17766436362297,92.17766436362297,0
2026-08-03 01:45:00+00:00,92.17766436362297,92.17766436362297,92.17766436362297,0
2026-08-03 02:00:00+00:00,92.17766436362297,92.17766436362297,92.17766436362297,0
2026-08-03 02:15:00+00:00,92.17766436362297,92.17766436362297,92.17766436362297,0
2026-08-03 02:30:00+00:00,92.17766436362297,92.17766436362297,92.17766436362297,0
2026-08-03 02:45:00+00:00,92.17766436362297,92.17766436362297,92.17766436362297,0
2026-08-03 03:00:00+00:00,92.17766436362297,92.17766436362297,92.17766436362297,0
2026-08-03 03:15:00+00:00,92.17766436362297,92.17766436362297,92.17766436362297,0
2026-08-03 03:30:00+00:00,92.17766436362297,92.17766436362297,92.17766436362297,0
2026-08-03 03:45:00+00:00,92.17766436362297,92.17766436362297,92.17766436362297,0
2026-08-03 04:00:00+00:00,92.17766436362297,92.17766436362297,92.17766436362297,0
2026-08-03 04:15:00+00:00,92.17766436362297,92.17766436362297,92.17766436362297,0
2026-08-03 04:30:00+00:00,92.17766436362297,92.17766436362297,92.17766436362297,0
2026-08-03 04:45:00+00:00,92.42318802646508,92.0958660023773,92.13677541035212,1
2026-08-03 05:00:00+00:00,92.1893865806881,92.17769650839924,92.13677541035212,1
2026-08-03 05:15:00+00:00,92.41149795417624,92.17769650839924,92.13677541035212,1
2026-08-03 05:30:00+00:00,92.42318802646508,92.36473766502084,92.13677541035212,1
2026-08-03 05:45:00+00:00,92.29459723128774,92.28290715899888,92.13677541035212,1
2026-08-03 06:00:00+00:00,92.38811780959853,92.2361468698435,92.13677541035212,1
2026-08-03 06:15:00+00:00,92.49332846019816,92.38811780959853,92.13677541035212,1
2026-08-03 06:30:00+00:00,92.77389019513056,92.4582582433316,92.13677541035212,1
2026-08-03 06:45:00+00:00,92.7855802674194,92.58684903850896,92.13677541035212,1
2026-08-03 07:00:00+00:00,93.124592363796,92.7622001228417,92.13677541035212,1
2026-08-03 07:15:00+00:00,92.94924127946328,92.94924127946328,92.13677541035212,1
2026-08-03 07:30:00+00:00,93.00769164090754,92.84403062886364,92.13677541035212,1
2026-08-03 07:45:00+00:00,92.96093135175212,92.90248099030788,92.13677541035212,1
2026-08-03 08:00:00+00:00,93.02232288967124,92.92880231136044,92.13971658682698,1
2026-08-03 08:15:00+00:00,93.21820135340894,93.02232288967124,92.56238479098285,1
2026-08-03 08:30:00+00:00,93.07792048594276,93.07090644256944,92.56238479098285,1
2026-08-03 08:45:00+00:00,93.02180813895627,93.00778005220968,92.56238479098285,1
2026-08-03 09:00:00+00:00,92.98673792208974,92.9656957919698,92.56238479098285,1
2026-08-03 09:15:00+00:00,92.93763961847658,92.91659748835664,92.56238479098285,1
2026-08-03 09:30:00+00:00,92.85781574409415,92.85781574409415,92.85781574409415,0
2026-08-03 09:45:00+00:00,92.85781574409415,92.85781574409415,92.85781574409415,0
2026-08-03 10:00:00+00:00,92.85781574409415,92.85781574409415,92.85781574409415,0
2026-08-03 10:15:00+00:00,92.85781574409415,92.85781574409415,92.85781574409415,0
2026-08-03 10:30:00+00:00,92.85781574409415,92.85781574409415,92.85781574409415,0
2026-08-03 10:45:00+00:00,92.85781574409415,92.85781574409415,92.85781574409415,0
2026-08-03 11:00:00+00:00,92.85781574409415,92.85781574409415,92.85781574409415,0
2026-08-03 11:15:00+00:00,92.85781574409415,92.85781574409415,92.85781574409415,0
2026-08-03 11:30:00+00:00,92.85781574409415,92.85781574409415,92.85781574409415,0
2026-08-03 11:45:00+00:00,92.85781574409415,92.85781574409415,92.85781574409415,0
2026-08-03 12:00:00+00:00,92.85781574409415,92.85781574409415,92.85781574409415,0
2026-08-03 12:15:00+00:00,92.85781574409415,92.85781574409415,92.85781574409415,0
2026-08-03 12:30:00+00:00,92.85781574409415,92.85781574409415,92.85781574409415,0
2026-08-03 12:45:00+00:00,92.85781574409415,92.85781574409415,92.85781574409415,0
2026-08-03 13:00:00+00:00,92.85781574409415,92.85781574409415,92.85781574409415,0
2026-08-03 13:15:00+00:00,92.85781574409415,92.85781574409415,92.85781574409415,0
2026-08-03 13:30:00+00:00,92.85781574409415,92.85781574409415,92.85781574409415,0
2026-08-03 13:45:00+00:00,92.85781574409415,92.85781574409415,92.85781574409415,0
2026-08-03 14:00:00+00:00,92.85781574409415,92.85781574409415,92.85781574409415,0
2026-08-03 14:15:00+00:00,92.85781574409415,92.85781574409415,92.85781574409415,0
2026-08-03 14:30:00+00:00,92.85781574409415,92.85781574409415,92.85781574409415,0
2026-08-03 14:45:00+00:00,92.85781574409415,92.85781574409415,92.85781574409415,0
2026-08-03 15:00:00+00:00,92.85781574409415,92.85781574409415,92.85781574409415,0
2026-08-03 15:15:00+00:00,92.85781574409415,92.85781574409415,92.85781574409415,0
2026-08-03 15:30:00+00:00,92.85781574409415,92.85781574409415,92.85781574409415,0
2026-08-03 15:45:00+00:00,92.85781574409415,92.85781574409415,92.85781574409415,0
2026-08-03 16:00:00+00:00,92.85781574409415,92.85781574409415,92.85781574409415,0
2026-08-03 16:15:00+00:00,92.85781574409415,92.85781574409415,92.85781574409415,0
2026-08-03 16:30:00+00:00,92.85781574409415,92.85781574409415,92.85781574409415,0
2026-08-03 16:45:00+00:00,92.85781574409415,92.85781574409415,92.85781574409415,0
2026-08-03 17:00:00+00:00,92.85781574409415,92.85781574409415,92.85781574409415,0
2026-08-03 17:15:00+00:00,92.85781574409415,92.85781574409415,92.85781574409415,0
2026-08-03 17:30:00+00:00,92.85781574409415,92.85781574409415,92.85781574409415,0
2026-08-03 17:45:00+00:00,92.85781574409415,92.85781574409415,92.85781574409415,0
2026-08-03 18:00:00+00:00,92.85781574409415,92.85781574409415,92.85781574409415,0
2026-08-03 18:15:00+00:00,92.85781574409415,92.85781574409415,92.85781574409415,0
2026-08-03 18:30:00+00:00,92.85781574409415,92.85781574409415,92.85781574409415,0
2026-08-03 18:45:00+00:00,92.85781574409415,92.85781574409415,92.85781574409415,0
2026-08-03 19:00:00+00:00,92.85781574409415,92.85781574409415,92.85781574409415,0
2026-08-03 19:15:00+00:00,92.85781574409415,92.85781574409415,92.85781574409415,0
2026-08-03 19:30:00+00:00,92.85781574409415,92.85781574409415,92.85781574409415,0
2026-08-03 19:45:00+00:00,92.85781574409415,92.85781574409415,92.85781574409415,0
2026-08-03 20:00:00+00:00,92.85781574409415,92.85781574409415,92.85781574409415,0
2026-08-03 20:15:00+00:00,92.85781574409415,92.85781574409415,92.85781574409415,0
2026-08-03 20:30:00+00:00,92.85781574409415,92.85781574409415,92.85781574409415,0
2026-08-03 20:45:00+00:00,92.85781574409415,92.85781574409415,92.85781574409415,0
2026-08-03 21:00:00+00:00,92.85781574409415,92.85781574409415,92.85781574409415,0
2026-08-03 21:15:00+00:00,92.85781574409415,92.85781574409415,92.85781574409415,0
2026-08-03 21:30:00+00:00,92.85781574409415,92.85781574409415,92.85781574409415,0
2026-08-03 21:45:00+00:00,92.85781574409415,92.85781574409415,92.85781574409415,0
2026-08-03 22:00:00+00:00,92.85781574409415,92.85781574409415,92.85781574409415,0
2026-08-03 22:15:00+00:00,92.85781574409415,92.85781574409415,92.85781574409415,0
2026-08-03 22:30:00+00:00,92.85781574409415,92.85781574409415,92.85781574409415,0
2026-08-03 22:45:00+00:00,92.85781574409415,92.85781574409415,92.85781574409415,0
2026-08-03 23:00:00+00:00,92.85781574409415,92.85781574409415,92.85781574409415,0
2026-08-03 23:15:00+00:00,92.85781574409415,92.85781574409415,92.85781574409415,0
2026-08-03 23:30:00+00:00,92.85781574409415,92.85781574409415,92.85781574409415,0
2026-08-03 23:45:00+00:00,92.85781574409415,92.85781574409415,92.85781574409415,0
2026-08-04 00:00:00+00:00,92.85781574409415,92.85781574409415,92.85781574409415,0
2026-08-04 00:15:00+00:00,92.85781574409415,92.85781574409415,92.85781574409415,0
2026-08-04 00:30:00+00:00,92.85781574409415,92.85781574409415,92.85781574409415,0
2026-08-04 00:45:00+00:00,92.85781574409415,92.85781574409415,92.85781574409415,0
2026-08-04 01:00:00+00:00,92.85781574409415,92.85781574409415,92.85781574409415,0
2026-08-04 01:15:00+00:00,92.85781574409415,92.85781574409415,92.85781574409415,0
2026-08-04 01:30:00+00:00,92.85781574409415,92.85781574409415,92.85781574409415,0
2026-08-04 01:45:00+00:00,92.85781574409415,92.85781574409415,92.85781574409415,0
2026-08-04 02:00:00+00:00,92.85781574409415,92.85781574409415,92.85781574409415,0
2026-08-04 02:15:00+00:00,92.85781574409415,92.85781574409415,92.85781574409415,0
2026-08-04 02:30:00+00:00,92.85781574409415,92.85781574409415,92.85781574409415,0
2026-08-04 02:45:00+00:00,92.85781574409415,92.85781574409415,92.85781574409415,0
2026-08-04 03:00:00+00:00,92.85781574409415,92.85781574409415,92.85781574409415,0
2026-08-04 03:15:00+00:00,92.85781574409415,92.85781574409415,92.85781574409415,0
2026-08-04 03:30:00+00:00,92.85781574409415,92.85781574409415,92.85781574409415,0
2026-08-04 03:45:00+00:00,92.85781574409415,92.85781574409415,92.85781574409415,0
2026-08-04 04:00:00+00:00,92.85781574409415,92.85781574409415,92.85781574409415,0
2026-08-04 04:15:00+00:00,92.85781574409415,92.85781574409415,92.85781574409415,0
2026-08-04 04:30:00+00:00,92.85781574409415,92.85781574409415,92.85781574409415,0
2026-08-04 04:45:00+00:00,92.85781574409415,92.85781574409415,92.85781574409415,0
2026-08-04 05:00:00+00:00,92.85781574409415,92.85781574409415,92.85781574409415,0
2026-08-04 05:15:00+00:00,92.85781574409415,92.85781574409415,92.85781574409415,0
2026-08-04 05:30:00+00:00,92.85781574409415,92.85781574409415,92.85781574409415,0
2026-08-04 05:45:00+00:00,92.85781574409415,92.85781574409415,92.85781574409415,0
2026-08-04 06:00:00+00:00,92.85781574409415,92.85781574409415,92.85781574409415,0
2026-08-04 06:15:00+00:00,92.85781574409415,92.85781574409415,92.85781574409415,0
2026-08-04 06:30:00+00:00,92.85781574409415,92.85781574409415,92.85781574409415,0
2026-08-04 06:45:00+00:00,92.85781574409415,92.85781574409415,92.85781574409415,0
2026-08-04 07:00:00+00:00,92.85781574409415,92.85781574409415,92.85781574409415,0
2026-08-04 07:15:00+00:00,92.85781574409415,92.85781574409415,92.85781574409415,0
2026-08-04 07:30:00+00:00,92.85781574409415,92.85781574409415,92.85781574409415,0
2026-08-04 07:45:00+00:00,92.85781574409415,92.85781574409415,92.85781574409415,0
2026-08-04 08:00:00+00:00,92.85781574409415,92.85781574409415,92.85781574409415,0
2026-08-04 08:15:00+00:00,92.85781574409415,92.85781574409415,92.85781574409415,0
2026-08-04 08:30:00+00:00,92.85781574409415,92.85781574409415,92.85781574409415,0
2026-08-04 08:45:00+00:00,92.85781574409415,92.85781574409415,92.85781574409415,0
2026-08-04 09:00:00+00:00,92.85781574409415,92.85781574409415,92.85781574409415,0
2026-08-04 09:15:00+00:00,92.85781574409415,92.85781574409415,92.85781574409415,0
2026-08-04 09:30:00+00:00,92.85781574409415,92.85781574409415,92.85781574409415,0
2026-08-04 09:45:00+00:00,92.85781574409415,92.85781574409415,92.85781574409415,0
2026-08-04 10:00:00+00:00,92.85781574409415,92.85781574409415,92.85781574409415,0
2026-08-04 10:15:00+00:00,92.85781574409415,92.85781574409415,92.85781574409415,0
2026-08-04 10:30:00+00:00,92.85781574409415,92.85781574409415,92.85781574409415,0
2026-08-04 10:45:00+00:00,92.85781574409415,92.85781574409415,92.85781574409415,0
2026-08-04 11:00:00+00:00,92.85781574409415,92.85781574409415,92.85781574409415,0
2026-08-04 11:15:00+00:00,92.85781574409415,92.85781574409415,92.85781574409415,0
2026-08-04 11:30:00+00:00,92.85781574409415,92.85781574409415,92.85781574409415,0
2026-08-04 11:45:00+00:00,93.267716584679,92.7867240036226,92.84846487804938,1
2026-08-04 12:00:00+00:00,92.96292920658384,92.95102344962702,92.84846487804938,1
2026-08-04 12:15:00+00:00,92.996265326063,92.92959308710468,92.84846487804938,1
2026-08-04 12:30:00+00:00,92.9819784177148,92.94626114684428,92.84846487804938,1
2026-08-04 12:45:00+00:00,93.07484332197816,92.9676915093666,92.84846487804938,1
2026-08-04 13:00:00+00:00,93.0724621705868,92.99150302328027,92.84846487804938,1
2026-08-04 13:15:00+00:00,93.312958461115,93.0343637483249,92.84846487804938,1
2026-08-04 13:30:00+00:00,93.33915112642003,93.27962234163584,92.84846487804938,1
2026-08-04 13:45:00+00:00,93.42963487929204,93.33200767224596,92.84846487804938,1
2026-08-04 14:00:00+00:00,93.42487257650932,93.32486421807184,92.84846487804938,1
2026-08-04 14:15:00+00:00,93.30819615833228,93.29629040137544,92.84846487804938,1
2026-08-04 14:30:00+00:00,93.22485585963436,93.2153312540689,92.84846487804938,1
2026-08-04 14:45:00+00:00,93.21771240546028,93.1915197401552,92.84846487804938,1
2026-08-04 15:00:00+00:00,93.22723701102574,93.17961398319838,92.84846487804938,1
2026-08-04 15:15:00+00:00,93.3510568833769,93.22723701102574,92.84846487804938,1
2026-08-04 15:30:00+00:00,93.56536050860004,93.33200767224596,92.84846487804938,1
2026-08-04 15:45:00+00:00,93.4867825126849,93.46058984737984,92.84846487804938,1
2026-08-04 16:00:00+00:00,93.3891553056388,93.38677415424742,92.84846487804938,1
2026-08-04 16:15:00+00:00,93.42725372790068,93.37010609450785,92.84846487804938,1
2026-08-04 16:30:00+00:00,93.4105856681611,93.36534379172512,92.84846487804938,1
2026-08-04 16:45:00+00:00,93.38677415424742,93.35581918615964,92.84846487804938,1
2026-08-04 17:00:00+00:00,93.5248809349468,93.3724872458992,92.84846487804938,1
2026-08-04 17:15:00+00:00,93.44630293903164,93.43677833346617,92.84846487804938,1
2026-08-04 17:30:00+00:00,93.51297517798994,93.4343971820748,92.84846487804938,1
2026-08-04 17:45:00+00:00,93.45344639320574,93.44630293903164,92.84846487804938,1
2026-08-04 18:00:00+00:00,93.49630711825036,93.4320160306834,92.84846487804938,1
2026-08-04 18:15:00+00:00,93.4867825126849,93.46058984737984,92.84846487804938,1
2026-08-04 18:30:00+00:00,93.47011445294532,93.448684090423,92.84846487804938,1
2026-08-04 18:45:00+00:00,93.47725790711942,93.45820869598847,92.84846487804938,1
2026-08-04 19:00:00+00:00,93.46773330155396,93.44630293903164,92.84846487804938,1
2026-08-04 19:15:00+00:00,93.48440136129352,93.45106524181436,92.84846487804938,1
2026-08-04 19:30:00+00:00,93.47487675572803,93.47487675572803,92.84846487804938,1
2026-08-04 19:45:00+00:00,93.47963905851078,93.42725372790068,92.84846487804938,1
2026-08-04 20:00:00+00:00,93.57529518402065,93.4657622200177,92.8488749479045,1
2026-08-04 20:15:00+00:00,93.56577057845516,93.5633894270638,92.8488749479045,1
2026-08-04 20:30:00+00:00,93.6014878493257,93.50862294506231,92.8488749479045,1
2026-08-04 20:45:00+00:00,93.62529936323938,93.56100827567244,92.8488749479045,1
2026-08-04 21:00:00+00:00,93.56577057845516,93.52767215619328,92.8488749479045,1
2026-08-04 21:15:00+00:00,93.577676335412,93.50862294506231,92.8488749479045,1
2026-08-04 21:30:00+00:00,93.55148367010696,93.54434021593283,92.8488749479045,1
2026-08-04 21:45:00+00:00,93.58720094097748,93.55148367010696,92.8488749479045,1
2026-08-04 22:00:00+00:00,93.58720094097748,93.57291403262928,92.8488749479045,1
2026-08-04 22:15:00+00:00,93.58720094097748,93.56100827567244,92.8488749479045,1
2026-08-04 22:30:00+00:00,93.6086313034998,93.58481978958612,92.8488749479045,1
2026-08-04 22:45:00+00:00,93.57291403262928,93.56100827567244,92.8488749479045,1
2026-08-04 23:00:00+00:00,93.59672554654296,93.56815172984652,92.8488749479045,1
2026-08-04 23:15:00+00:00,93.63006166602212,93.5943443951516,92.8488749479045,1
2026-08-04 23:30:00+00:00,93.6157747576739,93.5943443951516,92.8488749479045,1
2026-08-04 23:45:00+00:00,93.59306837540996,93.58481978958612,93.59306837540996,0
2026-08-05 00:00:00+00:00,93.59306837540996,93.59306837540996,93.59306837540996,0
2026-08-05 00:15:00+00:00,93.59306837540996,93.59306837540996,93.59306837540996,0
2026-08-05 00:30:00+00:00,93.59306837540996,93.59306837540996,93.59306837540996,0
2026-08-05 00:45:00+00:00,93.59306837540996,93.59306837540996,93.59306837540996,0
2026-08-05 01:00:00+00:00,93.59306837540996,93.59306837540996,93.59306837540996,0
2026-08-05 01:15:00+00:00,93.59306837540996,93.59306837540996,93.59306837540996,0
2026-08-05 01:30:00+00:00,93.59306837540996,93.59306837540996,93.59306837540996,0
2026-08-05 01:45:00+00:00,93.59306837540996,93.59306837540996,93.59306837540996,0
2026-08-05 02:00:00+00:00,93.59306837540996,93.59306837540996,93.59306837540996,0
2026-08-05 02:15:00+00:00,93.59306837540996,93.59306837540996,93.59306837540996,0
2026-08-05 02:30:00+00:00,93.59306837540996,93.59306837540996,93.59306837540996,0
2026-08-05 02:45:00+00:00,93.59306837540996,93.59306837540996,93.59306837540996,0
2026-08-05 03:00:00+00:00,93.59306837540996,93.59306837540996,93.59306837540996,0
2026-08-05 03:15:00+00:00,93.59306837540996,93.59306837540996,93.59306837540996,0
2026-08-05 03:30:00+00:00,93.59306837540996,93.59306837540996,93.59306837540996,0
2026-08-05 03:45:00+00:00,93.59306837540996,93.59306837540996,93.59306837540996,0
2026-08-05 04:00:00+00:00,93.59306837540996,93.59306837540996,93.59306837540996,0
2026-08-05 04:15:00+00:00,93.59306837540996,93.59306837540996,93.59306837540996,0
2026-08-05 04:30:00+00:00,93.59306837540996,93.59306837540996,93.59306837540996,0
2026-08-05 04:45:00+00:00,93.59306837540996,93.59306837540996,93.59306837540996,0
2026-08-05 05:00:00+00:00,93.59306837540996,93.59306837540996,93.59306837540996,0
2026-08-05 05:15:00+00:00,93.59306837540996,93.59306837540996,93.59306837540996,0
2026-08-05 05:30:00+00:00,93.59306837540996,93.59306837540996,93.59306837540996,0
2026-08-05 05:45:00+00:00,93.59306837540996,93.59306837540996,93.59306837540996,0
2026-08-05 06:00:00+00:00,93.59306837540996,93.59306837540996,93.59306837540996,0
2026-08-05 06:15:00+00:00,93.59306837540996,93.59306837540996,93.59306837540996,0
2026-08-05 06:30:00+00:00,93.59306837540996,93.59306837540996,93.59306837540996,0
2026-08-05 06:45:00+00:00,93.59306837540996,93.59306837540996,93.59306837540996,0
2026-08-05 07:00:00+00:00,93.59306837540996,93.59306837540996,93.59306837540996,0
2026-08-05 07:15:00+00:00,93.59306837540996,93.59306837540996,93.59306837540996,0
2026-08-05 07:30:00+00:00,93.59306837540996,93.59306837540996,93.59306837540996,0
2026-08-05 07:45:00+00:00,93.59306837540996,93.59306837540996,93.59306837540996,0
2026-08-05 08:00:00+00:00,93.59306837540996,93.59306837540996,93.59306837540996,0
2026-08-05 08:15:00+00:00,93.59306837540996,93.59306837540996,93.59306837540996,0
2026-08-05 08:30:00+00:00,93.59306837540996,93.59306837540996,93.59306837540996,0
2026-08-05 08:45:00+00:00,93.59306837540996,93.59306837540996,93.59306837540996,0
2026-08-05 09:00:00+00:00,93.59306837540996,93.59306837540996,93.59306837540996,0
2026-08-05 09:15:00+00:00,93.59306837540996,93.59306837540996,93.59306837540996,0
2026-08-05 09:30:00+00:00,93.59306837540996,93.59306837540996,93.59306837540996,0
2026-08-05 09:45:00+00:00,93.59306837540996,93.59306837540996,93.59306837540996,0
2026-08-05 10:00:00+00:00,93.59306837540996,93.59306837540996,93.59306837540996,0
2026-08-05 10:15:00+00:00,93.59306837540996,93.59306837540996,93.59306837540996,0
2026-08-05 10:30:00+00:00,93.59306837540996,93.59306837540996,93.59306837540996,0
2026-08-05 10:45:00+00:00,93.59306837540996,93.59306837540996,93.59306837540996,0
2026-08-05 11:00:00+00:00,93.59306837540996,93.59306837540996,93.59306837540996,0
2026-08-05 11:15:00+00:00,93.59306837540996,93.59306837540996,93.59306837540996,0
2026-08-05 11:30:00+00:00,93.59306837540996,93.59306837540996,93.59306837540996,0
2026-08-05 11:45:00+00:00,93.59306837540996,93.59306837540996,93.59306837540996,0
2026-08-05 12:00:00+00:00,93.59306837540996,93.59306837540996,93.59306837540996,0
2026-08-05 12:15:00+00:00,93.59306837540996,93.59306837540996,93.59306837540996,0
2026-08-05 12:30:00+00:00,93.59306837540996,93.59306837540996,93.59306837540996,0
2026-08-05 12:45:00+00:00,93.59306837540996,93.59306837540996,93.59306837540996,0
2026-08-05 13:00:00+00:00,93.59306837540996,93.59306837540996,93.59306837540996,0
2026-08-05 13:15:00+00:00,93.59306837540996,93.59306837540996,93.59306837540996,0
2026-08-05 13:30:00+00:00,93.59306837540996,93.59306837540996,93.59306837540996,0
2026-08-05 13:45:00+00:00,93.59306837540996,93.59306837540996,93.59306837540996,0
2026-08-05 14:00:00+00:00,93.59306837540996,93.59306837540996,93.59306837540996,0
2026-08-05 14:15:00+00:00,93.39995930420476,93.32819239628684,93.57950540717458,1
2026-08-05 14:30:00+00:00,93.16474905115766,92.96866333823354,93.57950540717458,1
2026-08-05 14:45:00+00:00,93.27587200535314,93.00570432296536,93.57950540717458,1
2026-08-05 15:00:00+00:00,93.35990873946348,93.20665166513554,93.57950540717458,1
2026-08-05 15:15:00+00:00,93.48283850754224,93.28466923922694,93.57950540717458,1
2026-08-05 15:30:00+00:00,93.44510300434668,93.4316756473814,93.57950540717458,1
2026-08-05 15:45:00+00:00,93.3837538733846,93.28721580692726,93.57950540717458,1
2026-08-05 16:00:00+00:00,93.43664063864304,93.35144637375984,93.5546061044962,1
2026-08-05 16:15:00+00:00,93.67115637322642,93.40492429546642,93.5546061044962,1
2026-08-05 16:30:00+00:00,93.44103925557994,93.40561881393012,93.5546061044962,1
2026-08-05 16:45:00+00:00,93.46118029102789,93.41997219551372,93.5546061044962,1
2026-08-05 17:00:00+00:00,93.20328243483252,93.15327710544456,93.5546061044962,1
2026-08-05 17:15:00+00:00,93.26393704733088,93.15860174699976,93.5546061044962,1
2026-08-05 17:30:00+00:00,93.28731916894286,93.20860707638772,93.5546061044962,1
2026-08-05 17:45:00+00:00,93.3046821305359,93.2308316672268,93.5546061044962,1
2026-08-05 18:00:00+00:00,93.17827977013852,93.1775852516748,93.5546061044962,1
2026-08-05 18:15:00+00:00,93.23360974108172,93.17642772090194,93.5546061044962,1
2026-08-05 18:30:00+00:00,93.14633192080731,93.13429360076948,93.5546061044962,1
2026-08-05 18:45:00+00:00,93.14239631617956,93.13105251460546,93.5546061044962,1
2026-08-05 19:00:00+00:00,93.21254268101548,93.13846071155182,93.5546061044962,1
2026-08-05 19:15:00+00:00,93.15837024084516,93.11762515764016,93.5546061044962,1
2026-08-05 19:30:00+00:00,92.99238032801568,92.96020097252988,93.5546061044962,1
2026-08-05 19:45:00+00:00,92.86688893519344,92.86688893519344,92.86688893519344,0
2026-08-05 20:00:00+00:00,92.86688893519344,92.86688893519344,92.86688893519344,0
2026-08-05 20:15:00+00:00,92.86688893519344,92.86688893519344,92.86688893519344,0
2026-08-05 20:30:00+00:00,92.86688893519344,92.86688893519344,92.86688893519344,0
2026-08-05 20:45:00+00:00,92.86688893519344,92.86688893519344,92.86688893519344,0
2026-08-05 21:00:00+00:00,92.86688893519344,92.86688893519344,92.86688893519344,0
2026-08-05 21:15:00+00:00,92.86688893519344,92.86688893519344,92.86688893519344,0
2026-08-05 21:30:00+00:00,92.86688893519344,92.86688893519344,92.86688893519344,0
2026-08-05 21:45:00+00:00,92.86688893519344,92.86688893519344,92.86688893519344,0
2026-08-05 22:00:00+00:00,92.86688893519344,92.86688893519344,92.86688893519344,0
2026-08-05 22:15:00+00:00,92.86688893519344,92.86688893519344,92.86688893519344,0
2026-08-05 22:30:00+00:00,92.86688893519344,92.86688893519344,92.86688893519344,0
2026-08-05 22:45:00+00:00,92.86688893519344,92.86688893519344,92.86688893519344,0
2026-08-05 23:00:00+00:00,92.86688893519344,92.86688893519344,92.86688893519344,0
2026-08-05 23:15:00+00:00,92.86688893519344,92.86688893519344,92.86688893519344,0
2026-08-05 23:30:00+00:00,92.86688893519344,92.86688893519344,92.86688893519344,0
2026-08-05 23:45:00+00:00,92.86688893519344,92.86688893519344,92.86688893519344,0
2026-08-06 00:00:00+00:00,92.86688893519344,92.86688893519344,92.86688893519344,0
2026-08-06 00:15:00+00:00,92.86688893519344,92.86688893519344,92.86688893519344,0
2026-08-06 00:30:00+00:00,92.86688893519344,92.86688893519344,92.86688893519344,0
2026-08-06 00:45:00+00:00,92.86688893519344,92.86688893519344,92.86688893519344,0
2026-08-06 01:00:00+00:00,92.86688893519344,92.86688893519344,92.86688893519344,0
2026-08-06 01:15:00+00:00,92.86688893519344,92.86688893519344,92.86688893519344,0
2026-08-06 01:30:00+00:00,92.86688893519344,92.86688893519344,92.86688893519344,0
2026-08-06 01:45:00+00:00,92.86688893519344,92.86688893519344,92.86688893519344,0
2026-08-06 02:00:00+00:00,92.86688893519344,92.86688893519344,92.86688893519344,0
2026-08-06 02:15:00+00:00,92.86688893519344,92.86688893519344,92.86688893519344,0
2026-08-06 02:30:00+00:00,92.86688893519344,92.86688893519344,92.86688893519344,0
2026-08-06 02:45:00+00:00,92.86688893519344,92.86688893519344,92.86688893519344,0
2026-08-06 03:00:00+00:00,92.86688893519344,92.86688893519344,92.86688893519344,0
2026-08-06 03:15:00+00:00,92.86688893519344,92.86688893519344,92.86688893519344,0
2026-08-06 03:30:00+00:00,92.86688893519344,92.86688893519344,92.86688893519344,0
2026-08-06 03:45:00+00:00,92.86688893519344,92.86688893519344,92.86688893519344,0
2026-08-06 04:00:00+00:00,92.86688893519344,92.86688893519344,92.86688893519344,0
2026-08-06 04:15:00+00:00,92.86688893519344,92.86688893519344,92.86688893519344,0
2026-08-06 04:30:00+00:00,92.86688893519344,92.86688893519344,92.86688893519344,0
2026-08-06 04:45:00+00:00,92.86688893519344,92.86688893519344,92.86688893519344,0
2026-08-06 05:00:00+00:00,92.86688893519344,92.86688893519344,92.86688893519344,0
2026-08-06 05:15:00+00:00,92.86688893519344,92.86688893519344,92.86688893519344,0
2026-08-06 05:30:00+00:00,92.86688893519344,92.86688893519344,92.86688893519344,0
2026-08-06 05:45:00+00:00,92.86688893519344,92.86688893519344,92.86688893519344,0
2026-08-06 06:00:00+00:00,92.86688893519344,92.86688893519344,92.86688893519344,0
2026-08-06 06:15:00+00:00,92.86688893519344,92.86688893519344,92.86688893519344,0
2026-08-06 06:30:00+00:00,92.86688893519344,92.86688893519344,92.86688893519344,0
2026-08-06 06:45:00+00:00,92.86688893519344,92.86688893519344,92.86688893519344,0
2026-08-06 07:00:00+00:00,92.86688893519344,92.86688893519344,92.86688893519344,0
2026-08-06 07:15:00+00:00,92.86688893519344,92.86688893519344,92.86688893519344,0
2026-08-06 07:30:00+00:00,92.86688893519344,92.86688893519344,92.86688893519344,0
2026-08-06 07:45:00+00:00,92.86688893519344,92.86688893519344,92.86688893519344,0
2026-08-06 08:00:00+00:00,92.86688893519344,92.86688893519344,92.86688893519344,0
2026-08-06 08:15:00+00:00,92.86688893519344,92.86688893519344,92.86688893519344,0
2026-08-06 08:30:00+00:00,92.86688893519344,92.86688893519344,92.86688893519344,0
2026-08-06 08:45:00+00:00,92.86688893519344,92.86688893519344,92.86688893519344,0
2026-08-06 09:00:00+00:00,92.86688893519344,92.86688893519344,92.86688893519344,0
2026-08-06 09:15:00+00:00,92.86688893519344,92.86688893519344,92.86688893519344,0
2026-08-06 09:30:00+00:00,92.86688893519344,92.86688893519344,92.86688893519344,0
2026-08-06 09:45:00+00:00,92.86688893519344,92.86688893519344,92.86688893519344,0
2026-08-06 10:00:00+00:00,92.86688893519344,92.86688893519344,92.86688893519344,0
2026-08-06 10:15:00+00:00,92.86688893519344,92.86688893519344,92.86688893519344,0
2026-08-06 10:30:00+00:00,92.86688893519344,92.86688893519344,92.86688893519344,0
2026-08-06 10:45:00+00:00,92.86688893519344,92.86688893519344,92.86688893519344,0
2026-08-06 11:00:00+00:00,92.86688893519344,92.86688893519344,92.86688893519344,0
2026-08-06 11:15:00+00:00,92.86688893519344,92.86688893519344,92.86688893519344,0
2026-08-06 11:30:00+00:00,92.86688893519344,92.86688893519344,92.86688893519344,0
2026-08-06 11:45:00+00:00,92.86688893519344,92.86688893519344,92.86688893519344,0
2026-08-06 12:00:00+00:00,92.86688893519344,92.86688893519344,92.86688893519344,0
2026-08-06 12:15:00+00:00,92.86688893519344,92.86688893519344,92.86688893519344,0
2026-08-06 12:30:00+00:00,92.86688893519344,92.86688893519344,92.86688893519344,0
2026-08-06 12:45:00+00:00,92.86688893519344,92.86688893519344,92.86688893519344,0
2026-08-06 13:00:00+00:00,92.86688893519344,92.86688893519344,92.86688893519344,0
2026-08-06 13:15:00+00:00,92.86688893519344,92.86688893519344,92.86688893519344,0
2026-08-06 13:30:00+00:00,92.86688893519344,92.86688893519344,92.86688893519344,0
2026-08-06 13:45:00+00:00,92.86688893519344,92.86688893519344,92.86688893519344,0
2026-08-06 14:00:00+00:00,92.86688893519344,92.86688893519344,92.86688893519344,0
2026-08-06 14:15:00+00:00,92.86688893519344,92.86688893519344,92.86688893519344,0
2026-08-06 14:30:00+00:00,92.86688893519344,92.86688893519344,92.86688893519344,0
2026-08-06 14:45:00+00:00,92.86688893519344,92.86688893519344,92.86688893519344,0
2026-08-06 15:00:00+00:00,92.86688893519344,92.86688893519344,92.86688893519344,0
2026-08-06 15:15:00+00:00,92.86688893519344,92.86688893519344,92.86688893519344,0
2026-08-06 15:30:00+00:00,92.86688893519344,92.86688893519344,92.86688893519344,0
2026-08-06 15:45:00+00:00,92.86688893519344,92.86688893519344,92.86688893519344,0
2026-08-06 16:00:00+00:00,92.86688893519344,92.86688893519344,92.86688893519344,0
2026-08-06 16:15:00+00:00,92.86688893519344,92.86688893519344,92.86688893519344,0
2026-08-06 16:30:00+00:00,92.86688893519344,92.86688893519344,92.86688893519344,0
2026-08-06 16:45:00+00:00,93.03569832725748,92.80375338196043,92.85386765806632,1
2026-08-06 17:00:00+00:00,92.8785366388824,92.8569196036784,92.85386765806632,1
2026-08-06 17:15:00+00:00,92.9109621916884,92.79966367259752,92.85386765806632,1
2026-08-06 17:30:00+00:00,92.78418120143787,92.7342283227908,92.85386765806632,1
2026-08-06 17:45:00+00:00,92.807550969226,92.76110355574713,92.85386765806632,1
2026-08-06 18:00:00+00:00,92.86480690030687,92.74240774151664,92.85386765806632,1
2026-08-06 18:15:00+00:00,92.93199498269772,92.74065500893252,92.85386765806632,1
2026-08-06 18:30:00+00:00,92.88554756921884,92.83238134750088,92.85386765806632,1
2026-08-06 18:45:00+00:00,92.86130143513869,92.81748312053595,92.85386765806632,1
2026-08-06 19:00:00+00:00,92.8960639647235,92.84231349881082,92.85386765806632,1
2026-08-06 19:15:00+00:00,92.92761315123744,92.8461110860764,92.85386765806632,1
2026-08-06 19:30:00+00:00,92.76519326511006,92.72955436923316,92.85386765806632,1
2026-08-06 19:45:00+00:00,92.5712241924687,92.54727018048588,92.85386765806632,1
2026-08-06 20:00:00+00:00,92.544056837415,92.49293547037853,92.85386765806632,1
2026-08-06 20:15:00+00:00,92.51367613929048,92.47307116775862,92.85386765806632,1
2026-08-06 20:30:00+00:00,92.67112994976289,92.49468820296262,92.85386765806632,1
2026-08-06 20:45:00+00:00,92.71991434002058,92.62380616999197,92.85386765806632,1
2026-08-06 21:00:00+00:00,92.76519326511006,92.71640887485236,92.85386765806632,1
2026-08-06 21:15:00+00:00,92.74123925312723,92.68573605463048,92.85386765806632,1
2026-08-06 21:30:00+00:00,92.72049858421528,92.70326338047155,92.85386765806632,1
2026-08-06 21:45:00+00:00,92.71348765387884,92.70998218871064,92.85386765806632,1
2026-08-06 22:00:00+00:00,92.83559469057175,92.6445468389039,92.85386765806632,1
2026-08-06 22:15:00+00:00,92.764316898818,92.75935082316302,92.85386765806632,1
2026-08-06 22:30:00+00:00,92.80959582390749,92.74912654975572,92.85386765806632,1
2026-08-06 22:45:00+00:00,92.8381762600872,92.80433762615516,92.8381762600872,0
2026-08-06 23:00:00+00:00,92.8381762600872,92.8381762600872,92.8381762600872,0
2026-08-06 23:15:00+00:00,92.8381762600872,92.8381762600872,92.8381762600872,0
2026-08-06 23:30:00+00:00,92.8381762600872,92.8381762600872,92.8381762600872,0
2026-08-06 23:45:00+00:00,92.8381762600872,92.8381762600872,92.8381762600872,0
2026-08-07 00:00:00+00:00,92.8381762600872,92.8381762600872,92.8381762600872,0
2026-08-07 00:15:00+00:00,92.8381762600872,92.8381762600872,92.8381762600872,0
2026-08-07 00:30:00+00:00,92.8381762600872,92.8381762600872,92.8381762600872,0
2026-08-07 00:45:00+00:00,92.8381762600872,92.8381762600872,92.8381762600872,0
2026-08-07 01:00:00+00:00,92.3460364811792,92.29594375605406,92.81490882364398,1
2026-08-07 01:15:00+00:00,92.1425278992464,92.1425278992464,92.1425278992464,0
2026-08-07 01:30:00+00:00,92.1425278992464,92.1425278992464,92.1425278992464,0
2026-08-07 01:45:00+00:00,92.1425278992464,92.1425278992464,92.1425278992464,0
2026-08-07 02:00:00+00:00,92.1425278992464,92.1425278992464,92.1425278992464,0
2026-08-07 02:15:00+00:00,92.1425278992464,92.1425278992464,92.1425278992464,0
2026-08-07 02:30:00+00:00,92.1425278992464,92.1425278992464,92.1425278992464,0
2026-08-07 02:45:00+00:00,92.1425278992464,92.1425278992464,92.1425278992464,0
2026-08-07 03:00:00+00:00,92.1425278992464,92.1425278992464,92.1425278992464,0
2026-08-07 03:15:00+00:00,92.1425278992464,92.1425278992464,92.1425278992464,0
2026-08-07 03:30:00+00:00,92.094423230816,92.06744991878166,92.12309470550944,1
2026-08-07 03:45:00+00:00,92.11060721803663,92.03970594068916,92.12309470550944,1
2026-08-07 04:00:00+00:00,92.16840717239596,92.0751565793629,92.12309470550944,1
2026-08-07 04:15:00+00:00,92.12756187131536,92.09134056658353,92.12309470550944,1
2026-08-07 04:30:00+00:00,92.11831387861788,92.04664193521228,92.12309470550944,1
2026-08-07 04:45:00+00:00,92.07053258301416,91.94568468159798,92.12309470550944,1
2026-08-07 05:00:00+00:00,91.96263933487673,91.93797802101672,92.12309470550944,1
2026-08-07 05:15:00+00:00,91.68597022001002,91.6821168897194,92.12309470550944,1
2026-08-07 05:30:00+00:00,91.79001013785684,91.65437291162692,92.12309470550944,1
2026-08-07 05:45:00+00:00,92.07746857753727,91.7391461780206,92.12309470550944,1
2026-08-07 06:00:00+00:00,92.15915917969848,91.9241060319705,92.12309470550944,1
2026-08-07 06:15:00+00:00,92.119084544676,92.08209257388602,92.12309470550944,1
2026-08-07 06:30:00+00:00,91.9965486414342,91.95955667064422,92.12309470550944,1
2026-08-07 06:45:00+00:00,91.89405005570364,91.84703942615803,92.12309470550944,1
2026-08-07 07:00:00+00:00,91.97882332209733,91.81929544806556,92.12309470550944,1
2026-08-07 07:15:00+00:00,91.97034599545796,91.89173805752928,92.12309470550944,1
2026-08-07 07:30:00+00:00,91.94491401553984,91.92873002831924,92.12309470550944,1
2026-08-07 07:45:00+00:00,91.95493267429548,91.92333536591237,92.12309470550944,1
2026-08-07 08:00:00+00:00,92.12985722310287,91.9479800333855,92.11922472883197,1
2026-08-07 08:15:00+00:00,92.09671858260351,92.0173399786167,92.11922472883197,1
2026-08-07 08:30:00+00:00,92.1876571774622,92.0859292577898,92.11922472883197,1
2026-08-07 08:45:00+00:00,92.17139933747193,92.05855541131864,92.10571119692062,2
2026-08-07 09:00:00+00:00,92.18207888350736,92.07951212788832,92.10571119692062,2
2026-08-07 09:15:00+00:00,92.08135092600516,92.02549718724514,92.10571119692062,2
2026-08-07 09:30:00+00:00,92.40205778496328,91.98757120956348,92.10571119692062,2
2026-08-07 09:45:00+00:00,92.568911929168,92.32707889717682,92.10571119692062,2
2026-08-07 10:00:00+00:00,92.36839739831493,92.33322725651269,92.10571119692062,2
2026-08-07 10:15:00+00:00,92.36810716288792,92.1182944973896,92.10571119692062,2
2026-08-07 10:30:00+00:00,92.15444783766114,92.12853994427552,92.36233775682956,1
2026-08-07 10:45:00+00:00,92.03745798449437,92.007160612264,92.36233775682956,1
2026-08-07 11:00:00+00:00,92.2375406308078,92.02725886909008,92.36233775682956,1
2026-08-07 11:15:00+00:00,92.22434177557872,92.16974651076757,92.36233775682956,1
2026-08-07 11:30:00+00:00,92.3158338402348,92.1847452098915,92.36233775682956,1
2026-08-07 11:45:00+00:00,92.24683982426464,92.22494172354368,92.36233775682956,1
2026-08-07 12:00:00+00:00,92.34073168078056,92.21294276424452,92.36233775682956,1
2026-08-07 12:15:00+00:00,92.33083253935874,92.27263758675784,92.36233775682956,1
2026-08-07 12:30:00+00:00,92.68090217691164,92.3086344646553,92.36233775682956,1
2026-08-07 12:45:00+00:00,92.70789983533474,92.66740334770007,92.36233775682956,1
2026-08-07 13:00:00+00:00,92.6101083170466,92.56181250586752,92.36233775682956,1
2026-08-07 13:15:00+00:00,92.48261937449308,92.44002306898106,92.36233775682956,1
2026-08-07 13:30:00+00:00,91.68508399814164,91.68508399814164,91.68508399814164,0
2026-08-07 13:45:00+00:00,91.68508399814164,91.68508399814164,91.68508399814164,0
2026-08-07 14:00:00+00:00,91.68508399814164,91.68508399814164,91.68508399814164,0
2026-08-07 14:15:00+00:00,91.68508399814164,91.68508399814164,91.68508399814164,0
2026-08-07 14:30:00+00:00,91.7890764456758,91.66237074728316,91.67802305416586,1
2026-08-07 14:45:00+00:00,91.7141792995148,91.6453358700548,91.67802305416586,1
2026-08-07 15:00:00+00:00,91.61154768381677,91.57888577045333,91.67802305416586,1
2026-08-07 15:15:00+00:00,91.47892905283244,91.46794789230508,91.67802305416586,1
2026-08-07 15:30:00+00:00,91.49976510101256,91.39938603106371,91.67802305416586,1
2026-08-07 15:45:00+00:00,91.49906118046594,91.43472284250434,91.67802305416586,1
2026-08-07 16:00:00+00:00,91.49972746843036,91.4055428992918,91.66784896571222,1
2026-08-07 16:15:00+00:00,91.64867705609636,91.47987690901547,91.66784896571222,1
2026-08-07 16:30:00+00:00,91.6017959476911,91.56744462501575,91.66784896571222,1
2026-08-07 16:45:00+00:00,91.56631835214117,91.53830231438543,91.66784896571222,1
2026-08-07 17:00:00+00:00,91.6196755295754,91.52760272207674,91.66784896571222,1
2026-08-07 17:15:00+00:00,91.56181326064277,91.54238505355588,91.66784896571222,1
2026-08-07 17:30:00+00:00,91.5598422831122,91.54956504313144,91.66784896571222,1
2026-08-07 17:45:00+00:00,91.59531987866214,91.53041840426324,91.66784896571222,1
2026-08-07 18:00:00+00:00,91.6388221684436,91.57406147815404,91.66784896571222,1
2026-08-07 18:15:00+00:00,91.64248255528608,91.58138225183896,91.66784896571222,1
2026-08-07 18:30:00+00:00,91.63445786105454,91.59503831044348,91.66784896571222,1
2026-08-07 18:45:00+00:00,91.5598422831122,91.55012817956876,91.66784896571222,1
2026-08-07 19:00:00+00:00,91.48452278462322,91.44988989372924,91.66784896571222,1
2026-08-07 19:15:00+00:00,91.48902787612164,91.44454009757489,91.66784896571222,1
2026-08-07 19:30:00+00:00,91.53562741630826,91.4871976827004,91.66784896571222,1
2026-08-07 19:45:00+00:00,91.46833261205084,91.45622517864886,91.66784896571222,1
2026-08-07 20:00:00+00:00,91.47157064656533,91.46298281589648,91.66784896571222,1
2026-08-07 20:15:00+00:00,91.522956846469,91.46791025972286,91.66784896571222,1
2026-08-07 20:30:00+00:00,91.52263806763762,91.49986825253968,91.52263806763762,0
2026-08-07 20:45:00+00:00,91.52263806763762,91.52263806763762,91.52263806763762,0
2026-08-07 21:00:00+00:00,91.52263806763762,91.52263806763762,91.52263806763762,0
2026-08-07 21:15:00+00:00,91.52263806763762,91.52263806763762,91.52263806763762,0
2026-08-07 21:30:00+00:00,91.52263806763762,91.52263806763762,91.52263806763762,0
2026-08-07 21:45:00+00:00,91.52263806763762,91.52263806763762,91.52263806763762,0
2026-08-07 22:00:00+00:00,91.52263806763762,91.52263806763762,91.52263806763762,0
2026-08-07 22:15:00+00:00,91.52263806763762,91.52263806763762,91.52263806763762,0
2026-08-07 22:30:00+00:00,91.52263806763762,91.52263806763762,91.52263806763762,0
2026-08-07 22:45:00+00:00,91.52263806763762,91.52263806763762,91.52263806763762,0
2026-08-07 23:00:00+00:00,91.52263806763762,91.52263806763762,91.52263806763762,0
2026-08-07 23:15:00+00:00,91.52263806763762,91.52263806763762,91.52263806763762,0
2026-08-07 23:30:00+00:00,91.52263806763762,91.52263806763762,91.52263806763762,0
2026-08-07 23:45:00+00:00,91.52263806763762,91.52263806763762,91.52263806763762,0
2026-08-08 00:00:00+00:00,91.52263806763762,91.52263806763762,91.52263806763762,0
2026-08-08 00:15:00+00:00,91.52263806763762,91.52263806763762,91.52263806763762,0
2026-08-08 00:30:00+00:00,91.52263806763762,91.52263806763762,91.52263806763762,0
2026-08-08 00:45:00+00:00,91.52263806763762,91.52263806763762,91.52263806763762,0
2026-08-08 01:00:00+00:00,91.52263806763762,91.52263806763762,91.52263806763762,0
2026-08-08 01:15:00+00:00,91.52263806763762,91.52263806763762,91.52263806763762,0
2026-08-08 01:30:00+00:00,91.52263806763762,91.52263806763762,91.52263806763762,0
2026-08-08 01:45:00+00:00,91.52263806763762,91.52263806763762,91.52263806763762,0
2026-08-08 02:00:00+00:00,91.52263806763762,91.52263806763762,91.52263806763762,0
2026-08-08 02:15:00+00:00,91.52263806763762,91.52263806763762,91.52263806763762,0
2026-08-08 02:30:00+00:00,91.52263806763762,91.52263806763762,91.52263806763762,0
2026-08-08 02:45:00+00:00,91.52263806763762,91.52263806763762,91.52263806763762,0
2026-08-08 03:00:00+00:00,91.52263806763762,91.52263806763762,91.52263806763762,0
2026-08-08 03:15:00+00:00,91.52263806763762,91.52263806763762,91.52263806763762,0
2026-08-08 03:30:00+00:00,91.52263806763762,91.52263806763762,91.52263806763762,0
2026-08-08 03:45:00+00:00,91.52263806763762,91.52263806763762,91.52263806763762,0
2026-08-08 04:00:00+00:00,91.52263806763762,91.52263806763762,91.52263806763762,0
2026-08-08 04:15:00+00:00,91.52263806763762,91.52263806763762,91.52263806763762,0
2026-08-08 04:30:00+00:00,91.52263806763762,91.52263806763762,91.52263806763762,0
2026-08-08 04:45:00+00:00,91.52263806763762,91.52263806763762,91.52263806763762,0
2026-08-08 05:00:00+00:00,91.52263806763762,91.52263806763762,91.52263806763762,0
2026-08-08 05:15:00+00:00,91.52263806763762,91.52263806763762,91.52263806763762,0
2026-08-08 05:30:00+00:00,91.52263806763762,91.52263806763762,91.52263806763762,0
2026-08-08 05:45:00+00:00,91.52263806763762,91.52263806763762,91.52263806763762,0
2026-08-08 06:00:00+00:00,91.52263806763762,91.52263806763762,91.52263806763762,0
2026-08-08 06:15:00+00:00,91.52263806763762,91.52263806763762,91.52263806763762,0
2026-08-08 06:30:00+00:00,91.52263806763762,91.52263806763762,91.52263806763762,0
2026-08-08 06:45:00+00:00,91.52263806763762,91.52263806763762,91.52263806763762,0
2026-08-08 07:00:00+00:00,91.52263806763762,91.52263806763762,91.52263806763762,0
2026-08-08 07:15:00+00:00,91.52263806763762,91.52263806763762,91.52263806763762,0
2026-08-08 07:30:00+00:00,91.52263806763762,91.52263806763762,91.52263806763762,0
2026-08-08 07:45:00+00:00,91.52263806763762,91.52263806763762,91.52263806763762,0
2026-08-08 08:00:00+00:00,91.52263806763762,91.52263806763762,91.52263806763762,0
2026-08-08 08:15:00+00:00,91.52263806763762,91.52263806763762,91.52263806763762,0
2026-08-08 08:30:00+00:00,91.52263806763762,91.52263806763762,91.52263806763762,0
2026-08-08 08:45:00+00:00,91.52263806763762,91.52263806763762,91.52263806763762,0
2026-08-08 09:00:00+00:00,91.52263806763762,91.52263806763762,91.52263806763762,0
2026-08-08 09:15:00+00:00,91.52263806763762,91.52263806763762,91.52263806763762,0
2026-08-08 09:30:00+00:00,91.52263806763762,91.52263806763762,91.52263806763762,0
2026-08-08 09:45:00+00:00,91.52263806763762,91.52263806763762,91.52263806763762,0
2026-08-08 10:00:00+00:00,91.52263806763762,91.52263806763762,91.52263806763762,0
2026-08-08 10:15:00+00:00,91.52263806763762,91.52263806763762,91.52263806763762,0
2026-08-08 10:30:00+00:00,91.52263806763762,91.52263806763762,91.52263806763762,0
2026-08-08 10:45:00+00:00,91.52263806763762,91.52263806763762,91.52263806763762,0
2026-08-08 11:00:00+00:00,91.52263806763762,91.52263806763762,91.52263806763762,0
2026-08-08 11:15:00+00:00,91.52263806763762,91.52263806763762,91.52263806763762,0
2026-08-08 11:30:00+00:00,91.52263806763762,91.52263806763762,91.52263806763762,0
2026-08-08 11:45:00+00:00,91.52263806763762,91.52263806763762,91.52263806763762,0
2026-08-08 12:00:00+00:00,91.52263806763762,91.52263806763762,91.52263806763762,0
2026-08-08 12:15:00+00:00,91.52263806763762,91.52263806763762,91.52263806763762,0
2026-08-08 12:30:00+00:00,91.52263806763762,91.52263806763762,91.52263806763762,0
2026-08-08 12:45:00+00:00,91.52263806763762,91.52263806763762,91.52263806763762,0
2026-08-08 13:00:00+00:00,91.52263806763762,91.52263806763762,91.52263806763762,0
2026-08-08 13:15:00+00:00,91.52263806763762,91.52263806763762,91.52263806763762,0
2026-08-08 13:30:00+00:00,91.52263806763762,91.52263806763762,91.52263806763762,0
2026-08-08 13:45:00+00:00,91.52263806763762,91.52263806763762,91.52263806763762,0
2026-08-08 14:00:00+00:00,91.52263806763762,91.52263806763762,91.52263806763762,0
2026-08-08 14:15:00+00:00,91.52263806763762,91.52263806763762,91.52263806763762,0
2026-08-08 14:30:00+00:00,91.52263806763762,91.52263806763762,91.52263806763762,0
2026-08-08 14:45:00+00:00,91.52263806763762,91.52263806763762,91.52263806763762,0
2026-08-08 15:00:00+00:00,91.52263806763762,91.52263806763762,91.52263806763762,0
2026-08-08 15:15:00+00:00,91.52263806763762,91.52263806763762,91.52263806763762,0
2026-08-08 15:30:00+00:00,91.52263806763762,91.52263806763762,91.52263806763762,0
2026-08-08 15:45:00+00:00,91.52263806763762,91.52263806763762,91.52263806763762,0
2026-08-08 16:00:00+00:00,91.52263806763762,91.52263806763762,91.52263806763762,0
2026-08-08 16:15:00+00:00,91.52263806763762,91.52263806763762,91.52263806763762,0
2026-08-08 16:30:00+00:00,91.52263806763762,91.52263806763762,91.52263806763762,0
2026-08-08 16:45:00+00:00,91.52263806763762,91.52263806763762,91.52263806763762,0
2026-08-08 17:00:00+00:00,91.52263806763762,91.52263806763762,91.52263806763762,0
2026-08-08 17:15:00+00:00,91.52263806763762,91.52263806763762,91.52263806763762,0
2026-08-08 17:30:00+00:00,91.52263806763762,91.52263806763762,91.52263806763762,0
2026-08-08 17:45:00+00:00,91.52263806763762,91.52263806763762,91.52263806763762,0
2026-08-08 18:00:00+00:00,91.52263806763762,91.52263806763762,91.52263806763762,0
2026-08-08 18:15:00+00:00,91.52263806763762,91.52263806763762,91.52263806763762,0
2026-08-08 18:30:00+00:00,91.52263806763762,91.52263806763762,91.52263806763762,0
2026-08-08 18:45:00+00:00,91.52263806763762,91.52263806763762,91.52263806763762,0
2026-08-08 19:00:00+00:00,91.52263806763762,91.52263806763762,91.52263806763762,0
2026-08-08 19:15:00+00:00,91.52263806763762,91.52263806763762,91.52263806763762,0
2026-08-08 19:30:00+00:00,91.52263806763762,91.52263806763762,91.52263806763762,0
2026-08-08 19:45:00+00:00,91.52263806763762,91.52263806763762,91.52263806763762,0
2026-08-08 20:00:00+00:00,91.52263806763762,91.52263806763762,91.52263806763762,0
2026-08-08 20:15:00+00:00,91.52263806763762,91.52263806763762,91.52263806763762,0
2026-08-08 20:30:00+00:00,91.52263806763762,91.52263806763762,91.52263806763762,0
2026-08-08 20:45:00+00:00,91.52263806763762,91.52263806763762,91.52263806763762,0
2026-08-08 21:00:00+00:00,91.52263806763762,91.52263806763762,91.52263806763762,0
2026-08-08 21:15:00+00:00,91.52263806763762,91.52263806763762,91.52263806763762,0
2026-08-08 21:30:00+00:00,91.52263806763762,91.52263806763762,91.52263806763762,0
2026-08-08 21:45:00+00:00,91.52263806763762,91.52263806763762,91.52263806763762,0
2026-08-08 22:00:00+00:00,91.52263806763762,91.52263806763762,91.52263806763762,0
2026-08-08 22:15:00+00:00,91.52263806763762,91.52263806763762,91.52263806763762,0
2026-08-08 22:30:00+00:00,91.52263806763762,91.52263806763762,91.52263806763762,0
2026-08-08 22:45:00+00:00,91.52263806763762,91.52263806763762,91.52263806763762,0
2026-08-08 23:00:00+00:00,91.52263806763762,91.52263806763762,91.52263806763762,0
2026-08-08 23:15:00+00:00,91.52263806763762,91.52263806763762,91.52263806763762,0
2026-08-08 23:30:00+00:00,91.52263806763762,91.52263806763762,91.52263806763762,0
2026-08-08 23:45:00+00:00,91.52263806763762,91.52263806763762,91.52263806763762,0
2026-08-09 00:00:00+00:00,91.52263806763762,91.52263806763762,91.52263806763762,0
2026-08-09 00:15:00+00:00,91.52263806763762,91.52263806763762,91.52263806763762,0
2026-08-09 00:30:00+00:00,91.52263806763762,91.52263806763762,91.52263806763762,0
2026-08-09 00:45:00+00:00,91.52263806763762,91.52263806763762,91.52263806763762,0
2026-08-09 01:00:00+00:00,91.52263806763762,91.52263806763762,91.52263806763762,0
2026-08-09 01:15:00+00:00,91.52263806763762,91.52263806763762,91.52263806763762,0
2026-08-09 01:30:00+00:00,91.52263806763762,91.52263806763762,91.52263806763762,0
2026-08-09 01:45:00+00:00,91.52263806763762,91.52263806763762,91.52263806763762,0
2026-08-09 02:00:00+00:00,91.52263806763762,91.52263806763762,91.52263806763762,0
2026-08-09 02:15:00+00:00,91.52263806763762,91.52263806763762,91.52263806763762,0
2026-08-09 02:30:00+00:00,91.52263806763762,91.52263806763762,91.52263806763762,0
2026-08-09 02:45:00+00:00,91.52263806763762,91.52263806763762,91.52263806763762,0
2026-08-09 03:00:00+00:00,91.52263806763762,91.52263806763762,91.52263806763762,0
2026-08-09 03:15:00+00:00,91.52263806763762,91.52263806763762,91.52263806763762,0
2026-08-09 03:30:00+00:00,91.52263806763762,91.52263806763762,91.52263806763762,0
2026-08-09 03:45:00+00:00,91.52263806763762,91.52263806763762,91.52263806763762,0
2026-08-09 04:00:00+00:00,91.52263806763762,91.52263806763762,91.52263806763762,0
2026-08-09 04:15:00+00:00,91.52263806763762,91.52263806763762,91.52263806763762,0
2026-08-09 04:30:00+00:00,91.52263806763762,91.52263806763762,91.52263806763762,0
2026-08-09 04:45:00+00:00,91.50331159200456,91.43222639047065,91.49546198210084,1
2026-08-09 05:00:00+00:00,91.42267763205564,91.38129967892397,91.49546198210084,1
2026-08-09 05:15:00+00:00,91.24443414164226,91.21048300061112,91.49546198210084,1
2026-08-09 05:30:00+00:00,91.19881229588168,91.15849531590725,91.49546198210084,1
2026-08-09 05:45:00+00:00,91.24443414164226,91.09377595331664,91.49546198210084,1
2026-08-09 06:00:00+00:00,91.14682461117778,91.09377595331664,91.49546198210084,1
2026-08-09 06:15:00+00:00,91.28262917530226,91.11817833593275,91.49546198210084,1
2026-08-09 06:30:00+00:00,91.2412512221706,91.22639759796948,91.49546198210084,1
2026-08-09 06:45:00+00:00,91.21154397376836,91.17865380589446,91.49546198210084,1
2026-08-09 07:00:00+00:00,91.46087266571566,91.19881229588168,91.49546198210084,1
2026-08-09 07:15:00+00:00,91.46936045097344,91.44814098782898,91.49546198210084,1
2026-08-09 07:30:00+00:00,91.49164088727512,91.44283612204288,91.49546198210084,1
2026-08-09 07:45:00+00:00,91.50649451147622,91.41737276626954,91.49546198210084,1
2026-08-09 08:00:00+00:00,91.38859503645034,91.353582922262,91.49002566174056,1
2026-08-09 08:15:00+00:00,91.62094815788208,91.32705859333144,91.49002566174056,1
2026-08-09 08:30:00+00:00,91.42466812379593,91.39814379486536,91.49002566174056,1
2026-08-09 08:45:00+00:00,91.50530208374482,91.3811682243498,91.49002566174056,1
2026-08-09 09:00:00+00:00,92.31991882900766,91.4946923521726,91.95171965940098,1
2026-08-09 09:15:00+00:00,92.17796062057128,92.16586552657894,91.95171965940098,1
2026-08-09 09:30:00+00:00,92.33710659415466,92.1098461438776,91.95171965940098,1
2026-08-09 09:45:00+00:00,92.49879890331538,92.30082131217765,91.95171965940098,1
2026-08-09 10:00:00+00:00,92.83618836731216,92.4937062321607,91.95171965940098,1
2026-08-09 10:15:00+00:00,92.7330617764301,92.65921804468742,91.95171965940098,1
2026-08-09 10:30:00+00:00,92.8164542665878,92.72033009854344,91.95171965940098,1
2026-08-09 10:45:00+00:00,92.73879103147912,92.71905693075476,91.95171965940098,1
2026-08-09 11:00:00+00:00,92.70759842065677,92.5961962391484,91.95171965940098,1
2026-08-09 11:15:00+00:00,92.55371081935012,92.39398527099968,91.89576914662278,2
2026-08-09 11:30:00+00:00,92.69242909918756,92.48686951044512,91.89576914662278,2
2026-08-09 11:45:00+00:00,92.6648628001422,92.44466178183008,91.89576914662278,2
2026-08-09 12:00:00+00:00,92.67092142924194,92.266861683722,91.89576914662278,2
2026-08-09 12:15:00+00:00,92.79862459128668,92.61343568716292,91.89576914662278,2
2026-08-09 12:30:00+00:00,92.52697429578812,92.39055215081171,91.89576914662278,2
2026-08-09 12:45:00+00:00,92.72566764415464,92.39628140586072,91.89576914662278,2
2026-08-09 13:00:00+00:00,93.10495762692284,92.70657012732462,91.89576914662278,2
2026-08-09 13:15:00+00:00,93.68720385372892,93.06338648220216,91.89576914662278,2
2026-08-09 13:30:00+00:00,93.41696290848074,93.31917918946966,91.89576914662278,2
2026-08-09 13:45:00+00:00,93.33758311327809,93.24107256205566,91.89576914662278,2
2026-08-09 14:00:00+00:00,93.35139476736438,93.20204775291228,91.89576914662278,2
2026-08-09 14:15:00+00:00,93.11934885577622,93.00947004277282,91.89576914662278,2
2026-08-09 14:30:00+00:00,93.07395820768951,92.91614241102212,91.89576914662278,2
2026-08-09 14:45:00+00:00,93.36431963684008,93.04340218076152,91.89576914662278,2
2026-08-09 15:00:00+00:00,93.1050484829672,93.02121206474266,92.49754927903248,1
2026-08-09 15:15:00+00:00,93.18309810125392,92.98797405553712,92.49754927903248,1
2026-08-09 15:30:00+00:00,93.14407329211056,92.98797405553712,92.49754927903248,1
2026-08-09 15:45:00+00:00,93.30017252868402,93.1050484829672,92.49754927903248,1
2026-08-09 16:00:00+00:00,93.53196514190236,93.32792307046589,92.86307210822328,1
2026-08-09 16:15:00+00:00,93.50855025641634,93.4617204854443,92.86307210822328,1
2026-08-09 16:30:00+00:00,93.55538002738838,93.41489071447226,92.86307210822328,1
2026-08-09 16:45:00+00:00,93.5787949128744,93.43830559995828,92.86307210822328,1
2026-08-09 17:00:00+00:00,93.74269911127652,93.50855025641634,92.86307210822328,1
2026-08-09 17:15:00+00:00,93.81294376773457,93.69586934030448,92.86307210822328,1
2026-08-09 17:30:00+00:00,93.78952888224856,93.7192842257905,92.86307210822328,1
2026-08-09 17:45:00+00:00,93.69586934030448,93.60220979836042,92.86307210822328,1
2026-08-09 18:00:00+00:00,94.02367773710874,93.7192842257905,92.86307210822328,1
2026-08-09 18:15:00+00:00,94.28124147745493,93.90660330967864,92.86307210822328,1
2026-08-09 18:30:00+00:00,94.37674696556456,94.23441170648287,94.37674696556456,0
2026-08-09 18:45:00+00:00,94.37674696556456,94.37674696556456,94.37674696556456,0
2026-08-09 19:00:00+00:00,94.37674696556456,94.37674696556456,94.37674696556456,0
2026-08-09 19:15:00+00:00,94.37674696556456,94.37674696556456,94.37674696556456,0
2026-08-09 19:30:00+00:00,94.37674696556456,94.37674696556456,94.37674696556456,0
2026-08-09 19:45:00+00:00,94.37674696556456,94.37674696556456,94.37674696556456,0
2026-08-09 20:00:00+00:00,94.37674696556456,94.37674696556456,94.37674696556456,0
2026-08-09 20:15:00+00:00,94.37674696556456,94.37674696556456,94.37674696556456,0
2026-08-09 20:30:00+00:00,94.37674696556456,94.37674696556456,94.37674696556456,0
2026-08-09 20:45:00+00:00,94.37674696556456,94.37674696556456,94.37674696556456,0
2026-08-09 21:00:00+00:00,94.37674696556456,94.37674696556456,94.37674696556456,0
2026-08-09 21:15:00+00:00,94.37674696556456,94.37674696556456,94.37674696556456,0
2026-08-09 21:30:00+00:00,94.37674696556456,94.37674696556456,94.37674696556456,0
2026-08-09 21:45:00+00:00,94.37674696556456,94.37674696556456,94.37674696556456,0
2026-08-09 22:00:00+00:00,94.37674696556456,94.37674696556456,94.37674696556456,0
2026-08-09 22:15:00+00:00,94.37674696556456,94.37674696556456,94.37674696556456,0
2026-08-09 22:30:00+00:00,94.37674696556456,94.37674696556456,94.37674696556456,0
2026-08-09 22:45:00+00:00,94.37674696556456,94.37674696556456,94.37674696556456,0
2026-08-09 23:00:00+00:00,94.37674696556456,94.37674696556456,94.37674696556456,0
2026-08-09 23:15:00+00:00,94.37674696556456,94.37674696556456,94.37674696556456,0
2026-08-09 23:30:00+00:00,94.37674696556456,94.37674696556456,94.37674696556456,0
2026-08-09 23:45:00+00:00,94.37674696556456,94.37674696556456,94.37674696556456,0
2026-08-10 00:00:00+00:00,94.37674696556456,94.37674696556456,94.37674696556456,0
2026-08-10 00:15:00+00:00,94.37674696556456,94.37674696556456,94.37674696556456,0
2026-08-10 00:30:00+00:00,94.37674696556456,94.37674696556456,94.37674696556456,0
2026-08-10 00:45:00+00:00,94.37674696556456,94.37674696556456,94.37674696556456,0
2026-08-10 01:00:00+00:00,94.37674696556456,94.37674696556456,94.37674696556456,0
2026-08-10 01:15:00+00:00,94.37674696556456,94.37674696556456,94.37674696556456,0
2026-08-10 01:30:00+00:00,94.37674696556456,94.37674696556456,94.37674696556456,0
2026-08-10 01:45:00+00:00,94.37674696556456,94.37674696556456,94.37674696556456,0
2026-08-10 02:00:00+00:00,94.19448488530294,94.17006562545636,94.35886923777514,1
2026-08-10 02:15:00+00:00,93.82819598760427,93.76714783798782,94.35886923777514,1
2026-08-10 02:30:00+00:00,94.06017895614676,93.77935746791113,94.35886923777514,1
2026-08-10 02:45:00+00:00,94.1212271057632,93.95029228683715,94.35886923777514,1
2026-08-10 03:00:00+00:00,93.95029228683715,93.9258730269906,94.35886923777514,1
2026-08-10 03:15:00+00:00,93.96250191676044,93.84040561752757,94.35886923777514,1
2026-08-10 03:30:00+00:00,93.96250191676044,93.9258730269906,94.35886923777514,1
2026-08-10 03:45:00+00:00,93.86482487737416,93.8037767277577,94.35886923777514,1
2026-08-10 04:00:00+00:00,94.0235500663769,93.84040561752757,94.35886923777514,1
2026-08-10 04:15:00+00:00,93.9258730269906,93.88924413722071,94.35886923777514,1
2026-08-10 04:30:00+00:00,93.6695843310575,93.6695843310575,93.6695843310575,0
2026-08-10 04:45:00+00:00,93.6695843310575,93.6695843310575,93.6695843310575,0
2026-08-10 05:00:00+00:00,93.6695843310575,93.6695843310575,93.6695843310575,0
2026-08-10 05:15:00+00:00,93.6695843310575,93.6695843310575,93.6695843310575,0
2026-08-10 05:30:00+00:00,93.6695843310575,93.6695843310575,93.6695843310575,0
2026-08-10 05:45:00+00:00,93.6695843310575,93.6695843310575,93.6695843310575,0
2026-08-10 06:00:00+00:00,93.6695843310575,93.6695843310575,93.6695843310575,0
2026-08-10 06:15:00+00:00,93.6695843310575,93.6695843310575,93.6695843310575,0
2026-08-10 06:30:00+00:00,93.6695843310575,93.6695843310575,93.6695843310575,0
2026-08-10 06:45:00+00:00,93.59173633063972,93.54117204836196,93.6306506022807,1
2026-08-10 07:00:00+00:00,93.46026919671752,93.45015634026196,93.6306506022807,1
2026-08-10 07:15:00+00:00,93.59173633063972,93.42993062735086,93.6306506022807,1
2026-08-10 07:30:00+00:00,93.65241346937306,93.58162347418418,93.6306506022807,1
2026-08-10 07:45:00+00:00,93.58162347418418,93.5108334789953,93.6306506022807,1
2026-08-10 08:00:00+00:00,93.54350306177496,93.5333902053194,93.62286875923814,1
2026-08-10 08:15:00+00:00,93.56372877468608,93.45248735367495,93.62286875923814,1
2026-08-10 08:30:00+00:00,93.41203592785276,93.26034308101944,93.62286875923814,1
2026-08-10 08:45:00+00:00,93.6766497978686,93.0963698357866,93.56815749439792,2
2026-08-10 09:00:00+00:00,93.31266538383396,93.1632759262749,93.56815749439792,2
2026-08-10 09:15:00+00:00,92.7220464222467,92.7220464222467,92.92276639717656,1
2026-08-10 09:30:00+00:00,92.6108050012356,92.5703535754134,92.92276639717656,1
2026-08-10 09:45:00+00:00,92.43888644149116,92.42877358503564,92.92276639717656,1
2026-08-10 10:00:00+00:00,92.44899929794671,92.41866072858006,92.92276639717656,1
2026-08-10 10:15:00+00:00,92.54001500604672,92.42877358503564,92.92276639717656,1
2026-08-10 10:30:00+00:00,92.6815949964245,92.4793378673134,92.92276639717656,1
2026-08-10 10:45:00+00:00,92.7018207093356,92.62091785769115,92.92276639717656,1
2026-08-10 11:00:00+00:00,92.6108050012356,92.55012786250226,92.92276639717656,1
2026-08-10 11:15:00+00:00,92.76249784806892,92.6108050012356,92.92276639717656,1
2026-08-10 11:30:00+00:00,92.73215927870228,92.7220464222467,92.92276639717656,1
2026-08-10 11:45:00+00:00,92.93441640781336,92.7220464222467,92.92276639717656,1
2026-08-10 12:00:00+00:00,92.87373926908003,92.7422721351578,92.92276639717656,1
2026-08-10 12:15:00+00:00,92.75238499161335,92.75238499161335,92.92276639717656,1
2026-08-10 12:30:00+00:00,92.66460459360708,92.56024071895784,92.66460459360708,0
